variant,csr,prefetch,simd,pruning,heap,flat_index,reorder,M,ML,EFC,EFS,build_time_internal_ms,build_time_local_ms,queries_per_sec,avg_recall,avg_query_time_ms,avg_dists,last_query_dists,total_query_time_ms,log_file,run_index
dynamic_struct,0,0,0,0,0,1,0,59,5,763,325,3854.252667,3859.067155, 900.447265, 0.974640, 1.110559, 16633.383600, 13669, 11105.592061,results/ablation_20251205_022349/params_M59_ML5_EFC763_EFS325/dynamic_struct/run_stdout_1.log,1
dynamic_with_opts,0,0,0,0,0,1,0,59,5,763,325,3827.447463,3832.649310, 886.089368, 0.974640, 1.128554, 16633.383600, 13669, 11285.543380,results/ablation_20251205_022349/params_M59_ML5_EFC763_EFS325/dynamic_with_opts/run_stdout_1.log,1
full,0,0,0,0,0,0,0,59,5,763,325,4997.467411,5002.279653, 872.653753, 0.974640, 1.145930, 16633.383600, 13669, 11459.298680,results/ablation_20251205_022349/params_M59_ML5_EFC763_EFS325/full/run_stdout_1.log,1
heap,0,0,0,0,1,0,0,59,5,763,325,4163.680964,4168.694650, 875.359564, 0.974640, 1.142388, 16633.383600, 13669, 11423.877008,results/ablation_20251205_022349/params_M59_ML5_EFC763_EFS325/heap/run_stdout_1.log,1
no_csr,1,0,0,0,0,0,0,59,5,763,325,3861.480095,5101.425718, 542.284431, 0.000000, 1.844051, 16628.465600, 13537, 18440.507270,results/ablation_20251205_022349/params_M59_ML5_EFC763_EFS325/no_csr/run_stdout_1.log,1
no_prefetch,0,1,0,0,0,0,0,59,5,763,325,3881.547896,3886.499309, 718.882988, 0.974640, 1.391047, 16633.383600, 13669, 13910.469677,results/ablation_20251205_022349/params_M59_ML5_EFC763_EFS325/no_prefetch/run_stdout_1.log,1
no_pruning,0,0,0,1,0,0,0,59,5,763,325,4141.241929,4146.397147, 878.372596, 0.974640, 1.138469, 16633.383600, 13669, 11384.690336,results/ablation_20251205_022349/params_M59_ML5_EFC763_EFS325/no_pruning/run_stdout_1.log,1
no_reorder,0,0,0,0,0,0,1,59,5,763,325,3808.813262,3813.689968, 695.823264, 0.974640, 1.437147, 16633.383600, 13669, 14371.465449,results/ablation_20251205_022349/params_M59_ML5_EFC763_EFS325/no_reorder/run_stdout_1.log,1
no_simd,0,0,1,0,0,0,0,59,5,763,325,4113.860753,4119.049234, 852.223666, 0.974640, 1.173401, 16633.383600, 13669, 11734.008803,results/ablation_20251205_022349/params_M59_ML5_EFC763_EFS325/no_simd/run_stdout_1.log,1
nothing,1,1,1,1,1,1,1,59,5,763,325,4155.050292,5436.518852, 481.853039, 0.000000, 2.075322, 16628.465600, 13537, 20753.215571,results/ablation_20251205_022349/params_M59_ML5_EFC763_EFS325/nothing/run_stdout_1.log,1
dynamic_struct,0,0,0,0,0,1,0,59,5,763,330,4766.989600,4774.828239, 702.389311, 0.975100, 1.423712, 16860.067800, 13823, 14237.118713,results/ablation_20251205_022349/params_M59_ML5_EFC763_EFS330/dynamic_struct/run_stdout_1.log,1
dynamic_with_opts,0,0,0,0,0,1,0,59,5,763,330,4152.640847,4158.774902, 845.280851, 0.975100, 1.183039, 16860.067800, 13823, 11830.387481,results/ablation_20251205_022349/params_M59_ML5_EFC763_EFS330/dynamic_with_opts/run_stdout_1.log,1
full,0,0,0,0,0,0,0,59,5,763,330,4137.243589,4142.309786, 831.497641, 0.975100, 1.202649, 16860.067800, 13823, 12026.492333,results/ablation_20251205_022349/params_M59_ML5_EFC763_EFS330/full/run_stdout_1.log,1
heap,0,0,0,0,1,0,0,59,5,763,330,4231.986013,4237.582769, 872.127156, 0.975100, 1.146622, 16860.067800, 13823, 11466.217892,results/ablation_20251205_022349/params_M59_ML5_EFC763_EFS330/heap/run_stdout_1.log,1
no_csr,1,0,0,0,0,0,0,59,5,763,330,4430.957146,5696.855644, 528.511567, 0.000000, 1.892106, 16854.643200, 13691, 18921.061743,results/ablation_20251205_022349/params_M59_ML5_EFC763_EFS330/no_csr/run_stdout_1.log,1
no_prefetch,0,1,0,0,0,0,0,59,5,763,330,3889.013420,3894.046989, 717.048145, 0.975100, 1.394606, 16860.067800, 13823, 13946.064945,results/ablation_20251205_022349/params_M59_ML5_EFC763_EFS330/no_prefetch/run_stdout_1.log,1
no_pruning,0,0,0,1,0,0,0,59,5,763,330,3850.478129,3855.564333, 850.092851, 0.975100, 1.176342, 16860.067800, 13823, 11763.420881,results/ablation_20251205_022349/params_M59_ML5_EFC763_EFS330/no_pruning/run_stdout_1.log,1
no_reorder,0,0,0,0,0,0,1,59,5,763,330,4179.346514,4184.562518, 854.751838, 0.975100, 1.169930, 16860.067800, 13823, 11699.302133,results/ablation_20251205_022349/params_M59_ML5_EFC763_EFS330/no_reorder/run_stdout_1.log,1
no_simd,0,0,1,0,0,0,0,59,5,763,330,3857.865902,3862.879302, 855.017657, 0.975100, 1.169566, 16860.067800, 13823, 11695.664900,results/ablation_20251205_022349/params_M59_ML5_EFC763_EFS330/no_simd/run_stdout_1.log,1
nothing,1,1,1,1,1,1,1,59,5,763,330,4004.595321,5424.152578, 470.260728, 0.000000, 2.126480, 16854.643200, 13691, 21264.799312,results/ablation_20251205_022349/params_M59_ML5_EFC763_EFS330/nothing/run_stdout_1.log,1
dynamic_struct,0,0,0,0,0,1,0,59,5,763,335,3964.170241,3970.216601, 867.762767, 0.975590, 1.152389, 17086.924500, 13976, 11523.886921,results/ablation_20251205_022349/params_M59_ML5_EFC763_EFS335/dynamic_struct/run_stdout_1.log,1
dynamic_with_opts,0,0,0,0,0,1,0,59,5,763,335,3994.110399,3999.742735, 847.951808, 0.975590, 1.179312, 17086.924500, 13976, 11793.123035,results/ablation_20251205_022349/params_M59_ML5_EFC763_EFS335/dynamic_with_opts/run_stdout_1.log,1
full,0,0,0,0,0,0,0,59,5,763,335,3949.395879,3955.814387, 858.207096, 0.975590, 1.165220, 17086.924500, 13976, 11652.199152,results/ablation_20251205_022349/params_M59_ML5_EFC763_EFS335/full/run_stdout_1.log,1
heap,0,0,0,0,1,0,0,59,5,763,335,3960.184901,3966.412544, 843.897716, 0.975590, 1.184978, 17086.924500, 13976, 11849.777302,results/ablation_20251205_022349/params_M59_ML5_EFC763_EFS335/heap/run_stdout_1.log,1
no_csr,1,0,0,0,0,0,0,59,5,763,335,4278.194459,5771.731341, 516.373823, 0.000000, 1.936582, 17081.529500, 13844, 19365.815132,results/ablation_20251205_022349/params_M59_ML5_EFC763_EFS335/no_csr/run_stdout_1.log,1
no_prefetch,0,1,0,0,0,0,0,59,5,763,335,3993.822846,3999.715655, 695.988596, 0.975590, 1.436805, 17086.924500, 13976, 14368.051506,results/ablation_20251205_022349/params_M59_ML5_EFC763_EFS335/no_prefetch/run_stdout_1.log,1
no_pruning,0,0,0,1,0,0,0,59,5,763,335,4225.393829,4231.129992, 672.329728, 0.975590, 1.487365, 17086.924500, 13976, 14873.654384,results/ablation_20251205_022349/params_M59_ML5_EFC763_EFS335/no_pruning/run_stdout_1.log,1
no_reorder,0,0,0,0,0,0,1,59,5,763,335,4204.671947,4209.839659, 829.082704, 0.975590, 1.206152, 17086.924500, 13976, 12061.522873,results/ablation_20251205_022349/params_M59_ML5_EFC763_EFS335/no_reorder/run_stdout_1.log,1
no_simd,0,0,1,0,0,0,0,59,5,763,335,3917.922347,3924.027283, 871.393283, 0.975590, 1.147587, 17086.924500, 13976, 11475.874556,results/ablation_20251205_022349/params_M59_ML5_EFC763_EFS335/no_simd/run_stdout_1.log,1
nothing,1,1,1,1,1,1,1,59,5,763,335,3958.940751,5392.527696, 468.847113, 0.000000, 2.132891, 17081.529500, 13844, 21328.914549,results/ablation_20251205_022349/params_M59_ML5_EFC763_EFS335/nothing/run_stdout_1.log,1
dynamic_struct,0,0,0,0,0,1,0,59,5,763,340,3923.201649,3928.748003, 839.507411, 0.976140, 1.191175, 17313.262100, 14106, 11911.747140,results/ablation_20251205_022349/params_M59_ML5_EFC763_EFS340/dynamic_struct/run_stdout_1.log,1
dynamic_with_opts,0,0,0,0,0,1,0,59,5,763,340,3929.741501,3935.337614, 852.161702, 0.976140, 1.173486, 17313.262100, 14106, 11734.862034,results/ablation_20251205_022349/params_M59_ML5_EFC763_EFS340/dynamic_with_opts/run_stdout_1.log,1
full,0,0,0,0,0,0,0,59,5,763,340,3947.493443,3952.896010, 827.328093, 0.976140, 1.208710, 17313.262100, 14106, 12087.103158,results/ablation_20251205_022349/params_M59_ML5_EFC763_EFS340/full/run_stdout_1.log,1
heap,0,0,0,0,1,0,0,59,5,763,340,3992.109478,3998.423014, 832.536107, 0.976140, 1.201149, 17313.262100, 14106, 12011.491049,results/ablation_20251205_022349/params_M59_ML5_EFC763_EFS340/heap/run_stdout_1.log,1
no_csr,1,0,0,0,0,0,0,59,5,763,340,4108.868440,5563.382087, 498.192145, 0.000000, 2.007258, 17307.977400, 13974, 20072.576619,results/ablation_20251205_022349/params_M59_ML5_EFC763_EFS340/no_csr/run_stdout_1.log,1
no_prefetch,0,1,0,0,0,0,0,59,5,763,340,3960.592982,3966.648964, 676.183774, 0.976140, 1.478888, 17313.262100, 14106, 14788.878972,results/ablation_20251205_022349/params_M59_ML5_EFC763_EFS340/no_prefetch/run_stdout_1.log,1
no_pruning,0,0,0,1,0,0,0,59,5,763,340,4006.156391,4011.849333, 833.741573, 0.976140, 1.199412, 17313.262100, 14106, 11994.124225,results/ablation_20251205_022349/params_M59_ML5_EFC763_EFS340/no_pruning/run_stdout_1.log,1
no_reorder,0,0,0,0,0,0,1,59,5,763,340,4174.144200,4180.072667, 832.763006, 0.976140, 1.200822, 17313.262100, 14106, 12008.218337,results/ablation_20251205_022349/params_M59_ML5_EFC763_EFS340/no_reorder/run_stdout_1.log,1
no_simd,0,0,1,0,0,0,0,59,5,763,340,4675.326335,4682.583962, 761.301987, 0.976140, 1.313539, 17313.262100, 14106, 13135.391955,results/ablation_20251205_022349/params_M59_ML5_EFC763_EFS340/no_simd/run_stdout_1.log,1
nothing,1,1,1,1,1,1,1,59,5,763,340,4028.841619,5437.364759, 459.308172, 0.000000, 2.177187, 17307.977400, 13974, 21771.874746,results/ablation_20251205_022349/params_M59_ML5_EFC763_EFS340/nothing/run_stdout_1.log,1
dynamic_struct,0,0,0,0,0,1,0,59,5,763,345,3947.070485,3953.419944, 807.928156, 0.976580, 1.237734, 17537.328200, 14249, 12377.338166,results/ablation_20251205_022349/params_M59_ML5_EFC763_EFS345/dynamic_struct/run_stdout_1.log,1
dynamic_with_opts,0,0,0,0,0,1,0,59,5,763,345,4057.851560,4063.468407, 845.550638, 0.976580, 1.182661, 17537.328200, 14249, 11826.612797,results/ablation_20251205_022349/params_M59_ML5_EFC763_EFS345/dynamic_with_opts/run_stdout_1.log,1
full,0,0,0,0,0,0,0,59,5,763,345,4020.604329,4025.862892, 788.864940, 0.976580, 1.267644, 17537.328200, 14249, 12676.441166,results/ablation_20251205_022349/params_M59_ML5_EFC763_EFS345/full/run_stdout_1.log,1
heap,0,0,0,0,1,0,0,59,5,763,345,3954.607314,3960.976840, 779.691395, 0.976580, 1.282559, 17537.328200, 14249, 12825.587237,results/ablation_20251205_022349/params_M59_ML5_EFC763_EFS345/heap/run_stdout_1.log,1
no_csr,1,0,0,0,0,0,0,59,5,763,345,3932.569461,5434.818402, 369.756501, 0.000000, 2.704483, 17532.283900, 14117, 27044.825402,results/ablation_20251205_022349/params_M59_ML5_EFC763_EFS345/no_csr/run_stdout_1.log,1
no_prefetch,0,1,0,0,0,0,0,59,5,763,345,4250.534448,4256.471986, 656.296594, 0.976580, 1.523701, 17537.328200, 14249, 15237.013396,results/ablation_20251205_022349/params_M59_ML5_EFC763_EFS345/no_prefetch/run_stdout_1.log,1
no_pruning,0,0,0,1,0,0,0,59,5,763,345,4008.153736,4013.917620, 798.208586, 0.976580, 1.252805, 17537.328200, 14249, 12528.053663,results/ablation_20251205_022349/params_M59_ML5_EFC763_EFS345/no_pruning/run_stdout_1.log,1
no_reorder,0,0,0,0,0,0,1,59,5,763,345,3943.742972,3948.707382, 852.889711, 0.976580, 1.172485, 17537.328200, 14249, 11724.845388,results/ablation_20251205_022349/params_M59_ML5_EFC763_EFS345/no_reorder/run_stdout_1.log,1
no_simd,0,0,1,0,0,0,0,59,5,763,345,3969.895164,3975.642644, 795.197541, 0.976580, 1.257549, 17537.328200, 14249, 12575.491604,results/ablation_20251205_022349/params_M59_ML5_EFC763_EFS345/no_simd/run_stdout_1.log,1
nothing,1,1,1,1,1,1,1,59,5,763,345,3857.785239,5241.386905, 460.690578, 0.000000, 2.170654, 17532.283900, 14117, 21706.543360,results/ablation_20251205_022349/params_M59_ML5_EFC763_EFS345/nothing/run_stdout_1.log,1
dynamic_struct,0,0,0,0,0,1,0,59,5,763,350,3836.014657,3840.894547, 799.822513, 0.977000, 1.250277, 17761.664600, 14377, 12502.773855,results/ablation_20251205_022349/params_M59_ML5_EFC763_EFS350/dynamic_struct/run_stdout_1.log,1
dynamic_with_opts,0,0,0,0,0,1,0,59,5,763,350,4006.717675,4012.648521, 782.225324, 0.977000, 1.278404, 17761.664600, 14377, 12784.040208,results/ablation_20251205_022349/params_M59_ML5_EFC763_EFS350/dynamic_with_opts/run_stdout_1.log,1
full,0,0,0,0,0,0,0,59,5,763,350,4053.847727,4060.357023, 706.921695, 0.977000, 1.414584, 17761.664600, 14377, 14145.838325,results/ablation_20251205_022349/params_M59_ML5_EFC763_EFS350/full/run_stdout_1.log,1
heap,0,0,0,0,1,0,0,59,5,763,350,3965.994301,3971.610766, 822.385900, 0.977000, 1.215974, 17761.664600, 14377, 12159.741558,results/ablation_20251205_022349/params_M59_ML5_EFC763_EFS350/heap/run_stdout_1.log,1
no_csr,1,0,0,0,0,0,0,59,5,763,350,3934.856879,5351.577056, 488.608395, 0.000000, 2.046629, 17756.379400, 14245, 20466.287712,results/ablation_20251205_022349/params_M59_ML5_EFC763_EFS350/no_csr/run_stdout_1.log,1
no_prefetch,0,1,0,0,0,0,0,59,5,763,350,4116.438871,4122.136771, 627.987293, 0.977000, 1.592389, 17761.664600, 14377, 15923.889072,results/ablation_20251205_022349/params_M59_ML5_EFC763_EFS350/no_prefetch/run_stdout_1.log,1
no_pruning,0,0,0,1,0,0,0,59,5,763,350,4005.801881,4010.791877, 813.336712, 0.977000, 1.229503, 17761.664600, 14377, 12295.030898,results/ablation_20251205_022349/params_M59_ML5_EFC763_EFS350/no_pruning/run_stdout_1.log,1
no_reorder,0,0,0,0,0,0,1,59,5,763,350,3971.031241,3976.192415, 811.584217, 0.977000, 1.232158, 17761.664600, 14377, 12321.580184,results/ablation_20251205_022349/params_M59_ML5_EFC763_EFS350/no_reorder/run_stdout_1.log,1
no_simd,0,0,1,0,0,0,0,59,5,763,350,4007.398149,4012.471753, 831.885694, 0.977000, 1.202088, 17761.664600, 14377, 12020.882276,results/ablation_20251205_022349/params_M59_ML5_EFC763_EFS350/no_simd/run_stdout_1.log,1
nothing,1,1,1,1,1,1,1,59,5,763,350,4047.804864,5485.982506, 433.122015, 0.000000, 2.308818, 17756.379400, 14245, 23088.182185,results/ablation_20251205_022349/params_M59_ML5_EFC763_EFS350/nothing/run_stdout_1.log,1
dynamic_struct,0,0,0,0,0,1,0,59,5,763,355,3990.873972,3996.624116, 816.832333, 0.977430, 1.224241, 17985.670400, 14568, 12242.414496,results/ablation_20251205_022349/params_M59_ML5_EFC763_EFS355/dynamic_struct/run_stdout_1.log,1
dynamic_with_opts,0,0,0,0,0,1,0,59,5,763,355,3857.866426,3863.506061, 806.581954, 0.977430, 1.239800, 17985.670400, 14568, 12397.996204,results/ablation_20251205_022349/params_M59_ML5_EFC763_EFS355/dynamic_with_opts/run_stdout_1.log,1
full,0,0,0,0,0,0,0,59,5,763,355,3905.068328,3910.429886, 814.945489, 0.977430, 1.227076, 17985.670400, 14568, 12270.759377,results/ablation_20251205_022349/params_M59_ML5_EFC763_EFS355/full/run_stdout_1.log,1
heap,0,0,0,0,1,0,0,59,5,763,355,3932.555050,3938.004189, 814.923919, 0.977430, 1.227108, 17985.670400, 14568, 12271.084164,results/ablation_20251205_022349/params_M59_ML5_EFC763_EFS355/heap/run_stdout_1.log,1
no_csr,1,0,0,0,0,0,0,59,5,763,355,3981.079226,5369.705355, 478.834151, 0.000000, 2.088406, 17980.378200, 14436, 20884.057625,results/ablation_20251205_022349/params_M59_ML5_EFC763_EFS355/no_csr/run_stdout_1.log,1
no_prefetch,0,1,0,0,0,0,0,59,5,763,355,3951.122995,3956.549191, 664.982163, 0.977430, 1.503800, 17985.670400, 14568, 15037.997340,results/ablation_20251205_022349/params_M59_ML5_EFC763_EFS355/no_prefetch/run_stdout_1.log,1
no_pruning,0,0,0,1,0,0,0,59,5,763,355,3838.058743,3843.593349, 813.655863, 0.977430, 1.229021, 17985.670400, 14568, 12290.208244,results/ablation_20251205_022349/params_M59_ML5_EFC763_EFS355/no_pruning/run_stdout_1.log,1
no_reorder,0,0,0,0,0,0,1,59,5,763,355,3818.752344,3824.204214, 648.988613, 0.977430, 1.540859, 17985.670400, 14568, 15408.590840,results/ablation_20251205_022349/params_M59_ML5_EFC763_EFS355/no_reorder/run_stdout_1.log,1
no_simd,0,0,1,0,0,0,0,59,5,763,355,3867.876645,3872.795192, 810.325599, 0.977430, 1.234072, 17985.670400, 14568, 12340.718367,results/ablation_20251205_022349/params_M59_ML5_EFC763_EFS355/no_simd/run_stdout_1.log,1
nothing,1,1,1,1,1,1,1,59,5,763,355,3974.061266,5398.068328, 446.360961, 0.000000, 2.240339, 17980.378200, 14436, 22403.392933,results/ablation_20251205_022349/params_M59_ML5_EFC763_EFS355/nothing/run_stdout_1.log,1
dynamic_struct,0,0,0,0,0,1,0,59,5,763,360,3804.722862,3810.305109, 804.428295, 0.977760, 1.243119, 18210.702700, 14735, 12431.188788,results/ablation_20251205_022349/params_M59_ML5_EFC763_EFS360/dynamic_struct/run_stdout_1.log,1
dynamic_with_opts,0,0,0,0,0,1,0,59,5,763,360,3914.304555,3919.629301, 813.143409, 0.977760, 1.229795, 18210.702700, 14735, 12297.953712,results/ablation_20251205_022349/params_M59_ML5_EFC763_EFS360/dynamic_with_opts/run_stdout_1.log,1
full,0,0,0,0,0,0,0,59,5,763,360,3976.794169,3982.447691, 804.814312, 0.977760, 1.242523, 18210.702700, 14735, 12425.226359,results/ablation_20251205_022349/params_M59_ML5_EFC763_EFS360/full/run_stdout_1.log,1
heap,0,0,0,0,1,0,0,59,5,763,360,3921.009031,3926.548597, 645.305224, 0.977760, 1.549654, 18210.702700, 14735, 15496.542759,results/ablation_20251205_022349/params_M59_ML5_EFC763_EFS360/heap/run_stdout_1.log,1
no_csr,1,0,0,0,0,0,0,59,5,763,360,3868.975592,5221.297233, 487.334599, 0.000000, 2.051978, 18205.359400, 14604, 20519.782553,results/ablation_20251205_022349/params_M59_ML5_EFC763_EFS360/no_csr/run_stdout_1.log,1
no_prefetch,0,1,0,0,0,0,0,59,5,763,360,3961.977448,3966.984763, 662.717360, 0.977760, 1.508939, 18210.702700, 14735, 15089.388933,results/ablation_20251205_022349/params_M59_ML5_EFC763_EFS360/no_prefetch/run_stdout_1.log,1
no_pruning,0,0,0,1,0,0,0,59,5,763,360,3956.029828,3960.936167, 822.365901, 0.977760, 1.216004, 18210.702700, 14735, 12160.037265,results/ablation_20251205_022349/params_M59_ML5_EFC763_EFS360/no_pruning/run_stdout_1.log,1
no_reorder,0,0,0,0,0,0,1,59,5,763,360,3994.804984,3999.932526, 814.371128, 0.977760, 1.227941, 18210.702700, 14735, 12279.413718,results/ablation_20251205_022349/params_M59_ML5_EFC763_EFS360/no_reorder/run_stdout_1.log,1
no_simd,0,0,1,0,0,0,0,59,5,763,360,3878.183245,3883.114540, 818.758086, 0.977760, 1.221362, 18210.702700, 14735, 12213.619830,results/ablation_20251205_022349/params_M59_ML5_EFC763_EFS360/no_simd/run_stdout_1.log,1
nothing,1,1,1,1,1,1,1,59,5,763,360,3844.455253,5213.801810, 445.043503, 0.000000, 2.246971, 18205.359400, 14604, 22469.713499,results/ablation_20251205_022349/params_M59_ML5_EFC763_EFS360/nothing/run_stdout_1.log,1
dynamic_struct,0,0,0,0,0,1,0,59,5,763,365,3938.997506,3944.624168, 788.075283, 0.978220, 1.268914, 18435.290500, 14910, 12689.143054,results/ablation_20251205_022349/params_M59_ML5_EFC763_EFS365/dynamic_struct/run_stdout_1.log,1
dynamic_with_opts,0,0,0,0,0,1,0,59,5,763,365,3804.636059,3809.522168, 775.381444, 0.978220, 1.289688, 18435.290500, 14910, 12896.878147,results/ablation_20251205_022349/params_M59_ML5_EFC763_EFS365/dynamic_with_opts/run_stdout_1.log,1
full,0,0,0,0,0,0,0,59,5,763,365,3854.128659,3860.765806, 792.675669, 0.978220, 1.261550, 18435.290500, 14910, 12615.500116,results/ablation_20251205_022349/params_M59_ML5_EFC763_EFS365/full/run_stdout_1.log,1
heap,0,0,0,0,1,0,0,59,5,763,365,3997.960888,4003.544714, 790.954029, 0.978220, 1.264296, 18435.290500, 14910, 12642.959808,results/ablation_20251205_022349/params_M59_ML5_EFC763_EFS365/heap/run_stdout_1.log,1
no_csr,1,0,0,0,0,0,0,59,5,763,365,3866.961569,5273.195619, 487.054044, 0.000000, 2.053160, 18429.386900, 14779, 20531.602427,results/ablation_20251205_022349/params_M59_ML5_EFC763_EFS365/no_csr/run_stdout_1.log,1
no_prefetch,0,1,0,0,0,0,0,59,5,763,365,3815.025691,3820.062393, 660.861817, 0.978220, 1.513176, 18435.290500, 14910, 15131.756366,results/ablation_20251205_022349/params_M59_ML5_EFC763_EFS365/no_prefetch/run_stdout_1.log,1
no_pruning,0,0,0,1,0,0,0,59,5,763,365,3768.629359,3773.572207, 788.260882, 0.978220, 1.268616, 18435.290500, 14910, 12686.155351,results/ablation_20251205_022349/params_M59_ML5_EFC763_EFS365/no_pruning/run_stdout_1.log,1
no_reorder,0,0,0,0,0,0,1,59,5,763,365,3823.186473,3828.048928, 798.579703, 0.978220, 1.252223, 18435.290500, 14910, 12522.231614,results/ablation_20251205_022349/params_M59_ML5_EFC763_EFS365/no_reorder/run_stdout_1.log,1
no_simd,0,0,1,0,0,0,0,59,5,763,365,3913.591647,3919.507326, 616.421476, 0.978220, 1.622267, 18435.290500, 14910, 16222.666458,results/ablation_20251205_022349/params_M59_ML5_EFC763_EFS365/no_simd/run_stdout_1.log,1
nothing,1,1,1,1,1,1,1,59,5,763,365,3921.800512,5352.795355, 433.577704, 0.000000, 2.306392, 18429.386900, 14779, 23063.916573,results/ablation_20251205_022349/params_M59_ML5_EFC763_EFS365/nothing/run_stdout_1.log,1
dynamic_struct,0,0,0,0,0,1,0,59,5,763,370,4002.955978,4008.431292, 786.378793, 0.978610, 1.271652, 18656.989900, 15051, 12716.517900,results/ablation_20251205_022349/params_M59_ML5_EFC763_EFS370/dynamic_struct/run_stdout_1.log,1
dynamic_with_opts,0,0,0,0,0,1,0,59,5,763,370,3962.603256,3968.733796, 730.019976, 0.978610, 1.369826, 18656.989900, 15051, 13698.255284,results/ablation_20251205_022349/params_M59_ML5_EFC763_EFS370/dynamic_with_opts/run_stdout_1.log,1
full,0,0,0,0,0,0,0,59,5,763,370,3861.770118,3866.717403, 772.633653, 0.978610, 1.294274, 18656.989900, 15051, 12942.744547,results/ablation_20251205_022349/params_M59_ML5_EFC763_EFS370/full/run_stdout_1.log,1
heap,0,0,0,0,1,0,0,59,5,763,370,3792.218840,3797.885821, 785.192965, 0.978610, 1.273572, 18656.989900, 15051, 12735.722865,results/ablation_20251205_022349/params_M59_ML5_EFC763_EFS370/heap/run_stdout_1.log,1
no_csr,1,0,0,0,0,0,0,59,5,763,370,3868.492252,5177.056050, 374.686965, 0.000000, 2.668895, 18652.083300, 14920, 26688.945526,results/ablation_20251205_022349/params_M59_ML5_EFC763_EFS370/no_csr/run_stdout_1.log,1
no_prefetch,0,1,0,0,0,0,0,59,5,763,370,3876.985391,3882.705740, 647.543555, 0.978610, 1.544298, 18656.989900, 15051, 15442.976648,results/ablation_20251205_022349/params_M59_ML5_EFC763_EFS370/no_prefetch/run_stdout_1.log,1
no_pruning,0,0,0,1,0,0,0,59,5,763,370,3916.479080,3921.290068, 789.698073, 0.978610, 1.266307, 18656.989900, 15051, 12663.067504,results/ablation_20251205_022349/params_M59_ML5_EFC763_EFS370/no_pruning/run_stdout_1.log,1
no_reorder,0,0,0,0,0,0,1,59,5,763,370,3911.167428,3916.477805, 756.719010, 0.978610, 1.321494, 18656.989900, 15051, 13214.944873,results/ablation_20251205_022349/params_M59_ML5_EFC763_EFS370/no_reorder/run_stdout_1.log,1
no_simd,0,0,1,0,0,0,0,59,5,763,370,3895.515760,3900.584715, 804.770159, 0.978610, 1.242591, 18656.989900, 15051, 12425.908052,results/ablation_20251205_022349/params_M59_ML5_EFC763_EFS370/no_simd/run_stdout_1.log,1
nothing,1,1,1,1,1,1,1,59,5,763,370,4056.406115,5514.324361, 402.087443, 0.000000, 2.487021, 18652.083300, 14920, 24870.212119,results/ablation_20251205_022349/params_M59_ML5_EFC763_EFS370/nothing/run_stdout_1.log,1
dynamic_struct,0,0,0,0,0,1,0,59,5,763,375,3876.873858,3882.859232, 721.923832, 0.979130, 1.385188, 18880.097400, 15179, 13851.876826,results/ablation_20251205_022349/params_M59_ML5_EFC763_EFS375/dynamic_struct/run_stdout_1.log,1
dynamic_with_opts,0,0,0,0,0,1,0,59,5,763,375,4198.877592,4203.782157, 583.257943, 0.979130, 1.714507, 18880.097400, 15179, 17145.072985,results/ablation_20251205_022349/params_M59_ML5_EFC763_EFS375/dynamic_with_opts/run_stdout_1.log,1
full,0,0,0,0,0,0,0,59,5,763,375,4304.594383,4312.052828, 683.092870, 0.979130, 1.463930, 18880.097400, 15179, 14639.297866,results/ablation_20251205_022349/params_M59_ML5_EFC763_EFS375/full/run_stdout_1.log,1
heap,0,0,0,0,1,0,0,59,5,763,375,4117.752781,4123.705401, 726.153843, 0.979130, 1.377119, 18880.097400, 15179, 13771.186500,results/ablation_20251205_022349/params_M59_ML5_EFC763_EFS375/heap/run_stdout_1.log,1
no_csr,1,0,0,0,0,0,0,59,5,763,375,4007.867122,5337.944695, 434.803948, 0.000000, 2.299887, 18874.981500, 15048, 22998.871196,results/ablation_20251205_022349/params_M59_ML5_EFC763_EFS375/no_csr/run_stdout_1.log,1
no_prefetch,0,1,0,0,0,0,0,59,5,763,375,4063.041007,4068.365157, 596.841376, 0.979130, 1.675487, 18880.097400, 15179, 16754.870552,results/ablation_20251205_022349/params_M59_ML5_EFC763_EFS375/no_prefetch/run_stdout_1.log,1
no_pruning,0,0,0,1,0,0,0,59,5,763,375,3886.010233,3890.808896, 735.134914, 0.979130, 1.360295, 18880.097400, 15179, 13602.945275,results/ablation_20251205_022349/params_M59_ML5_EFC763_EFS375/no_pruning/run_stdout_1.log,1
no_reorder,0,0,0,0,0,0,1,59,5,763,375,3910.882432,3917.075312, 715.943258, 0.979130, 1.396759, 18880.097400, 15179, 13967.587357,results/ablation_20251205_022349/params_M59_ML5_EFC763_EFS375/no_reorder/run_stdout_1.log,1
no_simd,0,0,1,0,0,0,0,59,5,763,375,3926.096905,3931.135545, 708.863215, 0.979130, 1.410709, 18880.097400, 15179, 14107.093996,results/ablation_20251205_022349/params_M59_ML5_EFC763_EFS375/no_simd/run_stdout_1.log,1
nothing,1,1,1,1,1,1,1,59,5,763,375,3893.208117,5346.394948, 394.514830, 0.000000, 2.534759, 18874.981500, 15048, 25347.589622,results/ablation_20251205_022349/params_M59_ML5_EFC763_EFS375/nothing/run_stdout_1.log,1
dynamic_struct,0,0,0,0,0,1,0,59,5,763,380,3919.459187,3925.210529, 686.172414, 0.979420, 1.457360, 19102.317000, 15336, 14573.596655,results/ablation_20251205_022349/params_M59_ML5_EFC763_EFS380/dynamic_struct/run_stdout_1.log,1
dynamic_with_opts,0,0,0,0,0,1,0,59,5,763,380,4159.200961,4164.201652, 714.133155, 0.979420, 1.400299, 19102.317000, 15336, 14002.990792,results/ablation_20251205_022349/params_M59_ML5_EFC763_EFS380/dynamic_with_opts/run_stdout_1.log,1
full,0,0,0,0,0,0,0,59,5,763,380,4026.145019,4031.938785, 692.383131, 0.979420, 1.444287, 19102.317000, 15336, 14442.870656,results/ablation_20251205_022349/params_M59_ML5_EFC763_EFS380/full/run_stdout_1.log,1
heap,0,0,0,0,1,0,0,59,5,763,380,3975.879328,3981.115400, 581.364056, 0.979420, 1.720093, 19102.317000, 15336, 17200.925826,results/ablation_20251205_022349/params_M59_ML5_EFC763_EFS380/heap/run_stdout_1.log,1
no_csr,1,0,0,0,0,0,0,59,5,763,380,3954.954813,5348.770447, 430.291045, 0.000000, 2.324008, 19097.009100, 15208, 23240.083938,results/ablation_20251205_022349/params_M59_ML5_EFC763_EFS380/no_csr/run_stdout_1.log,1
no_prefetch,0,1,0,0,0,0,0,59,5,763,380,3924.966884,3930.611067, 580.379594, 0.979420, 1.723010, 19102.317000, 15336, 17230.102675,results/ablation_20251205_022349/params_M59_ML5_EFC763_EFS380/no_prefetch/run_stdout_1.log,1
no_pruning,0,0,0,1,0,0,0,59,5,763,380,3938.720949,3943.599786, 708.133772, 0.979420, 1.412163, 19102.317000, 15336, 14121.625592,results/ablation_20251205_022349/params_M59_ML5_EFC763_EFS380/no_pruning/run_stdout_1.log,1
no_reorder,0,0,0,0,0,0,1,59,5,763,380,3932.511384,3937.463188, 700.553841, 0.979420, 1.427442, 19102.317000, 15336, 14274.420342,results/ablation_20251205_022349/params_M59_ML5_EFC763_EFS380/no_reorder/run_stdout_1.log,1
no_simd,0,0,1,0,0,0,0,59,5,763,380,3966.545827,3971.525844, 707.830337, 0.979420, 1.412768, 19102.317000, 15336, 14127.679304,results/ablation_20251205_022349/params_M59_ML5_EFC763_EFS380/no_simd/run_stdout_1.log,1
nothing,1,1,1,1,1,1,1,59,5,763,380,3948.852784,5388.764875, 389.185229, 0.000000, 2.569471, 19097.009100, 15208, 25694.705924,results/ablation_20251205_022349/params_M59_ML5_EFC763_EFS380/nothing/run_stdout_1.log,1
dynamic_struct,0,0,0,0,0,1,0,59,5,763,385,4037.285522,4043.310376, 670.232387, 0.979820, 1.492020, 19326.597300, 15461, 14920.198128,results/ablation_20251205_022349/params_M59_ML5_EFC763_EFS385/dynamic_struct/run_stdout_1.log,1
dynamic_with_opts,0,0,0,0,0,1,0,59,5,763,385,4122.052962,4127.633666, 638.637667, 0.979820, 1.565833, 19326.597300, 15461, 15658.331036,results/ablation_20251205_022349/params_M59_ML5_EFC763_EFS385/dynamic_with_opts/run_stdout_1.log,1
full,0,0,0,0,0,0,0,59,5,763,385,3997.594725,4002.586001, 671.195906, 0.979820, 1.489878, 19326.597300, 15461, 14898.779786,results/ablation_20251205_022349/params_M59_ML5_EFC763_EFS385/full/run_stdout_1.log,1
heap,0,0,0,0,1,0,0,59,5,763,385,4334.722943,4340.483201, 717.355817, 0.979820, 1.394008, 19326.597300, 15461, 13940.083515,results/ablation_20251205_022349/params_M59_ML5_EFC763_EFS385/heap/run_stdout_1.log,1
no_csr,1,0,0,0,0,0,0,59,5,763,385,4000.888866,5404.805475, 426.838730, 0.000000, 2.342805, 19321.431400, 15333, 23428.052086,results/ablation_20251205_022349/params_M59_ML5_EFC763_EFS385/no_csr/run_stdout_1.log,1
no_prefetch,0,1,0,0,0,0,0,59,5,763,385,3986.961096,3993.261211, 481.251787, 0.979820, 2.077914, 19326.597300, 15461, 20779.143611,results/ablation_20251205_022349/params_M59_ML5_EFC763_EFS385/no_prefetch/run_stdout_1.log,1
no_pruning,0,0,0,1,0,0,0,59,5,763,385,3929.944451,3935.627839, 663.777244, 0.979820, 1.506530, 19326.597300, 15461, 15065.295008,results/ablation_20251205_022349/params_M59_ML5_EFC763_EFS385/no_pruning/run_stdout_1.log,1
no_reorder,0,0,0,0,0,0,1,59,5,763,385,4021.058727,4026.593273, 666.722275, 0.979820, 1.499875, 19326.597300, 15461, 14998.748922,results/ablation_20251205_022349/params_M59_ML5_EFC763_EFS385/no_reorder/run_stdout_1.log,1
no_simd,0,0,1,0,0,0,0,59,5,763,385,3874.982502,3880.461391, 680.120255, 0.979820, 1.470328, 19326.597300, 15461, 14703.282137,results/ablation_20251205_022349/params_M59_ML5_EFC763_EFS385/no_simd/run_stdout_1.log,1
nothing,1,1,1,1,1,1,1,59,5,763,385,4298.218031,5845.790656, 372.492980, 0.000000, 2.684614, 19321.431400, 15333, 26846.143481,results/ablation_20251205_022349/params_M59_ML5_EFC763_EFS385/nothing/run_stdout_1.log,1
dynamic_struct,0,0,0,0,0,1,0,59,5,763,390,4243.779994,4249.363419, 707.227379, 0.980290, 1.413972, 19547.575600, 15614, 14139.724070,results/ablation_20251205_022349/params_M59_ML5_EFC763_EFS390/dynamic_struct/run_stdout_1.log,1
dynamic_with_opts,0,0,0,0,0,1,0,59,5,763,390,4503.713815,4510.953405, 664.267520, 0.980290, 1.505418, 19547.575600, 15614, 15054.175757,results/ablation_20251205_022349/params_M59_ML5_EFC763_EFS390/dynamic_with_opts/run_stdout_1.log,1
full,0,0,0,0,0,0,0,59,5,763,390,4093.776511,4099.643181, 563.938824, 0.980290, 1.773242, 19547.575600, 15614, 17732.419851,results/ablation_20251205_022349/params_M59_ML5_EFC763_EFS390/full/run_stdout_1.log,1
heap,0,0,0,0,1,0,0,59,5,763,390,3983.754882,3988.679729, 702.347914, 0.980290, 1.423796, 19547.575600, 15614, 14237.957850,results/ablation_20251205_022349/params_M59_ML5_EFC763_EFS390/heap/run_stdout_1.log,1
no_csr,1,0,0,0,0,0,0,59,5,763,390,4141.887179,5619.275099, 409.158800, 0.000000, 2.444039, 19542.170700, 15486, 24440.388409,results/ablation_20251205_022349/params_M59_ML5_EFC763_EFS390/no_csr/run_stdout_1.log,1
no_prefetch,0,1,0,0,0,0,0,59,5,763,390,4247.358135,4252.359042, 553.938384, 0.980290, 1.805255, 19547.575600, 15614, 18052.549311,results/ablation_20251205_022349/params_M59_ML5_EFC763_EFS390/no_prefetch/run_stdout_1.log,1
no_pruning,0,0,0,1,0,0,0,59,5,763,390,4019.593350,4025.000526, 692.646868, 0.980290, 1.443737, 19547.575600, 15614, 14437.371272,results/ablation_20251205_022349/params_M59_ML5_EFC763_EFS390/no_pruning/run_stdout_1.log,1
no_reorder,0,0,0,0,0,0,1,59,5,763,390,3977.366863,3983.324515, 692.847480, 0.980290, 1.443319, 19547.575600, 15614, 14433.190987,results/ablation_20251205_022349/params_M59_ML5_EFC763_EFS390/no_reorder/run_stdout_1.log,1
no_simd,0,0,1,0,0,0,0,59,5,763,390,4199.307483,4204.804209, 651.407913, 0.980290, 1.535136, 19547.575600, 15614, 15351.364028,results/ablation_20251205_022349/params_M59_ML5_EFC763_EFS390/no_simd/run_stdout_1.log,1
nothing,1,1,1,1,1,1,1,59,5,763,390,3909.624320,5358.718233, 399.272976, 0.000000, 2.504552, 19542.170700, 15486, 25045.521713,results/ablation_20251205_022349/params_M59_ML5_EFC763_EFS390/nothing/run_stdout_1.log,1
dynamic_struct,0,0,0,0,0,1,0,59,5,763,395,3858.216697,3863.586431, 730.231488, 0.980680, 1.369429, 19769.604700, 15776, 13694.287579,results/ablation_20251205_022349/params_M59_ML5_EFC763_EFS395/dynamic_struct/run_stdout_1.log,1
dynamic_with_opts,0,0,0,0,0,1,0,59,5,763,395,3941.455937,3946.972770, 739.699022, 0.980680, 1.351901, 19769.604700, 15776, 13519.012062,results/ablation_20251205_022349/params_M59_ML5_EFC763_EFS395/dynamic_with_opts/run_stdout_1.log,1
full,0,0,0,0,0,0,0,59,5,763,395,3999.386816,4004.474788, 742.662494, 0.980680, 1.346507, 19769.604700, 15776, 13465.066669,results/ablation_20251205_022349/params_M59_ML5_EFC763_EFS395/full/run_stdout_1.log,1
heap,0,0,0,0,1,0,0,59,5,763,395,4000.150937,4005.788783, 599.191520, 0.980680, 1.668915, 19769.604700, 15776, 16689.154758,results/ablation_20251205_022349/params_M59_ML5_EFC763_EFS395/heap/run_stdout_1.log,1
no_csr,1,0,0,0,0,0,0,59,5,763,395,4004.527023,5415.611760, 448.911703, 0.000000, 2.227610, 19763.806200, 15648, 22276.095554,results/ablation_20251205_022349/params_M59_ML5_EFC763_EFS395/no_csr/run_stdout_1.log,1
no_prefetch,0,1,0,0,0,0,0,59,5,763,395,3968.745086,3974.031959, 587.932404, 0.980680, 1.700876, 19769.604700, 15776, 17008.758040,results/ablation_20251205_022349/params_M59_ML5_EFC763_EFS395/no_prefetch/run_stdout_1.log,1
no_pruning,0,0,0,1,0,0,0,59,5,763,395,4001.227965,4006.399230, 740.219664, 0.980680, 1.350950, 19769.604700, 15776, 13509.503300,results/ablation_20251205_022349/params_M59_ML5_EFC763_EFS395/no_pruning/run_stdout_1.log,1
no_reorder,0,0,0,0,0,0,1,59,5,763,395,3869.003998,3874.902579, 726.868937, 0.980680, 1.375764, 19769.604700, 15776, 13757.638410,results/ablation_20251205_022349/params_M59_ML5_EFC763_EFS395/no_reorder/run_stdout_1.log,1
no_simd,0,0,1,0,0,0,0,59,5,763,395,3932.931445,3938.001128, 726.991078, 0.980680, 1.375533, 19769.604700, 15776, 13755.326998,results/ablation_20251205_022349/params_M59_ML5_EFC763_EFS395/no_simd/run_stdout_1.log,1
nothing,1,1,1,1,1,1,1,59,5,763,395,3835.479281,5310.174826, 396.194530, 0.000000, 2.524013, 19763.806200, 15648, 25240.126358,results/ablation_20251205_022349/params_M59_ML5_EFC763_EFS395/nothing/run_stdout_1.log,1
dynamic_struct,0,0,0,0,0,1,0,59,5,763,400,3919.978885,3926.133746, 676.561325, 0.981010, 1.478063, 19990.465800, 15943, 14780.626128,results/ablation_20251205_022349/params_M59_ML5_EFC763_EFS400/dynamic_struct/run_stdout_1.log,1
dynamic_with_opts,0,0,0,0,0,1,0,59,5,763,400,3906.381322,3911.701528, 687.133832, 0.981010, 1.455321, 19990.465800, 15943, 14553.205701,results/ablation_20251205_022349/params_M59_ML5_EFC763_EFS400/dynamic_with_opts/run_stdout_1.log,1
full,0,0,0,0,0,0,0,59,5,763,400,4068.372799,4073.794417, 710.517504, 0.981010, 1.407425, 19990.465800, 15943, 14074.248619,results/ablation_20251205_022349/params_M59_ML5_EFC763_EFS400/full/run_stdout_1.log,1
heap,0,0,0,0,1,0,0,59,5,763,400,4077.135746,4082.974359, 680.387724, 0.981010, 1.469750, 19990.465800, 15943, 14697.502097,results/ablation_20251205_022349/params_M59_ML5_EFC763_EFS400/heap/run_stdout_1.log,1
no_csr,1,0,0,0,0,0,0,59,5,763,400,4067.137114,5324.355786, 432.059001, 0.000000, 2.314499, 19985.326200, 15816, 23144.987103,results/ablation_20251205_022349/params_M59_ML5_EFC763_EFS400/no_csr/run_stdout_1.log,1
no_prefetch,0,1,0,0,0,0,0,59,5,763,400,3836.974641,3842.323907, 592.811451, 0.981010, 1.686877, 19990.465800, 15943, 16868.769970,results/ablation_20251205_022349/params_M59_ML5_EFC763_EFS400/no_prefetch/run_stdout_1.log,1
no_pruning,0,0,0,1,0,0,0,59,5,763,400,3871.946825,3876.943083, 673.616392, 0.981010, 1.484524, 19990.465800, 15943, 14845.244453,results/ablation_20251205_022349/params_M59_ML5_EFC763_EFS400/no_pruning/run_stdout_1.log,1
no_reorder,0,0,0,0,0,0,1,59,5,763,400,3978.568412,3984.676263, 682.674046, 0.981010, 1.464828, 19990.465800, 15943, 14648.279167,results/ablation_20251205_022349/params_M59_ML5_EFC763_EFS400/no_reorder/run_stdout_1.log,1
no_simd,0,0,1,0,0,0,0,59,5,763,400,4391.824505,4398.832583, 618.102946, 0.981010, 1.617853, 19990.465800, 15943, 16178.534771,results/ablation_20251205_022349/params_M59_ML5_EFC763_EFS400/no_simd/run_stdout_1.log,1
nothing,1,1,1,1,1,1,1,59,5,763,400,3939.163581,5286.880095, 380.493706, 0.000000, 2.628164, 19985.326200, 15816, 26281.643675,results/ablation_20251205_022349/params_M59_ML5_EFC763_EFS400/nothing/run_stdout_1.log,1
dynamic_struct,0,0,0,0,0,1,0,59,5,763,405,4025.227260,4030.722919, 727.406493, 0.981360, 1.374747, 20212.097900, 16195, 13747.471450,results/ablation_20251205_022349/params_M59_ML5_EFC763_EFS405/dynamic_struct/run_stdout_1.log,1
dynamic_with_opts,0,0,0,0,0,1,0,59,5,763,405,3956.990326,3962.570439, 723.905851, 0.981360, 1.381395, 20212.097900, 16195, 13813.951072,results/ablation_20251205_022349/params_M59_ML5_EFC763_EFS405/dynamic_with_opts/run_stdout_1.log,1
full,0,0,0,0,0,0,0,59,5,763,405,4001.273741,4006.585397, 719.849616, 0.981360, 1.389179, 20212.097900, 16195, 13891.790420,results/ablation_20251205_022349/params_M59_ML5_EFC763_EFS405/full/run_stdout_1.log,1
heap,0,0,0,0,1,0,0,59,5,763,405,3865.065814,3870.058346, 693.576471, 0.981360, 1.441802, 20212.097900, 16195, 14418.020813,results/ablation_20251205_022349/params_M59_ML5_EFC763_EFS405/heap/run_stdout_1.log,1
no_csr,1,0,0,0,0,0,0,59,5,763,405,3962.559391,5329.317922, 428.117996, 0.000000, 2.335805, 20206.974500, 16068, 23358.046364,results/ablation_20251205_022349/params_M59_ML5_EFC763_EFS405/no_csr/run_stdout_1.log,1
no_prefetch,0,1,0,0,0,0,0,59,5,763,405,3897.749908,3902.704002, 574.251055, 0.981360, 1.741399, 20212.097900, 16195, 17413.986302,results/ablation_20251205_022349/params_M59_ML5_EFC763_EFS405/no_prefetch/run_stdout_1.log,1
no_pruning,0,0,0,1,0,0,0,59,5,763,405,3806.863683,3813.295101, 711.896848, 0.981360, 1.404698, 20212.097900, 16195, 14046.978902,results/ablation_20251205_022349/params_M59_ML5_EFC763_EFS405/no_pruning/run_stdout_1.log,1
no_reorder,0,0,0,0,0,0,1,59,5,763,405,3850.591864,3856.582152, 725.427352, 0.981360, 1.378498, 20212.097900, 16195, 13784.977876,results/ablation_20251205_022349/params_M59_ML5_EFC763_EFS405/no_reorder/run_stdout_1.log,1
no_simd,0,0,1,0,0,0,0,59,5,763,405,3941.882708,3947.431828, 708.333325, 0.981360, 1.411765, 20212.097900, 16195, 14117.647217,results/ablation_20251205_022349/params_M59_ML5_EFC763_EFS405/no_simd/run_stdout_1.log,1
nothing,1,1,1,1,1,1,1,59,5,763,405,4280.408474,8121.954606, 372.380064, 0.000000, 2.685428, 20206.974500, 16068, 26854.283984,results/ablation_20251205_022349/params_M59_ML5_EFC763_EFS405/nothing/run_stdout_1.log,1
dynamic_struct,0,0,0,0,0,1,0,59,5,763,410,4267.982648,4274.582899, 612.186985, 0.981800, 1.633488, 20434.182900, 16305, 16334.878459,results/ablation_20251205_022349/params_M59_ML5_EFC763_EFS410/dynamic_struct/run_stdout_1.log,1
dynamic_with_opts,0,0,0,0,0,1,0,59,5,763,410,3962.884148,3967.932766, 639.460111, 0.981800, 1.563819, 20434.182900, 16305, 15638.192014,results/ablation_20251205_022349/params_M59_ML5_EFC763_EFS410/dynamic_with_opts/run_stdout_1.log,1
full,0,0,0,0,0,0,0,59,5,763,410,3919.635028,3925.459063, 684.959132, 0.981800, 1.459941, 20434.182900, 16305, 14599.411170,results/ablation_20251205_022349/params_M59_ML5_EFC763_EFS410/full/run_stdout_1.log,1
heap,0,0,0,0,1,0,0,59,5,763,410,4019.304209,4024.340434, 645.766509, 0.981800, 1.548547, 20434.182900, 16305, 15485.473239,results/ablation_20251205_022349/params_M59_ML5_EFC763_EFS410/heap/run_stdout_1.log,1
no_csr,1,0,0,0,0,0,0,59,5,763,410,4029.703518,5486.652100, 376.264624, 0.000000, 2.657704, 20428.656400, 16178, 26577.040082,results/ablation_20251205_022349/params_M59_ML5_EFC763_EFS410/no_csr/run_stdout_1.log,1
no_prefetch,0,1,0,0,0,0,0,59,5,763,410,4125.013830,4130.566746, 539.543064, 0.981800, 1.853420, 20434.182900, 16305, 18534.201753,results/ablation_20251205_022349/params_M59_ML5_EFC763_EFS410/no_prefetch/run_stdout_1.log,1
no_pruning,0,0,0,1,0,0,0,59,5,763,410,3954.741933,3959.718444, 649.769935, 0.981800, 1.539006, 20434.182900, 16305, 15390.062642,results/ablation_20251205_022349/params_M59_ML5_EFC763_EFS410/no_pruning/run_stdout_1.log,1
no_reorder,0,0,0,0,0,0,1,59,5,763,410,3947.904138,3952.909203, 630.701236, 0.981800, 1.585537, 20434.182900, 16305, 15855.367692,results/ablation_20251205_022349/params_M59_ML5_EFC763_EFS410/no_reorder/run_stdout_1.log,1
no_simd,0,0,1,0,0,0,0,59,5,763,410,3871.096373,3877.250047, 633.570419, 0.981800, 1.578357, 20434.182900, 16305, 15783.565161,results/ablation_20251205_022349/params_M59_ML5_EFC763_EFS410/no_simd/run_stdout_1.log,1
nothing,1,1,1,1,1,1,1,59,5,763,410,4018.018971,5448.921673, 359.101958, 0.000000, 2.784724, 20428.656400, 16178, 27847.244404,results/ablation_20251205_022349/params_M59_ML5_EFC763_EFS410/nothing/run_stdout_1.log,1
dynamic_struct,0,0,0,0,0,1,0,59,5,763,415,3967.784956,3973.933635, 632.272342, 0.982050, 1.581597, 20653.342000, 16523, 15815.969388,results/ablation_20251205_022349/params_M59_ML5_EFC763_EFS415/dynamic_struct/run_stdout_1.log,1
dynamic_with_opts,0,0,0,0,0,1,0,59,5,763,415,4211.722323,4217.181758, 634.847897, 0.982050, 1.575180, 20653.342000, 16523, 15751.804571,results/ablation_20251205_022349/params_M59_ML5_EFC763_EFS415/dynamic_with_opts/run_stdout_1.log,1
full,0,0,0,0,0,0,0,59,5,763,415,4012.645371,4018.717309, 635.876483, 0.982050, 1.572632, 20653.342000, 16523, 15726.324637,results/ablation_20251205_022349/params_M59_ML5_EFC763_EFS415/full/run_stdout_1.log,1
heap,0,0,0,0,1,0,0,59,5,763,415,4015.277576,4020.504635, 623.257161, 0.982050, 1.604474, 20653.342000, 16523, 16044.741439,results/ablation_20251205_022349/params_M59_ML5_EFC763_EFS415/heap/run_stdout_1.log,1
no_csr,1,0,0,0,0,0,0,59,5,763,415,4099.029114,5498.762328, 387.208296, 0.000000, 2.582589, 20648.009500, 16396, 25825.892914,results/ablation_20251205_022349/params_M59_ML5_EFC763_EFS415/no_csr/run_stdout_1.log,1
no_prefetch,0,1,0,0,0,0,0,59,5,763,415,4023.458059,4029.202908, 457.042096, 0.982050, 2.187982, 20653.342000, 16523, 21879.822660,results/ablation_20251205_022349/params_M59_ML5_EFC763_EFS415/no_prefetch/run_stdout_1.log,1
no_pruning,0,0,0,1,0,0,0,59,5,763,415,4193.718013,4199.391458, 629.776074, 0.982050, 1.587866, 20653.342000, 16523, 15878.659754,results/ablation_20251205_022349/params_M59_ML5_EFC763_EFS415/no_pruning/run_stdout_1.log,1
no_reorder,0,0,0,0,0,0,1,59,5,763,415,4000.526716,4005.897324, 633.143434, 0.982050, 1.579421, 20653.342000, 16523, 15794.209427,results/ablation_20251205_022349/params_M59_ML5_EFC763_EFS415/no_reorder/run_stdout_1.log,1
no_simd,0,0,1,0,0,0,0,59,5,763,415,3909.733812,3914.887889, 640.019994, 0.982050, 1.562451, 20653.342000, 16523, 15624.511874,results/ablation_20251205_022349/params_M59_ML5_EFC763_EFS415/no_simd/run_stdout_1.log,1
nothing,1,1,1,1,1,1,1,59,5,763,415,4019.429944,5521.050186, 353.825889, 0.000000, 2.826249, 20648.009500, 16396, 28262.488198,results/ablation_20251205_022349/params_M59_ML5_EFC763_EFS415/nothing/run_stdout_1.log,1
dynamic_struct,0,0,0,0,0,1,0,59,5,763,420,4149.943297,4154.876852, 615.939574, 0.982400, 1.623536, 20873.269100, 16702, 16235.358840,results/ablation_20251205_022349/params_M59_ML5_EFC763_EFS420/dynamic_struct/run_stdout_1.log,1
dynamic_with_opts,0,0,0,0,0,1,0,59,5,763,420,3962.981275,3968.807228, 621.115357, 0.982400, 1.610007, 20873.269100, 16702, 16100.068838,results/ablation_20251205_022349/params_M59_ML5_EFC763_EFS420/dynamic_with_opts/run_stdout_1.log,1
full,0,0,0,0,0,0,0,59,5,763,420,4226.553497,4234.450912, 563.478885, 0.982400, 1.774689, 20873.269100, 16702, 17746.893930,results/ablation_20251205_022349/params_M59_ML5_EFC763_EFS420/full/run_stdout_1.log,1
heap,0,0,0,0,1,0,0,59,5,763,420,3925.041314,3929.973952, 644.375478, 0.982400, 1.551890, 20873.269100, 16702, 15518.902158,results/ablation_20251205_022349/params_M59_ML5_EFC763_EFS420/heap/run_stdout_1.log,1
no_csr,1,0,0,0,0,0,0,59,5,763,420,4006.820459,5469.093692, 384.106371, 0.000000, 2.603445, 20867.683300, 16575, 26034.454947,results/ablation_20251205_022349/params_M59_ML5_EFC763_EFS420/no_csr/run_stdout_1.log,1
no_prefetch,0,1,0,0,0,0,0,59,5,763,420,4034.661594,4040.878030, 522.315479, 0.982400, 1.914552, 20873.269100, 16702, 19145.517236,results/ablation_20251205_022349/params_M59_ML5_EFC763_EFS420/no_prefetch/run_stdout_1.log,1
no_pruning,0,0,0,1,0,0,0,59,5,763,420,3994.318630,3999.239606, 627.702205, 0.982400, 1.593112, 20873.269100, 16702, 15931.121361,results/ablation_20251205_022349/params_M59_ML5_EFC763_EFS420/no_pruning/run_stdout_1.log,1
no_reorder,0,0,0,0,0,0,1,59,5,763,420,4023.987987,4029.545837, 522.460390, 0.982400, 1.914021, 20873.269100, 16702, 19140.206956,results/ablation_20251205_022349/params_M59_ML5_EFC763_EFS420/no_reorder/run_stdout_1.log,1
no_simd,0,0,1,0,0,0,0,59,5,763,420,4007.568981,4013.270764, 620.276472, 0.982400, 1.612184, 20873.269100, 16702, 16121.843173,results/ablation_20251205_022349/params_M59_ML5_EFC763_EFS420/no_simd/run_stdout_1.log,1
nothing,1,1,1,1,1,1,1,59,5,763,420,3994.946123,5454.328382, 348.612127, 0.000000, 2.868518, 20867.683300, 16575, 28685.175399,results/ablation_20251205_022349/params_M59_ML5_EFC763_EFS420/nothing/run_stdout_1.log,1
dynamic_struct,0,0,0,0,0,1,0,59,5,763,425,4017.312407,4023.369933, 610.071444, 0.982750, 1.639152, 21093.429900, 16854, 16391.522825,results/ablation_20251205_022349/params_M59_ML5_EFC763_EFS425/dynamic_struct/run_stdout_1.log,1
dynamic_with_opts,0,0,0,0,0,1,0,59,5,763,425,4109.871079,4114.673139, 631.872563, 0.982750, 1.582598, 21093.429900, 16854, 15825.975983,results/ablation_20251205_022349/params_M59_ML5_EFC763_EFS425/dynamic_with_opts/run_stdout_1.log,1
full,0,0,0,0,0,0,0,59,5,763,425,4059.844337,4066.041017, 611.686224, 0.982750, 1.634825, 21093.429900, 16854, 16348.251122,results/ablation_20251205_022349/params_M59_ML5_EFC763_EFS425/full/run_stdout_1.log,1
heap,0,0,0,0,1,0,0,59,5,763,425,4060.484274,4066.237966, 621.217824, 0.982750, 1.609741, 21093.429900, 16854, 16097.413206,results/ablation_20251205_022349/params_M59_ML5_EFC763_EFS425/heap/run_stdout_1.log,1
no_csr,1,0,0,0,0,0,0,59,5,763,425,4085.188583,5499.449362, 366.103029, 0.000000, 2.731472, 21087.928300, 16727, 27314.715314,results/ablation_20251205_022349/params_M59_ML5_EFC763_EFS425/no_csr/run_stdout_1.log,1
no_prefetch,0,1,0,0,0,0,0,59,5,763,425,4072.732559,4078.377974, 511.499408, 0.982750, 1.955036, 21093.429900, 16854, 19550.364752,results/ablation_20251205_022349/params_M59_ML5_EFC763_EFS425/no_prefetch/run_stdout_1.log,1
no_pruning,0,0,0,1,0,0,0,59,5,763,425,4036.798257,4041.845328, 621.341906, 0.982750, 1.609420, 21093.429900, 16854, 16094.198540,results/ablation_20251205_022349/params_M59_ML5_EFC763_EFS425/no_pruning/run_stdout_1.log,1
no_reorder,0,0,0,0,0,0,1,59,5,763,425,3996.601725,4003.061530, 618.380547, 0.982750, 1.617127, 21093.429900, 16854, 16171.271966,results/ablation_20251205_022349/params_M59_ML5_EFC763_EFS425/no_reorder/run_stdout_1.log,1
no_simd,0,0,1,0,0,0,0,59,5,763,425,4099.209822,4104.531355, 531.048167, 0.982750, 1.883068, 21093.429900, 16854, 18830.683595,results/ablation_20251205_022349/params_M59_ML5_EFC763_EFS425/no_simd/run_stdout_1.log,1
nothing,1,1,1,1,1,1,1,59,5,763,425,4019.125071,5490.469219, 340.328465, 0.000000, 2.938338, 21087.928300, 16727, 29383.378170,results/ablation_20251205_022349/params_M59_ML5_EFC763_EFS425/nothing/run_stdout_1.log,1
dynamic_struct,0,0,0,0,0,1,0,59,5,763,430,4057.215222,4062.568280, 601.430349, 0.982960, 1.662703, 21313.214500, 17127, 16627.029241,results/ablation_20251205_022349/params_M59_ML5_EFC763_EFS430/dynamic_struct/run_stdout_1.log,1
dynamic_with_opts,0,0,0,0,0,1,0,59,5,763,430,4234.347538,4240.654215, 544.591221, 0.982960, 1.836240, 21313.214500, 17127, 18362.396625,results/ablation_20251205_022349/params_M59_ML5_EFC763_EFS430/dynamic_with_opts/run_stdout_1.log,1
full,0,0,0,0,0,0,0,59,5,763,430,4072.657418,4079.125887, 607.984094, 0.982960, 1.644780, 21313.214500, 17127, 16447.798704,results/ablation_20251205_022349/params_M59_ML5_EFC763_EFS430/full/run_stdout_1.log,1
heap,0,0,0,0,1,0,0,59,5,763,430,4017.958351,4023.289609, 603.625215, 0.982960, 1.656657, 21313.214500, 17127, 16566.571030,results/ablation_20251205_022349/params_M59_ML5_EFC763_EFS430/heap/run_stdout_1.log,1
no_csr,1,0,0,0,0,0,0,59,5,763,430,4410.277764,5893.325785, 368.277538, 0.000000, 2.715343, 21307.698800, 17000, 27153.434487,results/ablation_20251205_022349/params_M59_ML5_EFC763_EFS430/no_csr/run_stdout_1.log,1
no_prefetch,0,1,0,0,0,0,0,59,5,763,430,4072.834492,4079.017184, 507.148756, 0.982960, 1.971808, 21313.214500, 17127, 19718.080493,results/ablation_20251205_022349/params_M59_ML5_EFC763_EFS430/no_prefetch/run_stdout_1.log,1
no_pruning,0,0,0,1,0,0,0,59,5,763,430,4055.176479,4060.959289, 612.908736, 0.982960, 1.631564, 21313.214500, 17127, 16315.642778,results/ablation_20251205_022349/params_M59_ML5_EFC763_EFS430/no_pruning/run_stdout_1.log,1
no_reorder,0,0,0,0,0,0,1,59,5,763,430,4119.476984,4125.182815, 609.662280, 0.982960, 1.640252, 21313.214500, 17127, 16402.523701,results/ablation_20251205_022349/params_M59_ML5_EFC763_EFS430/no_reorder/run_stdout_1.log,1
no_simd,0,0,1,0,0,0,0,59,5,763,430,4088.507798,4093.652629, 609.360862, 0.982960, 1.641064, 21313.214500, 17127, 16410.637157,results/ablation_20251205_022349/params_M59_ML5_EFC763_EFS430/no_simd/run_stdout_1.log,1
nothing,1,1,1,1,1,1,1,59,5,763,430,4023.422983,5518.058926, 338.623632, 0.000000, 2.953131, 21307.698800, 17000, 29531.311585,results/ablation_20251205_022349/params_M59_ML5_EFC763_EFS430/nothing/run_stdout_1.log,1
dynamic_struct,0,0,0,0,0,1,0,59,5,763,435,4017.361653,4022.639889, 594.056040, 0.983300, 1.683343, 21531.375500, 17204, 16833.428708,results/ablation_20251205_022349/params_M59_ML5_EFC763_EFS435/dynamic_struct/run_stdout_1.log,1
dynamic_with_opts,0,0,0,0,0,1,0,59,5,763,435,4055.623347,4061.708940, 605.228012, 0.983300, 1.652270, 21531.375500, 17204, 16522.698554,results/ablation_20251205_022349/params_M59_ML5_EFC763_EFS435/dynamic_with_opts/run_stdout_1.log,1
full,0,0,0,0,0,0,0,59,5,763,435,4073.545251,4079.055491, 594.244016, 0.983300, 1.682810, 21531.375500, 17204, 16828.103830,results/ablation_20251205_022349/params_M59_ML5_EFC763_EFS435/full/run_stdout_1.log,1
heap,0,0,0,0,1,0,0,59,5,763,435,4048.052503,4054.718177, 598.065487, 0.983300, 1.672058, 21531.375500, 17204, 16720.576947,results/ablation_20251205_022349/params_M59_ML5_EFC763_EFS435/heap/run_stdout_1.log,1
no_csr,1,0,0,0,0,0,0,59,5,763,435,4080.266192,5516.025750, 366.412741, 0.000000, 2.729163, 21526.131100, 17077, 27291.627421,results/ablation_20251205_022349/params_M59_ML5_EFC763_EFS435/no_csr/run_stdout_1.log,1
no_prefetch,0,1,0,0,0,0,0,59,5,763,435,4031.008269,4036.725185, 498.356765, 0.983300, 2.006595, 21531.375500, 17204, 20065.946127,results/ablation_20251205_022349/params_M59_ML5_EFC763_EFS435/no_prefetch/run_stdout_1.log,1
no_pruning,0,0,0,1,0,0,0,59,5,763,435,4208.232584,4214.504065, 499.647386, 0.983300, 2.001411, 21531.375500, 17204, 20014.114532,results/ablation_20251205_022349/params_M59_ML5_EFC763_EFS435/no_pruning/run_stdout_1.log,1
no_reorder,0,0,0,0,0,0,1,59,5,763,435,4006.995194,4012.714551, 583.345246, 0.983300, 1.714251, 21531.375500, 17204, 17142.507077,results/ablation_20251205_022349/params_M59_ML5_EFC763_EFS435/no_reorder/run_stdout_1.log,1
no_simd,0,0,1,0,0,0,0,59,5,763,435,4086.222636,4091.338606, 602.428218, 0.983300, 1.659949, 21531.375500, 17204, 16599.488033,results/ablation_20251205_022349/params_M59_ML5_EFC763_EFS435/no_simd/run_stdout_1.log,1
nothing,1,1,1,1,1,1,1,59,5,763,435,4183.807854,5656.790214, 338.733955, 0.000000, 2.952169, 21526.131100, 17077, 29521.693529,results/ablation_20251205_022349/params_M59_ML5_EFC763_EFS435/nothing/run_stdout_1.log,1
dynamic_struct,0,0,0,0,0,1,0,59,5,763,440,4044.235529,4049.605751, 586.445895, 0.983580, 1.705187, 21750.544200, 17372, 17051.871415,results/ablation_20251205_022349/params_M59_ML5_EFC763_EFS440/dynamic_struct/run_stdout_1.log,1
dynamic_with_opts,0,0,0,0,0,1,0,59,5,763,440,4390.065026,4397.380510, 528.019134, 0.983580, 1.893871, 21750.544200, 17372, 18938.707618,results/ablation_20251205_022349/params_M59_ML5_EFC763_EFS440/dynamic_with_opts/run_stdout_1.log,1
full,0,0,0,0,0,0,0,59,5,763,440,4105.160240,4110.989119, 589.974360, 0.983580, 1.694989, 21750.544200, 17372, 16949.889131,results/ablation_20251205_022349/params_M59_ML5_EFC763_EFS440/full/run_stdout_1.log,1
heap,0,0,0,0,1,0,0,59,5,763,440,4250.337867,4255.403773, 601.869065, 0.983580, 1.661491, 21750.544200, 17372, 16614.909432,results/ablation_20251205_022349/params_M59_ML5_EFC763_EFS440/heap/run_stdout_1.log,1
no_csr,1,0,0,0,0,0,0,59,5,763,440,4196.234809,5613.965986, 285.831511, 0.000000, 3.498565, 21744.979700, 17245, 34985.645820,results/ablation_20251205_022349/params_M59_ML5_EFC763_EFS440/no_csr/run_stdout_1.log,1
no_prefetch,0,1,0,0,0,0,0,59,5,763,440,3942.965511,3949.634724, 499.532006, 0.983580, 2.001874, 21750.544200, 17372, 20018.737306,results/ablation_20251205_022349/params_M59_ML5_EFC763_EFS440/no_prefetch/run_stdout_1.log,1
no_pruning,0,0,0,1,0,0,0,59,5,763,440,4044.327492,4050.022999, 601.404559, 0.983580, 1.662774, 21750.544200, 17372, 16627.742261,results/ablation_20251205_022349/params_M59_ML5_EFC763_EFS440/no_pruning/run_stdout_1.log,1
no_reorder,0,0,0,0,0,0,1,59,5,763,440,4103.551446,4108.990547, 586.781777, 0.983580, 1.704211, 21750.544200, 17372, 17042.110711,results/ablation_20251205_022349/params_M59_ML5_EFC763_EFS440/no_reorder/run_stdout_1.log,1
no_simd,0,0,1,0,0,0,0,59,5,763,440,4074.487438,4079.728173, 588.645715, 0.983580, 1.698815, 21750.544200, 17372, 16988.147101,results/ablation_20251205_022349/params_M59_ML5_EFC763_EFS440/no_simd/run_stdout_1.log,1
nothing,1,1,1,1,1,1,1,59,5,763,440,4005.276696,5519.240875, 332.972615, 0.000000, 3.003250, 21744.979700, 17245, 30032.499815,results/ablation_20251205_022349/params_M59_ML5_EFC763_EFS440/nothing/run_stdout_1.log,1
dynamic_struct,0,0,0,0,0,1,0,59,5,763,445,4136.683344,4143.086711, 587.279978, 0.983830, 1.702765, 21969.309700, 17509, 17027.653559,results/ablation_20251205_022349/params_M59_ML5_EFC763_EFS445/dynamic_struct/run_stdout_1.log,1
dynamic_with_opts,0,0,0,0,0,1,0,59,5,763,445,4032.959837,4038.889701, 575.932817, 0.983830, 1.736314, 21969.309700, 17509, 17363.136310,results/ablation_20251205_022349/params_M59_ML5_EFC763_EFS445/dynamic_with_opts/run_stdout_1.log,1
full,0,0,0,0,0,0,0,59,5,763,445,4221.333750,4227.723404, 577.719875, 0.983830, 1.730943, 21969.309700, 17509, 17309.426986,results/ablation_20251205_022349/params_M59_ML5_EFC763_EFS445/full/run_stdout_1.log,1
heap,0,0,0,0,1,0,0,59,5,763,445,3958.738627,3964.701455, 577.680807, 0.983830, 1.731060, 21969.309700, 17509, 17310.597620,results/ablation_20251205_022349/params_M59_ML5_EFC763_EFS445/heap/run_stdout_1.log,1
no_csr,1,0,0,0,0,0,0,59,5,763,445,4190.219314,5642.349929, 361.156415, 0.000000, 2.768883, 21963.559800, 17382, 27688.833945,results/ablation_20251205_022349/params_M59_ML5_EFC763_EFS445/no_csr/run_stdout_1.log,1
no_prefetch,0,1,0,0,0,0,0,59,5,763,445,4095.255302,4100.859609, 482.853496, 0.983830, 2.071022, 21969.309700, 17509, 20710.215589,results/ablation_20251205_022349/params_M59_ML5_EFC763_EFS445/no_prefetch/run_stdout_1.log,1
no_pruning,0,0,0,1,0,0,0,59,5,763,445,4100.725520,4105.797282, 490.208438, 0.983830, 2.039949, 21969.309700, 17509, 20399.485646,results/ablation_20251205_022349/params_M59_ML5_EFC763_EFS445/no_pruning/run_stdout_1.log,1
no_reorder,0,0,0,0,0,0,1,59,5,763,445,4054.211017,4059.397072, 580.345344, 0.983830, 1.723112, 21969.309700, 17509, 17231.119544,results/ablation_20251205_022349/params_M59_ML5_EFC763_EFS445/no_reorder/run_stdout_1.log,1
no_simd,0,0,1,0,0,0,0,59,5,763,445,4117.345391,4123.410400, 592.112105, 0.983830, 1.688869, 21969.309700, 17509, 16888.693739,results/ablation_20251205_022349/params_M59_ML5_EFC763_EFS445/no_simd/run_stdout_1.log,1
nothing,1,1,1,1,1,1,1,59,5,763,445,4050.937960,5555.728145, 326.858612, 0.000000, 3.059427, 21963.559800, 17382, 30594.268055,results/ablation_20251205_022349/params_M59_ML5_EFC763_EFS445/nothing/run_stdout_1.log,1
dynamic_struct,0,0,0,0,0,1,0,59,5,763,450,4161.237436,4167.063680, 600.354756, 0.984130, 1.665682, 22187.134200, 17689, 16656.818155,results/ablation_20251205_022349/params_M59_ML5_EFC763_EFS450/dynamic_struct/run_stdout_1.log,1
dynamic_with_opts,0,0,0,0,0,1,0,59,5,763,450,4235.197371,4241.198023, 575.729951, 0.984130, 1.736925, 22187.134200, 17689, 17369.254430,results/ablation_20251205_022349/params_M59_ML5_EFC763_EFS450/dynamic_with_opts/run_stdout_1.log,1
full,0,0,0,0,0,0,0,59,5,763,450,4102.516828,4108.809228, 571.949001, 0.984130, 1.748408, 22187.134200, 17689, 17484.076350,results/ablation_20251205_022349/params_M59_ML5_EFC763_EFS450/full/run_stdout_1.log,1
heap,0,0,0,0,1,0,0,59,5,763,450,4024.043147,4029.540106, 567.239239, 0.984130, 1.762925, 22187.134200, 17689, 17629.245846,results/ablation_20251205_022349/params_M59_ML5_EFC763_EFS450/heap/run_stdout_1.log,1
no_csr,1,0,0,0,0,0,0,59,5,763,450,4650.786755,7752.976279, 352.850353, 0.000000, 2.834063, 22181.763100, 17563, 28340.626294,results/ablation_20251205_022349/params_M59_ML5_EFC763_EFS450/no_csr/run_stdout_1.log,1
no_prefetch,0,1,0,0,0,0,0,59,5,763,450,4161.203551,4167.873820, 490.379604, 0.984130, 2.039237, 22187.134200, 17689, 20392.365259,results/ablation_20251205_022349/params_M59_ML5_EFC763_EFS450/no_prefetch/run_stdout_1.log,1
no_pruning,0,0,0,1,0,0,0,59,5,763,450,4042.499253,4047.541228, 573.854151, 0.984130, 1.742603, 22187.134200, 17689, 17426.030601,results/ablation_20251205_022349/params_M59_ML5_EFC763_EFS450/no_pruning/run_stdout_1.log,1
no_reorder,0,0,0,0,0,0,1,59,5,763,450,4210.905330,4216.461925, 489.473719, 0.984130, 2.043011, 22187.134200, 17689, 20430.106068,results/ablation_20251205_022349/params_M59_ML5_EFC763_EFS450/no_reorder/run_stdout_1.log,1
no_simd,0,0,1,0,0,0,0,59,5,763,450,4204.807504,4210.024629, 572.019082, 0.984130, 1.748193, 22187.134200, 17689, 17481.934290,results/ablation_20251205_022349/params_M59_ML5_EFC763_EFS450/no_simd/run_stdout_1.log,1
nothing,1,1,1,1,1,1,1,59,5,763,450,4087.241790,5566.482515, 303.074968, 0.000000, 3.299514, 22181.763100, 17563, 32995.136665,results/ablation_20251205_022349/params_M59_ML5_EFC763_EFS450/nothing/run_stdout_1.log,1
dynamic_struct,0,0,0,0,0,1,0,59,5,763,455,4072.886400,4078.558934, 569.562438, 0.984420, 1.755734, 22405.186000, 17879, 17557.337588,results/ablation_20251205_022349/params_M59_ML5_EFC763_EFS455/dynamic_struct/run_stdout_1.log,1
dynamic_with_opts,0,0,0,0,0,1,0,59,5,763,455,4050.398749,4057.099100, 557.270507, 0.984420, 1.794461, 22405.186000, 17879, 17944.606570,results/ablation_20251205_022349/params_M59_ML5_EFC763_EFS455/dynamic_with_opts/run_stdout_1.log,1
full,0,0,0,0,0,0,0,59,5,763,455,4283.081617,4289.976773, 544.347224, 0.984420, 1.837063, 22405.186000, 17879, 18370.627346,results/ablation_20251205_022349/params_M59_ML5_EFC763_EFS455/full/run_stdout_1.log,1
heap,0,0,0,0,1,0,0,59,5,763,455,4076.360009,4081.689644, 554.046168, 0.984420, 1.804904, 22405.186000, 17879, 18049.037388,results/ablation_20251205_022349/params_M59_ML5_EFC763_EFS455/heap/run_stdout_1.log,1
no_csr,1,0,0,0,0,0,0,59,5,763,455,4326.181407,5828.944010, 351.272067, 0.000000, 2.846796, 22399.768300, 17752, 28467.962413,results/ablation_20251205_022349/params_M59_ML5_EFC763_EFS455/no_csr/run_stdout_1.log,1
no_prefetch,0,1,0,0,0,0,0,59,5,763,455,4172.862766,4178.386497, 481.070752, 0.984420, 2.078696, 22405.186000, 17879, 20786.963182,results/ablation_20251205_022349/params_M59_ML5_EFC763_EFS455/no_prefetch/run_stdout_1.log,1
no_pruning,0,0,0,1,0,0,0,59,5,763,455,3921.244895,3926.442685, 602.917793, 0.984420, 1.658601, 22405.186000, 17879, 16586.009089,results/ablation_20251205_022349/params_M59_ML5_EFC763_EFS455/no_pruning/run_stdout_1.log,1
no_reorder,0,0,0,0,0,0,1,59,5,763,455,3950.439404,3955.495104, 570.202553, 0.984420, 1.753763, 22405.186000, 17879, 17537.627533,results/ablation_20251205_022349/params_M59_ML5_EFC763_EFS455/no_reorder/run_stdout_1.log,1
no_simd,0,0,1,0,0,0,0,59,5,763,455,3995.905889,4000.886022, 502.439761, 0.984420, 1.990288, 22405.186000, 17879, 19902.883433,results/ablation_20251205_022349/params_M59_ML5_EFC763_EFS455/no_simd/run_stdout_1.log,1
nothing,1,1,1,1,1,1,1,59,5,763,455,4027.615604,5503.805389, 316.325482, 0.000000, 3.161301, 22399.768300, 17752, 31613.007973,results/ablation_20251205_022349/params_M59_ML5_EFC763_EFS455/nothing/run_stdout_1.log,1
dynamic_struct,0,0,0,0,0,1,0,59,5,763,460,4208.909630,4214.396696, 560.788433, 0.984790, 1.783204, 22623.333300, 18021, 17832.036836,results/ablation_20251205_022349/params_M59_ML5_EFC763_EFS460/dynamic_struct/run_stdout_1.log,1
dynamic_with_opts,0,0,0,0,0,1,0,59,5,763,460,4056.153443,4062.020674, 559.894030, 0.984790, 1.786052, 22623.333300, 18021, 17860.522630,results/ablation_20251205_022349/params_M59_ML5_EFC763_EFS460/dynamic_with_opts/run_stdout_1.log,1
full,0,0,0,0,0,0,0,59,5,763,460,4058.411395,4064.097218, 471.035484, 0.984790, 2.122982, 22623.333300, 18021, 21229.823085,results/ablation_20251205_022349/params_M59_ML5_EFC763_EFS460/full/run_stdout_1.log,1
heap,0,0,0,0,1,0,0,59,5,763,460,4038.970372,4044.576965, 567.968512, 0.984790, 1.760661, 22623.333300, 18021, 17606.609858,results/ablation_20251205_022349/params_M59_ML5_EFC763_EFS460/heap/run_stdout_1.log,1
no_csr,1,0,0,0,0,0,0,59,5,763,460,3992.765322,5356.089307, 343.830354, 0.000000, 2.908411, 22617.824900, 17894, 29084.110485,results/ablation_20251205_022349/params_M59_ML5_EFC763_EFS460/no_csr/run_stdout_1.log,1
no_prefetch,0,1,0,0,0,0,0,59,5,763,460,4063.184795,4068.886397, 469.680621, 0.984790, 2.129106, 22623.333300, 18021, 21291.063652,results/ablation_20251205_022349/params_M59_ML5_EFC763_EFS460/no_prefetch/run_stdout_1.log,1
no_pruning,0,0,0,1,0,0,0,59,5,763,460,4097.562186,4102.937110, 569.099475, 0.984790, 1.757162, 22623.333300, 18021, 17571.620487,results/ablation_20251205_022349/params_M59_ML5_EFC763_EFS460/no_pruning/run_stdout_1.log,1
no_reorder,0,0,0,0,0,0,1,59,5,763,460,4755.803115,4763.528885, 508.604409, 0.984790, 1.966165, 22623.333300, 18021, 19661.646317,results/ablation_20251205_022349/params_M59_ML5_EFC763_EFS460/no_reorder/run_stdout_1.log,1
no_simd,0,0,1,0,0,0,0,59,5,763,460,4063.208075,4069.012672, 562.725478, 0.984790, 1.777065, 22623.333300, 18021, 17770.654426,results/ablation_20251205_022349/params_M59_ML5_EFC763_EFS460/no_simd/run_stdout_1.log,1
nothing,1,1,1,1,1,1,1,59,5,763,460,4128.135764,5610.175188, 313.285594, 0.000000, 3.191976, 22617.824900, 17894, 31919.756943,results/ablation_20251205_022349/params_M59_ML5_EFC763_EFS460/nothing/run_stdout_1.log,1
dynamic_struct,0,0,0,0,0,1,0,59,5,763,465,4334.777435,4340.298376, 551.094610, 0.985010, 1.814570, 22839.300400, 18132, 18145.704615,results/ablation_20251205_022349/params_M59_ML5_EFC763_EFS465/dynamic_struct/run_stdout_1.log,1
dynamic_with_opts,0,0,0,0,0,1,0,59,5,763,465,4027.545822,4032.597515, 564.291135, 0.985010, 1.772135, 22839.300400, 18132, 17721.348747,results/ablation_20251205_022349/params_M59_ML5_EFC763_EFS465/dynamic_with_opts/run_stdout_1.log,1
full,0,0,0,0,0,0,0,59,5,763,465,4305.394425,4311.254987, 549.538941, 0.985010, 1.819707, 22839.300400, 18132, 18197.072601,results/ablation_20251205_022349/params_M59_ML5_EFC763_EFS465/full/run_stdout_1.log,1
heap,0,0,0,0,1,0,0,59,5,763,465,4064.075448,4069.259488, 543.978823, 0.985010, 1.838307, 22839.300400, 18132, 18383.068571,results/ablation_20251205_022349/params_M59_ML5_EFC763_EFS465/heap/run_stdout_1.log,1
no_csr,1,0,0,0,0,0,0,59,5,763,465,4178.683045,5647.521174, 341.689028, 0.000000, 2.926638, 22834.123800, 18005, 29266.377239,results/ablation_20251205_022349/params_M59_ML5_EFC763_EFS465/no_csr/run_stdout_1.log,1
no_prefetch,0,1,0,0,0,0,0,59,5,763,465,4035.490988,4041.349445, 469.961871, 0.985010, 2.127832, 22839.300400, 18132, 21278.321954,results/ablation_20251205_022349/params_M59_ML5_EFC763_EFS465/no_prefetch/run_stdout_1.log,1
no_pruning,0,0,0,1,0,0,0,59,5,763,465,4234.250656,4239.493562, 551.960257, 0.985010, 1.811725, 22839.300400, 18132, 18117.246453,results/ablation_20251205_022349/params_M59_ML5_EFC763_EFS465/no_pruning/run_stdout_1.log,1
no_reorder,0,0,0,0,0,0,1,59,5,763,465,4073.821803,4078.977107, 551.894392, 0.985010, 1.811941, 22839.300400, 18132, 18119.408623,results/ablation_20251205_022349/params_M59_ML5_EFC763_EFS465/no_reorder/run_stdout_1.log,1
no_simd,0,0,1,0,0,0,0,59,5,763,465,4289.306042,4295.887323, 550.376755, 0.985010, 1.816937, 22839.300400, 18132, 18169.371986,results/ablation_20251205_022349/params_M59_ML5_EFC763_EFS465/no_simd/run_stdout_1.log,1
nothing,1,1,1,1,1,1,1,59,5,763,465,4044.016020,5426.968083, 252.312357, 0.000000, 3.963341, 22834.123800, 18005, 39633.413591,results/ablation_20251205_022349/params_M59_ML5_EFC763_EFS465/nothing/run_stdout_1.log,1
dynamic_struct,0,0,0,0,0,1,0,59,5,763,470,4056.633390,4062.084853, 538.301723, 0.985260, 1.857694, 23055.537800, 18314, 18576.942216,results/ablation_20251205_022349/params_M59_ML5_EFC763_EFS470/dynamic_struct/run_stdout_1.log,1
dynamic_with_opts,0,0,0,0,0,1,0,59,5,763,470,4007.462707,4012.573536, 536.934332, 0.985260, 1.862425, 23055.537800, 18314, 18624.251437,results/ablation_20251205_022349/params_M59_ML5_EFC763_EFS470/dynamic_with_opts/run_stdout_1.log,1
full,0,0,0,0,0,0,0,59,5,763,470,4074.514739,4079.516763, 546.302915, 0.985260, 1.830486, 23055.537800, 18314, 18304.862988,results/ablation_20251205_022349/params_M59_ML5_EFC763_EFS470/full/run_stdout_1.log,1
heap,0,0,0,0,1,0,0,59,5,763,470,4031.133997,4036.613762, 461.891802, 0.985260, 2.165009, 23055.537800, 18314, 21650.091984,results/ablation_20251205_022349/params_M59_ML5_EFC763_EFS470/heap/run_stdout_1.log,1
no_csr,1,0,0,0,0,0,0,59,5,763,470,4147.343244,5470.552872, 333.970778, 0.000000, 2.994274, 23050.289400, 18188, 29942.739514,results/ablation_20251205_022349/params_M59_ML5_EFC763_EFS470/no_csr/run_stdout_1.log,1
no_prefetch,0,1,0,0,0,0,0,59,5,763,470,4093.880536,4099.243118, 461.824645, 0.985260, 2.165324, 23055.537800, 18314, 21653.240291,results/ablation_20251205_022349/params_M59_ML5_EFC763_EFS470/no_prefetch/run_stdout_1.log,1
no_pruning,0,0,0,1,0,0,0,59,5,763,470,4043.534843,4048.671445, 544.588357, 0.985260, 1.836249, 23055.537800, 18314, 18362.493209,results/ablation_20251205_022349/params_M59_ML5_EFC763_EFS470/no_pruning/run_stdout_1.log,1
no_reorder,0,0,0,0,0,0,1,59,5,763,470,4025.255425,4030.996596, 543.179392, 0.985260, 1.841012, 23055.537800, 18314, 18410.124082,results/ablation_20251205_022349/params_M59_ML5_EFC763_EFS470/no_reorder/run_stdout_1.log,1
no_simd,0,0,1,0,0,0,0,59,5,763,470,4017.838820,4022.927190, 546.944933, 0.985260, 1.828338, 23055.537800, 18314, 18283.376241,results/ablation_20251205_022349/params_M59_ML5_EFC763_EFS470/no_simd/run_stdout_1.log,1
nothing,1,1,1,1,1,1,1,59,5,763,470,4459.957070,5779.182415, 304.479785, 0.000000, 3.284290, 23050.289400, 18188, 32842.902823,results/ablation_20251205_022349/params_M59_ML5_EFC763_EFS470/nothing/run_stdout_1.log,1
dynamic_struct,0,0,0,0,0,1,0,59,5,763,475,4058.600088,4064.448381, 538.519381, 0.985530, 1.856943, 23272.199300, 18466, 18569.433822,results/ablation_20251205_022349/params_M59_ML5_EFC763_EFS475/dynamic_struct/run_stdout_1.log,1
dynamic_with_opts,0,0,0,0,0,1,0,59,5,763,475,4258.505804,4264.482723, 456.308751, 0.985530, 2.191499, 23272.199300, 18466, 21914.986231,results/ablation_20251205_022349/params_M59_ML5_EFC763_EFS475/dynamic_with_opts/run_stdout_1.log,1
full,0,0,0,0,0,0,0,59,5,763,475,4055.334114,4061.044483, 530.272691, 0.985530, 1.885822, 23272.199300, 18466, 18858.221746,results/ablation_20251205_022349/params_M59_ML5_EFC763_EFS475/full/run_stdout_1.log,1
heap,0,0,0,0,1,0,0,59,5,763,475,4067.243734,4072.679453, 534.187390, 0.985530, 1.872002, 23272.199300, 18466, 18720.022568,results/ablation_20251205_022349/params_M59_ML5_EFC763_EFS475/heap/run_stdout_1.log,1
no_csr,1,0,0,0,0,0,0,59,5,763,475,4088.647545,5484.302005, 269.775382, 0.000000, 3.706787, 23266.813000, 18340, 37067.874538,results/ablation_20251205_022349/params_M59_ML5_EFC763_EFS475/no_csr/run_stdout_1.log,1
no_prefetch,0,1,0,0,0,0,0,59,5,763,475,4047.730343,4053.236887, 450.909803, 0.985530, 2.217738, 23272.199300, 18466, 22177.384335,results/ablation_20251205_022349/params_M59_ML5_EFC763_EFS475/no_prefetch/run_stdout_1.log,1
no_pruning,0,0,0,1,0,0,0,59,5,763,475,4123.004916,4127.939037, 547.047503, 0.985530, 1.827995, 23272.199300, 18466, 18279.948162,results/ablation_20251205_022349/params_M59_ML5_EFC763_EFS475/no_pruning/run_stdout_1.log,1
no_reorder,0,0,0,0,0,0,1,59,5,763,475,4177.571191,4182.583990, 553.622139, 0.985530, 1.806286, 23272.199300, 18466, 18062.861459,results/ablation_20251205_022349/params_M59_ML5_EFC763_EFS475/no_reorder/run_stdout_1.log,1
no_simd,0,0,1,0,0,0,0,59,5,763,475,4070.124701,4075.965498, 526.775783, 0.985530, 1.898341, 23272.199300, 18466, 18983.408722,results/ablation_20251205_022349/params_M59_ML5_EFC763_EFS475/no_simd/run_stdout_1.log,1
nothing,1,1,1,1,1,1,1,59,5,763,475,4363.229005,5902.930360, 296.837665, 0.000000, 3.368845, 23266.813000, 18340, 33688.447203,results/ablation_20251205_022349/params_M59_ML5_EFC763_EFS475/nothing/run_stdout_1.log,1
dynamic_struct,0,0,0,0,0,1,0,59,5,763,480,4121.051541,4127.222386, 538.559257, 0.985810, 1.856806, 23486.460300, 18611, 18568.058898,results/ablation_20251205_022349/params_M59_ML5_EFC763_EFS480/dynamic_struct/run_stdout_1.log,1
dynamic_with_opts,0,0,0,0,0,1,0,59,5,763,480,4097.687476,4103.627500, 524.647201, 0.985810, 1.906043, 23486.460300, 18611, 19060.427601,results/ablation_20251205_022349/params_M59_ML5_EFC763_EFS480/dynamic_with_opts/run_stdout_1.log,1
full,0,0,0,0,0,0,0,59,5,763,480,4179.818068,4185.677854, 527.494125, 0.985810, 1.895756, 23486.460300, 18611, 18957.557114,results/ablation_20251205_022349/params_M59_ML5_EFC763_EFS480/full/run_stdout_1.log,1
heap,0,0,0,0,1,0,0,59,5,763,480,4069.077968,4074.923592, 528.939904, 0.985810, 1.890574, 23486.460300, 18611, 18905.739447,results/ablation_20251205_022349/params_M59_ML5_EFC763_EFS480/heap/run_stdout_1.log,1
no_csr,1,0,0,0,0,0,0,59,5,763,480,4195.657137,5915.891495, 324.622098, 0.000000, 3.080505, 23481.322400, 18485, 30805.050153,results/ablation_20251205_022349/params_M59_ML5_EFC763_EFS480/no_csr/run_stdout_1.log,1
no_prefetch,0,1,0,0,0,0,0,59,5,763,480,4124.213847,4130.388795, 447.716777, 0.985810, 2.233555, 23486.460300, 18611, 22335.548991,results/ablation_20251205_022349/params_M59_ML5_EFC763_EFS480/no_prefetch/run_stdout_1.log,1
no_pruning,0,0,0,1,0,0,0,59,5,763,480,4499.393892,4505.715917, 520.043226, 0.985810, 1.922917, 23486.460300, 18611, 19229.170761,results/ablation_20251205_022349/params_M59_ML5_EFC763_EFS480/no_pruning/run_stdout_1.log,1
no_reorder,0,0,0,0,0,0,1,59,5,763,480,4337.741319,4343.621014, 533.335685, 0.985810, 1.874992, 23486.460300, 18611, 18749.917338,results/ablation_20251205_022349/params_M59_ML5_EFC763_EFS480/no_reorder/run_stdout_1.log,1
no_simd,0,0,1,0,0,0,0,59,5,763,480,4080.155860,4085.238185, 528.079076, 0.985810, 1.893656, 23486.460300, 18611, 18936.557897,results/ablation_20251205_022349/params_M59_ML5_EFC763_EFS480/no_simd/run_stdout_1.log,1
nothing,1,1,1,1,1,1,1,59,5,763,480,4131.853000,5643.886457, 299.838918, 0.000000, 3.335124, 23481.322400, 18485, 33351.240948,results/ablation_20251205_022349/params_M59_ML5_EFC763_EFS480/nothing/run_stdout_1.log,1
dynamic_struct,0,0,0,0,0,1,0,59,5,763,485,4350.195520,4356.153767, 446.574458, 0.986090, 2.239268, 23702.490800, 18735, 22392.682408,results/ablation_20251205_022349/params_M59_ML5_EFC763_EFS485/dynamic_struct/run_stdout_1.log,1
dynamic_with_opts,0,0,0,0,0,1,0,59,5,763,485,4119.201861,4126.171280, 515.709559, 0.986090, 1.939076, 23702.490800, 18735, 19390.759426,results/ablation_20251205_022349/params_M59_ML5_EFC763_EFS485/dynamic_with_opts/run_stdout_1.log,1
full,0,0,0,0,0,0,0,59,5,763,485,4248.780055,4254.637428, 448.351027, 0.986090, 2.230395, 23702.490800, 18735, 22303.952501,results/ablation_20251205_022349/params_M59_ML5_EFC763_EFS485/full/run_stdout_1.log,1
heap,0,0,0,0,1,0,0,59,5,763,485,4153.364894,4158.944665, 523.286239, 0.986090, 1.911000, 23702.490800, 18735, 19109.999955,results/ablation_20251205_022349/params_M59_ML5_EFC763_EFS485/heap/run_stdout_1.log,1
no_csr,1,0,0,0,0,0,0,59,5,763,485,4066.823542,5637.766460, 325.695144, 0.000000, 3.070356, 23697.230000, 18609, 30703.558831,results/ablation_20251205_022349/params_M59_ML5_EFC763_EFS485/no_csr/run_stdout_1.log,1
no_prefetch,0,1,0,0,0,0,0,59,5,763,485,4133.245743,4139.142654, 444.950808, 0.986090, 2.247439, 23702.490800, 18735, 22474.394509,results/ablation_20251205_022349/params_M59_ML5_EFC763_EFS485/no_prefetch/run_stdout_1.log,1
no_pruning,0,0,0,1,0,0,0,59,5,763,485,4129.667202,4134.755625, 528.003189, 0.986090, 1.893928, 23702.490800, 18735, 18939.279564,results/ablation_20251205_022349/params_M59_ML5_EFC763_EFS485/no_pruning/run_stdout_1.log,1
no_reorder,0,0,0,0,0,0,1,59,5,763,485,4369.093188,4375.099756, 518.500429, 0.986090, 1.928639, 23702.490800, 18735, 19286.387142,results/ablation_20251205_022349/params_M59_ML5_EFC763_EFS485/no_reorder/run_stdout_1.log,1
no_simd,0,0,1,0,0,0,0,59,5,763,485,4106.852761,4111.894114, 524.572447, 0.986090, 1.906314, 23702.490800, 18735, 19063.143821,results/ablation_20251205_022349/params_M59_ML5_EFC763_EFS485/no_simd/run_stdout_1.log,1
nothing,1,1,1,1,1,1,1,59,5,763,485,4093.902253,5603.199736, 294.472580, 0.000000, 3.395902, 23697.230000, 18609, 33959.019149,results/ablation_20251205_022349/params_M59_ML5_EFC763_EFS485/nothing/run_stdout_1.log,1
dynamic_struct,0,0,0,0,0,1,0,59,5,763,490,4085.542834,4090.975179, 508.607335, 0.986420, 1.966153, 23917.840800, 18838, 19661.533210,results/ablation_20251205_022349/params_M59_ML5_EFC763_EFS490/dynamic_struct/run_stdout_1.log,1
dynamic_with_opts,0,0,0,0,0,1,0,59,5,763,490,4229.310106,4234.952111, 450.753640, 0.986420, 2.218507, 23917.840800, 18838, 22185.067674,results/ablation_20251205_022349/params_M59_ML5_EFC763_EFS490/dynamic_with_opts/run_stdout_1.log,1
full,0,0,0,0,0,0,0,59,5,763,490,4224.056798,4229.686409, 514.433619, 0.986420, 1.943885, 23917.840800, 18838, 19438.853976,results/ablation_20251205_022349/params_M59_ML5_EFC763_EFS490/full/run_stdout_1.log,1
heap,0,0,0,0,1,0,0,59,5,763,490,4137.827847,4143.775171, 513.232840, 0.986420, 1.948433, 23917.840800, 18838, 19484.333855,results/ablation_20251205_022349/params_M59_ML5_EFC763_EFS490/heap/run_stdout_1.log,1
no_csr,1,0,0,0,0,0,0,59,5,763,490,4376.590595,5839.090565, 319.010189, 0.000000, 3.134696, 23911.983500, 18712, 31346.961115,results/ablation_20251205_022349/params_M59_ML5_EFC763_EFS490/no_csr/run_stdout_1.log,1
no_prefetch,0,1,0,0,0,0,0,59,5,763,490,4091.977642,4097.742779, 379.829846, 0.986420, 2.632758, 23917.840800, 18838, 26327.578293,results/ablation_20251205_022349/params_M59_ML5_EFC763_EFS490/no_prefetch/run_stdout_1.log,1
no_pruning,0,0,0,1,0,0,0,59,5,763,490,4155.929077,4161.514334, 521.391503, 0.986420, 1.917945, 23917.840800, 18838, 19179.445647,results/ablation_20251205_022349/params_M59_ML5_EFC763_EFS490/no_pruning/run_stdout_1.log,1
no_reorder,0,0,0,0,0,0,1,59,5,763,490,4356.934872,4364.024725, 513.927190, 0.986420, 1.945801, 23917.840800, 18838, 19458.009218,results/ablation_20251205_022349/params_M59_ML5_EFC763_EFS490/no_reorder/run_stdout_1.log,1
no_simd,0,0,1,0,0,0,0,59,5,763,490,4067.138931,4072.242713, 521.826585, 0.986420, 1.916345, 23917.840800, 18838, 19163.454467,results/ablation_20251205_022349/params_M59_ML5_EFC763_EFS490/no_simd/run_stdout_1.log,1
nothing,1,1,1,1,1,1,1,59,5,763,490,4290.017996,5878.215324, 325.288589, 0.000000, 3.074193, 23911.983500, 18712, 30741.933016,results/ablation_20251205_022349/params_M59_ML5_EFC763_EFS490/nothing/run_stdout_1.log,1
dynamic_struct,0,0,0,0,0,1,0,59,5,763,495,3714.368365,3719.520328, 629.277739, 0.986590, 1.589123, 24132.375900, 18975, 15891.234313,results/ablation_20251205_022349/params_M59_ML5_EFC763_EFS495/dynamic_struct/run_stdout_1.log,1
dynamic_with_opts,0,0,0,0,0,1,0,59,5,763,495,3856.905828,3861.868925, 630.883406, 0.986590, 1.585079, 24132.375900, 18975, 15850.789391,results/ablation_20251205_022349/params_M59_ML5_EFC763_EFS495/dynamic_with_opts/run_stdout_1.log,1
full,0,0,0,0,0,0,0,59,5,763,495,3851.294870,3856.766429, 625.055493, 0.986590, 1.599858, 24132.375900, 18975, 15998.579494,results/ablation_20251205_022349/params_M59_ML5_EFC763_EFS495/full/run_stdout_1.log,1
heap,0,0,0,0,1,0,0,59,5,763,495,3717.166885,3722.113259, 526.572067, 0.986590, 1.899075, 24132.375900, 18975, 18990.752900,results/ablation_20251205_022349/params_M59_ML5_EFC763_EFS495/heap/run_stdout_1.log,1
no_csr,1,0,0,0,0,0,0,59,5,763,495,3988.605729,5389.625061, 373.302326, 0.000000, 2.678794, 24126.780700, 18849, 26787.939192,results/ablation_20251205_022349/params_M59_ML5_EFC763_EFS495/no_csr/run_stdout_1.log,1
no_prefetch,0,1,0,0,0,0,0,59,5,763,495,3817.706051,3823.885580, 515.446652, 0.986590, 1.940065, 24132.375900, 18975, 19400.649837,results/ablation_20251205_022349/params_M59_ML5_EFC763_EFS495/no_prefetch/run_stdout_1.log,1
no_pruning,0,0,0,1,0,0,0,59,5,763,495,3771.318547,3777.068686, 621.690583, 0.986590, 1.608517, 24132.375900, 18975, 16085.172060,results/ablation_20251205_022349/params_M59_ML5_EFC763_EFS495/no_pruning/run_stdout_1.log,1
no_reorder,0,0,0,0,0,0,1,59,5,763,495,3733.492228,3738.359658, 621.937008, 0.986590, 1.607880, 24132.375900, 18975, 16078.798775,results/ablation_20251205_022349/params_M59_ML5_EFC763_EFS495/no_reorder/run_stdout_1.log,1
no_simd,0,0,1,0,0,0,0,59,5,763,495,3983.759496,3988.762697, 612.657423, 0.986590, 1.632234, 24132.375900, 18975, 16322.335487,results/ablation_20251205_022349/params_M59_ML5_EFC763_EFS495/no_simd/run_stdout_1.log,1
nothing,1,1,1,1,1,1,1,59,5,763,495,3782.952825,5156.709487, 340.028975, 0.000000, 2.940926, 24126.780700, 18849, 29409.258389,results/ablation_20251205_022349/params_M59_ML5_EFC763_EFS495/nothing/run_stdout_1.log,1
dynamic_struct,0,0,0,0,0,1,0,59,5,763,500,3932.782812,3937.800968, 618.053118, 0.986780, 1.617984, 24347.661600, 19198, 16179.839082,results/ablation_20251205_022349/params_M59_ML5_EFC763_EFS500/dynamic_struct/run_stdout_1.log,1
dynamic_with_opts,0,0,0,0,0,1,0,59,5,763,500,3740.525975,3745.489541, 615.069215, 0.986780, 1.625833, 24347.661600, 19198, 16258.332804,results/ablation_20251205_022349/params_M59_ML5_EFC763_EFS500/dynamic_with_opts/run_stdout_1.log,1
full,0,0,0,0,0,0,0,59,5,763,500,3845.853772,3851.330170, 613.054308, 0.986780, 1.631177, 24347.661600, 19198, 16311.768591,results/ablation_20251205_022349/params_M59_ML5_EFC763_EFS500/full/run_stdout_1.log,1
heap,0,0,0,0,1,0,0,59,5,763,500,3757.421541,3762.572138, 624.782346, 0.986780, 1.600557, 24347.661600, 19198, 16005.573874,results/ablation_20251205_022349/params_M59_ML5_EFC763_EFS500/heap/run_stdout_1.log,1
no_csr,1,0,0,0,0,0,0,59,5,763,500,3791.551989,5140.977420, 371.990525, 0.000000, 2.688241, 24341.842500, 19072, 26882.405129,results/ablation_20251205_022349/params_M59_ML5_EFC763_EFS500/no_csr/run_stdout_1.log,1
no_prefetch,0,1,0,0,0,0,0,59,5,763,500,3952.857935,3959.496918, 491.638828, 0.986780, 2.034013, 24347.661600, 19198, 20340.134710,results/ablation_20251205_022349/params_M59_ML5_EFC763_EFS500/no_prefetch/run_stdout_1.log,1
no_pruning,0,0,0,1,0,0,0,59,5,763,500,3776.434354,3781.394595, 613.593540, 0.986780, 1.629743, 24347.661600, 19198, 16297.433650,results/ablation_20251205_022349/params_M59_ML5_EFC763_EFS500/no_pruning/run_stdout_1.log,1
no_reorder,0,0,0,0,0,0,1,59,5,763,500,3720.167334,3725.105473, 602.094676, 0.986780, 1.660868, 24347.661600, 19198, 16608.683655,results/ablation_20251205_022349/params_M59_ML5_EFC763_EFS500/no_reorder/run_stdout_1.log,1
no_simd,0,0,1,0,0,0,0,59,5,763,500,3852.264032,3857.508385, 609.181408, 0.986780, 1.641547, 24347.661600, 19198, 16415.471434,results/ablation_20251205_022349/params_M59_ML5_EFC763_EFS500/no_simd/run_stdout_1.log,1
nothing,1,1,1,1,1,1,1,59,5,763,500,3743.175892,5113.189608, 276.106970, 0.000000, 3.621785, 24341.842500, 19072, 36217.846965,results/ablation_20251205_022349/params_M59_ML5_EFC763_EFS500/nothing/run_stdout_1.log,1
dynamic_struct,0,0,0,0,0,1,0,59,5,763,505,3751.596013,3756.563728, 513.892302, 0.987070, 1.945933, 24562.724400, 19260, 19459.330198,results/ablation_20251205_022349/params_M59_ML5_EFC763_EFS505/dynamic_struct/run_stdout_1.log,1
dynamic_with_opts,0,0,0,0,0,1,0,59,5,763,505,3739.383764,3745.942622, 611.191545, 0.987070, 1.636148, 24562.724400, 19260, 16361.482869,results/ablation_20251205_022349/params_M59_ML5_EFC763_EFS505/dynamic_with_opts/run_stdout_1.log,1
full,0,0,0,0,0,0,0,59,5,763,505,3792.615802,3798.541148, 604.970737, 0.987070, 1.652973, 24562.724400, 19260, 16529.725132,results/ablation_20251205_022349/params_M59_ML5_EFC763_EFS505/full/run_stdout_1.log,1
heap,0,0,0,0,1,0,0,59,5,763,505,3974.048032,3979.000313, 614.743597, 0.987070, 1.626694, 24562.724400, 19260, 16266.944529,results/ablation_20251205_022349/params_M59_ML5_EFC763_EFS505/heap/run_stdout_1.log,1
no_csr,1,0,0,0,0,0,0,59,5,763,505,3821.673924,5131.373938, 365.665442, 0.000000, 2.734740, 24557.338700, 19134, 27347.402404,results/ablation_20251205_022349/params_M59_ML5_EFC763_EFS505/no_csr/run_stdout_1.log,1
no_prefetch,0,1,0,0,0,0,0,59,5,763,505,3801.209985,3806.619686, 499.879461, 0.987070, 2.000482, 24562.724400, 19260, 20004.822726,results/ablation_20251205_022349/params_M59_ML5_EFC763_EFS505/no_prefetch/run_stdout_1.log,1
no_pruning,0,0,0,1,0,0,0,59,5,763,505,3806.202352,3811.848349, 612.673350, 0.987070, 1.632191, 24562.724400, 19260, 16321.911178,results/ablation_20251205_022349/params_M59_ML5_EFC763_EFS505/no_pruning/run_stdout_1.log,1
no_reorder,0,0,0,0,0,0,1,59,5,763,505,3780.261234,3786.006915, 608.266280, 0.987070, 1.644017, 24562.724400, 19260, 16440.168278,results/ablation_20251205_022349/params_M59_ML5_EFC763_EFS505/no_reorder/run_stdout_1.log,1
no_simd,0,0,1,0,0,0,0,59,5,763,505,3811.143290,3815.998261, 608.071130, 0.987070, 1.644544, 24562.724400, 19260, 16445.444477,results/ablation_20251205_022349/params_M59_ML5_EFC763_EFS505/no_simd/run_stdout_1.log,1
nothing,1,1,1,1,1,1,1,59,5,763,505,3810.685292,5220.527892, 332.699104, 0.000000, 3.005719, 24557.338700, 19134, 30057.189481,results/ablation_20251205_022349/params_M59_ML5_EFC763_EFS505/nothing/run_stdout_1.log,1
dynamic_struct,0,0,0,0,0,1,0,59,5,763,510,3735.970947,3740.936948, 590.247653, 0.987230, 1.694204, 24776.156900, 19407, 16942.041120,results/ablation_20251205_022349/params_M59_ML5_EFC763_EFS510/dynamic_struct/run_stdout_1.log,1
dynamic_with_opts,0,0,0,0,0,1,0,59,5,763,510,3715.009411,3719.891454, 616.541527, 0.987230, 1.621951, 24776.156900, 19407, 16219.507639,results/ablation_20251205_022349/params_M59_ML5_EFC763_EFS510/dynamic_with_opts/run_stdout_1.log,1
full,0,0,0,0,0,0,0,59,5,763,510,3858.980399,3864.539111, 607.973475, 0.987230, 1.644809, 24776.156900, 19407, 16448.085996,results/ablation_20251205_022349/params_M59_ML5_EFC763_EFS510/full/run_stdout_1.log,1
heap,0,0,0,0,1,0,0,59,5,763,510,3884.421653,3889.494989, 586.597725, 0.987230, 1.704746, 24776.156900, 19407, 17047.457857,results/ablation_20251205_022349/params_M59_ML5_EFC763_EFS510/heap/run_stdout_1.log,1
no_csr,1,0,0,0,0,0,0,59,5,763,510,3857.416665,5247.154576, 366.286131, 0.000000, 2.730106, 24770.665900, 19281, 27301.060959,results/ablation_20251205_022349/params_M59_ML5_EFC763_EFS510/no_csr/run_stdout_1.log,1
no_prefetch,0,1,0,0,0,0,0,59,5,763,510,3897.719372,3902.770004, 433.770669, 0.987230, 2.305366, 24776.156900, 19407, 23053.656480,results/ablation_20251205_022349/params_M59_ML5_EFC763_EFS510/no_prefetch/run_stdout_1.log,1
no_pruning,0,0,0,1,0,0,0,59,5,763,510,3689.006098,3694.147962, 592.236400, 0.987230, 1.688515, 24776.156900, 19407, 16885.149255,results/ablation_20251205_022349/params_M59_ML5_EFC763_EFS510/no_pruning/run_stdout_1.log,1
no_reorder,0,0,0,0,0,0,1,59,5,763,510,3803.196833,3807.940119, 603.164652, 0.987230, 1.657922, 24776.156900, 19407, 16579.220880,results/ablation_20251205_022349/params_M59_ML5_EFC763_EFS510/no_reorder/run_stdout_1.log,1
no_simd,0,0,1,0,0,0,0,59,5,763,510,3775.590409,3780.589043, 604.407830, 0.987230, 1.654512, 24776.156900, 19407, 16545.119884,results/ablation_20251205_022349/params_M59_ML5_EFC763_EFS510/no_simd/run_stdout_1.log,1
nothing,1,1,1,1,1,1,1,59,5,763,510,3977.308367,5303.275440, 278.164004, 0.000000, 3.595001, 24770.665900, 19281, 35950.014623,results/ablation_20251205_022349/params_M59_ML5_EFC763_EFS510/nothing/run_stdout_1.log,1
dynamic_struct,0,0,0,0,0,1,0,59,5,763,515,3706.951117,3711.863486, 502.003961, 0.987420, 1.992016, 24989.585200, 19519, 19920.161562,results/ablation_20251205_022349/params_M59_ML5_EFC763_EFS515/dynamic_struct/run_stdout_1.log,1
dynamic_with_opts,0,0,0,0,0,1,0,59,5,763,515,3819.901990,3825.660094, 597.347811, 0.987420, 1.674067, 24989.585200, 19519, 16740.665674,results/ablation_20251205_022349/params_M59_ML5_EFC763_EFS515/dynamic_with_opts/run_stdout_1.log,1
full,0,0,0,0,0,0,0,59,5,763,515,3872.386098,3877.386459, 595.174295, 0.987420, 1.680180, 24989.585200, 19519, 16801.800900,results/ablation_20251205_022349/params_M59_ML5_EFC763_EFS515/full/run_stdout_1.log,1
heap,0,0,0,0,1,0,0,59,5,763,515,3746.173600,3751.149436, 594.457729, 0.987420, 1.682205, 24989.585200, 19519, 16822.053968,results/ablation_20251205_022349/params_M59_ML5_EFC763_EFS515/heap/run_stdout_1.log,1
no_csr,1,0,0,0,0,0,0,59,5,763,515,3704.285312,5052.482604, 360.647598, 0.000000, 2.772790, 24983.665200, 19393, 27727.898508,results/ablation_20251205_022349/params_M59_ML5_EFC763_EFS515/no_csr/run_stdout_1.log,1
no_prefetch,0,1,0,0,0,0,0,59,5,763,515,3794.115927,3799.842322, 488.459517, 0.987420, 2.047253, 24989.585200, 19519, 20472.525685,results/ablation_20251205_022349/params_M59_ML5_EFC763_EFS515/no_prefetch/run_stdout_1.log,1
no_pruning,0,0,0,1,0,0,0,59,5,763,515,3786.187634,3791.279468, 598.952664, 0.987420, 1.669581, 24989.585200, 19519, 16695.810203,results/ablation_20251205_022349/params_M59_ML5_EFC763_EFS515/no_pruning/run_stdout_1.log,1
no_reorder,0,0,0,0,0,0,1,59,5,763,515,3841.603687,3846.591624, 597.691097, 0.987420, 1.673105, 24989.585200, 19519, 16731.050628,results/ablation_20251205_022349/params_M59_ML5_EFC763_EFS515/no_reorder/run_stdout_1.log,1
no_simd,0,0,1,0,0,0,0,59,5,763,515,3756.609463,3761.799132, 600.632040, 0.987420, 1.664913, 24989.585200, 19519, 16649.128474,results/ablation_20251205_022349/params_M59_ML5_EFC763_EFS515/no_simd/run_stdout_1.log,1
nothing,1,1,1,1,1,1,1,59,5,763,515,3797.478757,5214.186737, 327.984227, 0.000000, 3.048927, 24983.665200, 19393, 30489.271078,results/ablation_20251205_022349/params_M59_ML5_EFC763_EFS515/nothing/run_stdout_1.log,1
dynamic_struct,0,0,0,0,0,1,0,59,5,763,520,3775.756913,3781.541528, 593.404744, 0.987590, 1.685190, 25202.458600, 19658, 16851.904384,results/ablation_20251205_022349/params_M59_ML5_EFC763_EFS520/dynamic_struct/run_stdout_1.log,1
dynamic_with_opts,0,0,0,0,0,1,0,59,5,763,520,3764.493191,3770.264857, 598.433478, 0.987590, 1.671030, 25202.458600, 19658, 16710.295071,results/ablation_20251205_022349/params_M59_ML5_EFC763_EFS520/dynamic_with_opts/run_stdout_1.log,1
full,0,0,0,0,0,0,0,59,5,763,520,3815.321996,3820.906888, 588.669212, 0.987590, 1.698747, 25202.458600, 19658, 16987.469026,results/ablation_20251205_022349/params_M59_ML5_EFC763_EFS520/full/run_stdout_1.log,1
heap,0,0,0,0,1,0,0,59,5,763,520,3921.204602,3926.948062, 587.767675, 0.987590, 1.701352, 25202.458600, 19658, 17013.524957,results/ablation_20251205_022349/params_M59_ML5_EFC763_EFS520/heap/run_stdout_1.log,1
no_csr,1,0,0,0,0,0,0,59,5,763,520,3812.930424,5148.683068, 356.947147, 0.000000, 2.801535, 25197.006000, 19532, 28015.352123,results/ablation_20251205_022349/params_M59_ML5_EFC763_EFS520/no_csr/run_stdout_1.log,1
no_prefetch,0,1,0,0,0,0,0,59,5,763,520,3988.696286,3994.204687, 431.795208, 0.987590, 2.315913, 25202.458600, 19658, 23159.126856,results/ablation_20251205_022349/params_M59_ML5_EFC763_EFS520/no_prefetch/run_stdout_1.log,1
no_pruning,0,0,0,1,0,0,0,59,5,763,520,3756.720537,3761.684790, 587.044121, 0.987590, 1.703449, 25202.458600, 19658, 17034.494756,results/ablation_20251205_022349/params_M59_ML5_EFC763_EFS520/no_pruning/run_stdout_1.log,1
no_reorder,0,0,0,0,0,0,1,59,5,763,520,3856.875930,3862.312647, 587.753832, 0.987590, 1.701393, 25202.458600, 19658, 17013.925653,results/ablation_20251205_022349/params_M59_ML5_EFC763_EFS520/no_reorder/run_stdout_1.log,1
no_simd,0,0,1,0,0,0,0,59,5,763,520,3816.213701,3821.606820, 594.275768, 0.987590, 1.682720, 25202.458600, 19658, 16827.204704,results/ablation_20251205_022349/params_M59_ML5_EFC763_EFS520/no_simd/run_stdout_1.log,1
nothing,1,1,1,1,1,1,1,59,5,763,520,4001.452100,5393.216777, 324.809505, 0.000000, 3.078728, 25197.006000, 19532, 30787.276378,results/ablation_20251205_022349/params_M59_ML5_EFC763_EFS520/nothing/run_stdout_1.log,1
dynamic_struct,0,0,0,0,0,1,0,59,5,763,525,3860.718016,3865.621289, 504.298895, 0.987810, 1.982951, 25416.371800, 19784, 19829.510033,results/ablation_20251205_022349/params_M59_ML5_EFC763_EFS525/dynamic_struct/run_stdout_1.log,1
dynamic_with_opts,0,0,0,0,0,1,0,59,5,763,525,3781.203881,3786.344502, 576.532936, 0.987810, 1.734506, 25416.371800, 19784, 17345.062845,results/ablation_20251205_022349/params_M59_ML5_EFC763_EFS525/dynamic_with_opts/run_stdout_1.log,1
full,0,0,0,0,0,0,0,59,5,763,525,3835.609405,3841.542745, 585.240702, 0.987810, 1.708699, 25416.371800, 19784, 17086.986545,results/ablation_20251205_022349/params_M59_ML5_EFC763_EFS525/full/run_stdout_1.log,1
heap,0,0,0,0,1,0,0,59,5,763,525,3800.213939,3805.970089, 580.565241, 0.987810, 1.722459, 25416.371800, 19784, 17224.593015,results/ablation_20251205_022349/params_M59_ML5_EFC763_EFS525/heap/run_stdout_1.log,1
no_csr,1,0,0,0,0,0,0,59,5,763,525,3840.915618,5189.821991, 347.621776, 0.000000, 2.876690, 25410.468200, 19658, 28766.897501,results/ablation_20251205_022349/params_M59_ML5_EFC763_EFS525/no_csr/run_stdout_1.log,1
no_prefetch,0,1,0,0,0,0,0,59,5,763,525,3789.071269,3794.421552, 479.581310, 0.987810, 2.085152, 25416.371800, 19784, 20851.521513,results/ablation_20251205_022349/params_M59_ML5_EFC763_EFS525/no_prefetch/run_stdout_1.log,1
no_pruning,0,0,0,1,0,0,0,59,5,763,525,3973.302677,3978.203906, 579.441743, 0.987810, 1.725799, 25416.371800, 19784, 17257.990324,results/ablation_20251205_022349/params_M59_ML5_EFC763_EFS525/no_pruning/run_stdout_1.log,1
no_reorder,0,0,0,0,0,0,1,59,5,763,525,3837.074853,3842.912537, 570.534206, 0.987810, 1.752743, 25416.371800, 19784, 17527.432883,results/ablation_20251205_022349/params_M59_ML5_EFC763_EFS525/no_reorder/run_stdout_1.log,1
no_simd,0,0,1,0,0,0,0,59,5,763,525,3799.777909,3804.804286, 592.717641, 0.987810, 1.687144, 25416.371800, 19784, 16871.439803,results/ablation_20251205_022349/params_M59_ML5_EFC763_EFS525/no_simd/run_stdout_1.log,1
nothing,1,1,1,1,1,1,1,59,5,763,525,3790.967100,5223.330906, 321.910840, 0.000000, 3.106450, 25410.468200, 19658, 31064.502235,results/ablation_20251205_022349/params_M59_ML5_EFC763_EFS525/nothing/run_stdout_1.log,1
dynamic_struct,0,0,0,0,0,1,0,59,5,763,530,3774.397532,3779.437107, 579.199756, 0.988020, 1.726520, 25630.350600, 19883, 17265.200644,results/ablation_20251205_022349/params_M59_ML5_EFC763_EFS530/dynamic_struct/run_stdout_1.log,1
dynamic_with_opts,0,0,0,0,0,1,0,59,5,763,530,3744.140623,3749.134177, 568.080286, 0.988020, 1.760315, 25630.350600, 19883, 17603.145621,results/ablation_20251205_022349/params_M59_ML5_EFC763_EFS530/dynamic_with_opts/run_stdout_1.log,1
full,0,0,0,0,0,0,0,59,5,763,530,3869.828946,3875.603757, 574.770810, 0.988020, 1.739824, 25630.350600, 19883, 17398.239125,results/ablation_20251205_022349/params_M59_ML5_EFC763_EFS530/full/run_stdout_1.log,1
heap,0,0,0,0,1,0,0,59,5,763,530,4069.472140,4075.199808, 584.582116, 0.988020, 1.710624, 25630.350600, 19883, 17106.236616,results/ablation_20251205_022349/params_M59_ML5_EFC763_EFS530/heap/run_stdout_1.log,1
no_csr,1,0,0,0,0,0,0,59,5,763,530,3786.179879,5150.496796, 347.051013, 0.000000, 2.881421, 25624.764200, 19757, 28814.207776,results/ablation_20251205_022349/params_M59_ML5_EFC763_EFS530/no_csr/run_stdout_1.log,1
no_prefetch,0,1,0,0,0,0,0,59,5,763,530,3850.343227,3856.038367, 476.006771, 0.988020, 2.100810, 25630.350600, 19883, 21008.104522,results/ablation_20251205_022349/params_M59_ML5_EFC763_EFS530/no_prefetch/run_stdout_1.log,1
no_pruning,0,0,0,1,0,0,0,59,5,763,530,3759.528661,3764.499370, 587.761278, 0.988020, 1.701371, 25630.350600, 19883, 17013.710110,results/ablation_20251205_022349/params_M59_ML5_EFC763_EFS530/no_pruning/run_stdout_1.log,1
no_reorder,0,0,0,0,0,0,1,59,5,763,530,3734.413676,3739.328030, 592.206247, 0.988020, 1.688601, 25630.350600, 19883, 16886.008963,results/ablation_20251205_022349/params_M59_ML5_EFC763_EFS530/no_reorder/run_stdout_1.log,1
no_simd,0,0,1,0,0,0,0,59,5,763,530,4117.620598,4123.943331, 567.688543, 0.988020, 1.761529, 25630.350600, 19883, 17615.292962,results/ablation_20251205_022349/params_M59_ML5_EFC763_EFS530/no_simd/run_stdout_1.log,1
nothing,1,1,1,1,1,1,1,59,5,763,530,3731.399289,4953.824944, 316.020403, 0.000000, 3.164353, 25624.764200, 19757, 31643.526501,results/ablation_20251205_022349/params_M59_ML5_EFC763_EFS530/nothing/run_stdout_1.log,1
dynamic_struct,0,0,0,0,0,1,0,59,5,763,535,3795.813081,3800.791115, 499.920932, 0.988230, 2.000316, 25842.395900, 19999, 20003.163211,results/ablation_20251205_022349/params_M59_ML5_EFC763_EFS535/dynamic_struct/run_stdout_1.log,1
dynamic_with_opts,0,0,0,0,0,1,0,59,5,763,535,3714.304813,3719.270509, 552.512144, 0.988230, 1.809915, 25842.395900, 19999, 18099.149689,results/ablation_20251205_022349/params_M59_ML5_EFC763_EFS535/dynamic_with_opts/run_stdout_1.log,1
full,0,0,0,0,0,0,0,59,5,763,535,3800.505760,3806.235471, 567.575283, 0.988230, 1.761881, 25842.395900, 19999, 17618.808124,results/ablation_20251205_022349/params_M59_ML5_EFC763_EFS535/full/run_stdout_1.log,1
heap,0,0,0,0,1,0,0,59,5,763,535,4000.330706,4005.201857, 580.050932, 0.988230, 1.723987, 25842.395900, 19999, 17239.865400,results/ablation_20251205_022349/params_M59_ML5_EFC763_EFS535/heap/run_stdout_1.log,1
no_csr,1,0,0,0,0,0,0,59,5,763,535,3750.235587,4992.904700, 347.396920, 0.000000, 2.878552, 25836.846200, 19872, 28785.517120,results/ablation_20251205_022349/params_M59_ML5_EFC763_EFS535/no_csr/run_stdout_1.log,1
no_prefetch,0,1,0,0,0,0,0,59,5,763,535,3789.025806,3794.069514, 473.710163, 0.988230, 2.110995, 25842.395900, 19999, 21109.954527,results/ablation_20251205_022349/params_M59_ML5_EFC763_EFS535/no_prefetch/run_stdout_1.log,1
no_pruning,0,0,0,1,0,0,0,59,5,763,535,3736.247410,3741.141555, 571.882673, 0.988230, 1.748610, 25842.395900, 19999, 17486.104189,results/ablation_20251205_022349/params_M59_ML5_EFC763_EFS535/no_pruning/run_stdout_1.log,1
no_reorder,0,0,0,0,0,0,1,59,5,763,535,3759.881785,3764.915885, 576.201228, 0.988230, 1.735505, 25842.395900, 19999, 17355.048063,results/ablation_20251205_022349/params_M59_ML5_EFC763_EFS535/no_reorder/run_stdout_1.log,1
no_simd,0,0,1,0,0,0,0,59,5,763,535,3759.109008,3763.995628, 573.202970, 0.988230, 1.744583, 25842.395900, 19999, 17445.827259,results/ablation_20251205_022349/params_M59_ML5_EFC763_EFS535/no_simd/run_stdout_1.log,1
nothing,1,1,1,1,1,1,1,59,5,763,535,3723.199588,4969.454714, 320.084642, 0.000000, 3.124174, 25836.846200, 19872, 31241.736336,results/ablation_20251205_022349/params_M59_ML5_EFC763_EFS535/nothing/run_stdout_1.log,1
dynamic_struct,0,0,0,0,0,1,0,59,5,763,540,3716.911929,3721.966948, 575.478168, 0.988390, 1.737685, 26055.159100, 20165, 17376.853824,results/ablation_20251205_022349/params_M59_ML5_EFC763_EFS540/dynamic_struct/run_stdout_1.log,1
dynamic_with_opts,0,0,0,0,0,1,0,59,5,763,540,3712.409545,3717.516298, 571.028798, 0.988390, 1.751225, 26055.159100, 20165, 17512.251625,results/ablation_20251205_022349/params_M59_ML5_EFC763_EFS540/dynamic_with_opts/run_stdout_1.log,1
full,0,0,0,0,0,0,0,59,5,763,540,3809.178007,3814.156913, 572.843565, 0.988390, 1.745677, 26055.159100, 20165, 17456.772851,results/ablation_20251205_022349/params_M59_ML5_EFC763_EFS540/full/run_stdout_1.log,1
heap,0,0,0,0,1,0,0,59,5,763,540,3855.727985,3860.879683, 581.323855, 0.988390, 1.720212, 26055.159100, 20165, 17202.115342,results/ablation_20251205_022349/params_M59_ML5_EFC763_EFS540/heap/run_stdout_1.log,1
no_csr,1,0,0,0,0,0,0,59,5,763,540,3711.405756,4978.911413, 346.055829, 0.000000, 2.889707, 26049.543000, 20040, 28897.071384,results/ablation_20251205_022349/params_M59_ML5_EFC763_EFS540/no_csr/run_stdout_1.log,1
no_prefetch,0,1,0,0,0,0,0,59,5,763,540,3781.684808,3786.821532, 471.980913, 0.988390, 2.118730, 26055.159100, 20165, 21187.297453,results/ablation_20251205_022349/params_M59_ML5_EFC763_EFS540/no_prefetch/run_stdout_1.log,1
no_pruning,0,0,0,1,0,0,0,59,5,763,540,3803.485521,3808.520011, 578.510734, 0.988390, 1.728576, 26055.159100, 20165, 17285.763960,results/ablation_20251205_022349/params_M59_ML5_EFC763_EFS540/no_pruning/run_stdout_1.log,1
no_reorder,0,0,0,0,0,0,1,59,5,763,540,3723.498492,3728.809211, 561.139073, 0.988390, 1.782089, 26055.159100, 20165, 17820.894121,results/ablation_20251205_022349/params_M59_ML5_EFC763_EFS540/no_reorder/run_stdout_1.log,1
no_simd,0,0,1,0,0,0,0,59,5,763,540,4208.545411,4214.194137, 566.879475, 0.988390, 1.764043, 26055.159100, 20165, 17640.434063,results/ablation_20251205_022349/params_M59_ML5_EFC763_EFS540/no_simd/run_stdout_1.log,1
nothing,1,1,1,1,1,1,1,59,5,763,540,3717.165911,4984.566677, 314.093714, 0.000000, 3.183763, 26049.543000, 20040, 31837.631721,results/ablation_20251205_022349/params_M59_ML5_EFC763_EFS540/nothing/run_stdout_1.log,1
dynamic_struct,0,0,0,0,0,1,0,59,5,763,545,3731.329582,3736.452436, 480.039392, 0.988550, 2.083162, 26267.886800, 20296, 20831.623732,results/ablation_20251205_022349/params_M59_ML5_EFC763_EFS545/dynamic_struct/run_stdout_1.log,1
dynamic_with_opts,0,0,0,0,0,1,0,59,5,763,545,3751.652404,3756.728859, 553.640371, 0.988550, 1.806227, 26267.886800, 20296, 18062.266633,results/ablation_20251205_022349/params_M59_ML5_EFC763_EFS545/dynamic_with_opts/run_stdout_1.log,1
full,0,0,0,0,0,0,0,59,5,763,545,3822.691700,3828.904215, 560.634574, 0.988550, 1.783693, 26267.886800, 20296, 17836.930624,results/ablation_20251205_022349/params_M59_ML5_EFC763_EFS545/full/run_stdout_1.log,1
heap,0,0,0,0,1,0,0,59,5,763,545,3752.772155,3757.693140, 567.930195, 0.988550, 1.760780, 26267.886800, 20296, 17607.797742,results/ablation_20251205_022349/params_M59_ML5_EFC763_EFS545/heap/run_stdout_1.log,1
no_csr,1,0,0,0,0,0,0,59,5,763,545,3741.572624,5001.811963, 342.331597, 0.000000, 2.921144, 26262.351000, 20171, 29211.443195,results/ablation_20251205_022349/params_M59_ML5_EFC763_EFS545/no_csr/run_stdout_1.log,1
no_prefetch,0,1,0,0,0,0,0,59,5,763,545,3856.879466,3861.886882, 468.940278, 0.988550, 2.132468, 26267.886800, 20296, 21324.677100,results/ablation_20251205_022349/params_M59_ML5_EFC763_EFS545/no_prefetch/run_stdout_1.log,1
no_pruning,0,0,0,1,0,0,0,59,5,763,545,3743.322521,3748.288092, 568.008814, 0.988550, 1.760536, 26267.886800, 20296, 17605.360614,results/ablation_20251205_022349/params_M59_ML5_EFC763_EFS545/no_pruning/run_stdout_1.log,1
no_reorder,0,0,0,0,0,0,1,59,5,763,545,3813.187624,3818.241351, 564.486612, 0.988550, 1.771521, 26267.886800, 20296, 17715.211986,results/ablation_20251205_022349/params_M59_ML5_EFC763_EFS545/no_reorder/run_stdout_1.log,1
no_simd,0,0,1,0,0,0,0,59,5,763,545,3763.013935,3768.292097, 567.933916, 0.988550, 1.760768, 26267.886800, 20296, 17607.682356,results/ablation_20251205_022349/params_M59_ML5_EFC763_EFS545/no_simd/run_stdout_1.log,1
nothing,1,1,1,1,1,1,1,59,5,763,545,3712.726854,5056.876440, 311.105825, 0.000000, 3.214340, 26262.351000, 20171, 32143.403321,results/ablation_20251205_022349/params_M59_ML5_EFC763_EFS545/nothing/run_stdout_1.log,1
dynamic_struct,0,0,0,0,0,1,0,59,5,763,550,3776.093796,3780.927116, 563.312165, 0.988730, 1.775215, 26480.371900, 20440, 17752.146352,results/ablation_20251205_022349/params_M59_ML5_EFC763_EFS550/dynamic_struct/run_stdout_1.log,1
dynamic_with_opts,0,0,0,0,0,1,0,59,5,763,550,3912.573576,3917.766386, 564.418677, 0.988730, 1.771734, 26480.371900, 20440, 17717.344246,results/ablation_20251205_022349/params_M59_ML5_EFC763_EFS550/dynamic_with_opts/run_stdout_1.log,1
full,0,0,0,0,0,0,0,59,5,763,550,3827.440336,3832.882417, 558.713561, 0.988730, 1.789826, 26480.371900, 20440, 17898.258959,results/ablation_20251205_022349/params_M59_ML5_EFC763_EFS550/full/run_stdout_1.log,1
heap,0,0,0,0,1,0,0,59,5,763,550,3751.400575,3756.506122, 558.195082, 0.988730, 1.791488, 26480.371900, 20440, 17914.883728,results/ablation_20251205_022349/params_M59_ML5_EFC763_EFS550/heap/run_stdout_1.log,1
no_csr,1,0,0,0,0,0,0,59,5,763,550,3792.512512,5092.705104, 335.931109, 0.000000, 2.976801, 26474.970700, 20315, 29768.008162,results/ablation_20251205_022349/params_M59_ML5_EFC763_EFS550/no_csr/run_stdout_1.log,1
no_prefetch,0,1,0,0,0,0,0,59,5,763,550,3777.608119,3783.079527, 408.358970, 0.988730, 2.448826, 26480.371900, 20440, 24488.258467,results/ablation_20251205_022349/params_M59_ML5_EFC763_EFS550/no_prefetch/run_stdout_1.log,1
no_pruning,0,0,0,1,0,0,0,59,5,763,550,3794.634921,3799.628059, 561.672645, 0.988730, 1.780396, 26480.371900, 20440, 17803.964786,results/ablation_20251205_022349/params_M59_ML5_EFC763_EFS550/no_pruning/run_stdout_1.log,1
no_reorder,0,0,0,0,0,0,1,59,5,763,550,3772.125085,3776.997519, 549.705947, 0.988730, 1.819154, 26480.371900, 20440, 18191.544158,results/ablation_20251205_022349/params_M59_ML5_EFC763_EFS550/no_reorder/run_stdout_1.log,1
no_simd,0,0,1,0,0,0,0,59,5,763,550,3854.205297,3859.419122, 569.238870, 0.988730, 1.756732, 26480.371900, 20440, 17567.317567,results/ablation_20251205_022349/params_M59_ML5_EFC763_EFS550/no_simd/run_stdout_1.log,1
nothing,1,1,1,1,1,1,1,59,5,763,550,3734.771051,5061.248203, 252.797684, 0.000000, 3.955732, 26474.970700, 20315, 39557.324390,results/ablation_20251205_022349/params_M59_ML5_EFC763_EFS550/nothing/run_stdout_1.log,1
dynamic_struct,0,0,0,0,0,1,0,59,5,763,555,4030.945727,4037.379114, 555.896024, 0.988960, 1.798898, 26693.507100, 20590, 17988.975572,results/ablation_20251205_022349/params_M59_ML5_EFC763_EFS555/dynamic_struct/run_stdout_1.log,1
dynamic_with_opts,0,0,0,0,0,1,0,59,5,763,555,3732.228229,3737.191835, 548.844651, 0.988960, 1.822009, 26693.507100, 20590, 18220.091941,results/ablation_20251205_022349/params_M59_ML5_EFC763_EFS555/dynamic_with_opts/run_stdout_1.log,1
full,0,0,0,0,0,0,0,59,5,763,555,3808.330054,3814.554356, 556.724617, 0.988960, 1.796220, 26693.507100, 20590, 17962.201958,results/ablation_20251205_022349/params_M59_ML5_EFC763_EFS555/full/run_stdout_1.log,1
heap,0,0,0,0,1,0,0,59,5,763,555,4036.634639,4041.859439, 558.898060, 0.988960, 1.789235, 26693.507100, 20590, 17892.350525,results/ablation_20251205_022349/params_M59_ML5_EFC763_EFS555/heap/run_stdout_1.log,1
no_csr,1,0,0,0,0,0,0,59,5,763,555,3731.100028,5057.800740, 333.364507, 0.000000, 2.999719, 26687.845300, 20465, 29997.194590,results/ablation_20251205_022349/params_M59_ML5_EFC763_EFS555/no_csr/run_stdout_1.log,1
no_prefetch,0,1,0,0,0,0,0,59,5,763,555,3761.181112,3766.427354, 457.490781, 0.988960, 2.185836, 26693.507100, 20590, 21858.363980,results/ablation_20251205_022349/params_M59_ML5_EFC763_EFS555/no_prefetch/run_stdout_1.log,1
no_pruning,0,0,0,1,0,0,0,59,5,763,555,3744.737003,3749.930300, 563.328578, 0.988960, 1.775163, 26693.507100, 20590, 17751.629127,results/ablation_20251205_022349/params_M59_ML5_EFC763_EFS555/no_pruning/run_stdout_1.log,1
no_reorder,0,0,0,0,0,0,1,59,5,763,555,3732.968948,3738.295426, 539.494787, 0.988960, 1.853586, 26693.507100, 20590, 18535.860305,results/ablation_20251205_022349/params_M59_ML5_EFC763_EFS555/no_reorder/run_stdout_1.log,1
no_simd,0,0,1,0,0,0,0,59,5,763,555,3768.735931,3774.017333, 556.359885, 0.988960, 1.797398, 26693.507100, 20590, 17973.977416,results/ablation_20251205_022349/params_M59_ML5_EFC763_EFS555/no_simd/run_stdout_1.log,1
nothing,1,1,1,1,1,1,1,59,5,763,555,3746.603163,5069.732814, 305.255684, 0.000000, 3.275942, 26687.845300, 20465, 32759.422750,results/ablation_20251205_022349/params_M59_ML5_EFC763_EFS555/nothing/run_stdout_1.log,1
dynamic_struct,0,0,0,0,0,1,0,59,5,763,560,3729.542228,3734.494394, 553.313838, 0.989040, 1.807293, 26904.187900, 20726, 18072.925898,results/ablation_20251205_022349/params_M59_ML5_EFC763_EFS560/dynamic_struct/run_stdout_1.log,1
dynamic_with_opts,0,0,0,0,0,1,0,59,5,763,560,3727.353387,3732.390137, 553.068601, 0.989040, 1.808094, 26904.187900, 20726, 18080.939640,results/ablation_20251205_022349/params_M59_ML5_EFC763_EFS560/dynamic_with_opts/run_stdout_1.log,1
full,0,0,0,0,0,0,0,59,5,763,560,3800.554526,3806.151420, 545.598073, 0.989040, 1.832851, 26904.187900, 20726, 18328.510481,results/ablation_20251205_022349/params_M59_ML5_EFC763_EFS560/full/run_stdout_1.log,1
heap,0,0,0,0,1,0,0,59,5,763,560,3718.489225,3723.392827, 549.132686, 0.989040, 1.821054, 26904.187900, 20726, 18210.535008,results/ablation_20251205_022349/params_M59_ML5_EFC763_EFS560/heap/run_stdout_1.log,1
no_csr,1,0,0,0,0,0,0,59,5,763,560,3824.693796,5135.201806, 332.963918, 0.000000, 3.003328, 26898.649700, 20601, 30033.284265,results/ablation_20251205_022349/params_M59_ML5_EFC763_EFS560/no_csr/run_stdout_1.log,1
no_prefetch,0,1,0,0,0,0,0,59,5,763,560,4019.564923,4026.978764, 405.354060, 0.989040, 2.466979, 26904.187900, 20726, 24669.791163,results/ablation_20251205_022349/params_M59_ML5_EFC763_EFS560/no_prefetch/run_stdout_1.log,1
no_pruning,0,0,0,1,0,0,0,59,5,763,560,3802.664409,3807.635389, 551.929629, 0.989040, 1.811825, 26904.187900, 20726, 18118.251801,results/ablation_20251205_022349/params_M59_ML5_EFC763_EFS560/no_pruning/run_stdout_1.log,1
no_reorder,0,0,0,0,0,0,1,59,5,763,560,4051.895624,4057.429473, 552.114405, 0.989040, 1.811219, 26904.187900, 20726, 18112.188186,results/ablation_20251205_022349/params_M59_ML5_EFC763_EFS560/no_reorder/run_stdout_1.log,1
no_simd,0,0,1,0,0,0,0,59,5,763,560,3772.121475,3777.071726, 551.697778, 0.989040, 1.812587, 26904.187900, 20726, 18125.866001,results/ablation_20251205_022349/params_M59_ML5_EFC763_EFS560/no_simd/run_stdout_1.log,1
nothing,1,1,1,1,1,1,1,59,5,763,560,3801.892000,5113.562407, 248.217539, 0.000000, 4.028724, 26898.649700, 20601, 40287.241705,results/ablation_20251205_022349/params_M59_ML5_EFC763_EFS560/nothing/run_stdout_1.log,1
dynamic_struct,0,0,0,0,0,1,0,59,5,763,565,3758.207574,3763.207044, 547.367623, 0.989200, 1.826926, 27115.289600, 20859, 18269.257421,results/ablation_20251205_022349/params_M59_ML5_EFC763_EFS565/dynamic_struct/run_stdout_1.log,1
dynamic_with_opts,0,0,0,0,0,1,0,59,5,763,565,3767.609197,3772.478065, 547.875047, 0.989200, 1.825234, 27115.289600, 20859, 18252.337022,results/ablation_20251205_022349/params_M59_ML5_EFC763_EFS565/dynamic_with_opts/run_stdout_1.log,1
full,0,0,0,0,0,0,0,59,5,763,565,3813.893608,3819.743621, 540.622667, 0.989200, 1.849719, 27115.289600, 20859, 18497.189645,results/ablation_20251205_022349/params_M59_ML5_EFC763_EFS565/full/run_stdout_1.log,1
heap,0,0,0,0,1,0,0,59,5,763,565,4353.807950,4360.103310, 540.608415, 0.989200, 1.849768, 27115.289600, 20859, 18497.677301,results/ablation_20251205_022349/params_M59_ML5_EFC763_EFS565/heap/run_stdout_1.log,1
no_csr,1,0,0,0,0,0,0,59,5,763,565,3745.200579,5090.321234, 327.319785, 0.000000, 3.055116, 27109.735200, 20734, 30551.162643,results/ablation_20251205_022349/params_M59_ML5_EFC763_EFS565/no_csr/run_stdout_1.log,1
no_prefetch,0,1,0,0,0,0,0,59,5,763,565,3857.375739,3862.349340, 450.168436, 0.989200, 2.221391, 27115.289600, 20859, 22213.907493,results/ablation_20251205_022349/params_M59_ML5_EFC763_EFS565/no_prefetch/run_stdout_1.log,1
no_pruning,0,0,0,1,0,0,0,59,5,763,565,3726.682139,3731.962656, 542.546449, 0.989200, 1.843160, 27115.289600, 20859, 18431.601598,results/ablation_20251205_022349/params_M59_ML5_EFC763_EFS565/no_pruning/run_stdout_1.log,1
no_reorder,0,0,0,0,0,0,1,59,5,763,565,3751.033675,3756.070379, 527.426326, 0.989200, 1.895999, 27115.289600, 20859, 18959.994036,results/ablation_20251205_022349/params_M59_ML5_EFC763_EFS565/no_reorder/run_stdout_1.log,1
no_simd,0,0,1,0,0,0,0,59,5,763,565,3762.112703,3767.072974, 548.458549, 0.989200, 1.823292, 27115.289600, 20859, 18232.918440,results/ablation_20251205_022349/params_M59_ML5_EFC763_EFS565/no_simd/run_stdout_1.log,1
nothing,1,1,1,1,1,1,1,59,5,763,565,3788.461789,5179.860901, 298.740154, 0.000000, 3.347391, 27109.735200, 20734, 33473.906543,results/ablation_20251205_022349/params_M59_ML5_EFC763_EFS565/nothing/run_stdout_1.log,1
dynamic_struct,0,0,0,0,0,1,0,59,5,763,570,3734.441498,3739.483958, 537.973935, 0.989410, 1.858826, 27326.787500, 20998, 18588.261159,results/ablation_20251205_022349/params_M59_ML5_EFC763_EFS570/dynamic_struct/run_stdout_1.log,1
dynamic_with_opts,0,0,0,0,0,1,0,59,5,763,570,4180.155292,4186.542351, 543.572115, 0.989410, 1.839682, 27326.787500, 20998, 18396.823040,results/ablation_20251205_022349/params_M59_ML5_EFC763_EFS570/dynamic_with_opts/run_stdout_1.log,1
full,0,0,0,0,0,0,0,59,5,763,570,3795.745354,3800.603345, 543.634590, 0.989410, 1.839471, 27326.787500, 20998, 18394.708832,results/ablation_20251205_022349/params_M59_ML5_EFC763_EFS570/full/run_stdout_1.log,1
heap,0,0,0,0,1,0,0,59,5,763,570,3733.474704,3738.304117, 541.908385, 0.989410, 1.845330, 27326.787500, 20998, 18453.303698,results/ablation_20251205_022349/params_M59_ML5_EFC763_EFS570/heap/run_stdout_1.log,1
no_csr,1,0,0,0,0,0,0,59,5,763,570,3755.760866,5058.261261, 265.930131, 0.000000, 3.760386, 27321.215500, 20874, 37603.862223,results/ablation_20251205_022349/params_M59_ML5_EFC763_EFS570/no_csr/run_stdout_1.log,1
no_prefetch,0,1,0,0,0,0,0,59,5,763,570,3799.946287,3805.847372, 450.239371, 0.989410, 2.221041, 27326.787500, 20998, 22210.407697,results/ablation_20251205_022349/params_M59_ML5_EFC763_EFS570/no_prefetch/run_stdout_1.log,1
no_pruning,0,0,0,1,0,0,0,59,5,763,570,3720.620464,3725.558181, 537.156605, 0.989410, 1.861654, 27326.787500, 20998, 18616.544795,results/ablation_20251205_022349/params_M59_ML5_EFC763_EFS570/no_pruning/run_stdout_1.log,1
no_reorder,0,0,0,0,0,0,1,59,5,763,570,3708.742998,3713.577922, 548.434910, 0.989410, 1.823370, 27326.787500, 20998, 18233.704337,results/ablation_20251205_022349/params_M59_ML5_EFC763_EFS570/no_reorder/run_stdout_1.log,1
no_simd,0,0,1,0,0,0,0,59,5,763,570,3911.052475,3916.052456, 543.748871, 0.989410, 1.839084, 27326.787500, 20998, 18390.842770,results/ablation_20251205_022349/params_M59_ML5_EFC763_EFS570/no_simd/run_stdout_1.log,1
nothing,1,1,1,1,1,1,1,59,5,763,570,4013.223202,5323.110576, 292.657658, 0.000000, 3.416962, 27321.215500, 20874, 34169.616713,results/ablation_20251205_022349/params_M59_ML5_EFC763_EFS570/nothing/run_stdout_1.log,1
dynamic_struct,0,0,0,0,0,1,0,59,5,763,575,3750.833084,3755.854780, 537.241175, 0.989520, 1.861361, 27537.305000, 21111, 18613.614274,results/ablation_20251205_022349/params_M59_ML5_EFC763_EFS575/dynamic_struct/run_stdout_1.log,1
dynamic_with_opts,0,0,0,0,0,1,0,59,5,763,575,3753.424007,3758.187675, 532.003863, 0.989520, 1.879686, 27537.305000, 21111, 18796.855982,results/ablation_20251205_022349/params_M59_ML5_EFC763_EFS575/dynamic_with_opts/run_stdout_1.log,1
full,0,0,0,0,0,0,0,59,5,763,575,3830.202031,3835.265077, 537.968391, 0.989520, 1.858845, 27537.305000, 21111, 18588.452728,results/ablation_20251205_022349/params_M59_ML5_EFC763_EFS575/full/run_stdout_1.log,1
heap,0,0,0,0,1,0,0,59,5,763,575,3715.591586,3720.647908, 532.072809, 0.989520, 1.879442, 27537.305000, 21111, 18794.420292,results/ablation_20251205_022349/params_M59_ML5_EFC763_EFS575/heap/run_stdout_1.log,1
no_csr,1,0,0,0,0,0,0,59,5,763,575,3730.598683,5018.768658, 321.489515, 0.000000, 3.110521, 27531.718900, 20987, 31105.213458,results/ablation_20251205_022349/params_M59_ML5_EFC763_EFS575/no_csr/run_stdout_1.log,1
no_prefetch,0,1,0,0,0,0,0,59,5,763,575,3778.780276,3784.393371, 442.426912, 0.989520, 2.260260, 27537.305000, 21111, 22602.603321,results/ablation_20251205_022349/params_M59_ML5_EFC763_EFS575/no_prefetch/run_stdout_1.log,1
no_pruning,0,0,0,1,0,0,0,59,5,763,575,3787.535839,3793.178675, 534.352918, 0.989520, 1.871422, 27537.305000, 21111, 18714.223620,results/ablation_20251205_022349/params_M59_ML5_EFC763_EFS575/no_pruning/run_stdout_1.log,1
no_reorder,0,0,0,0,0,0,1,59,5,763,575,4026.357834,4031.357325, 537.206886, 0.989520, 1.861480, 27537.305000, 21111, 18614.802327,results/ablation_20251205_022349/params_M59_ML5_EFC763_EFS575/no_reorder/run_stdout_1.log,1
no_simd,0,0,1,0,0,0,0,59,5,763,575,3709.019854,3713.954626, 460.632373, 0.989520, 2.170929, 27537.305000, 21111, 21709.286160,results/ablation_20251205_022349/params_M59_ML5_EFC763_EFS575/no_simd/run_stdout_1.log,1
nothing,1,1,1,1,1,1,1,59,5,763,575,3836.984016,5064.921845, 296.510592, 0.000000, 3.372561, 27531.718900, 20987, 33725.607999,results/ablation_20251205_022349/params_M59_ML5_EFC763_EFS575/nothing/run_stdout_1.log,1
dynamic_struct,0,0,0,0,0,1,0,59,5,763,580,3793.803015,3798.920227, 458.463708, 0.989610, 2.181198, 27746.820100, 21284, 21811.977333,results/ablation_20251205_022349/params_M59_ML5_EFC763_EFS580/dynamic_struct/run_stdout_1.log,1
dynamic_with_opts,0,0,0,0,0,1,0,59,5,763,580,3711.734495,3716.847731, 526.212301, 0.989610, 1.900374, 27746.820100, 21284, 19003.736668,results/ablation_20251205_022349/params_M59_ML5_EFC763_EFS580/dynamic_with_opts/run_stdout_1.log,1
full,0,0,0,0,0,0,0,59,5,763,580,4052.862727,4058.310395, 459.725226, 0.989610, 2.175212, 27746.820100, 21284, 21752.123739,results/ablation_20251205_022349/params_M59_ML5_EFC763_EFS580/full/run_stdout_1.log,1
heap,0,0,0,0,1,0,0,59,5,763,580,3996.393745,4001.528351, 531.502595, 0.989610, 1.881458, 27746.820100, 21284, 18814.583576,results/ablation_20251205_022349/params_M59_ML5_EFC763_EFS580/heap/run_stdout_1.log,1
no_csr,1,0,0,0,0,0,0,59,5,763,580,4009.096326,5367.066645, 318.044588, 0.000000, 3.144213, 27741.116100, 21161, 31442.132239,results/ablation_20251205_022349/params_M59_ML5_EFC763_EFS580/no_csr/run_stdout_1.log,1
no_prefetch,0,1,0,0,0,0,0,59,5,763,580,3807.677888,3813.420523, 438.452634, 0.989610, 2.280748, 27746.820100, 21284, 22807.480736,results/ablation_20251205_022349/params_M59_ML5_EFC763_EFS580/no_prefetch/run_stdout_1.log,1
no_pruning,0,0,0,1,0,0,0,59,5,763,580,3696.254959,3701.152010, 533.076271, 0.989610, 1.875904, 27746.820100, 21284, 18759.041719,results/ablation_20251205_022349/params_M59_ML5_EFC763_EFS580/no_pruning/run_stdout_1.log,1
no_reorder,0,0,0,0,0,0,1,59,5,763,580,3814.325188,3819.216028, 525.059120, 0.989610, 1.904547, 27746.820100, 21284, 19045.474335,results/ablation_20251205_022349/params_M59_ML5_EFC763_EFS580/no_reorder/run_stdout_1.log,1
no_simd,0,0,1,0,0,0,0,59,5,763,580,3767.924215,3772.832006, 526.278666, 0.989610, 1.900134, 27746.820100, 21284, 19001.340251,results/ablation_20251205_022349/params_M59_ML5_EFC763_EFS580/no_simd/run_stdout_1.log,1
nothing,1,1,1,1,1,1,1,59,5,763,580,3707.405783,5068.788885, 292.596281, 0.000000, 3.417678, 27741.116100, 21161, 34176.784331,results/ablation_20251205_022349/params_M59_ML5_EFC763_EFS580/nothing/run_stdout_1.log,1
dynamic_struct,0,0,0,0,0,1,0,59,5,763,585,3718.615685,3723.881567, 520.598396, 0.989760, 1.920866, 27957.872600, 21400, 19208.664641,results/ablation_20251205_022349/params_M59_ML5_EFC763_EFS585/dynamic_struct/run_stdout_1.log,1
dynamic_with_opts,0,0,0,0,0,1,0,59,5,763,585,3697.545417,3702.597055, 518.572242, 0.989760, 1.928372, 27957.872600, 21400, 19283.716307,results/ablation_20251205_022349/params_M59_ML5_EFC763_EFS585/dynamic_with_opts/run_stdout_1.log,1
full,0,0,0,0,0,0,0,59,5,763,585,3837.621982,3843.133551, 525.259837, 0.989760, 1.903820, 27957.872600, 21400, 19038.196535,results/ablation_20251205_022349/params_M59_ML5_EFC763_EFS585/full/run_stdout_1.log,1
heap,0,0,0,0,1,0,0,59,5,763,585,3763.050997,3768.127436, 516.228096, 0.989760, 1.937128, 27957.872600, 21400, 19371.281971,results/ablation_20251205_022349/params_M59_ML5_EFC763_EFS585/heap/run_stdout_1.log,1
no_csr,1,0,0,0,0,0,0,59,5,763,585,3789.227319,5102.825779, 318.439780, 0.000000, 3.140311, 27952.332800, 21277, 31403.111712,results/ablation_20251205_022349/params_M59_ML5_EFC763_EFS585/no_csr/run_stdout_1.log,1
no_prefetch,0,1,0,0,0,0,0,59,5,763,585,4036.522206,4042.142947, 383.903720, 0.989760, 2.604820, 27957.872600, 21400, 26048.197685,results/ablation_20251205_022349/params_M59_ML5_EFC763_EFS585/no_prefetch/run_stdout_1.log,1
no_pruning,0,0,0,1,0,0,0,59,5,763,585,4055.257786,4060.488928, 529.532064, 0.989760, 1.888460, 27957.872600, 21400, 18884.597710,results/ablation_20251205_022349/params_M59_ML5_EFC763_EFS585/no_pruning/run_stdout_1.log,1
no_reorder,0,0,0,0,0,0,1,59,5,763,585,3688.323015,3693.377453, 529.845790, 0.989760, 1.887342, 27957.872600, 21400, 18873.415973,results/ablation_20251205_022349/params_M59_ML5_EFC763_EFS585/no_reorder/run_stdout_1.log,1
no_simd,0,0,1,0,0,0,0,59,5,763,585,3859.496376,3864.599988, 526.074884, 0.989760, 1.900870, 27957.872600, 21400, 19008.700660,results/ablation_20251205_022349/params_M59_ML5_EFC763_EFS585/no_simd/run_stdout_1.log,1
nothing,1,1,1,1,1,1,1,59,5,763,585,3710.977358,5033.608121, 233.393116, 0.000000, 4.284617, 27952.332800, 21277, 42846.165180,results/ablation_20251205_022349/params_M59_ML5_EFC763_EFS585/nothing/run_stdout_1.log,1
dynamic_struct,0,0,0,0,0,1,0,59,5,763,590,3712.607199,3717.312257, 522.591768, 0.989940, 1.913540, 28167.637700, 21545, 19135.395174,results/ablation_20251205_022349/params_M59_ML5_EFC763_EFS590/dynamic_struct/run_stdout_1.log,1
dynamic_with_opts,0,0,0,0,0,1,0,59,5,763,590,3685.964372,3690.766162, 508.804088, 0.989940, 1.965393, 28167.637700, 21545, 19653.930132,results/ablation_20251205_022349/params_M59_ML5_EFC763_EFS590/dynamic_with_opts/run_stdout_1.log,1
full,0,0,0,0,0,0,0,59,5,763,590,4115.684074,4121.724987, 525.376745, 0.989940, 1.903396, 28167.637700, 21545, 19033.960087,results/ablation_20251205_022349/params_M59_ML5_EFC763_EFS590/full/run_stdout_1.log,1
heap,0,0,0,0,1,0,0,59,5,763,590,4015.435802,4020.975438, 517.642443, 0.989940, 1.931835, 28167.637700, 21545, 19318.354071,results/ablation_20251205_022349/params_M59_ML5_EFC763_EFS590/heap/run_stdout_1.log,1
no_csr,1,0,0,0,0,0,0,59,5,763,590,3753.155389,5267.253713, 310.941486, 0.000000, 3.216039, 28162.320200, 21422, 32160.391697,results/ablation_20251205_022349/params_M59_ML5_EFC763_EFS590/no_csr/run_stdout_1.log,1
no_prefetch,0,1,0,0,0,0,0,59,5,763,590,3874.454105,3879.520828, 432.528441, 0.989940, 2.311987, 28167.637700, 21545, 23119.866911,results/ablation_20251205_022349/params_M59_ML5_EFC763_EFS590/no_prefetch/run_stdout_1.log,1
no_pruning,0,0,0,1,0,0,0,59,5,763,590,3965.922254,3970.884664, 445.781750, 0.989940, 2.243250, 28167.637700, 21545, 22432.502019,results/ablation_20251205_022349/params_M59_ML5_EFC763_EFS590/no_pruning/run_stdout_1.log,1
no_reorder,0,0,0,0,0,0,1,59,5,763,590,3708.824321,3713.809459, 521.442234, 0.989940, 1.917758, 28167.637700, 21545, 19177.579703,results/ablation_20251205_022349/params_M59_ML5_EFC763_EFS590/no_reorder/run_stdout_1.log,1
no_simd,0,0,1,0,0,0,0,59,5,763,590,3826.898619,3832.256139, 529.657897, 0.989940, 1.888011, 28167.637700, 21545, 18880.111220,results/ablation_20251205_022349/params_M59_ML5_EFC763_EFS590/no_simd/run_stdout_1.log,1
nothing,1,1,1,1,1,1,1,59,5,763,590,3717.777235,5059.918031, 290.333786, 0.000000, 3.444312, 28162.320200, 21422, 34443.115086,results/ablation_20251205_022349/params_M59_ML5_EFC763_EFS590/nothing/run_stdout_1.log,1
dynamic_struct,0,0,0,0,0,1,0,59,5,763,595,3729.637967,3734.603878, 513.333135, 0.990080, 1.948053, 28377.227600, 21681, 19480.527005,results/ablation_20251205_022349/params_M59_ML5_EFC763_EFS595/dynamic_struct/run_stdout_1.log,1
dynamic_with_opts,0,0,0,0,0,1,0,59,5,763,595,3769.034852,3774.051709, 517.163973, 0.990080, 1.933623, 28377.227600, 21681, 19336.227050,results/ablation_20251205_022349/params_M59_ML5_EFC763_EFS595/dynamic_with_opts/run_stdout_1.log,1
full,0,0,0,0,0,0,0,59,5,763,595,3817.362798,3822.790387, 503.021294, 0.990080, 1.987987, 28377.227600, 21681, 19879.874120,results/ablation_20251205_022349/params_M59_ML5_EFC763_EFS595/full/run_stdout_1.log,1
heap,0,0,0,0,1,0,0,59,5,763,595,3699.560653,3704.394174, 513.812627, 0.990080, 1.946235, 28377.227600, 21681, 19462.347689,results/ablation_20251205_022349/params_M59_ML5_EFC763_EFS595/heap/run_stdout_1.log,1
no_csr,1,0,0,0,0,0,0,59,5,763,595,4645.171135,5876.118626, 306.645557, 0.000000, 3.261094, 28371.579700, 21558, 32610.940436,results/ablation_20251205_022349/params_M59_ML5_EFC763_EFS595/no_csr/run_stdout_1.log,1
no_prefetch,0,1,0,0,0,0,0,59,5,763,595,3713.087034,3718.069973, 430.665253, 0.990080, 2.321989, 28377.227600, 21681, 23219.890438,results/ablation_20251205_022349/params_M59_ML5_EFC763_EFS595/no_prefetch/run_stdout_1.log,1
no_pruning,0,0,0,1,0,0,0,59,5,763,595,3835.559374,3840.611453, 518.657635, 0.990080, 1.928054, 28377.227600, 21681, 19280.541405,results/ablation_20251205_022349/params_M59_ML5_EFC763_EFS595/no_pruning/run_stdout_1.log,1
no_reorder,0,0,0,0,0,0,1,59,5,763,595,3737.181884,3742.198371, 446.224260, 0.990080, 2.241026, 28377.227600, 21681, 22410.256234,results/ablation_20251205_022349/params_M59_ML5_EFC763_EFS595/no_reorder/run_stdout_1.log,1
no_simd,0,0,1,0,0,0,0,59,5,763,595,3728.965815,3733.973876, 521.067512, 0.990080, 1.919137, 28377.227600, 21681, 19191.371123,results/ablation_20251205_022349/params_M59_ML5_EFC763_EFS595/no_simd/run_stdout_1.log,1
nothing,1,1,1,1,1,1,1,59,5,763,595,3841.973515,5071.382092, 283.587990, 0.000000, 3.526242, 28371.579700, 21558, 35262.424216,results/ablation_20251205_022349/params_M59_ML5_EFC763_EFS595/nothing/run_stdout_1.log,1
dynamic_struct,0,0,0,0,0,1,0,59,5,763,600,3737.066995,3741.985727, 511.495557, 0.990200, 1.955051, 28584.990200, 21819, 19550.511957,results/ablation_20251205_022349/params_M59_ML5_EFC763_EFS600/dynamic_struct/run_stdout_1.log,1
dynamic_with_opts,0,0,0,0,0,1,0,59,5,763,600,3722.874558,3728.000643, 505.319894, 0.990200, 1.978944, 28584.990200, 21819, 19789.444489,results/ablation_20251205_022349/params_M59_ML5_EFC763_EFS600/dynamic_with_opts/run_stdout_1.log,1
full,0,0,0,0,0,0,0,59,5,763,600,3808.707755,3813.664918, 506.618801, 0.990200, 1.973871, 28584.990200, 21819, 19738.706869,results/ablation_20251205_022349/params_M59_ML5_EFC763_EFS600/full/run_stdout_1.log,1
heap,0,0,0,0,1,0,0,59,5,763,600,3729.275574,3734.450140, 509.301749, 0.990200, 1.963473, 28584.990200, 21819, 19634.725407,results/ablation_20251205_022349/params_M59_ML5_EFC763_EFS600/heap/run_stdout_1.log,1
no_csr,1,0,0,0,0,0,0,59,5,763,600,3753.307315,4974.191452, 308.492107, 0.000000, 3.241574, 28579.407200, 21696, 32415.740264,results/ablation_20251205_022349/params_M59_ML5_EFC763_EFS600/no_csr/run_stdout_1.log,1
no_prefetch,0,1,0,0,0,0,0,59,5,763,600,4030.664386,4035.498277, 378.467066, 0.990200, 2.642238, 28584.990200, 21819, 26422.378330,results/ablation_20251205_022349/params_M59_ML5_EFC763_EFS600/no_prefetch/run_stdout_1.log,1
no_pruning,0,0,0,1,0,0,0,59,5,763,600,4016.973965,4021.975620, 518.662137, 0.990200, 1.928037, 28584.990200, 21819, 19280.374044,results/ablation_20251205_022349/params_M59_ML5_EFC763_EFS600/no_pruning/run_stdout_1.log,1
no_reorder,0,0,0,0,0,0,1,59,5,763,600,3682.240190,3687.034607, 511.028955, 0.990200, 1.956836, 28584.990200, 21819, 19568.362807,results/ablation_20251205_022349/params_M59_ML5_EFC763_EFS600/no_reorder/run_stdout_1.log,1
no_simd,0,0,1,0,0,0,0,59,5,763,600,3749.321950,3754.466789, 507.052346, 0.990200, 1.972183, 28584.990200, 21819, 19721.829668,results/ablation_20251205_022349/params_M59_ML5_EFC763_EFS600/no_simd/run_stdout_1.log,1
nothing,1,1,1,1,1,1,1,59,5,763,600,3687.410265,4918.819602, 236.931448, 0.000000, 4.220630, 28579.407200, 21696, 42206.300904,results/ablation_20251205_022349/params_M59_ML5_EFC763_EFS600/nothing/run_stdout_1.log,1
dynamic_struct,0,0,0,0,0,1,0,59,5,763,605,3930.109267,3935.087055, 511.543388, 0.990310, 1.954868, 28795.251000, 22052, 19548.683905,results/ablation_20251205_022349/params_M59_ML5_EFC763_EFS605/dynamic_struct/run_stdout_1.log,1
dynamic_with_opts,0,0,0,0,0,1,0,59,5,763,605,3650.205068,3655.104819, 501.762782, 0.990310, 1.992974, 28795.251000, 22052, 19929.736444,results/ablation_20251205_022349/params_M59_ML5_EFC763_EFS605/dynamic_with_opts/run_stdout_1.log,1
full,0,0,0,0,0,0,0,59,5,763,605,4001.879608,4007.238523, 501.731290, 0.990310, 1.993099, 28795.251000, 22052, 19930.987379,results/ablation_20251205_022349/params_M59_ML5_EFC763_EFS605/full/run_stdout_1.log,1
heap,0,0,0,0,1,0,0,59,5,763,605,3898.224412,3904.768918, 469.368394, 0.990310, 2.130523, 28795.251000, 22052, 21305.226607,results/ablation_20251205_022349/params_M59_ML5_EFC763_EFS605/heap/run_stdout_1.log,1
no_csr,1,0,0,0,0,0,0,59,5,763,605,3657.755034,4897.416132, 299.467808, 0.000000, 3.339257, 28789.521400, 21930, 33392.570884,results/ablation_20251205_022349/params_M59_ML5_EFC763_EFS605/no_csr/run_stdout_1.log,1
no_prefetch,0,1,0,0,0,0,0,59,5,763,605,3793.973003,3798.897446, 418.930156, 0.990310, 2.387033, 28795.251000, 22052, 23870.327426,results/ablation_20251205_022349/params_M59_ML5_EFC763_EFS605/no_prefetch/run_stdout_1.log,1
no_pruning,0,0,0,1,0,0,0,59,5,763,605,3710.903055,3716.109893, 507.891071, 0.990310, 1.968926, 28795.251000, 22052, 19689.261292,results/ablation_20251205_022349/params_M59_ML5_EFC763_EFS605/no_pruning/run_stdout_1.log,1
no_reorder,0,0,0,0,0,0,1,59,5,763,605,3675.559527,3680.567003, 506.361312, 0.990310, 1.974874, 28795.251000, 22052, 19748.744155,results/ablation_20251205_022349/params_M59_ML5_EFC763_EFS605/no_reorder/run_stdout_1.log,1
no_simd,0,0,1,0,0,0,0,59,5,763,605,3652.910087,3657.875442, 502.959357, 0.990310, 1.988232, 28795.251000, 22052, 19882.322208,results/ablation_20251205_022349/params_M59_ML5_EFC763_EFS605/no_simd/run_stdout_1.log,1
nothing,1,1,1,1,1,1,1,59,5,763,605,3732.787286,4956.483651, 280.196408, 0.000000, 3.568925, 28789.521400, 21930, 35689.251252,results/ablation_20251205_022349/params_M59_ML5_EFC763_EFS605/nothing/run_stdout_1.log,1
dynamic_struct,0,0,0,0,0,1,0,59,5,763,610,3659.520953,3664.480300, 501.864907, 0.990440, 1.992568, 29003.580700, 22174, 19925.680935,results/ablation_20251205_022349/params_M59_ML5_EFC763_EFS610/dynamic_struct/run_stdout_1.log,1
dynamic_with_opts,0,0,0,0,0,1,0,59,5,763,610,3985.626594,3990.549824, 502.014139, 0.990440, 1.991976, 29003.580700, 22174, 19919.757670,results/ablation_20251205_022349/params_M59_ML5_EFC763_EFS610/dynamic_with_opts/run_stdout_1.log,1
full,0,0,0,0,0,0,0,59,5,763,610,4037.793849,4042.788620, 489.067654, 0.990440, 2.044707, 29003.580700, 22174, 20447.068853,results/ablation_20251205_022349/params_M59_ML5_EFC763_EFS610/full/run_stdout_1.log,1
heap,0,0,0,0,1,0,0,59,5,763,610,3658.522090,3663.542994, 495.046478, 0.990440, 2.020012, 29003.580700, 22174, 20200.123505,results/ablation_20251205_022349/params_M59_ML5_EFC763_EFS610/heap/run_stdout_1.log,1
no_csr,1,0,0,0,0,0,0,59,5,763,610,3690.565551,4925.144001, 248.036293, 0.000000, 4.031668, 28998.094500, 22052, 40316.680516,results/ablation_20251205_022349/params_M59_ML5_EFC763_EFS610/no_csr/run_stdout_1.log,1
no_prefetch,0,1,0,0,0,0,0,59,5,763,610,3727.375785,3732.382007, 417.212374, 0.990440, 2.396861, 29003.580700, 22174, 23968.608394,results/ablation_20251205_022349/params_M59_ML5_EFC763_EFS610/no_prefetch/run_stdout_1.log,1
no_pruning,0,0,0,1,0,0,0,59,5,763,610,3641.966716,3646.843605, 495.607936, 0.990440, 2.017724, 29003.580700, 22174, 20177.239453,results/ablation_20251205_022349/params_M59_ML5_EFC763_EFS610/no_pruning/run_stdout_1.log,1
no_reorder,0,0,0,0,0,0,1,59,5,763,610,3954.108244,3959.062362, 435.250028, 0.990440, 2.297530, 29003.580700, 22174, 22975.300050,results/ablation_20251205_022349/params_M59_ML5_EFC763_EFS610/no_reorder/run_stdout_1.log,1
no_simd,0,0,1,0,0,0,0,59,5,763,610,3650.034151,3654.941446, 494.257325, 0.990440, 2.023238, 29003.580700, 22174, 20232.375917,results/ablation_20251205_022349/params_M59_ML5_EFC763_EFS610/no_simd/run_stdout_1.log,1
nothing,1,1,1,1,1,1,1,59,5,763,610,3694.268604,4954.372759, 276.995995, 0.000000, 3.610160, 28998.094500, 22052, 36101.604963,results/ablation_20251205_022349/params_M59_ML5_EFC763_EFS610/nothing/run_stdout_1.log,1
dynamic_struct,0,0,0,0,0,1,0,59,5,763,615,3680.534206,3685.692897, 494.497777, 0.990610, 2.022254, 29212.610900, 22317, 20222.537826,results/ablation_20251205_022349/params_M59_ML5_EFC763_EFS615/dynamic_struct/run_stdout_1.log,1
dynamic_with_opts,0,0,0,0,0,1,0,59,5,763,615,3662.093634,3666.976133, 499.795456, 0.990610, 2.000819, 29212.610900, 22317, 20008.185092,results/ablation_20251205_022349/params_M59_ML5_EFC763_EFS615/dynamic_with_opts/run_stdout_1.log,1
full,0,0,0,0,0,0,0,59,5,763,615,3806.087739,3811.134203, 503.441388, 0.990610, 1.986329, 29212.610900, 22317, 19863.285436,results/ablation_20251205_022349/params_M59_ML5_EFC763_EFS615/full/run_stdout_1.log,1
heap,0,0,0,0,1,0,0,59,5,763,615,3691.349446,3696.152739, 496.031267, 0.990610, 2.016002, 29212.610900, 22317, 20160.019453,results/ablation_20251205_022349/params_M59_ML5_EFC763_EFS615/heap/run_stdout_1.log,1
no_csr,1,0,0,0,0,0,0,59,5,763,615,3666.367162,4919.516783, 296.529916, 0.000000, 3.372341, 29207.129500, 22195, 33723.410191,results/ablation_20251205_022349/params_M59_ML5_EFC763_EFS615/no_csr/run_stdout_1.log,1
no_prefetch,0,1,0,0,0,0,0,59,5,763,615,3781.601600,3786.977707, 363.679511, 0.990610, 2.749674, 29212.610900, 22317, 27496.737356,results/ablation_20251205_022349/params_M59_ML5_EFC763_EFS615/no_prefetch/run_stdout_1.log,1
no_pruning,0,0,0,1,0,0,0,59,5,763,615,3702.050927,3707.188102, 490.893802, 0.990610, 2.037100, 29212.610900, 22317, 20371.004815,results/ablation_20251205_022349/params_M59_ML5_EFC763_EFS615/no_pruning/run_stdout_1.log,1
no_reorder,0,0,0,0,0,0,1,59,5,763,615,3664.887045,3669.697578, 488.116583, 0.990610, 2.048691, 29212.610900, 22317, 20486.908977,results/ablation_20251205_022349/params_M59_ML5_EFC763_EFS615/no_reorder/run_stdout_1.log,1
no_simd,0,0,1,0,0,0,0,59,5,763,615,3732.629895,3737.696001, 498.374001, 0.990610, 2.006525, 29212.610900, 22317, 20065.252158,results/ablation_20251205_022349/params_M59_ML5_EFC763_EFS615/no_simd/run_stdout_1.log,1
nothing,1,1,1,1,1,1,1,59,5,763,615,3873.186953,5096.227827, 228.195246, 0.000000, 4.382212, 29207.129500, 22195, 43822.122348,results/ablation_20251205_022349/params_M59_ML5_EFC763_EFS615/nothing/run_stdout_1.log,1
dynamic_struct,0,0,0,0,0,1,0,59,5,763,620,3911.278449,3916.341424, 496.445395, 0.990750, 2.014320, 29420.387200, 22472, 20143.202275,results/ablation_20251205_022349/params_M59_ML5_EFC763_EFS620/dynamic_struct/run_stdout_1.log,1
dynamic_with_opts,0,0,0,0,0,1,0,59,5,763,620,3642.802480,3647.614541, 490.659191, 0.990750, 2.038075, 29420.387200, 22472, 20380.745290,results/ablation_20251205_022349/params_M59_ML5_EFC763_EFS620/dynamic_with_opts/run_stdout_1.log,1
full,0,0,0,0,0,0,0,59,5,763,620,3799.732958,3804.905701, 488.999277, 0.990750, 2.044993, 29420.387200, 22472, 20449.927988,results/ablation_20251205_022349/params_M59_ML5_EFC763_EFS620/full/run_stdout_1.log,1
heap,0,0,0,0,1,0,0,59,5,763,620,3926.977352,3932.278872, 490.999524, 0.990750, 2.036662, 29420.387200, 22472, 20366.618526,results/ablation_20251205_022349/params_M59_ML5_EFC763_EFS620/heap/run_stdout_1.log,1
no_csr,1,0,0,0,0,0,0,59,5,763,620,3673.414356,4918.305837, 296.004643, 0.000000, 3.378325, 29414.561500, 22350, 33783.253854,results/ablation_20251205_022349/params_M59_ML5_EFC763_EFS620/no_csr/run_stdout_1.log,1
no_prefetch,0,1,0,0,0,0,0,59,5,763,620,3868.434468,3873.345730, 396.713744, 0.990750, 2.520709, 29420.387200, 22472, 25207.092381,results/ablation_20251205_022349/params_M59_ML5_EFC763_EFS620/no_prefetch/run_stdout_1.log,1
no_pruning,0,0,0,1,0,0,0,59,5,763,620,3919.898282,3924.901052, 427.195820, 0.990750, 2.340847, 29420.387200, 22472, 23408.468766,results/ablation_20251205_022349/params_M59_ML5_EFC763_EFS620/no_pruning/run_stdout_1.log,1
no_reorder,0,0,0,0,0,0,1,59,5,763,620,3697.929112,3702.982459, 491.785820, 0.990750, 2.033406, 29420.387200, 22472, 20334.055168,results/ablation_20251205_022349/params_M59_ML5_EFC763_EFS620/no_reorder/run_stdout_1.log,1
no_simd,0,0,1,0,0,0,0,59,5,763,620,3707.256278,3712.133787, 495.722032, 0.990750, 2.017260, 29420.387200, 22472, 20172.595438,results/ablation_20251205_022349/params_M59_ML5_EFC763_EFS620/no_simd/run_stdout_1.log,1
nothing,1,1,1,1,1,1,1,59,5,763,620,3650.284439,4887.047102, 270.688062, 0.000000, 3.694289, 29414.561500, 22350, 36942.892631,results/ablation_20251205_022349/params_M59_ML5_EFC763_EFS620/nothing/run_stdout_1.log,1
dynamic_struct,0,0,0,0,0,1,0,59,5,763,625,3678.596962,3683.490095, 417.893074, 0.990860, 2.392957, 29628.460700, 22576, 23929.566241,results/ablation_20251205_022349/params_M59_ML5_EFC763_EFS625/dynamic_struct/run_stdout_1.log,1
dynamic_with_opts,0,0,0,0,0,1,0,59,5,763,625,3708.310940,3713.707374, 480.222274, 0.990860, 2.082369, 29628.460700, 22576, 20823.690477,results/ablation_20251205_022349/params_M59_ML5_EFC763_EFS625/dynamic_with_opts/run_stdout_1.log,1
full,0,0,0,0,0,0,0,59,5,763,625,3851.370329,3856.469392, 412.677198, 0.990860, 2.423201, 29628.460700, 22576, 24232.014880,results/ablation_20251205_022349/params_M59_ML5_EFC763_EFS625/full/run_stdout_1.log,1
heap,0,0,0,0,1,0,0,59,5,763,625,3702.119046,3706.983230, 491.182584, 0.990860, 2.035903, 29628.460700, 22576, 20359.028029,results/ablation_20251205_022349/params_M59_ML5_EFC763_EFS625/heap/run_stdout_1.log,1
no_csr,1,0,0,0,0,0,0,59,5,763,625,3752.363909,4992.627709, 293.516667, 0.000000, 3.406962, 29622.565200, 22454, 34069.615545,results/ablation_20251205_022349/params_M59_ML5_EFC763_EFS625/no_csr/run_stdout_1.log,1
no_prefetch,0,1,0,0,0,0,0,59,5,763,625,3808.834862,3813.933480, 399.659341, 0.990860, 2.502131, 29628.460700, 22576, 25021.309350,results/ablation_20251205_022349/params_M59_ML5_EFC763_EFS625/no_prefetch/run_stdout_1.log,1
no_pruning,0,0,0,1,0,0,0,59,5,763,625,3672.618490,3677.442833, 484.759380, 0.990860, 2.062879, 29628.460700, 22576, 20628.791121,results/ablation_20251205_022349/params_M59_ML5_EFC763_EFS625/no_pruning/run_stdout_1.log,1
no_reorder,0,0,0,0,0,0,1,59,5,763,625,3964.402794,3969.523287, 482.506313, 0.990860, 2.072512, 29628.460700, 22576, 20725.117439,results/ablation_20251205_022349/params_M59_ML5_EFC763_EFS625/no_reorder/run_stdout_1.log,1
no_simd,0,0,1,0,0,0,0,59,5,763,625,3694.541357,3699.451999, 491.043567, 0.990860, 2.036479, 29628.460700, 22576, 20364.791794,results/ablation_20251205_022349/params_M59_ML5_EFC763_EFS625/no_simd/run_stdout_1.log,1
nothing,1,1,1,1,1,1,1,59,5,763,625,3794.725992,5035.308041, 267.970407, 0.000000, 3.731755, 29622.565200, 22454, 37317.553537,results/ablation_20251205_022349/params_M59_ML5_EFC763_EFS625/nothing/run_stdout_1.log,1
dynamic_struct,0,0,0,0,0,1,0,59,5,763,630,3805.707091,3810.764219, 478.901352, 0.990980, 2.088113, 29836.148200, 22686, 20881.127104,results/ablation_20251205_022349/params_M59_ML5_EFC763_EFS630/dynamic_struct/run_stdout_1.log,1
dynamic_with_opts,0,0,0,0,0,1,0,59,5,763,630,4265.453312,4271.002316, 474.328359, 0.990980, 2.108244, 29836.148200, 22686, 21082.441764,results/ablation_20251205_022349/params_M59_ML5_EFC763_EFS630/dynamic_with_opts/run_stdout_1.log,1
full,0,0,0,0,0,0,0,59,5,763,630,3784.387809,3789.696774, 469.170888, 0.990980, 2.131420, 29836.148200, 22686, 21314.195419,results/ablation_20251205_022349/params_M59_ML5_EFC763_EFS630/full/run_stdout_1.log,1
heap,0,0,0,0,1,0,0,59,5,763,630,3928.630283,3933.644336, 479.662368, 0.990980, 2.084800, 29836.148200, 22686, 20847.997833,results/ablation_20251205_022349/params_M59_ML5_EFC763_EFS630/heap/run_stdout_1.log,1
no_csr,1,0,0,0,0,0,0,59,5,763,630,3696.199914,4935.162759, 242.456968, 0.000000, 4.124443, 29830.402900, 22564, 41244.432226,results/ablation_20251205_022349/params_M59_ML5_EFC763_EFS630/no_csr/run_stdout_1.log,1
no_prefetch,0,1,0,0,0,0,0,59,5,763,630,3862.909081,3868.197848, 398.544329, 0.990980, 2.509131, 29836.148200, 22686, 25091.311717,results/ablation_20251205_022349/params_M59_ML5_EFC763_EFS630/no_prefetch/run_stdout_1.log,1
no_pruning,0,0,0,1,0,0,0,59,5,763,630,3662.264061,3667.230728, 480.228873, 0.990980, 2.082340, 29836.148200, 22686, 20823.404345,results/ablation_20251205_022349/params_M59_ML5_EFC763_EFS630/no_pruning/run_stdout_1.log,1
no_reorder,0,0,0,0,0,0,1,59,5,763,630,3656.380600,3661.267352, 479.145057, 0.990980, 2.087051, 29836.148200, 22686, 20870.506426,results/ablation_20251205_022349/params_M59_ML5_EFC763_EFS630/no_reorder/run_stdout_1.log,1
no_simd,0,0,1,0,0,0,0,59,5,763,630,3703.869840,3708.893871, 484.010782, 0.990980, 2.066070, 29836.148200, 22686, 20660.696762,results/ablation_20251205_022349/params_M59_ML5_EFC763_EFS630/no_simd/run_stdout_1.log,1
nothing,1,1,1,1,1,1,1,59,5,763,630,3664.665332,4914.804872, 263.092656, 0.000000, 3.800942, 29830.402900, 22564, 38009.422748,results/ablation_20251205_022349/params_M59_ML5_EFC763_EFS630/nothing/run_stdout_1.log,1
dynamic_struct,0,0,0,0,0,1,0,59,5,763,635,3654.964052,3659.839091, 471.463057, 0.991150, 2.121057, 30044.333100, 22823, 21210.569631,results/ablation_20251205_022349/params_M59_ML5_EFC763_EFS635/dynamic_struct/run_stdout_1.log,1
dynamic_with_opts,0,0,0,0,0,1,0,59,5,763,635,3968.253450,3973.121902, 441.160291, 0.991150, 2.266750, 30044.333100, 22823, 22667.497952,results/ablation_20251205_022349/params_M59_ML5_EFC763_EFS635/dynamic_with_opts/run_stdout_1.log,1
full,0,0,0,0,0,0,0,59,5,763,635,3863.612339,3868.700275, 481.290513, 0.991150, 2.077747, 30044.333100, 22823, 20777.471651,results/ablation_20251205_022349/params_M59_ML5_EFC763_EFS635/full/run_stdout_1.log,1
heap,0,0,0,0,1,0,0,59,5,763,635,3723.854880,3728.867104, 476.145237, 0.991150, 2.100200, 30044.333100, 22823, 21001.995218,results/ablation_20251205_022349/params_M59_ML5_EFC763_EFS635/heap/run_stdout_1.log,1
no_csr,1,0,0,0,0,0,0,59,5,763,635,3727.526867,4981.115979, 287.664190, 0.000000, 3.476276, 30038.697800, 22702, 34762.755788,results/ablation_20251205_022349/params_M59_ML5_EFC763_EFS635/no_csr/run_stdout_1.log,1
no_prefetch,0,1,0,0,0,0,0,59,5,763,635,3790.767339,3795.599802, 390.772233, 0.991150, 2.559035, 30044.333100, 22823, 25590.354579,results/ablation_20251205_022349/params_M59_ML5_EFC763_EFS635/no_prefetch/run_stdout_1.log,1
no_pruning,0,0,0,1,0,0,0,59,5,763,635,3960.360038,3965.502454, 469.489487, 0.991150, 2.129973, 30044.333100, 22823, 21299.731472,results/ablation_20251205_022349/params_M59_ML5_EFC763_EFS635/no_pruning/run_stdout_1.log,1
no_reorder,0,0,0,0,0,0,1,59,5,763,635,3635.252992,3640.090937, 477.781207, 0.991150, 2.093008, 30044.333100, 22823, 20930.082337,results/ablation_20251205_022349/params_M59_ML5_EFC763_EFS635/no_reorder/run_stdout_1.log,1
no_simd,0,0,1,0,0,0,0,59,5,763,635,3727.462577,3732.428007, 411.454422, 0.991150, 2.430403, 30044.333100, 22823, 24304.028488,results/ablation_20251205_022349/params_M59_ML5_EFC763_EFS635/no_simd/run_stdout_1.log,1
nothing,1,1,1,1,1,1,1,59,5,763,635,3792.132959,5187.103441, 222.888578, 0.000000, 4.486547, 30038.697800, 22702, 44865.466298,results/ablation_20251205_022349/params_M59_ML5_EFC763_EFS635/nothing/run_stdout_1.log,1
dynamic_struct,0,0,0,0,0,1,0,59,5,763,640,3701.524930,3706.710716, 468.436438, 0.991300, 2.134761, 30253.105800, 22997, 21347.613448,results/ablation_20251205_022349/params_M59_ML5_EFC763_EFS640/dynamic_struct/run_stdout_1.log,1
dynamic_with_opts,0,0,0,0,0,1,0,59,5,763,640,3697.440934,3702.573020, 468.281699, 0.991300, 2.135467, 30253.105800, 22997, 21354.667565,results/ablation_20251205_022349/params_M59_ML5_EFC763_EFS640/dynamic_with_opts/run_stdout_1.log,1
full,0,0,0,0,0,0,0,59,5,763,640,3817.220016,3822.901260, 483.074877, 0.991300, 2.070072, 30253.105800, 22997, 20700.724620,results/ablation_20251205_022349/params_M59_ML5_EFC763_EFS640/full/run_stdout_1.log,1
heap,0,0,0,0,1,0,0,59,5,763,640,3783.772702,3788.917186, 468.752998, 0.991300, 2.133320, 30253.105800, 22997, 21333.196872,results/ablation_20251205_022349/params_M59_ML5_EFC763_EFS640/heap/run_stdout_1.log,1
no_csr,1,0,0,0,0,0,0,59,5,763,640,3921.766533,5188.546476, 291.961423, 0.000000, 3.425110, 30247.715800, 22876, 34251.100391,results/ablation_20251205_022349/params_M59_ML5_EFC763_EFS640/no_csr/run_stdout_1.log,1
no_prefetch,0,1,0,0,0,0,0,59,5,763,640,3795.589709,3800.399164, 395.539104, 0.991300, 2.528195, 30253.105800, 22997, 25281.950389,results/ablation_20251205_022349/params_M59_ML5_EFC763_EFS640/no_prefetch/run_stdout_1.log,1
no_pruning,0,0,0,1,0,0,0,59,5,763,640,3683.780006,3688.609999, 421.350136, 0.991300, 2.373323, 30253.105800, 22997, 23733.230727,results/ablation_20251205_022349/params_M59_ML5_EFC763_EFS640/no_pruning/run_stdout_1.log,1
no_reorder,0,0,0,0,0,0,1,59,5,763,640,3717.297250,3722.310982, 461.172210, 0.991300, 2.168387, 30253.105800, 22997, 21683.873776,results/ablation_20251205_022349/params_M59_ML5_EFC763_EFS640/no_reorder/run_stdout_1.log,1
no_simd,0,0,1,0,0,0,0,59,5,763,640,3674.579431,3679.653848, 475.262431, 0.991300, 2.104101, 30253.105800, 22997, 21041.006718,results/ablation_20251205_022349/params_M59_ML5_EFC763_EFS640/no_simd/run_stdout_1.log,1
nothing,1,1,1,1,1,1,1,59,5,763,640,3741.920169,5056.551713, 264.294467, 0.000000, 3.783658, 30247.715800, 22876, 37836.584741,results/ablation_20251205_022349/params_M59_ML5_EFC763_EFS640/nothing/run_stdout_1.log,1
dynamic_struct,0,0,0,0,0,1,0,59,5,763,645,3832.685707,3842.924465, 410.279687, 0.991450, 2.437362, 30460.241600, 23098, 24373.617105,results/ablation_20251205_022349/params_M59_ML5_EFC763_EFS645/dynamic_struct/run_stdout_1.log,1
dynamic_with_opts,0,0,0,0,0,1,0,59,5,763,645,3826.037241,3830.994106, 476.358497, 0.991450, 2.099259, 30460.241600, 23098, 20992.592917,results/ablation_20251205_022349/params_M59_ML5_EFC763_EFS645/dynamic_with_opts/run_stdout_1.log,1
full,0,0,0,0,0,0,0,59,5,763,645,3838.987752,3843.998168, 408.912125, 0.991450, 2.445513, 30460.241600, 23098, 24455.132020,results/ablation_20251205_022349/params_M59_ML5_EFC763_EFS645/full/run_stdout_1.log,1
heap,0,0,0,0,1,0,0,59,5,763,645,3892.252905,3897.327372, 468.302863, 0.991450, 2.135370, 30460.241600, 23098, 21353.702473,results/ablation_20251205_022349/params_M59_ML5_EFC763_EFS645/heap/run_stdout_1.log,1
no_csr,1,0,0,0,0,0,0,59,5,763,645,3777.894231,5018.598769, 282.539013, 0.000000, 3.539334, 30454.891100, 22978, 35393.342350,results/ablation_20251205_022349/params_M59_ML5_EFC763_EFS645/no_csr/run_stdout_1.log,1
no_prefetch,0,1,0,0,0,0,0,59,5,763,645,3808.165593,3813.101017, 384.681049, 0.991450, 2.599556, 30460.241600, 23098, 25995.561848,results/ablation_20251205_022349/params_M59_ML5_EFC763_EFS645/no_prefetch/run_stdout_1.log,1
no_pruning,0,0,0,1,0,0,0,59,5,763,645,3653.609054,3658.555529, 468.341463, 0.991450, 2.135194, 30460.241600, 23098, 21351.942523,results/ablation_20251205_022349/params_M59_ML5_EFC763_EFS645/no_pruning/run_stdout_1.log,1
no_reorder,0,0,0,0,0,0,1,59,5,763,645,4016.314385,4021.577016, 461.545290, 0.991450, 2.166635, 30460.241600, 23098, 21666.346099,results/ablation_20251205_022349/params_M59_ML5_EFC763_EFS645/no_reorder/run_stdout_1.log,1
no_simd,0,0,1,0,0,0,0,59,5,763,645,3655.011311,3659.770145, 466.058916, 0.991450, 2.145651, 30460.241600, 23098, 21456.514756,results/ablation_20251205_022349/params_M59_ML5_EFC763_EFS645/no_simd/run_stdout_1.log,1
nothing,1,1,1,1,1,1,1,59,5,763,645,3638.523524,4883.445021, 260.232788, 0.000000, 3.842713, 30454.891100, 22978, 38427.133207,results/ablation_20251205_022349/params_M59_ML5_EFC763_EFS645/nothing/run_stdout_1.log,1
dynamic_struct,0,0,0,0,0,1,0,59,5,763,650,3750.873158,3755.806313, 461.342523, 0.991580, 2.167587, 30666.800900, 23240, 21675.868785,results/ablation_20251205_022349/params_M59_ML5_EFC763_EFS650/dynamic_struct/run_stdout_1.log,1
dynamic_with_opts,0,0,0,0,0,1,0,59,5,763,650,3995.957176,4001.246318, 460.717959, 0.991580, 2.170525, 30666.800900, 23240, 21705.253308,results/ablation_20251205_022349/params_M59_ML5_EFC763_EFS650/dynamic_with_opts/run_stdout_1.log,1
full,0,0,0,0,0,0,0,59,5,763,650,3840.607867,3845.615147, 461.071445, 0.991580, 2.168861, 30666.800900, 23240, 21688.612693,results/ablation_20251205_022349/params_M59_ML5_EFC763_EFS650/full/run_stdout_1.log,1
heap,0,0,0,0,1,0,0,59,5,763,650,3870.063410,3875.253645, 462.236656, 0.991580, 2.163394, 30666.800900, 23240, 21633.939820,results/ablation_20251205_022349/params_M59_ML5_EFC763_EFS650/heap/run_stdout_1.log,1
no_csr,1,0,0,0,0,0,0,59,5,763,650,3651.581002,4953.758144, 232.374735, 0.000000, 4.303394, 30661.001300, 23119, 43033.938333,results/ablation_20251205_022349/params_M59_ML5_EFC763_EFS650/no_csr/run_stdout_1.log,1
no_prefetch,0,1,0,0,0,0,0,59,5,763,650,3918.247632,3924.003767, 382.365008, 0.991580, 2.615302, 30666.800900, 23240, 26153.020798,results/ablation_20251205_022349/params_M59_ML5_EFC763_EFS650/no_prefetch/run_stdout_1.log,1
no_pruning,0,0,0,1,0,0,0,59,5,763,650,3746.167708,3750.917730, 465.509016, 0.991580, 2.148186, 30666.800900, 23240, 21481.861043,results/ablation_20251205_022349/params_M59_ML5_EFC763_EFS650/no_pruning/run_stdout_1.log,1
no_reorder,0,0,0,0,0,0,1,59,5,763,650,3705.633091,3710.892187, 399.655199, 0.991580, 2.502157, 30666.800900, 23240, 25021.568648,results/ablation_20251205_022349/params_M59_ML5_EFC763_EFS650/no_reorder/run_stdout_1.log,1
no_simd,0,0,1,0,0,0,0,59,5,763,650,3652.688602,3657.725266, 463.763312, 0.991580, 2.156272, 30666.800900, 23240, 21562.723377,results/ablation_20251205_022349/params_M59_ML5_EFC763_EFS650/no_simd/run_stdout_1.log,1
nothing,1,1,1,1,1,1,1,59,5,763,650,3676.060176,4940.055088, 255.950150, 0.000000, 3.907011, 30661.001300, 23119, 39070.108001,results/ablation_20251205_022349/params_M59_ML5_EFC763_EFS650/nothing/run_stdout_1.log,1
dynamic_struct,0,0,0,0,0,1,0,59,5,763,655,3716.233107,3721.054149, 456.119293, 0.991680, 2.192409, 30874.043100, 23373, 21924.089058,results/ablation_20251205_022349/params_M59_ML5_EFC763_EFS655/dynamic_struct/run_stdout_1.log,1
dynamic_with_opts,0,0,0,0,0,1,0,59,5,763,655,3762.339139,3767.272133, 403.959865, 0.991680, 2.475493, 30874.043100, 23373, 24754.934503,results/ablation_20251205_022349/params_M59_ML5_EFC763_EFS655/dynamic_with_opts/run_stdout_1.log,1
full,0,0,0,0,0,0,0,59,5,763,655,3794.661852,3799.690938, 451.100501, 0.991680, 2.216801, 30874.043100, 23373, 22168.009062,results/ablation_20251205_022349/params_M59_ML5_EFC763_EFS655/full/run_stdout_1.log,1
heap,0,0,0,0,1,0,0,59,5,763,655,3915.157380,3920.351228, 457.503055, 0.991680, 2.185778, 30874.043100, 23373, 21857.777561,results/ablation_20251205_022349/params_M59_ML5_EFC763_EFS655/heap/run_stdout_1.log,1
no_csr,1,0,0,0,0,0,0,59,5,763,655,3683.880656,4947.852326, 276.119466, 0.000000, 3.621621, 30868.326700, 23252, 36216.207952,results/ablation_20251205_022349/params_M59_ML5_EFC763_EFS655/no_csr/run_stdout_1.log,1
no_prefetch,0,1,0,0,0,0,0,59,5,763,655,3795.079854,3800.319792, 344.485176, 0.991680, 2.902883, 30874.043100, 23373, 29028.825360,results/ablation_20251205_022349/params_M59_ML5_EFC763_EFS655/no_prefetch/run_stdout_1.log,1
no_pruning,0,0,0,1,0,0,0,59,5,763,655,3912.638011,3917.659277, 458.250474, 0.991680, 2.182213, 30874.043100, 23373, 21822.126897,results/ablation_20251205_022349/params_M59_ML5_EFC763_EFS655/no_pruning/run_stdout_1.log,1
no_reorder,0,0,0,0,0,0,1,59,5,763,655,3673.401618,3678.063624, 453.284027, 0.991680, 2.206122, 30874.043100, 23373, 22061.222994,results/ablation_20251205_022349/params_M59_ML5_EFC763_EFS655/no_reorder/run_stdout_1.log,1
no_simd,0,0,1,0,0,0,0,59,5,763,655,4076.873600,4082.059848, 452.522552, 0.991680, 2.209835, 30874.043100, 23373, 22098.346155,results/ablation_20251205_022349/params_M59_ML5_EFC763_EFS655/no_simd/run_stdout_1.log,1
nothing,1,1,1,1,1,1,1,59,5,763,655,3765.203835,5007.777798, 255.795937, 0.000000, 3.909366, 30868.326700, 23252, 39093.662322,results/ablation_20251205_022349/params_M59_ML5_EFC763_EFS655/nothing/run_stdout_1.log,1
dynamic_struct,0,0,0,0,0,1,0,59,5,763,660,3852.147441,3857.109851, 458.205446, 0.991820, 2.182427, 31080.034300, 23499, 21824.271380,results/ablation_20251205_022349/params_M59_ML5_EFC763_EFS660/dynamic_struct/run_stdout_1.log,1
dynamic_with_opts,0,0,0,0,0,1,0,59,5,763,660,3752.897014,3758.013419, 452.382362, 0.991820, 2.210519, 31080.034300, 23499, 22105.194278,results/ablation_20251205_022349/params_M59_ML5_EFC763_EFS660/dynamic_with_opts/run_stdout_1.log,1
full,0,0,0,0,0,0,0,59,5,763,660,3776.986804,3781.874227, 450.501457, 0.991820, 2.219749, 31080.034300, 23499, 22197.486477,results/ablation_20251205_022349/params_M59_ML5_EFC763_EFS660/full/run_stdout_1.log,1
heap,0,0,0,0,1,0,0,59,5,763,660,3917.316219,3922.244529, 448.180575, 0.991820, 2.231244, 31080.034300, 23499, 22312.435116,results/ablation_20251205_022349/params_M59_ML5_EFC763_EFS660/heap/run_stdout_1.log,1
no_csr,1,0,0,0,0,0,0,59,5,763,660,3736.655697,4958.278504, 271.678337, 0.000000, 3.680823, 31074.317500, 23378, 36808.234713,results/ablation_20251205_022349/params_M59_ML5_EFC763_EFS660/no_csr/run_stdout_1.log,1
no_prefetch,0,1,0,0,0,0,0,59,5,763,660,3802.780198,3807.664378, 377.528696, 0.991820, 2.648805, 31080.034300, 23499, 26488.052718,results/ablation_20251205_022349/params_M59_ML5_EFC763_EFS660/no_prefetch/run_stdout_1.log,1
no_pruning,0,0,0,1,0,0,0,59,5,763,660,3986.550303,3991.618737, 450.979131, 0.991820, 2.217398, 31080.034300, 23499, 22173.975044,results/ablation_20251205_022349/params_M59_ML5_EFC763_EFS660/no_pruning/run_stdout_1.log,1
no_reorder,0,0,0,0,0,0,1,59,5,763,660,3744.634293,3749.834241, 446.404238, 0.991820, 2.240122, 31080.034300, 23499, 22401.221043,results/ablation_20251205_022349/params_M59_ML5_EFC763_EFS660/no_reorder/run_stdout_1.log,1
no_simd,0,0,1,0,0,0,0,59,5,763,660,3871.413667,3876.380601, 404.249381, 0.991820, 2.473721, 31080.034300, 23499, 24737.205471,results/ablation_20251205_022349/params_M59_ML5_EFC763_EFS660/no_simd/run_stdout_1.log,1
nothing,1,1,1,1,1,1,1,59,5,763,660,3726.462926,4962.430487, 215.535071, 0.000000, 4.639616, 31074.317500, 23378, 46396.161623,results/ablation_20251205_022349/params_M59_ML5_EFC763_EFS660/nothing/run_stdout_1.log,1
dynamic_struct,0,0,0,0,0,1,0,59,5,763,665,3772.355830,3777.417879, 449.308137, 0.991980, 2.225644, 31286.864700, 23656, 22256.440882,results/ablation_20251205_022349/params_M59_ML5_EFC763_EFS665/dynamic_struct/run_stdout_1.log,1
dynamic_with_opts,0,0,0,0,0,1,0,59,5,763,665,3797.388387,3802.641512, 446.821620, 0.991980, 2.238030, 31286.864700, 23656, 22380.295724,results/ablation_20251205_022349/params_M59_ML5_EFC763_EFS665/dynamic_with_opts/run_stdout_1.log,1
full,0,0,0,0,0,0,0,59,5,763,665,3789.744792,3794.886690, 449.338938, 0.991980, 2.225492, 31286.864700, 23656, 22254.915291,results/ablation_20251205_022349/params_M59_ML5_EFC763_EFS665/full/run_stdout_1.log,1
heap,0,0,0,0,1,0,0,59,5,763,665,3759.465993,3765.253459, 449.081404, 0.991980, 2.226768, 31286.864700, 23656, 22267.677771,results/ablation_20251205_022349/params_M59_ML5_EFC763_EFS665/heap/run_stdout_1.log,1
no_csr,1,0,0,0,0,0,0,59,5,763,665,3717.848835,4964.196663, 270.627446, 0.000000, 3.695117, 31281.048500, 23535, 36951.167235,results/ablation_20251205_022349/params_M59_ML5_EFC763_EFS665/no_csr/run_stdout_1.log,1
no_prefetch,0,1,0,0,0,0,0,59,5,763,665,3990.911272,3995.901454, 376.927170, 0.991980, 2.653032, 31286.864700, 23656, 26530.324136,results/ablation_20251205_022349/params_M59_ML5_EFC763_EFS665/no_prefetch/run_stdout_1.log,1
no_pruning,0,0,0,1,0,0,0,59,5,763,665,3723.825038,3728.814303, 397.385413, 0.991980, 2.516449, 31286.864700, 23656, 25164.486842,results/ablation_20251205_022349/params_M59_ML5_EFC763_EFS665/no_pruning/run_stdout_1.log,1
no_reorder,0,0,0,0,0,0,1,59,5,763,665,3759.794308,3764.764147, 444.482769, 0.991980, 2.249806, 31286.864700, 23656, 22498.060000,results/ablation_20251205_022349/params_M59_ML5_EFC763_EFS665/no_reorder/run_stdout_1.log,1
no_simd,0,0,1,0,0,0,0,59,5,763,665,3720.760616,3725.730894, 447.355265, 0.991980, 2.235360, 31286.864700, 23656, 22353.598568,results/ablation_20251205_022349/params_M59_ML5_EFC763_EFS665/no_simd/run_stdout_1.log,1
nothing,1,1,1,1,1,1,1,59,5,763,665,3944.301247,5186.953442, 242.453941, 0.000000, 4.124495, 31281.048500, 23535, 41244.947281,results/ablation_20251205_022349/params_M59_ML5_EFC763_EFS665/nothing/run_stdout_1.log,1
dynamic_struct,0,0,0,0,0,1,0,59,5,763,670,4019.160645,4024.219627, 439.996533, 0.992140, 2.272745, 31492.561000, 23742, 22727.451785,results/ablation_20251205_022349/params_M59_ML5_EFC763_EFS670/dynamic_struct/run_stdout_1.log,1
dynamic_with_opts,0,0,0,0,0,1,0,59,5,763,670,3685.895534,3690.669283, 445.751567, 0.992140, 2.243402, 31492.561000, 23742, 22434.020950,results/ablation_20251205_022349/params_M59_ML5_EFC763_EFS670/dynamic_with_opts/run_stdout_1.log,1
full,0,0,0,0,0,0,0,59,5,763,670,3978.263730,3984.811188, 405.584979, 0.992140, 2.465575, 31492.561000, 23742, 24655.745454,results/ablation_20251205_022349/params_M59_ML5_EFC763_EFS670/full/run_stdout_1.log,1
heap,0,0,0,0,1,0,0,59,5,763,670,3690.056851,3695.002594, 389.837912, 0.992140, 2.565169, 31492.561000, 23742, 25651.686726,results/ablation_20251205_022349/params_M59_ML5_EFC763_EFS670/heap/run_stdout_1.log,1
no_csr,1,0,0,0,0,0,0,59,5,763,670,3917.368290,5154.570864, 267.731852, 0.000000, 3.735080, 31486.944100, 23621, 37350.804200,results/ablation_20251205_022349/params_M59_ML5_EFC763_EFS670/no_csr/run_stdout_1.log,1
no_prefetch,0,1,0,0,0,0,0,59,5,763,670,3891.752143,3896.682558, 372.924480, 0.992140, 2.681508, 31492.561000, 23742, 26815.080596,results/ablation_20251205_022349/params_M59_ML5_EFC763_EFS670/no_prefetch/run_stdout_1.log,1
no_pruning,0,0,0,1,0,0,0,59,5,763,670,3717.327748,3722.065618, 441.742856, 0.992140, 2.263760, 31492.561000, 23742, 22637.604351,results/ablation_20251205_022349/params_M59_ML5_EFC763_EFS670/no_pruning/run_stdout_1.log,1
no_reorder,0,0,0,0,0,0,1,59,5,763,670,3675.287426,3680.516846, 444.580899, 0.992140, 2.249309, 31492.561000, 23742, 22493.094106,results/ablation_20251205_022349/params_M59_ML5_EFC763_EFS670/no_reorder/run_stdout_1.log,1
no_simd,0,0,1,0,0,0,0,59,5,763,670,3647.950884,3652.723657, 442.060404, 0.992140, 2.262134, 31492.561000, 23742, 22621.342936,results/ablation_20251205_022349/params_M59_ML5_EFC763_EFS670/no_simd/run_stdout_1.log,1
nothing,1,1,1,1,1,1,1,59,5,763,670,3749.911667,5003.769612, 249.222819, 0.000000, 4.012474, 31486.944100, 23621, 40124.736763,results/ablation_20251205_022349/params_M59_ML5_EFC763_EFS670/nothing/run_stdout_1.log,1
dynamic_struct,0,0,0,0,0,1,0,59,5,763,675,3711.462954,3716.374934, 385.377901, 0.992220, 2.594856, 31698.400800, 23836, 25948.555890,results/ablation_20251205_022349/params_M59_ML5_EFC763_EFS675/dynamic_struct/run_stdout_1.log,1
dynamic_with_opts,0,0,0,0,0,1,0,59,5,763,675,3702.217396,3707.176990, 437.200570, 0.992220, 2.287280, 31698.400800, 23836, 22872.797257,results/ablation_20251205_022349/params_M59_ML5_EFC763_EFS675/dynamic_with_opts/run_stdout_1.log,1
full,0,0,0,0,0,0,0,59,5,763,675,3833.309317,3838.174428, 431.799885, 0.992220, 2.315888, 31698.400800, 23836, 23158.876006,results/ablation_20251205_022349/params_M59_ML5_EFC763_EFS675/full/run_stdout_1.log,1
heap,0,0,0,0,1,0,0,59,5,763,675,3715.692325,3720.621848, 437.586964, 0.992220, 2.285260, 31698.400800, 23836, 22852.600353,results/ablation_20251205_022349/params_M59_ML5_EFC763_EFS675/heap/run_stdout_1.log,1
no_csr,1,0,0,0,0,0,0,59,5,763,675,3957.984508,6747.839270, 263.848254, 0.000000, 3.790057, 31692.645800, 23715, 37900.572977,results/ablation_20251205_022349/params_M59_ML5_EFC763_EFS675/no_csr/run_stdout_1.log,1
no_prefetch,0,1,0,0,0,0,0,59,5,763,675,3816.001268,3821.066707, 370.329926, 0.992220, 2.700295, 31698.400800, 23836, 27002.948720,results/ablation_20251205_022349/params_M59_ML5_EFC763_EFS675/no_prefetch/run_stdout_1.log,1
no_pruning,0,0,0,1,0,0,0,59,5,763,675,3776.400271,3781.374076, 439.262066, 0.992220, 2.276545, 31698.400800, 23836, 22765.453174,results/ablation_20251205_022349/params_M59_ML5_EFC763_EFS675/no_pruning/run_stdout_1.log,1
no_reorder,0,0,0,0,0,0,1,59,5,763,675,3882.445096,3887.530469, 430.763280, 0.992220, 2.321461, 31698.400800, 23836, 23214.606411,results/ablation_20251205_022349/params_M59_ML5_EFC763_EFS675/no_reorder/run_stdout_1.log,1
no_simd,0,0,1,0,0,0,0,59,5,763,675,3694.094939,3698.987443, 438.495541, 0.992220, 2.280525, 31698.400800, 23836, 22805.249026,results/ablation_20251205_022349/params_M59_ML5_EFC763_EFS675/no_simd/run_stdout_1.log,1
nothing,1,1,1,1,1,1,1,59,5,763,675,3755.064105,4996.903510, 245.763639, 0.000000, 4.068950, 31692.645800, 23715, 40689.501650,results/ablation_20251205_022349/params_M59_ML5_EFC763_EFS675/nothing/run_stdout_1.log,1
dynamic_struct,0,0,0,0,0,1,0,59,5,763,680,3918.039309,3923.124066, 432.412980, 0.992360, 2.312604, 31903.900800, 23933, 23126.040302,results/ablation_20251205_022349/params_M59_ML5_EFC763_EFS680/dynamic_struct/run_stdout_1.log,1
dynamic_with_opts,0,0,0,0,0,1,0,59,5,763,680,3929.458454,3934.748708, 429.641541, 0.992360, 2.327522, 31903.900800, 23933, 23275.216749,results/ablation_20251205_022349/params_M59_ML5_EFC763_EFS680/dynamic_with_opts/run_stdout_1.log,1
full,0,0,0,0,0,0,0,59,5,763,680,3850.982196,3855.964488, 431.559574, 0.992360, 2.317177, 31903.900800, 23933, 23171.771854,results/ablation_20251205_022349/params_M59_ML5_EFC763_EFS680/full/run_stdout_1.log,1
heap,0,0,0,0,1,0,0,59,5,763,680,3905.567031,3910.382737, 428.725496, 0.992360, 2.332495, 31903.900800, 23933, 23324.948255,results/ablation_20251205_022349/params_M59_ML5_EFC763_EFS680/heap/run_stdout_1.log,1
no_csr,1,0,0,0,0,0,0,59,5,763,680,3722.296483,4972.533227, 223.242090, 0.000000, 4.479442, 31898.394500, 23812, 44794.420251,results/ablation_20251205_022349/params_M59_ML5_EFC763_EFS680/no_csr/run_stdout_1.log,1
no_prefetch,0,1,0,0,0,0,0,59,5,763,680,3898.068324,3903.089198, 359.778805, 0.992360, 2.779486, 31903.900800, 23933, 27794.855801,results/ablation_20251205_022349/params_M59_ML5_EFC763_EFS680/no_prefetch/run_stdout_1.log,1
no_pruning,0,0,0,1,0,0,0,59,5,763,680,3893.950631,3899.293816, 427.745975, 0.992360, 2.337836, 31903.900800, 23933, 23378.361415,results/ablation_20251205_022349/params_M59_ML5_EFC763_EFS680/no_pruning/run_stdout_1.log,1
no_reorder,0,0,0,0,0,0,1,59,5,763,680,3980.685840,3985.949624, 381.055817, 0.992360, 2.624287, 31903.900800, 23933, 26242.874531,results/ablation_20251205_022349/params_M59_ML5_EFC763_EFS680/no_reorder/run_stdout_1.log,1
no_simd,0,0,1,0,0,0,0,59,5,763,680,3822.114555,3827.357872, 434.599541, 0.992360, 2.300969, 31903.900800, 23933, 23009.688366,results/ablation_20251205_022349/params_M59_ML5_EFC763_EFS680/no_simd/run_stdout_1.log,1
nothing,1,1,1,1,1,1,1,59,5,763,680,3726.858278,4996.931119, 240.678999, 0.000000, 4.154912, 31898.394500, 23812, 41549.117454,results/ablation_20251205_022349/params_M59_ML5_EFC763_EFS680/nothing/run_stdout_1.log,1
dynamic_struct,0,0,0,0,0,1,0,59,5,763,685,3713.843374,3718.738677, 434.410209, 0.992430, 2.301972, 32109.890000, 24122, 23019.716840,results/ablation_20251205_022349/params_M59_ML5_EFC763_EFS685/dynamic_struct/run_stdout_1.log,1
dynamic_with_opts,0,0,0,0,0,1,0,59,5,763,685,3887.706377,3893.288864, 420.491378, 0.992430, 2.378170, 32109.890000, 24122, 23781.700439,results/ablation_20251205_022349/params_M59_ML5_EFC763_EFS685/dynamic_with_opts/run_stdout_1.log,1
full,0,0,0,0,0,0,0,59,5,763,685,3813.327054,3818.618260, 432.878523, 0.992430, 2.310117, 32109.890000, 24122, 23101.169216,results/ablation_20251205_022349/params_M59_ML5_EFC763_EFS685/full/run_stdout_1.log,1
heap,0,0,0,0,1,0,0,59,5,763,685,3733.236443,3738.381138, 431.727960, 0.992430, 2.316273, 32109.890000, 24122, 23162.734211,results/ablation_20251205_022349/params_M59_ML5_EFC763_EFS685/heap/run_stdout_1.log,1
no_csr,1,0,0,0,0,0,0,59,5,763,685,3748.478286,4991.811153, 260.374914, 0.000000, 3.840616, 32104.311200, 24001, 38406.157634,results/ablation_20251205_022349/params_M59_ML5_EFC763_EFS685/no_csr/run_stdout_1.log,1
no_prefetch,0,1,0,0,0,0,0,59,5,763,685,3949.353667,3954.992581, 355.885912, 0.992430, 2.809889, 32109.890000, 24122, 28098.892545,results/ablation_20251205_022349/params_M59_ML5_EFC763_EFS685/no_prefetch/run_stdout_1.log,1
no_pruning,0,0,0,1,0,0,0,59,5,763,685,3703.632919,3708.602533, 426.918460, 0.992430, 2.342368, 32109.890000, 24122, 23423.676764,results/ablation_20251205_022349/params_M59_ML5_EFC763_EFS685/no_pruning/run_stdout_1.log,1
no_reorder,0,0,0,0,0,0,1,59,5,763,685,3778.652931,3783.660606, 426.697692, 0.992430, 2.343580, 32109.890000, 24122, 23435.795876,results/ablation_20251205_022349/params_M59_ML5_EFC763_EFS685/no_reorder/run_stdout_1.log,1
no_simd,0,0,1,0,0,0,0,59,5,763,685,3724.052097,3729.009713, 431.149437, 0.992430, 2.319381, 32109.890000, 24122, 23193.814351,results/ablation_20251205_022349/params_M59_ML5_EFC763_EFS685/no_simd/run_stdout_1.log,1
nothing,1,1,1,1,1,1,1,59,5,763,685,3752.700054,5053.874318, 236.324420, 0.000000, 4.231471, 32104.311200, 24001, 42314.713055,results/ablation_20251205_022349/params_M59_ML5_EFC763_EFS685/nothing/run_stdout_1.log,1
dynamic_struct,0,0,0,0,0,1,0,59,5,763,690,3987.341154,3992.250417, 423.410469, 0.992530, 2.361774, 32313.909000, 24245, 23617.743877,results/ablation_20251205_022349/params_M59_ML5_EFC763_EFS690/dynamic_struct/run_stdout_1.log,1
dynamic_with_opts,0,0,0,0,0,1,0,59,5,763,690,3930.554052,3935.975548, 372.278497, 0.992530, 2.686161, 32313.909000, 24245, 26861.610524,results/ablation_20251205_022349/params_M59_ML5_EFC763_EFS690/dynamic_with_opts/run_stdout_1.log,1
full,0,0,0,0,0,0,0,59,5,763,690,3787.923584,3792.981149, 418.627717, 0.992530, 2.388757, 32313.909000, 24245, 23887.572669,results/ablation_20251205_022349/params_M59_ML5_EFC763_EFS690/full/run_stdout_1.log,1
heap,0,0,0,0,1,0,0,59,5,763,690,3909.551889,3914.504565, 421.437400, 0.992530, 2.372832, 32313.909000, 24245, 23728.316451,results/ablation_20251205_022349/params_M59_ML5_EFC763_EFS690/heap/run_stdout_1.log,1
no_csr,1,0,0,0,0,0,0,59,5,763,690,3763.539665,5056.986521, 257.995191, 0.000000, 3.876041, 32308.456000, 24125, 38760.412388,results/ablation_20251205_022349/params_M59_ML5_EFC763_EFS690/no_csr/run_stdout_1.log,1
no_prefetch,0,1,0,0,0,0,0,59,5,763,690,3855.127355,3860.439477, 322.802707, 0.992530, 3.097867, 32313.909000, 24245, 30978.674519,results/ablation_20251205_022349/params_M59_ML5_EFC763_EFS690/no_prefetch/run_stdout_1.log,1
no_pruning,0,0,0,1,0,0,0,59,5,763,690,3916.492988,3921.465458, 424.134342, 0.992530, 2.357744, 32313.909000, 24245, 23577.435270,results/ablation_20251205_022349/params_M59_ML5_EFC763_EFS690/no_pruning/run_stdout_1.log,1
no_reorder,0,0,0,0,0,0,1,59,5,763,690,3941.046896,3946.169643, 419.663308, 0.992530, 2.382863, 32313.909000, 24245, 23828.625975,results/ablation_20251205_022349/params_M59_ML5_EFC763_EFS690/no_reorder/run_stdout_1.log,1
no_simd,0,0,1,0,0,0,0,59,5,763,690,4105.041253,4110.199147, 422.428103, 0.992530, 2.367267, 32313.909000, 24245, 23672.667455,results/ablation_20251205_022349/params_M59_ML5_EFC763_EFS690/no_simd/run_stdout_1.log,1
nothing,1,1,1,1,1,1,1,59,5,763,690,3829.169355,5177.188648, 235.024519, 0.000000, 4.254875, 32308.456000, 24125, 42548.752045,results/ablation_20251205_022349/params_M59_ML5_EFC763_EFS690/nothing/run_stdout_1.log,1
dynamic_struct,0,0,0,0,0,1,0,59,5,763,695,3787.050936,3792.004032, 412.767724, 0.992620, 2.422670, 32517.736300, 24433, 24226.700440,results/ablation_20251205_022349/params_M59_ML5_EFC763_EFS695/dynamic_struct/run_stdout_1.log,1
dynamic_with_opts,0,0,0,0,0,1,0,59,5,763,695,3749.008197,3754.190303, 375.797771, 0.992620, 2.661006, 32517.736300, 24433, 26610.056751,results/ablation_20251205_022349/params_M59_ML5_EFC763_EFS695/dynamic_with_opts/run_stdout_1.log,1
full,0,0,0,0,0,0,0,59,5,763,695,3902.893607,3907.894898, 425.886436, 0.992620, 2.348044, 32517.736300, 24433, 23480.437861,results/ablation_20251205_022349/params_M59_ML5_EFC763_EFS695/full/run_stdout_1.log,1
heap,0,0,0,0,1,0,0,59,5,763,695,3767.525324,3772.582294, 415.532346, 0.992620, 2.406552, 32517.736300, 24433, 24065.515227,results/ablation_20251205_022349/params_M59_ML5_EFC763_EFS695/heap/run_stdout_1.log,1
no_csr,1,0,0,0,0,0,0,59,5,763,695,3716.040164,5000.079563, 252.276923, 0.000000, 3.963898, 32512.226400, 24315, 39638.980453,results/ablation_20251205_022349/params_M59_ML5_EFC763_EFS695/no_csr/run_stdout_1.log,1
no_prefetch,0,1,0,0,0,0,0,59,5,763,695,3849.221575,3854.720073, 350.573399, 0.992620, 2.852470, 32517.736300, 24433, 28524.697037,results/ablation_20251205_022349/params_M59_ML5_EFC763_EFS695/no_prefetch/run_stdout_1.log,1
no_pruning,0,0,0,1,0,0,0,59,5,763,695,3740.811385,3746.297156, 418.096534, 0.992620, 2.391792, 32517.736300, 24433, 23917.921309,results/ablation_20251205_022349/params_M59_ML5_EFC763_EFS695/no_pruning/run_stdout_1.log,1
no_reorder,0,0,0,0,0,0,1,59,5,763,695,3744.595867,3749.833653, 408.679000, 0.992620, 2.446908, 32517.736300, 24433, 24469.082073,results/ablation_20251205_022349/params_M59_ML5_EFC763_EFS695/no_reorder/run_stdout_1.log,1
no_simd,0,0,1,0,0,0,0,59,5,763,695,4450.794058,4456.823409, 410.636503, 0.992620, 2.435244, 32517.736300, 24433, 24352.438050,results/ablation_20251205_022349/params_M59_ML5_EFC763_EFS695/no_simd/run_stdout_1.log,1
nothing,1,1,1,1,1,1,1,59,5,763,695,3870.928214,5196.105114, 235.264170, 0.000000, 4.250541, 32512.226400, 24315, 42505.409975,results/ablation_20251205_022349/params_M59_ML5_EFC763_EFS695/nothing/run_stdout_1.log,1
dynamic_struct,0,0,0,0,0,1,0,59,5,763,700,3742.904313,3747.848473, 411.164991, 0.992720, 2.432114, 32721.846400, 24619, 24321.136842,results/ablation_20251205_022349/params_M59_ML5_EFC763_EFS700/dynamic_struct/run_stdout_1.log,1
dynamic_with_opts,0,0,0,0,0,1,0,59,5,763,700,3743.082263,3747.967648, 410.174460, 0.992720, 2.437987, 32721.846400, 24619, 24379.869978,results/ablation_20251205_022349/params_M59_ML5_EFC763_EFS700/dynamic_with_opts/run_stdout_1.log,1
full,0,0,0,0,0,0,0,59,5,763,700,3936.789275,3942.148148, 409.671995, 0.992720, 2.440977, 32721.846400, 24619, 24409.772033,results/ablation_20251205_022349/params_M59_ML5_EFC763_EFS700/full/run_stdout_1.log,1
heap,0,0,0,0,1,0,0,59,5,763,700,3757.857793,3762.932050, 409.525784, 0.992720, 2.441849, 32721.846400, 24619, 24418.486923,results/ablation_20251205_022349/params_M59_ML5_EFC763_EFS700/heap/run_stdout_1.log,1
no_csr,1,0,0,0,0,0,0,59,5,763,700,3745.275592,5101.420911, 251.457390, 0.000000, 3.976817, 32716.144200, 24500, 39768.169107,results/ablation_20251205_022349/params_M59_ML5_EFC763_EFS700/no_csr/run_stdout_1.log,1
no_prefetch,0,1,0,0,0,0,0,59,5,763,700,3925.677104,3931.206351, 343.433975, 0.992720, 2.911768, 32721.846400, 24619, 29117.678297,results/ablation_20251205_022349/params_M59_ML5_EFC763_EFS700/no_prefetch/run_stdout_1.log,1
no_pruning,0,0,0,1,0,0,0,59,5,763,700,4011.598495,4016.612247, 413.406574, 0.992720, 2.418926, 32721.846400, 24619, 24189.262163,results/ablation_20251205_022349/params_M59_ML5_EFC763_EFS700/no_pruning/run_stdout_1.log,1
no_reorder,0,0,0,0,0,0,1,59,5,763,700,3739.737883,3744.568323, 417.062569, 0.992720, 2.397722, 32721.846400, 24619, 23977.217691,results/ablation_20251205_022349/params_M59_ML5_EFC763_EFS700/no_reorder/run_stdout_1.log,1
no_simd,0,0,1,0,0,0,0,59,5,763,700,3726.942182,3731.962191, 356.605659, 0.992720, 2.804218, 32721.846400, 24619, 28042.179791,results/ablation_20251205_022349/params_M59_ML5_EFC763_EFS700/no_simd/run_stdout_1.log,1
nothing,1,1,1,1,1,1,1,59,5,763,700,3763.265637,5118.038583, 197.846680, 0.000000, 5.054419, 32716.144200, 24500, 50544.189040,results/ablation_20251205_022349/params_M59_ML5_EFC763_EFS700/nothing/run_stdout_1.log,1
dynamic_struct,0,0,0,0,0,1,0,59,5,763,705,3793.790799,3799.057970, 403.858511, 0.992830, 2.476115, 32926.126800, 24726, 24761.147104,results/ablation_20251205_022349/params_M59_ML5_EFC763_EFS705/dynamic_struct/run_stdout_1.log,1
dynamic_with_opts,0,0,0,0,0,1,0,59,5,763,705,3739.788630,3744.779533, 411.147632, 0.992830, 2.432216, 32926.126800, 24726, 24322.163691,results/ablation_20251205_022349/params_M59_ML5_EFC763_EFS705/dynamic_with_opts/run_stdout_1.log,1
full,0,0,0,0,0,0,0,59,5,763,705,3913.930323,3919.752144, 401.028471, 0.992830, 2.493589, 32926.126800, 24726, 24935.885437,results/ablation_20251205_022349/params_M59_ML5_EFC763_EFS705/full/run_stdout_1.log,1
heap,0,0,0,0,1,0,0,59,5,763,705,3789.416125,3794.428790, 400.358177, 0.992830, 2.497763, 32926.126800, 24726, 24977.633940,results/ablation_20251205_022349/params_M59_ML5_EFC763_EFS705/heap/run_stdout_1.log,1
no_csr,1,0,0,0,0,0,0,59,5,763,705,3797.128247,5270.433167, 244.797108, 0.000000, 4.085016, 32920.297100, 24608, 40850.155790,results/ablation_20251205_022349/params_M59_ML5_EFC763_EFS705/no_csr/run_stdout_1.log,1
no_prefetch,0,1,0,0,0,0,0,59,5,763,705,3865.573733,3870.661383, 343.624149, 0.992830, 2.910156, 32926.126800, 24726, 29101.563551,results/ablation_20251205_022349/params_M59_ML5_EFC763_EFS705/no_prefetch/run_stdout_1.log,1
no_pruning,0,0,0,1,0,0,0,59,5,763,705,4045.013890,4049.967609, 409.322019, 0.992830, 2.443064, 32926.126800, 24726, 24430.642741,results/ablation_20251205_022349/params_M59_ML5_EFC763_EFS705/no_pruning/run_stdout_1.log,1
no_reorder,0,0,0,0,0,0,1,59,5,763,705,3775.151260,3780.281327, 409.957816, 0.992830, 2.439275, 32926.126800, 24726, 24392.753595,results/ablation_20251205_022349/params_M59_ML5_EFC763_EFS705/no_reorder/run_stdout_1.log,1
no_simd,0,0,1,0,0,0,0,59,5,763,705,3729.131993,3734.061696, 358.353619, 0.992830, 2.790540, 32926.126800, 24726, 27905.396988,results/ablation_20251205_022349/params_M59_ML5_EFC763_EFS705/no_simd/run_stdout_1.log,1
nothing,1,1,1,1,1,1,1,59,5,763,705,3717.191082,8075.647295, 226.075768, 0.000000, 4.423296, 32920.297100, 24608, 44232.958221,results/ablation_20251205_022349/params_M59_ML5_EFC763_EFS705/nothing/run_stdout_1.log,1
dynamic_struct,0,0,0,0,0,1,0,59,5,763,710,3710.210271,3714.909642, 405.217975, 0.992960, 2.467808, 33130.843400, 24891, 24678.076054,results/ablation_20251205_022349/params_M59_ML5_EFC763_EFS710/dynamic_struct/run_stdout_1.log,1
dynamic_with_opts,0,0,0,0,0,1,0,59,5,763,710,3694.778602,3700.001859, 402.340717, 0.992960, 2.485456, 33130.843400, 24891, 24854.556297,results/ablation_20251205_022349/params_M59_ML5_EFC763_EFS710/dynamic_with_opts/run_stdout_1.log,1
full,0,0,0,0,0,0,0,59,5,763,710,3787.145912,3792.174572, 405.167288, 0.992960, 2.468116, 33130.843400, 24891, 24681.163287,results/ablation_20251205_022349/params_M59_ML5_EFC763_EFS710/full/run_stdout_1.log,1
heap,0,0,0,0,1,0,0,59,5,763,710,3729.138768,3734.289987, 403.602833, 0.992960, 2.477683, 33130.843400, 24891, 24776.833010,results/ablation_20251205_022349/params_M59_ML5_EFC763_EFS710/heap/run_stdout_1.log,1
no_csr,1,0,0,0,0,0,0,59,5,763,710,3684.053831,4933.129743, 245.244331, 0.000000, 4.077566, 33125.282900, 24773, 40775.662214,results/ablation_20251205_022349/params_M59_ML5_EFC763_EFS710/no_csr/run_stdout_1.log,1
no_prefetch,0,1,0,0,0,0,0,59,5,763,710,3802.399231,3807.297534, 340.491939, 0.992960, 2.936927, 33130.843400, 24891, 29369.270889,results/ablation_20251205_022349/params_M59_ML5_EFC763_EFS710/no_prefetch/run_stdout_1.log,1
no_pruning,0,0,0,1,0,0,0,59,5,763,710,3865.633825,3870.945677, 405.591543, 0.992960, 2.465535, 33130.843400, 24891, 24655.346403,results/ablation_20251205_022349/params_M59_ML5_EFC763_EFS710/no_pruning/run_stdout_1.log,1
no_reorder,0,0,0,0,0,0,1,59,5,763,710,3678.026312,3683.157750, 395.847655, 0.992960, 2.526224, 33130.843400, 24891, 25262.243892,results/ablation_20251205_022349/params_M59_ML5_EFC763_EFS710/no_reorder/run_stdout_1.log,1
no_simd,0,0,1,0,0,0,0,59,5,763,710,3667.435269,3672.257695, 358.975709, 0.992960, 2.785704, 33130.843400, 24891, 27857.038105,results/ablation_20251205_022349/params_M59_ML5_EFC763_EFS710/no_simd/run_stdout_1.log,1
nothing,1,1,1,1,1,1,1,59,5,763,710,3737.286828,4979.924368, 194.368920, 0.000000, 5.144855, 33125.282900, 24773, 51448.554578,results/ablation_20251205_022349/params_M59_ML5_EFC763_EFS710/nothing/run_stdout_1.log,1
dynamic_struct,0,0,0,0,0,1,0,59,5,763,715,3789.535109,3794.674869, 390.771462, 0.993060, 2.559041, 33333.690300, 25037, 25590.405085,results/ablation_20251205_022349/params_M59_ML5_EFC763_EFS715/dynamic_struct/run_stdout_1.log,1
dynamic_with_opts,0,0,0,0,0,1,0,59,5,763,715,3765.348687,3770.232894, 401.164371, 0.993060, 2.492744, 33333.690300, 25037, 24927.438005,results/ablation_20251205_022349/params_M59_ML5_EFC763_EFS715/dynamic_with_opts/run_stdout_1.log,1
full,0,0,0,0,0,0,0,59,5,763,715,3850.888812,3855.971294, 396.839284, 0.993060, 2.519912, 33333.690300, 25037, 25199.118154,results/ablation_20251205_022349/params_M59_ML5_EFC763_EFS715/full/run_stdout_1.log,1
heap,0,0,0,0,1,0,0,59,5,763,715,3959.535971,3964.551987, 401.554524, 0.993060, 2.490322, 33333.690300, 25037, 24903.218365,results/ablation_20251205_022349/params_M59_ML5_EFC763_EFS715/heap/run_stdout_1.log,1
no_csr,1,0,0,0,0,0,0,59,5,763,715,3924.769072,5189.594872, 241.658070, 0.000000, 4.138078, 33328.187300, 24919, 41380.782370,results/ablation_20251205_022349/params_M59_ML5_EFC763_EFS715/no_csr/run_stdout_1.log,1
no_prefetch,0,1,0,0,0,0,0,59,5,763,715,3817.792407,3822.895132, 336.893427, 0.993060, 2.968298, 33333.690300, 25037, 29682.977428,results/ablation_20251205_022349/params_M59_ML5_EFC763_EFS715/no_prefetch/run_stdout_1.log,1
no_pruning,0,0,0,1,0,0,0,59,5,763,715,4086.716371,4092.095495, 399.171452, 0.993060, 2.505189, 33333.690300, 25037, 25051.891738,results/ablation_20251205_022349/params_M59_ML5_EFC763_EFS715/no_pruning/run_stdout_1.log,1
no_reorder,0,0,0,0,0,0,1,59,5,763,715,3733.736348,3739.226741, 402.181850, 0.993060, 2.486437, 33333.690300, 25037, 24864.374176,results/ablation_20251205_022349/params_M59_ML5_EFC763_EFS715/no_reorder/run_stdout_1.log,1
no_simd,0,0,1,0,0,0,0,59,5,763,715,3761.744212,3766.848825, 359.498349, 0.993060, 2.781654, 33333.690300, 25037, 27816.539454,results/ablation_20251205_022349/params_M59_ML5_EFC763_EFS715/no_simd/run_stdout_1.log,1
nothing,1,1,1,1,1,1,1,59,5,763,715,4733.565614,7770.818338, 223.421746, 0.000000, 4.475840, 33328.187300, 24919, 44758.400569,results/ablation_20251205_022349/params_M59_ML5_EFC763_EFS715/nothing/run_stdout_1.log,1
dynamic_struct,0,0,0,0,0,1,0,59,5,763,720,3744.830481,3749.765337, 395.315571, 0.993190, 2.529625, 33536.552200, 25301, 25296.246147,results/ablation_20251205_022349/params_M59_ML5_EFC763_EFS720/dynamic_struct/run_stdout_1.log,1
dynamic_with_opts,0,0,0,0,0,1,0,59,5,763,720,3740.922502,3745.864277, 392.765518, 0.993190, 2.546048, 33536.552200, 25301, 25460.483553,results/ablation_20251205_022349/params_M59_ML5_EFC763_EFS720/dynamic_with_opts/run_stdout_1.log,1
full,0,0,0,0,0,0,0,59,5,763,720,3758.085093,3763.149435, 396.992090, 0.993190, 2.518942, 33536.552200, 25301, 25189.418777,results/ablation_20251205_022349/params_M59_ML5_EFC763_EFS720/full/run_stdout_1.log,1
heap,0,0,0,0,1,0,0,59,5,763,720,3765.244925,3770.194796, 397.985658, 0.993190, 2.512653, 33536.552200, 25301, 25126.533562,results/ablation_20251205_022349/params_M59_ML5_EFC763_EFS720/heap/run_stdout_1.log,1
no_csr,1,0,0,0,0,0,0,59,5,763,720,3780.289692,5039.166552, 240.150437, 0.000000, 4.164057, 33530.749300, 25183, 41640.565551,results/ablation_20251205_022349/params_M59_ML5_EFC763_EFS720/no_csr/run_stdout_1.log,1
no_prefetch,0,1,0,0,0,0,0,59,5,763,720,3888.539669,3893.624670, 335.839027, 0.993190, 2.977617, 33536.552200, 25301, 29776.170087,results/ablation_20251205_022349/params_M59_ML5_EFC763_EFS720/no_prefetch/run_stdout_1.log,1
no_pruning,0,0,0,1,0,0,0,59,5,763,720,3869.609954,3874.653031, 395.522707, 0.993190, 2.528300, 33536.552200, 25301, 25282.998489,results/ablation_20251205_022349/params_M59_ML5_EFC763_EFS720/no_pruning/run_stdout_1.log,1
no_reorder,0,0,0,0,0,0,1,59,5,763,720,3764.562205,3769.724427, 394.249354, 0.993190, 2.536466, 33536.552200, 25301, 25364.657901,results/ablation_20251205_022349/params_M59_ML5_EFC763_EFS720/no_reorder/run_stdout_1.log,1
no_simd,0,0,1,0,0,0,0,59,5,763,720,3936.392953,3941.155645, 353.112509, 0.993190, 2.831959, 33536.552200, 25301, 28319.585811,results/ablation_20251205_022349/params_M59_ML5_EFC763_EFS720/no_simd/run_stdout_1.log,1
nothing,1,1,1,1,1,1,1,59,5,763,720,4520.218806,5824.986530, 220.754219, 0.000000, 4.529925, 33530.749300, 25183, 45299.247499,results/ablation_20251205_022349/params_M59_ML5_EFC763_EFS720/nothing/run_stdout_1.log,1
dynamic_struct,0,0,0,0,0,1,0,59,5,763,725,3740.493874,3745.602575, 392.792391, 0.993270, 2.545874, 33739.681800, 25427, 25458.741649,results/ablation_20251205_022349/params_M59_ML5_EFC763_EFS725/dynamic_struct/run_stdout_1.log,1
dynamic_with_opts,0,0,0,0,0,1,0,59,5,763,725,3814.505529,3819.649247, 352.620443, 0.993270, 2.835910, 33739.681800, 25427, 28359.104536,results/ablation_20251205_022349/params_M59_ML5_EFC763_EFS725/dynamic_with_opts/run_stdout_1.log,1
full,0,0,0,0,0,0,0,59,5,763,725,3793.116935,3798.080542, 395.611830, 0.993270, 2.527730, 33739.681800, 25427, 25277.302746,results/ablation_20251205_022349/params_M59_ML5_EFC763_EFS725/full/run_stdout_1.log,1
heap,0,0,0,0,1,0,0,59,5,763,725,3730.487229,3735.637127, 395.979335, 0.993270, 2.525384, 33739.681800, 25427, 25253.843133,results/ablation_20251205_022349/params_M59_ML5_EFC763_EFS725/heap/run_stdout_1.log,1
no_csr,1,0,0,0,0,0,0,59,5,763,725,3728.419100,4997.554210, 237.544828, 0.000000, 4.209732, 33733.954800, 25309, 42097.317393,results/ablation_20251205_022349/params_M59_ML5_EFC763_EFS725/no_csr/run_stdout_1.log,1
no_prefetch,0,1,0,0,0,0,0,59,5,763,725,4052.059249,4057.487130, 329.072090, 0.993270, 3.038848, 33739.681800, 25427, 30388.478134,results/ablation_20251205_022349/params_M59_ML5_EFC763_EFS725/no_prefetch/run_stdout_1.log,1
no_pruning,0,0,0,1,0,0,0,59,5,763,725,3922.442881,3927.553195, 392.545566, 0.993270, 2.547475, 33739.681800, 25427, 25474.749595,results/ablation_20251205_022349/params_M59_ML5_EFC763_EFS725/no_pruning/run_stdout_1.log,1
no_reorder,0,0,0,0,0,0,1,59,5,763,725,3753.465170,3759.102832, 391.603141, 0.993270, 2.553606, 33739.681800, 25427, 25536.056665,results/ablation_20251205_022349/params_M59_ML5_EFC763_EFS725/no_reorder/run_stdout_1.log,1
no_simd,0,0,1,0,0,0,0,59,5,763,725,3753.727108,3758.751043, 348.162767, 0.993270, 2.872220, 33739.681800, 25427, 28722.198174,results/ablation_20251205_022349/params_M59_ML5_EFC763_EFS725/no_simd/run_stdout_1.log,1
nothing,1,1,1,1,1,1,1,59,5,763,725,3984.919431,5251.185255, 221.205698, 0.000000, 4.520679, 33733.954800, 25309, 45206.792108,results/ablation_20251205_022349/params_M59_ML5_EFC763_EFS725/nothing/run_stdout_1.log,1
dynamic_struct,0,0,0,0,0,1,0,59,5,763,730,3948.257458,3953.193975, 387.862042, 0.993380, 2.578236, 33943.292400, 25522, 25782.363130,results/ablation_20251205_022349/params_M59_ML5_EFC763_EFS730/dynamic_struct/run_stdout_1.log,1
dynamic_with_opts,0,0,0,0,0,1,0,59,5,763,730,3802.299508,3807.227382, 347.900383, 0.993380, 2.874386, 33943.292400, 25522, 28743.860306,results/ablation_20251205_022349/params_M59_ML5_EFC763_EFS730/dynamic_with_opts/run_stdout_1.log,1
full,0,0,0,0,0,0,0,59,5,763,730,3877.609751,3882.739511, 384.096296, 0.993380, 2.603514, 33943.292400, 25522, 26035.137821,results/ablation_20251205_022349/params_M59_ML5_EFC763_EFS730/full/run_stdout_1.log,1
heap,0,0,0,0,1,0,0,59,5,763,730,3939.403526,3944.478368, 385.754354, 0.993380, 2.592323, 33943.292400, 25522, 25923.232999,results/ablation_20251205_022349/params_M59_ML5_EFC763_EFS730/heap/run_stdout_1.log,1
no_csr,1,0,0,0,0,0,0,59,5,763,730,3805.467268,5075.697664, 234.018579, 0.000000, 4.273165, 33937.409500, 25404, 42731.649863,results/ablation_20251205_022349/params_M59_ML5_EFC763_EFS730/no_csr/run_stdout_1.log,1
no_prefetch,0,1,0,0,0,0,0,59,5,763,730,3870.130657,3875.575018, 326.050669, 0.993380, 3.067008, 33943.292400, 25522, 30670.079716,results/ablation_20251205_022349/params_M59_ML5_EFC763_EFS730/no_prefetch/run_stdout_1.log,1
no_pruning,0,0,0,1,0,0,0,59,5,763,730,3813.267388,3818.291248, 384.431503, 0.993380, 2.601244, 33943.292400, 25522, 26012.436371,results/ablation_20251205_022349/params_M59_ML5_EFC763_EFS730/no_pruning/run_stdout_1.log,1
no_reorder,0,0,0,0,0,0,1,59,5,763,730,3847.616618,3852.639821, 384.082362, 0.993380, 2.603608, 33943.292400, 25522, 26036.082365,results/ablation_20251205_022349/params_M59_ML5_EFC763_EFS730/no_reorder/run_stdout_1.log,1
no_simd,0,0,1,0,0,0,0,59,5,763,730,4418.346857,4424.984338, 362.191687, 0.993380, 2.760969, 33943.292400, 25522, 27609.689418,results/ablation_20251205_022349/params_M59_ML5_EFC763_EFS730/no_simd/run_stdout_1.log,1
nothing,1,1,1,1,1,1,1,59,5,763,730,3903.049964,5180.386314, 216.343393, 0.000000, 4.622281, 33937.409500, 25404, 46222.812150,results/ablation_20251205_022349/params_M59_ML5_EFC763_EFS730/nothing/run_stdout_1.log,1
dynamic_struct,0,0,0,0,0,1,0,59,5,763,735,3791.683133,3797.254886, 384.353448, 0.993470, 2.601772, 34146.721100, 25716, 26017.719000,results/ablation_20251205_022349/params_M59_ML5_EFC763_EFS735/dynamic_struct/run_stdout_1.log,1
dynamic_with_opts,0,0,0,0,0,1,0,59,5,763,735,3826.718957,3834.612567, 337.832937, 0.993470, 2.960043, 34146.721100, 25716, 29600.429410,results/ablation_20251205_022349/params_M59_ML5_EFC763_EFS735/dynamic_with_opts/run_stdout_1.log,1
full,0,0,0,0,0,0,0,59,5,763,735,3902.098675,3907.103657, 382.459802, 0.993470, 2.614654, 34146.721100, 25716, 26146.538690,results/ablation_20251205_022349/params_M59_ML5_EFC763_EFS735/full/run_stdout_1.log,1
heap,0,0,0,0,1,0,0,59,5,763,735,3764.813966,3770.630599, 381.927878, 0.993470, 2.618295, 34146.721100, 25716, 26182.953831,results/ablation_20251205_022349/params_M59_ML5_EFC763_EFS735/heap/run_stdout_1.log,1
no_csr,1,0,0,0,0,0,0,59,5,763,735,3820.455321,5109.839740, 232.129818, 0.000000, 4.307934, 34140.926700, 25599, 43079.342810,results/ablation_20251205_022349/params_M59_ML5_EFC763_EFS735/no_csr/run_stdout_1.log,1
no_prefetch,0,1,0,0,0,0,0,59,5,763,735,4071.965883,4077.053283, 295.498385, 0.993470, 3.384113, 34146.721100, 25716, 33841.132516,results/ablation_20251205_022349/params_M59_ML5_EFC763_EFS735/no_prefetch/run_stdout_1.log,1
no_pruning,0,0,0,1,0,0,0,59,5,763,735,3797.628048,3803.250276, 383.585855, 0.993470, 2.606978, 34146.721100, 25716, 26069.782977,results/ablation_20251205_022349/params_M59_ML5_EFC763_EFS735/no_pruning/run_stdout_1.log,1
no_reorder,0,0,0,0,0,0,1,59,5,763,735,3844.607960,3850.003079, 383.917141, 0.993470, 2.604729, 34146.721100, 25716, 26047.287145,results/ablation_20251205_022349/params_M59_ML5_EFC763_EFS735/no_reorder/run_stdout_1.log,1
no_simd,0,0,1,0,0,0,0,59,5,763,735,3957.909556,3963.067699, 378.824861, 0.993470, 2.639742, 34146.721100, 25716, 26397.422728,results/ablation_20251205_022349/params_M59_ML5_EFC763_EFS735/no_simd/run_stdout_1.log,1
nothing,1,1,1,1,1,1,1,59,5,763,735,4157.152120,5414.997319, 215.257790, 0.000000, 4.645593, 34140.926700, 25599, 46455.926085,results/ablation_20251205_022349/params_M59_ML5_EFC763_EFS735/nothing/run_stdout_1.log,1
dynamic_struct,0,0,0,0,0,1,0,59,5,763,740,3789.779830,3794.946182, 382.855880, 0.993540, 2.611949, 34348.718600, 25793, 26119.489155,results/ablation_20251205_022349/params_M59_ML5_EFC763_EFS740/dynamic_struct/run_stdout_1.log,1
dynamic_with_opts,0,0,0,0,0,1,0,59,5,763,740,3881.868788,3886.888417, 377.070412, 0.993540, 2.652025, 34348.718600, 25793, 26520.245754,results/ablation_20251205_022349/params_M59_ML5_EFC763_EFS740/dynamic_with_opts/run_stdout_1.log,1
full,0,0,0,0,0,0,0,59,5,763,740,3885.542351,3890.618580, 373.429025, 0.993540, 2.677885, 34348.718600, 25793, 26778.850434,results/ablation_20251205_022349/params_M59_ML5_EFC763_EFS740/full/run_stdout_1.log,1
heap,0,0,0,0,1,0,0,59,5,763,740,3924.359770,3929.379301, 380.794205, 0.993540, 2.626090, 34348.718600, 25793, 26260.903865,results/ablation_20251205_022349/params_M59_ML5_EFC763_EFS740/heap/run_stdout_1.log,1
no_csr,1,0,0,0,0,0,0,59,5,763,740,3986.170193,5272.781674, 232.027258, 0.000000, 4.309838, 34342.733900, 25676, 43098.384657,results/ablation_20251205_022349/params_M59_ML5_EFC763_EFS740/no_csr/run_stdout_1.log,1
no_prefetch,0,1,0,0,0,0,0,59,5,763,740,3899.832733,3904.740121, 284.476395, 0.993540, 3.515230, 34348.718600, 25793, 35152.301510,results/ablation_20251205_022349/params_M59_ML5_EFC763_EFS740/no_prefetch/run_stdout_1.log,1
no_pruning,0,0,0,1,0,0,0,59,5,763,740,3840.823662,3845.733171, 380.978639, 0.993540, 2.624819, 34348.718600, 25793, 26248.190798,results/ablation_20251205_022349/params_M59_ML5_EFC763_EFS740/no_pruning/run_stdout_1.log,1
no_reorder,0,0,0,0,0,0,1,59,5,763,740,3843.230749,3848.370988, 340.387303, 0.993540, 2.937830, 34348.718600, 25793, 29378.299150,results/ablation_20251205_022349/params_M59_ML5_EFC763_EFS740/no_reorder/run_stdout_1.log,1
no_simd,0,0,1,0,0,0,0,59,5,763,740,3851.942098,3857.036859, 374.237119, 0.993540, 2.672103, 34348.718600, 25793, 26721.026554,results/ablation_20251205_022349/params_M59_ML5_EFC763_EFS740/no_simd/run_stdout_1.log,1
nothing,1,1,1,1,1,1,1,59,5,763,740,3772.326272,5105.132542, 215.326186, 0.000000, 4.644117, 34342.733900, 25676, 46441.170055,results/ablation_20251205_022349/params_M59_ML5_EFC763_EFS740/nothing/run_stdout_1.log,1
dynamic_struct,0,0,0,0,0,1,0,59,5,763,745,3840.370317,3845.458870, 343.216110, 0.993620, 2.913616, 34550.004800, 25930, 29136.161430,results/ablation_20251205_022349/params_M59_ML5_EFC763_EFS745/dynamic_struct/run_stdout_1.log,1
dynamic_with_opts,0,0,0,0,0,1,0,59,5,763,745,3814.530513,3819.495302, 377.804096, 0.993620, 2.646874, 34550.004800, 25930, 26468.744294,results/ablation_20251205_022349/params_M59_ML5_EFC763_EFS745/dynamic_with_opts/run_stdout_1.log,1
full,0,0,0,0,0,0,0,59,5,763,745,3913.138092,3918.004865, 378.863501, 0.993620, 2.639473, 34550.004800, 25930, 26394.730468,results/ablation_20251205_022349/params_M59_ML5_EFC763_EFS745/full/run_stdout_1.log,1
heap,0,0,0,0,1,0,0,59,5,763,745,3808.122589,3813.357588, 375.648499, 0.993620, 2.662063, 34550.004800, 25930, 26620.630794,results/ablation_20251205_022349/params_M59_ML5_EFC763_EFS745/heap/run_stdout_1.log,1
no_csr,1,0,0,0,0,0,0,59,5,763,745,3821.587579,5172.717141, 198.126358, 0.000000, 5.047284, 34544.415600, 25813, 50472.840263,results/ablation_20251205_022349/params_M59_ML5_EFC763_EFS745/no_csr/run_stdout_1.log,1
no_prefetch,0,1,0,0,0,0,0,59,5,763,745,3945.613819,3951.946876, 318.197518, 0.993620, 3.142702, 34550.004800, 25930, 31427.020700,results/ablation_20251205_022349/params_M59_ML5_EFC763_EFS745/no_prefetch/run_stdout_1.log,1
no_pruning,0,0,0,1,0,0,0,59,5,763,745,3942.203470,3947.530814, 370.056244, 0.993620, 2.702292, 34550.004800, 25930, 27022.919239,results/ablation_20251205_022349/params_M59_ML5_EFC763_EFS745/no_pruning/run_stdout_1.log,1
no_reorder,0,0,0,0,0,0,1,59,5,763,745,3990.540888,3995.571501, 376.410910, 0.993620, 2.656671, 34550.004800, 25930, 26566.711338,results/ablation_20251205_022349/params_M59_ML5_EFC763_EFS745/no_reorder/run_stdout_1.log,1
no_simd,0,0,1,0,0,0,0,59,5,763,745,4030.430446,4035.471559, 381.999484, 0.993620, 2.617805, 34550.004800, 25930, 26178.045808,results/ablation_20251205_022349/params_M59_ML5_EFC763_EFS745/no_simd/run_stdout_1.log,1
nothing,1,1,1,1,1,1,1,59,5,763,745,3847.049990,5226.191468, 210.731536, 0.000000, 4.745374, 34544.415600, 25813, 47453.742238,results/ablation_20251205_022349/params_M59_ML5_EFC763_EFS745/nothing/run_stdout_1.log,1
dynamic_struct,0,0,0,0,0,1,0,59,5,763,750,4716.657908,4724.199360, 343.881246, 0.993720, 2.907981, 34751.928400, 26063, 29079.806266,results/ablation_20251205_022349/params_M59_ML5_EFC763_EFS750/dynamic_struct/run_stdout_1.log,1
dynamic_with_opts,0,0,0,0,0,1,0,59,5,763,750,3853.168374,3858.213760, 371.262512, 0.993720, 2.693512, 34751.928400, 26063, 26935.119181,results/ablation_20251205_022349/params_M59_ML5_EFC763_EFS750/dynamic_with_opts/run_stdout_1.log,1
full,0,0,0,0,0,0,0,59,5,763,750,3911.574820,3917.110204, 363.851363, 0.993720, 2.748375, 34751.928400, 26063, 27483.750315,results/ablation_20251205_022349/params_M59_ML5_EFC763_EFS750/full/run_stdout_1.log,1
heap,0,0,0,0,1,0,0,59,5,763,750,3838.425398,3843.505178, 376.459256, 0.993720, 2.656330, 34751.928400, 26063, 26563.299564,results/ablation_20251205_022349/params_M59_ML5_EFC763_EFS750/heap/run_stdout_1.log,1
no_csr,1,0,0,0,0,0,0,59,5,763,750,3850.833130,5209.851271, 194.344187, 0.000000, 5.145510, 34746.291000, 25946, 51455.102265,results/ablation_20251205_022349/params_M59_ML5_EFC763_EFS750/no_csr/run_stdout_1.log,1
no_prefetch,0,1,0,0,0,0,0,59,5,763,750,3907.522922,3913.419807, 315.809984, 0.993720, 3.166461, 34751.928400, 26063, 31664.610111,results/ablation_20251205_022349/params_M59_ML5_EFC763_EFS750/no_prefetch/run_stdout_1.log,1
no_pruning,0,0,0,1,0,0,0,59,5,763,750,3809.126371,3814.570985, 364.357556, 0.993720, 2.744557, 34751.928400, 26063, 27445.567814,results/ablation_20251205_022349/params_M59_ML5_EFC763_EFS750/no_pruning/run_stdout_1.log,1
no_reorder,0,0,0,0,0,0,1,59,5,763,750,3968.706989,3973.716843, 370.857515, 0.993720, 2.696453, 34751.928400, 26063, 26964.533831,results/ablation_20251205_022349/params_M59_ML5_EFC763_EFS750/no_reorder/run_stdout_1.log,1
no_simd,0,0,1,0,0,0,0,59,5,763,750,4035.966113,4040.885064, 371.947804, 0.993720, 2.688549, 34751.928400, 26063, 26885.492758,results/ablation_20251205_022349/params_M59_ML5_EFC763_EFS750/no_simd/run_stdout_1.log,1
nothing,1,1,1,1,1,1,1,59,5,763,750,3812.882043,5096.689571, 207.539005, 0.000000, 4.818371, 34746.291000, 25946, 48183.713688,results/ablation_20251205_022349/params_M59_ML5_EFC763_EFS750/nothing/run_stdout_1.log,1
dynamic_struct,0,0,0,0,0,1,0,59,5,763,755,3998.911189,4004.484169, 370.885148, 0.993850, 2.696252, 34954.253400, 26160, 26962.524773,results/ablation_20251205_022349/params_M59_ML5_EFC763_EFS755/dynamic_struct/run_stdout_1.log,1
dynamic_with_opts,0,0,0,0,0,1,0,59,5,763,755,3884.590859,3889.674959, 368.043116, 0.993850, 2.717073, 34954.253400, 26160, 27170.729645,results/ablation_20251205_022349/params_M59_ML5_EFC763_EFS755/dynamic_with_opts/run_stdout_1.log,1
full,0,0,0,0,0,0,0,59,5,763,755,3841.907820,3846.995609, 328.415077, 0.993850, 3.044927, 34954.253400, 26160, 30449.272002,results/ablation_20251205_022349/params_M59_ML5_EFC763_EFS755/full/run_stdout_1.log,1
heap,0,0,0,0,1,0,0,59,5,763,755,3845.455414,3850.366455, 335.036596, 0.993850, 2.984749, 34954.253400, 26160, 29847.485655,results/ablation_20251205_022349/params_M59_ML5_EFC763_EFS755/heap/run_stdout_1.log,1
no_csr,1,0,0,0,0,0,0,59,5,763,755,4131.642053,5419.008094, 223.616172, 0.000000, 4.471948, 34948.816400, 26044, 44719.484702,results/ablation_20251205_022349/params_M59_ML5_EFC763_EFS755/no_csr/run_stdout_1.log,1
no_prefetch,0,1,0,0,0,0,0,59,5,763,755,3929.968127,3935.060648, 314.645612, 0.993850, 3.178179, 34954.253400, 26160, 31781.787608,results/ablation_20251205_022349/params_M59_ML5_EFC763_EFS755/no_prefetch/run_stdout_1.log,1
no_pruning,0,0,0,1,0,0,0,59,5,763,755,3804.180200,3809.221820, 372.252564, 0.993850, 2.686348, 34954.253400, 26160, 26863.481844,results/ablation_20251205_022349/params_M59_ML5_EFC763_EFS755/no_pruning/run_stdout_1.log,1
no_reorder,0,0,0,0,0,0,1,59,5,763,755,3877.622478,3883.293773, 368.215222, 0.993850, 2.715803, 34954.253400, 26160, 27158.029893,results/ablation_20251205_022349/params_M59_ML5_EFC763_EFS755/no_reorder/run_stdout_1.log,1
no_simd,0,0,1,0,0,0,0,59,5,763,755,3962.298832,3967.726301, 368.432682, 0.993850, 2.714200, 34954.253400, 26160, 27142.000408,results/ablation_20251205_022349/params_M59_ML5_EFC763_EFS755/no_simd/run_stdout_1.log,1
nothing,1,1,1,1,1,1,1,59,5,763,755,3870.815286,5150.576310, 207.438911, 0.000000, 4.820696, 34948.816400, 26044, 48206.963381,results/ablation_20251205_022349/params_M59_ML5_EFC763_EFS755/nothing/run_stdout_1.log,1
dynamic_struct,0,0,0,0,0,1,0,59,5,763,760,3829.475928,3835.404751, 366.142127, 0.993930, 2.731180, 35155.673600, 26290, 27311.798525,results/ablation_20251205_022349/params_M59_ML5_EFC763_EFS760/dynamic_struct/run_stdout_1.log,1
dynamic_with_opts,0,0,0,0,0,1,0,59,5,763,760,3870.961464,3875.781380, 362.565954, 0.993930, 2.758119, 35155.673600, 26290, 27581.188748,results/ablation_20251205_022349/params_M59_ML5_EFC763_EFS760/dynamic_with_opts/run_stdout_1.log,1
full,0,0,0,0,0,0,0,59,5,763,760,3931.361440,3937.028081, 364.410107, 0.993930, 2.744161, 35155.673600, 26290, 27441.609901,results/ablation_20251205_022349/params_M59_ML5_EFC763_EFS760/full/run_stdout_1.log,1
heap,0,0,0,0,1,0,0,59,5,763,760,3937.657412,3942.716957, 364.574707, 0.993930, 2.742922, 35155.673600, 26290, 27429.220443,results/ablation_20251205_022349/params_M59_ML5_EFC763_EFS760/heap/run_stdout_1.log,1
no_csr,1,0,0,0,0,0,0,59,5,763,760,3910.308009,5198.055812, 221.982750, 0.000000, 4.504855, 35150.019900, 26174, 45048.545514,results/ablation_20251205_022349/params_M59_ML5_EFC763_EFS760/no_csr/run_stdout_1.log,1
no_prefetch,0,1,0,0,0,0,0,59,5,763,760,3906.718878,3911.651694, 311.936674, 0.993930, 3.205779, 35155.673600, 26290, 32057.788768,results/ablation_20251205_022349/params_M59_ML5_EFC763_EFS760/no_prefetch/run_stdout_1.log,1
no_pruning,0,0,0,1,0,0,0,59,5,763,760,3958.802077,3964.244297, 327.799367, 0.993930, 3.050647, 35155.673600, 26290, 30506.465268,results/ablation_20251205_022349/params_M59_ML5_EFC763_EFS760/no_pruning/run_stdout_1.log,1
no_reorder,0,0,0,0,0,0,1,59,5,763,760,3847.065752,3852.056473, 366.071012, 0.993930, 2.731710, 35155.673600, 26290, 27317.104290,results/ablation_20251205_022349/params_M59_ML5_EFC763_EFS760/no_reorder/run_stdout_1.log,1
no_simd,0,0,1,0,0,0,0,59,5,763,760,3953.600321,3958.421335, 366.145298, 0.993930, 2.731156, 35155.673600, 26290, 27311.562017,results/ablation_20251205_022349/params_M59_ML5_EFC763_EFS760/no_simd/run_stdout_1.log,1
nothing,1,1,1,1,1,1,1,59,5,763,760,3885.253523,5190.522269, 177.598112, 0.000000, 5.630690, 35150.019900, 26174, 56306.904823,results/ablation_20251205_022349/params_M59_ML5_EFC763_EFS760/nothing/run_stdout_1.log,1
dynamic_struct,0,0,0,0,0,1,0,59,5,763,765,3858.090359,3863.124617, 360.664398, 0.993990, 2.772661, 35357.319100, 26459, 27726.606950,results/ablation_20251205_022349/params_M59_ML5_EFC763_EFS765/dynamic_struct/run_stdout_1.log,1
dynamic_with_opts,0,0,0,0,0,1,0,59,5,763,765,3862.380140,3867.657281, 325.740776, 0.993990, 3.069926, 35357.319100, 26459, 30699.257622,results/ablation_20251205_022349/params_M59_ML5_EFC763_EFS765/dynamic_with_opts/run_stdout_1.log,1
full,0,0,0,0,0,0,0,59,5,763,765,4006.184214,4011.164145, 358.409494, 0.993990, 2.790105, 35357.319100, 26459, 27901.046607,results/ablation_20251205_022349/params_M59_ML5_EFC763_EFS765/full/run_stdout_1.log,1
heap,0,0,0,0,1,0,0,59,5,763,765,3926.722233,3931.481304, 359.315214, 0.993990, 2.783072, 35357.319100, 26459, 27830.716925,results/ablation_20251205_022349/params_M59_ML5_EFC763_EFS765/heap/run_stdout_1.log,1
no_csr,1,0,0,0,0,0,0,59,5,763,765,3908.409223,5199.009747, 218.289362, 0.000000, 4.581075, 35351.744000, 26344, 45810.752827,results/ablation_20251205_022349/params_M59_ML5_EFC763_EFS765/no_csr/run_stdout_1.log,1
no_prefetch,0,1,0,0,0,0,0,59,5,763,765,4154.759660,4159.822279, 304.643119, 0.993990, 3.282529, 35357.319100, 26459, 32825.294204,results/ablation_20251205_022349/params_M59_ML5_EFC763_EFS765/no_prefetch/run_stdout_1.log,1
no_pruning,0,0,0,1,0,0,0,59,5,763,765,4047.888870,4052.971793, 357.652086, 0.993990, 2.796013, 35357.319100, 26459, 27960.133338,results/ablation_20251205_022349/params_M59_ML5_EFC763_EFS765/no_pruning/run_stdout_1.log,1
no_reorder,0,0,0,0,0,0,1,59,5,763,765,4047.053748,4052.062822, 357.094799, 0.993990, 2.800377, 35357.319100, 26459, 28003.768275,results/ablation_20251205_022349/params_M59_ML5_EFC763_EFS765/no_reorder/run_stdout_1.log,1
no_simd,0,0,1,0,0,0,0,59,5,763,765,3870.934663,3875.853584, 322.894266, 0.993990, 3.096989, 35357.319100, 26459, 30969.890264,results/ablation_20251205_022349/params_M59_ML5_EFC763_EFS765/no_simd/run_stdout_1.log,1
nothing,1,1,1,1,1,1,1,59,5,763,765,4043.061379,5345.409987, 202.657336, 0.000000, 4.934438, 35351.744000, 26344, 49344.377121,results/ablation_20251205_022349/params_M59_ML5_EFC763_EFS765/nothing/run_stdout_1.log,1
dynamic_struct,0,0,0,0,0,1,0,59,5,763,770,3852.378861,3857.951805, 358.930119, 0.994050, 2.786058, 35558.745200, 26543, 27860.576359,results/ablation_20251205_022349/params_M59_ML5_EFC763_EFS770/dynamic_struct/run_stdout_1.log,1
dynamic_with_opts,0,0,0,0,0,1,0,59,5,763,770,3962.481085,3968.021930, 358.134868, 0.994050, 2.792244, 35558.745200, 26543, 27922.441807,results/ablation_20251205_022349/params_M59_ML5_EFC763_EFS770/dynamic_with_opts/run_stdout_1.log,1
full,0,0,0,0,0,0,0,59,5,763,770,4018.672781,4024.488148, 357.796266, 0.994050, 2.794887, 35558.745200, 26543, 27948.866295,results/ablation_20251205_022349/params_M59_ML5_EFC763_EFS770/full/run_stdout_1.log,1
heap,0,0,0,0,1,0,0,59,5,763,770,3884.673578,3889.950071, 355.132631, 0.994050, 2.815849, 35558.745200, 26543, 28158.493840,results/ablation_20251205_022349/params_M59_ML5_EFC763_EFS770/heap/run_stdout_1.log,1
no_csr,1,0,0,0,0,0,0,59,5,763,770,3867.295755,5123.826130, 216.577996, 0.000000, 4.617274, 35552.984300, 26428, 46172.742379,results/ablation_20251205_022349/params_M59_ML5_EFC763_EFS770/no_csr/run_stdout_1.log,1
no_prefetch,0,1,0,0,0,0,0,59,5,763,770,4001.366258,4006.643598, 278.415356, 0.994050, 3.591756, 35558.745200, 26543, 35917.559141,results/ablation_20251205_022349/params_M59_ML5_EFC763_EFS770/no_prefetch/run_stdout_1.log,1
no_pruning,0,0,0,1,0,0,0,59,5,763,770,4096.096205,4101.266599, 357.074939, 0.994050, 2.800533, 35558.745200, 26543, 28005.325782,results/ablation_20251205_022349/params_M59_ML5_EFC763_EFS770/no_pruning/run_stdout_1.log,1
no_reorder,0,0,0,0,0,0,1,59,5,763,770,3945.223831,3950.187105, 320.998989, 0.994050, 3.115275, 35558.745200, 26543, 31152.746099,results/ablation_20251205_022349/params_M59_ML5_EFC763_EFS770/no_reorder/run_stdout_1.log,1
no_simd,0,0,1,0,0,0,0,59,5,763,770,4152.695870,4157.497045, 358.068983, 0.994050, 2.792758, 35558.745200, 26543, 27927.579535,results/ablation_20251205_022349/params_M59_ML5_EFC763_EFS770/no_simd/run_stdout_1.log,1
nothing,1,1,1,1,1,1,1,59,5,763,770,3898.435288,5260.468847, 202.809232, 0.000000, 4.930742, 35552.984300, 26428, 49307.420130,results/ablation_20251205_022349/params_M59_ML5_EFC763_EFS770/nothing/run_stdout_1.log,1
dynamic_struct,0,0,0,0,0,1,0,59,5,763,775,3887.499012,3892.317885, 314.844176, 0.994130, 3.176174, 35760.106000, 26655, 31761.743593,results/ablation_20251205_022349/params_M59_ML5_EFC763_EFS775/dynamic_struct/run_stdout_1.log,1
dynamic_with_opts,0,0,0,0,0,1,0,59,5,763,775,3905.692239,3910.774429, 352.062175, 0.994130, 2.840407, 35760.106000, 26655, 28404.073762,results/ablation_20251205_022349/params_M59_ML5_EFC763_EFS775/dynamic_with_opts/run_stdout_1.log,1
full,0,0,0,0,0,0,0,59,5,763,775,3946.044774,3951.127718, 357.766077, 0.994130, 2.795122, 35760.106000, 26655, 27951.224664,results/ablation_20251205_022349/params_M59_ML5_EFC763_EFS775/full/run_stdout_1.log,1
heap,0,0,0,0,1,0,0,59,5,763,775,3895.636906,3901.489734, 350.836782, 0.994130, 2.850328, 35760.106000, 26655, 28503.282751,results/ablation_20251205_022349/params_M59_ML5_EFC763_EFS775/heap/run_stdout_1.log,1
no_csr,1,0,0,0,0,0,0,59,5,763,775,4029.972562,5324.939062, 186.537299, 0.000000, 5.360858, 35754.923700, 26540, 53608.581537,results/ablation_20251205_022349/params_M59_ML5_EFC763_EFS775/no_csr/run_stdout_1.log,1
no_prefetch,0,1,0,0,0,0,0,59,5,763,775,4144.152337,4149.886419, 297.837193, 0.994130, 3.357539, 35760.106000, 26655, 33575.390251,results/ablation_20251205_022349/params_M59_ML5_EFC763_EFS775/no_prefetch/run_stdout_1.log,1
no_pruning,0,0,0,1,0,0,0,59,5,763,775,3869.893866,3874.976801, 352.195181, 0.994130, 2.839335, 35760.106000, 26655, 28393.347020,results/ablation_20251205_022349/params_M59_ML5_EFC763_EFS775/no_pruning/run_stdout_1.log,1
no_reorder,0,0,0,0,0,0,1,59,5,763,775,3958.070172,3963.092246, 352.619402, 0.994130, 2.835919, 35760.106000, 26655, 28359.188259,results/ablation_20251205_022349/params_M59_ML5_EFC763_EFS775/no_reorder/run_stdout_1.log,1
no_simd,0,0,1,0,0,0,0,59,5,763,775,3855.130594,3860.352991, 355.693305, 0.994130, 2.811411, 35760.106000, 26655, 28114.108040,results/ablation_20251205_022349/params_M59_ML5_EFC763_EFS775/no_simd/run_stdout_1.log,1
nothing,1,1,1,1,1,1,1,59,5,763,775,3913.158507,5201.358084, 200.204866, 0.000000, 4.994884, 35754.923700, 26540, 49948.835882,results/ablation_20251205_022349/params_M59_ML5_EFC763_EFS775/nothing/run_stdout_1.log,1
dynamic_struct,0,0,0,0,0,1,0,59,5,763,780,3993.244361,3998.462759, 350.945639, 0.994230, 2.849444, 35962.133900, 26795, 28494.441597,results/ablation_20251205_022349/params_M59_ML5_EFC763_EFS780/dynamic_struct/run_stdout_1.log,1
dynamic_with_opts,0,0,0,0,0,1,0,59,5,763,780,4065.176678,4070.036874, 348.933003, 0.994230, 2.865880, 35962.133900, 26795, 28658.796712,results/ablation_20251205_022349/params_M59_ML5_EFC763_EFS780/dynamic_with_opts/run_stdout_1.log,1
full,0,0,0,0,0,0,0,59,5,763,780,3970.759730,3975.712328, 307.889011, 0.994230, 3.247924, 35962.133900, 26795, 32479.236451,results/ablation_20251205_022349/params_M59_ML5_EFC763_EFS780/full/run_stdout_1.log,1
heap,0,0,0,0,1,0,0,59,5,763,780,3869.082721,3873.871987, 316.264668, 0.994230, 3.161909, 35962.133900, 26795, 31619.086881,results/ablation_20251205_022349/params_M59_ML5_EFC763_EFS780/heap/run_stdout_1.log,1
no_csr,1,0,0,0,0,0,0,59,5,763,780,3964.961054,5314.335854, 211.396738, 0.000000, 4.730442, 35956.521200, 26680, 47304.419514,results/ablation_20251205_022349/params_M59_ML5_EFC763_EFS780/no_csr/run_stdout_1.log,1
no_prefetch,0,1,0,0,0,0,0,59,5,763,780,3938.982031,3944.016902, 289.234801, 0.994230, 3.457399, 35962.133900, 26795, 34573.986095,results/ablation_20251205_022349/params_M59_ML5_EFC763_EFS780/no_prefetch/run_stdout_1.log,1
no_pruning,0,0,0,1,0,0,0,59,5,763,780,3872.167138,3877.065190, 349.038319, 0.994230, 2.865015, 35962.133900, 26795, 28650.149449,results/ablation_20251205_022349/params_M59_ML5_EFC763_EFS780/no_pruning/run_stdout_1.log,1
no_reorder,0,0,0,0,0,0,1,59,5,763,780,3898.811246,3903.854964, 350.982913, 0.994230, 2.849142, 35962.133900, 26795, 28491.415471,results/ablation_20251205_022349/params_M59_ML5_EFC763_EFS780/no_reorder/run_stdout_1.log,1
no_simd,0,0,1,0,0,0,0,59,5,763,780,4108.218049,4113.620430, 348.827090, 0.994230, 2.866750, 35962.133900, 26795, 28667.498294,results/ablation_20251205_022349/params_M59_ML5_EFC763_EFS780/no_simd/run_stdout_1.log,1
nothing,1,1,1,1,1,1,1,59,5,763,780,3953.288974,5296.547275, 170.898871, 0.000000, 5.851414, 35956.521200, 26680, 58514.137392,results/ablation_20251205_022349/params_M59_ML5_EFC763_EFS780/nothing/run_stdout_1.log,1
dynamic_struct,0,0,0,0,0,1,0,59,5,763,785,3895.448832,3900.539665, 347.845466, 0.994280, 2.874840, 36162.139800, 26882, 28748.398320,results/ablation_20251205_022349/params_M59_ML5_EFC763_EFS785/dynamic_struct/run_stdout_1.log,1
dynamic_with_opts,0,0,0,0,0,1,0,59,5,763,785,4090.356141,4095.881184, 319.337343, 0.994280, 3.131485, 36162.139800, 26882, 31314.846890,results/ablation_20251205_022349/params_M59_ML5_EFC763_EFS785/dynamic_with_opts/run_stdout_1.log,1
full,0,0,0,0,0,0,0,59,5,763,785,3945.277051,3950.711178, 324.531400, 0.994280, 3.081366, 36162.139800, 26882, 30813.659346,results/ablation_20251205_022349/params_M59_ML5_EFC763_EFS785/full/run_stdout_1.log,1
heap,0,0,0,0,1,0,0,59,5,763,785,3922.851815,3928.561274, 353.442398, 0.994280, 2.829315, 36162.139800, 26882, 28293.153437,results/ablation_20251205_022349/params_M59_ML5_EFC763_EFS785/heap/run_stdout_1.log,1
no_csr,1,0,0,0,0,0,0,59,5,763,785,3936.661029,5349.516049, 219.438426, 0.000000, 4.557087, 36156.620000, 26766, 45570.870094,results/ablation_20251205_022349/params_M59_ML5_EFC763_EFS785/no_csr/run_stdout_1.log,1
no_prefetch,0,1,0,0,0,0,0,59,5,763,785,4148.761965,4154.684216, 276.867925, 0.994280, 3.611830, 36162.139800, 26882, 36118.304484,results/ablation_20251205_022349/params_M59_ML5_EFC763_EFS785/no_prefetch/run_stdout_1.log,1
no_pruning,0,0,0,1,0,0,0,59,5,763,785,4099.958536,4105.815002, 358.278332, 0.994280, 2.791126, 36162.139800, 26882, 27911.260882,results/ablation_20251205_022349/params_M59_ML5_EFC763_EFS785/no_pruning/run_stdout_1.log,1
no_reorder,0,0,0,0,0,0,1,59,5,763,785,3943.198369,3948.189598, 334.943198, 0.994280, 2.985581, 36162.139800, 26882, 29855.808575,results/ablation_20251205_022349/params_M59_ML5_EFC763_EFS785/no_reorder/run_stdout_1.log,1
no_simd,0,0,1,0,0,0,0,59,5,763,785,4129.757151,4135.379924, 319.940629, 0.994280, 3.125580, 36162.139800, 26882, 31255.799009,results/ablation_20251205_022349/params_M59_ML5_EFC763_EFS785/no_simd/run_stdout_1.log,1
nothing,1,1,1,1,1,1,1,59,5,763,785,3951.083839,5288.843991, 204.610719, 0.000000, 4.887329, 36156.620000, 26766, 48873.294805,results/ablation_20251205_022349/params_M59_ML5_EFC763_EFS785/nothing/run_stdout_1.log,1
dynamic_struct,0,0,0,0,0,1,0,59,5,763,790,3968.703390,3973.940354, 375.075763, 0.994370, 2.666128, 36361.716600, 26993, 26661.280180,results/ablation_20251205_101025/params_M59_ML5_EFC763_EFS790/dynamic_struct/run_stdout_1.log,1
dynamic_with_opts,0,0,0,0,0,1,0,59,5,763,790,3834.799491,3839.961298, 376.948713, 0.994370, 2.652881, 36361.716600, 26993, 26528.807908,results/ablation_20251205_101025/params_M59_ML5_EFC763_EFS790/dynamic_with_opts/run_stdout_1.log,1
full,0,0,0,0,0,0,0,59,5,763,790,3862.997514,3868.463535, 362.792230, 0.994370, 2.756399, 36361.716600, 26993, 27563.986160,results/ablation_20251205_101025/params_M59_ML5_EFC763_EFS790/full/run_stdout_1.log,1
heap,0,0,0,0,1,0,0,59,5,763,790,3831.727064,3836.701361, 343.005349, 0.994370, 2.915406, 36361.716600, 26993, 29154.064307,results/ablation_20251205_101025/params_M59_ML5_EFC763_EFS790/heap/run_stdout_1.log,1
no_csr,1,0,0,0,0,0,0,59,5,763,790,4806.145570,6453.325134, 185.595336, 0.000000, 5.388066, 36355.966300, 26877, 53880.664391,results/ablation_20251205_101025/params_M59_ML5_EFC763_EFS790/no_csr/run_stdout_1.log,1
no_prefetch,0,1,0,0,0,0,0,59,5,763,790,4073.083258,4079.363446, 300.247411, 0.994370, 3.330587, 36361.716600, 26993, 33305.865916,results/ablation_20251205_101025/params_M59_ML5_EFC763_EFS790/no_prefetch/run_stdout_1.log,1
no_pruning,0,0,0,1,0,0,0,59,5,763,790,4085.067399,4090.187016, 376.077783, 0.994370, 2.659024, 36361.716600, 26993, 26590.243973,results/ablation_20251205_101025/params_M59_ML5_EFC763_EFS790/no_pruning/run_stdout_1.log,1
no_reorder,0,0,0,0,0,0,1,59,5,763,790,3819.524765,3824.452860, 382.528668, 0.994370, 2.614183, 36361.716600, 26993, 26141.831516,results/ablation_20251205_101025/params_M59_ML5_EFC763_EFS790/no_reorder/run_stdout_1.log,1
no_simd,0,0,1,0,0,0,0,59,5,763,790,4004.824910,4010.337685, 371.010682, 0.994370, 2.695340, 36361.716600, 26993, 26953.401852,results/ablation_20251205_101025/params_M59_ML5_EFC763_EFS790/no_simd/run_stdout_1.log,1
nothing,1,1,1,1,1,1,1,59,5,763,790,3810.183959,5173.233510, 211.529328, 0.000000, 4.727477, 36355.966300, 26877, 47274.768341,results/ablation_20251205_101025/params_M59_ML5_EFC763_EFS790/nothing/run_stdout_1.log,1
dynamic_struct,0,0,0,0,0,1,0,59,5,763,800,3890.454969,3895.610680, 371.366836, 0.994460, 2.692755, 36761.429600, 27225, 26927.552572,results/ablation_20251205_101025/params_M59_ML5_EFC763_EFS800/dynamic_struct/run_stdout_1.log,1
dynamic_with_opts,0,0,0,0,0,1,0,59,5,763,800,3777.013251,3781.909906, 371.496073, 0.994460, 2.691818, 36761.429600, 27225, 26918.184939,results/ablation_20251205_101025/params_M59_ML5_EFC763_EFS800/dynamic_with_opts/run_stdout_1.log,1
full,0,0,0,0,0,0,0,59,5,763,800,3939.297670,3944.223120, 336.979340, 0.994460, 2.967541, 36761.429600, 27225, 29675.409806,results/ablation_20251205_101025/params_M59_ML5_EFC763_EFS800/full/run_stdout_1.log,1
heap,0,0,0,0,1,0,0,59,5,763,800,4068.083561,4075.096994, 330.695762, 0.994460, 3.023927, 36761.429600, 27225, 30239.274706,results/ablation_20251205_101025/params_M59_ML5_EFC763_EFS800/heap/run_stdout_1.log,1
no_csr,1,0,0,0,0,0,0,59,5,763,800,3831.122799,5163.878898, 222.887349, 0.000000, 4.486571, 36755.876300, 27109, 44865.713790,results/ablation_20251205_101025/params_M59_ML5_EFC763_EFS800/no_csr/run_stdout_1.log,1
no_prefetch,0,1,0,0,0,0,0,59,5,763,800,3924.733823,3929.809438, 314.028352, 0.994460, 3.184426, 36761.429600, 27225, 31844.258426,results/ablation_20251205_101025/params_M59_ML5_EFC763_EFS800/no_prefetch/run_stdout_1.log,1
no_pruning,0,0,0,1,0,0,0,59,5,763,800,3823.321451,3828.270200, 371.012137, 0.994460, 2.695330, 36761.429600, 27225, 26953.296124,results/ablation_20251205_101025/params_M59_ML5_EFC763_EFS800/no_pruning/run_stdout_1.log,1
no_reorder,0,0,0,0,0,0,1,59,5,763,800,3795.088846,3800.101194, 373.307742, 0.994460, 2.678755, 36761.429600, 27225, 26787.550524,results/ablation_20251205_101025/params_M59_ML5_EFC763_EFS800/no_reorder/run_stdout_1.log,1
no_simd,0,0,1,0,0,0,0,59,5,763,800,3795.865456,3800.790955, 371.989272, 0.994460, 2.688250, 36761.429600, 27225, 26882.495699,results/ablation_20251205_101025/params_M59_ML5_EFC763_EFS800/no_simd/run_stdout_1.log,1
nothing,1,1,1,1,1,1,1,59,5,763,800,3839.880142,5087.007478, 182.733442, 0.000000, 5.472452, 36755.876300, 27109, 54724.520419,results/ablation_20251205_101025/params_M59_ML5_EFC763_EFS800/nothing/run_stdout_1.log,1
dynamic_struct,0,0,0,0,0,1,0,59,5,763,810,3776.908840,3782.357624, 357.939044, 0.994550, 2.793772, 37161.725600, 27470, 27937.717821,results/ablation_20251205_101025/params_M59_ML5_EFC763_EFS810/dynamic_struct/run_stdout_1.log,1
dynamic_with_opts,0,0,0,0,0,1,0,59,5,763,810,3790.858953,3795.839972, 370.115127, 0.994550, 2.701862, 37161.725600, 27470, 27018.620109,results/ablation_20251205_101025/params_M59_ML5_EFC763_EFS810/dynamic_with_opts/run_stdout_1.log,1
full,0,0,0,0,0,0,0,59,5,763,810,3872.250583,3877.654984, 361.160995, 0.994550, 2.768848, 37161.725600, 27470, 27688.482783,results/ablation_20251205_101025/params_M59_ML5_EFC763_EFS810/full/run_stdout_1.log,1
heap,0,0,0,0,1,0,0,59,5,763,810,3932.006221,3937.062704, 340.129749, 0.994550, 2.940055, 37161.725600, 27470, 29400.545037,results/ablation_20251205_101025/params_M59_ML5_EFC763_EFS810/heap/run_stdout_1.log,1
no_csr,1,0,0,0,0,0,0,59,5,763,810,3870.691886,5105.872778, 222.845023, 0.000000, 4.487424, 37156.087300, 27354, 44874.235343,results/ablation_20251205_101025/params_M59_ML5_EFC763_EFS810/no_csr/run_stdout_1.log,1
no_prefetch,0,1,0,0,0,0,0,59,5,763,810,3922.814375,3928.089586, 315.289779, 0.994550, 3.171685, 37161.725600, 27470, 31716.854365,results/ablation_20251205_101025/params_M59_ML5_EFC763_EFS810/no_prefetch/run_stdout_1.log,1
no_pruning,0,0,0,1,0,0,0,59,5,763,810,4346.965732,4352.164999, 319.962624, 0.994550, 3.125365, 37161.725600, 27470, 31253.650429,results/ablation_20251205_101025/params_M59_ML5_EFC763_EFS810/no_pruning/run_stdout_1.log,1
no_reorder,0,0,0,0,0,0,1,59,5,763,810,3797.137271,3802.332109, 374.726689, 0.994550, 2.668612, 37161.725600, 27470, 26686.116319,results/ablation_20251205_101025/params_M59_ML5_EFC763_EFS810/no_reorder/run_stdout_1.log,1
no_simd,0,0,1,0,0,0,0,59,5,763,810,3806.166374,3811.122742, 353.117075, 0.994550, 2.831922, 37161.725600, 27470, 28319.219627,results/ablation_20251205_101025/params_M59_ML5_EFC763_EFS810/no_simd/run_stdout_1.log,1
nothing,1,1,1,1,1,1,1,59,5,763,810,3819.480864,5075.986356, 172.364108, 0.000000, 5.801672, 37156.087300, 27354, 58016.719010,results/ablation_20251205_101025/params_M59_ML5_EFC763_EFS810/nothing/run_stdout_1.log,1
dynamic_struct,0,0,0,0,0,1,0,59,5,763,820,3826.049779,3831.079771, 364.493989, 0.994660, 2.743529, 37559.562000, 27681, 27435.294715,results/ablation_20251205_101025/params_M59_ML5_EFC763_EFS820/dynamic_struct/run_stdout_1.log,1
dynamic_with_opts,0,0,0,0,0,1,0,59,5,763,820,4148.894668,4155.998828, 341.044112, 0.994660, 2.932172, 37559.562000, 27681, 29321.720150,results/ablation_20251205_101025/params_M59_ML5_EFC763_EFS820/dynamic_with_opts/run_stdout_1.log,1
full,0,0,0,0,0,0,0,59,5,763,820,4097.352874,4102.341739, 291.287728, 0.994660, 3.433032, 37559.562000, 27681, 34330.316831,results/ablation_20251205_101025/params_M59_ML5_EFC763_EFS820/full/run_stdout_1.log,1
heap,0,0,0,0,1,0,0,59,5,763,820,3802.577086,3808.279570, 364.347094, 0.994660, 2.744636, 37559.562000, 27681, 27446.355862,results/ablation_20251205_101025/params_M59_ML5_EFC763_EFS820/heap/run_stdout_1.log,1
no_csr,1,0,0,0,0,0,0,59,5,763,820,4110.378240,5464.376019, 196.829009, 0.000000, 5.080552, 37553.942500, 27565, 50805.519095,results/ablation_20251205_101025/params_M59_ML5_EFC763_EFS820/no_csr/run_stdout_1.log,1
no_prefetch,0,1,0,0,0,0,0,59,5,763,820,3868.191132,3873.078129, 282.461454, 0.994660, 3.540306, 37559.562000, 27681, 35403.060701,results/ablation_20251205_101025/params_M59_ML5_EFC763_EFS820/no_prefetch/run_stdout_1.log,1
no_pruning,0,0,0,1,0,0,0,59,5,763,820,3982.548320,3987.852311, 365.427288, 0.994660, 2.736523, 37559.562000, 27681, 27365.225092,results/ablation_20251205_101025/params_M59_ML5_EFC763_EFS820/no_pruning/run_stdout_1.log,1
no_reorder,0,0,0,0,0,0,1,59,5,763,820,3768.813749,3773.861088, 368.641075, 0.994660, 2.712666, 37559.562000, 27681, 27126.657013,results/ablation_20251205_101025/params_M59_ML5_EFC763_EFS820/no_reorder/run_stdout_1.log,1
no_simd,0,0,1,0,0,0,0,59,5,763,820,3932.194070,3937.528608, 369.615624, 0.994660, 2.705513, 37559.562000, 27681, 27055.133371,results/ablation_20251205_101025/params_M59_ML5_EFC763_EFS820/no_simd/run_stdout_1.log,1
nothing,1,1,1,1,1,1,1,59,5,763,820,3869.232187,5168.527564, 203.217622, 0.000000, 4.920833, 37553.942500, 27565, 49208.330957,results/ablation_20251205_101025/params_M59_ML5_EFC763_EFS820/nothing/run_stdout_1.log,1
dynamic_struct,0,0,0,0,0,1,0,59,5,763,830,3934.432486,3939.420454, 300.550897, 0.994860, 3.327223, 37958.168900, 27962, 33272.234760,results/ablation_20251205_101025/params_M59_ML5_EFC763_EFS830/dynamic_struct/run_stdout_1.log,1
dynamic_with_opts,0,0,0,0,0,1,0,59,5,763,830,4069.114311,4074.001157, 307.069520, 0.994860, 3.256592, 37958.168900, 27962, 32565.915364,results/ablation_20251205_101025/params_M59_ML5_EFC763_EFS830/dynamic_with_opts/run_stdout_1.log,1
full,0,0,0,0,0,0,0,59,5,763,830,3830.433207,3835.368179, 363.737969, 0.994860, 2.749232, 37958.168900, 27962, 27492.318212,results/ablation_20251205_101025/params_M59_ML5_EFC763_EFS830/full/run_stdout_1.log,1
heap,0,0,0,0,1,0,0,59,5,763,830,3948.664571,3954.387183, 337.587195, 0.994860, 2.962198, 37958.168900, 27962, 29621.976597,results/ablation_20251205_101025/params_M59_ML5_EFC763_EFS830/heap/run_stdout_1.log,1
no_csr,1,0,0,0,0,0,0,59,5,763,830,3898.208290,5175.236753, 205.054514, 0.000000, 4.876752, 37952.214400, 27846, 48767.519554,results/ablation_20251205_101025/params_M59_ML5_EFC763_EFS830/no_csr/run_stdout_1.log,1
no_prefetch,0,1,0,0,0,0,0,59,5,763,830,4111.767326,4118.340713, 279.303800, 0.994860, 3.580331, 37958.168900, 27962, 35803.308135,results/ablation_20251205_101025/params_M59_ML5_EFC763_EFS830/no_prefetch/run_stdout_1.log,1
no_pruning,0,0,0,1,0,0,0,59,5,763,830,3913.073976,3918.181740, 310.556194, 0.994860, 3.220029, 37958.168900, 27962, 32200.291631,results/ablation_20251205_101025/params_M59_ML5_EFC763_EFS830/no_pruning/run_stdout_1.log,1
no_reorder,0,0,0,0,0,0,1,59,5,763,830,3982.783479,3988.026710, 331.776336, 0.994860, 3.014079, 37958.168900, 27962, 30140.787361,results/ablation_20251205_101025/params_M59_ML5_EFC763_EFS830/no_reorder/run_stdout_1.log,1
no_simd,0,0,1,0,0,0,0,59,5,763,830,3881.521512,3886.520054, 331.808588, 0.994860, 3.013786, 37958.168900, 27962, 30137.857691,results/ablation_20251205_101025/params_M59_ML5_EFC763_EFS830/no_simd/run_stdout_1.log,1
nothing,1,1,1,1,1,1,1,59,5,763,830,3944.479409,5313.061752, 193.878508, 0.000000, 5.157869, 37952.214400, 27846, 51578.692701,results/ablation_20251205_101025/params_M59_ML5_EFC763_EFS830/nothing/run_stdout_1.log,1
dynamic_struct,0,0,0,0,0,1,0,59,5,763,840,4231.574131,4236.933096, 324.361474, 0.994910, 3.082980, 38355.472500, 28197, 30829.801908,results/ablation_20251205_101025/params_M59_ML5_EFC763_EFS840/dynamic_struct/run_stdout_1.log,1
dynamic_with_opts,0,0,0,0,0,1,0,59,5,763,840,3875.686155,3881.663459, 340.924319, 0.994910, 2.933202, 38355.472500, 28197, 29332.023072,results/ablation_20251205_101025/params_M59_ML5_EFC763_EFS840/dynamic_with_opts/run_stdout_1.log,1
full,0,0,0,0,0,0,0,59,5,763,840,3860.847158,3866.228702, 312.984103, 0.994910, 3.195050, 38355.472500, 28197, 31950.504518,results/ablation_20251205_101025/params_M59_ML5_EFC763_EFS840/full/run_stdout_1.log,1
heap,0,0,0,0,1,0,0,59,5,763,840,4595.961489,4602.664612, 345.760625, 0.994910, 2.892174, 38355.472500, 28197, 28921.743148,results/ablation_20251205_101025/params_M59_ML5_EFC763_EFS840/heap/run_stdout_1.log,1
no_csr,1,0,0,0,0,0,0,59,5,763,840,3918.323904,5210.586441, 205.858051, 0.000000, 4.857716, 38349.801300, 28081, 48577.162496,results/ablation_20251205_101025/params_M59_ML5_EFC763_EFS840/no_csr/run_stdout_1.log,1
no_prefetch,0,1,0,0,0,0,0,59,5,763,840,4118.461695,4123.528006, 290.924978, 0.994910, 3.437312, 38355.472500, 28197, 34373.122771,results/ablation_20251205_101025/params_M59_ML5_EFC763_EFS840/no_prefetch/run_stdout_1.log,1
no_pruning,0,0,0,1,0,0,0,59,5,763,840,4019.181814,4024.460676, 293.315372, 0.994910, 3.409300, 38355.472500, 28197, 34092.996710,results/ablation_20251205_101025/params_M59_ML5_EFC763_EFS840/no_pruning/run_stdout_1.log,1
no_reorder,0,0,0,0,0,0,1,59,5,763,840,3988.612606,3994.209645, 344.209713, 0.994910, 2.905206, 38355.472500, 28197, 29052.056373,results/ablation_20251205_101025/params_M59_ML5_EFC763_EFS840/no_reorder/run_stdout_1.log,1
no_simd,0,0,1,0,0,0,0,59,5,763,840,3901.954807,3907.033642, 337.938460, 0.994910, 2.959119, 38355.472500, 28197, 29591.186557,results/ablation_20251205_101025/params_M59_ML5_EFC763_EFS840/no_simd/run_stdout_1.log,1
nothing,1,1,1,1,1,1,1,59,5,763,840,3938.342871,5388.546979, 159.686954, 0.000000, 6.262252, 38349.801300, 28081, 62622.523278,results/ablation_20251205_101025/params_M59_ML5_EFC763_EFS840/nothing/run_stdout_1.log,1
dynamic_struct,0,0,0,0,0,1,0,59,5,763,850,3862.691642,3867.955036, 330.893213, 0.995010, 3.022123, 38752.273900, 28415, 30221.230296,results/ablation_20251205_101025/params_M59_ML5_EFC763_EFS850/dynamic_struct/run_stdout_1.log,1
dynamic_with_opts,0,0,0,0,0,1,0,59,5,763,850,3667.482972,3672.475278, 307.298668, 0.995010, 3.254163, 38752.273900, 28415, 32541.631415,results/ablation_20251205_101025/params_M59_ML5_EFC763_EFS850/dynamic_with_opts/run_stdout_1.log,1
full,0,0,0,0,0,0,0,59,5,763,850,3949.160225,3955.107147, 333.520577, 0.995010, 2.998316, 38752.273900, 28415, 29983.157536,results/ablation_20251205_101025/params_M59_ML5_EFC763_EFS850/full/run_stdout_1.log,1
heap,0,0,0,0,1,0,0,59,5,763,850,3762.609683,3767.781083, 343.193997, 0.995010, 2.913804, 38752.273900, 28415, 29138.038823,results/ablation_20251205_101025/params_M59_ML5_EFC763_EFS850/heap/run_stdout_1.log,1
no_csr,1,0,0,0,0,0,0,59,5,763,850,4033.580292,5452.069803, 205.765722, 0.000000, 4.859896, 38746.718100, 28300, 48598.959547,results/ablation_20251205_101025/params_M59_ML5_EFC763_EFS850/no_csr/run_stdout_1.log,1
no_prefetch,0,1,0,0,0,0,0,59,5,763,850,3967.795402,3973.515872, 289.977750, 0.995010, 3.448540, 38752.273900, 28415, 34485.404521,results/ablation_20251205_101025/params_M59_ML5_EFC763_EFS850/no_prefetch/run_stdout_1.log,1
no_pruning,0,0,0,1,0,0,0,59,5,763,850,4118.034366,4123.300404, 338.223793, 0.995010, 2.956622, 38752.273900, 28415, 29566.222726,results/ablation_20251205_101025/params_M59_ML5_EFC763_EFS850/no_pruning/run_stdout_1.log,1
no_reorder,0,0,0,0,0,0,1,59,5,763,850,3771.368616,3776.301925, 345.704316, 0.995010, 2.892645, 38752.273900, 28415, 28926.454049,results/ablation_20251205_101025/params_M59_ML5_EFC763_EFS850/no_reorder/run_stdout_1.log,1
no_simd,0,0,1,0,0,0,0,59,5,763,850,3898.120613,3903.290786, 301.769166, 0.995010, 3.313791, 38752.273900, 28415, 33137.911790,results/ablation_20251205_101025/params_M59_ML5_EFC763_EFS850/no_simd/run_stdout_1.log,1
nothing,1,1,1,1,1,1,1,59,5,763,850,4385.479500,5796.053717, 176.349119, 0.000000, 5.670570, 38746.718100, 28300, 56705.698715,results/ablation_20251205_101025/params_M59_ML5_EFC763_EFS850/nothing/run_stdout_1.log,1
dynamic_struct,0,0,0,0,0,1,0,59,5,763,860,3796.513461,3803.085885, 279.690678, 0.995070, 3.575378, 39149.509500, 28658, 35753.783701,results/ablation_20251205_101025/params_M59_ML5_EFC763_EFS860/dynamic_struct/run_stdout_1.log,1
dynamic_with_opts,0,0,0,0,0,1,0,59,5,763,860,4147.168928,4152.106586, 301.949474, 0.995070, 3.311812, 39149.509500, 28658, 33118.123582,results/ablation_20251205_101025/params_M59_ML5_EFC763_EFS860/dynamic_with_opts/run_stdout_1.log,1
full,0,0,0,0,0,0,0,59,5,763,860,4213.371564,4219.699662, 291.250238, 0.995070, 3.433474, 39149.509500, 28658, 34334.735887,results/ablation_20251205_101025/params_M59_ML5_EFC763_EFS860/full/run_stdout_1.log,1
heap,0,0,0,0,1,0,0,59,5,763,860,3885.606593,3890.734946, 337.315148, 0.995070, 2.964587, 39149.509500, 28658, 29645.866945,results/ablation_20251205_101025/params_M59_ML5_EFC763_EFS860/heap/run_stdout_1.log,1
no_csr,1,0,0,0,0,0,0,59,5,763,860,4006.803323,5225.472155, 168.804839, 0.000000, 5.924001, 39143.797300, 28542, 59240.007780,results/ablation_20251205_101025/params_M59_ML5_EFC763_EFS860/no_csr/run_stdout_1.log,1
no_prefetch,0,1,0,0,0,0,0,59,5,763,860,4473.164071,4478.878131, 264.839494, 0.995070, 3.775872, 39149.509500, 28658, 37758.718839,results/ablation_20251205_101025/params_M59_ML5_EFC763_EFS860/no_prefetch/run_stdout_1.log,1
no_pruning,0,0,0,1,0,0,0,59,5,763,860,4502.011144,4507.650740, 333.887531, 0.995070, 2.995021, 39149.509500, 28658, 29950.205002,results/ablation_20251205_101025/params_M59_ML5_EFC763_EFS860/no_pruning/run_stdout_1.log,1
no_reorder,0,0,0,0,0,0,1,59,5,763,860,4446.130748,4451.214471, 303.870398, 0.995070, 3.290877, 39149.509500, 28658, 32908.766574,results/ablation_20251205_101025/params_M59_ML5_EFC763_EFS860/no_reorder/run_stdout_1.log,1
no_simd,0,0,1,0,0,0,0,59,5,763,860,3798.143773,3803.234701, 312.360661, 0.995070, 3.201427, 39149.509500, 28658, 32014.274711,results/ablation_20251205_101025/params_M59_ML5_EFC763_EFS860/no_simd/run_stdout_1.log,1
nothing,1,1,1,1,1,1,1,59,5,763,860,3837.616205,5287.823776, 153.938042, 0.000000, 6.496120, 39143.797300, 28542, 64961.200464,results/ablation_20251205_101025/params_M59_ML5_EFC763_EFS860/nothing/run_stdout_1.log,1
dynamic_struct,0,0,0,0,0,1,0,59,5,763,870,3940.004271,3945.063107, 340.462159, 0.995170, 2.937184, 39544.826400, 28956, 29371.839832,results/ablation_20251205_101025/params_M59_ML5_EFC763_EFS870/dynamic_struct/run_stdout_1.log,1
dynamic_with_opts,0,0,0,0,0,1,0,59,5,763,870,3722.194237,3727.233243, 303.124105, 0.995170, 3.298979, 39544.826400, 28956, 32989.788162,results/ablation_20251205_101025/params_M59_ML5_EFC763_EFS870/dynamic_with_opts/run_stdout_1.log,1
full,0,0,0,0,0,0,0,59,5,763,870,4322.263650,4328.067702, 270.651419, 0.995170, 3.694789, 39544.826400, 28956, 36947.894280,results/ablation_20251205_101025/params_M59_ML5_EFC763_EFS870/full/run_stdout_1.log,1
heap,0,0,0,0,1,0,0,59,5,763,870,3929.917809,3935.136509, 316.378482, 0.995170, 3.160771, 39544.826400, 28956, 31607.712222,results/ablation_20251205_101025/params_M59_ML5_EFC763_EFS870/heap/run_stdout_1.log,1
no_csr,1,0,0,0,0,0,0,59,5,763,870,4500.218263,6754.835533, 178.511117, 0.000000, 5.601892, 39539.222400, 28839, 56018.920128,results/ablation_20251205_101025/params_M59_ML5_EFC763_EFS870/no_csr/run_stdout_1.log,1
no_prefetch,0,1,0,0,0,0,0,59,5,763,870,4099.581174,4105.099215, 265.170973, 0.995170, 3.771152, 39544.826400, 28956, 37711.518336,results/ablation_20251205_101025/params_M59_ML5_EFC763_EFS870/no_prefetch/run_stdout_1.log,1
no_pruning,0,0,0,1,0,0,0,59,5,763,870,4442.810021,4448.121786, 320.410455, 0.995170, 3.120997, 39544.826400, 28956, 31209.967892,results/ablation_20251205_101025/params_M59_ML5_EFC763_EFS870/no_pruning/run_stdout_1.log,1
no_reorder,0,0,0,0,0,0,1,59,5,763,870,3688.688630,3693.661145, 332.475409, 0.995170, 3.007741, 39544.826400, 28956, 30077.412402,results/ablation_20251205_101025/params_M59_ML5_EFC763_EFS870/no_reorder/run_stdout_1.log,1
no_simd,0,0,1,0,0,0,0,59,5,763,870,4105.984798,4111.109020, 288.114311, 0.995170, 3.470845, 39544.826400, 28956, 34708.446012,results/ablation_20251205_101025/params_M59_ML5_EFC763_EFS870/no_simd/run_stdout_1.log,1
nothing,1,1,1,1,1,1,1,59,5,763,870,4895.215390,6453.423820, 165.724601, 0.000000, 6.034107, 39539.222400, 28839, 60341.071617,results/ablation_20251205_101025/params_M59_ML5_EFC763_EFS870/nothing/run_stdout_1.log,1
dynamic_struct,0,0,0,0,0,1,0,59,5,763,880,3661.035821,3667.259632, 338.514823, 0.995280, 2.954080, 39938.463300, 29089, 29540.803863,results/ablation_20251205_111507/params_M59_ML5_EFC763_EFS880/dynamic_struct/run_stdout_1.log,1
dynamic_with_opts,0,0,0,0,0,1,0,59,5,763,880,3709.633451,3714.969128, 338.980368, 0.995280, 2.950023, 39938.463300, 29089, 29500.233457,results/ablation_20251205_111507/params_M59_ML5_EFC763_EFS880/dynamic_with_opts/run_stdout_1.log,1
full,0,0,0,0,0,0,0,59,5,763,880,4365.067464,4370.941246, 242.740796, 0.995280, 4.119621, 39938.463300, 29089, 41196.206648,results/ablation_20251205_111507/params_M59_ML5_EFC763_EFS880/full/run_stdout_1.log,1
heap,0,0,0,0,1,0,0,59,5,763,880,4392.792453,4397.793415, 340.679245, 0.995280, 2.935312, 39938.463300, 29089, 29353.123611,results/ablation_20251205_111507/params_M59_ML5_EFC763_EFS880/heap/run_stdout_1.log,1
no_csr,1,0,0,0,0,0,0,59,5,763,880,4441.121498,5814.520757, 196.789563, 0.000000, 5.081570, 39932.717900, 28973, 50815.703157,results/ablation_20251205_111507/params_M59_ML5_EFC763_EFS880/no_csr/run_stdout_1.log,1
no_prefetch,0,1,0,0,0,0,0,59,5,763,880,3905.306880,3910.988113, 286.105858, 0.995280, 3.495210, 39938.463300, 29089, 34952.098102,results/ablation_20251205_111507/params_M59_ML5_EFC763_EFS880/no_prefetch/run_stdout_1.log,1
no_pruning,0,0,0,1,0,0,0,59,5,763,880,3643.379045,3648.438819, 305.585949, 0.995280, 3.272402, 39938.463300, 29089, 32724.017690,results/ablation_20251205_111507/params_M59_ML5_EFC763_EFS880/no_pruning/run_stdout_1.log,1
no_reorder,0,0,0,0,0,0,1,59,5,763,880,3670.775004,3675.728918, 334.929310, 0.995280, 2.985705, 39938.463300, 29089, 29857.046532,results/ablation_20251205_111507/params_M59_ML5_EFC763_EFS880/no_reorder/run_stdout_1.log,1
no_simd,0,0,1,0,0,0,0,59,5,763,880,3639.487793,3644.414620, 341.931095, 0.995280, 2.924566, 39938.463300, 29089, 29245.658403,results/ablation_20251205_111507/params_M59_ML5_EFC763_EFS880/no_simd/run_stdout_1.log,1
nothing,1,1,1,1,1,1,1,59,5,763,880,3843.461160,5145.640478, 165.264297, 0.000000, 6.050914, 39932.717900, 28973, 60509.136959,results/ablation_20251205_111507/params_M59_ML5_EFC763_EFS880/nothing/run_stdout_1.log,1
dynamic_struct,0,0,0,0,0,1,0,59,5,763,890,3676.498385,3681.654190, 312.644764, 0.995380, 3.198518, 40332.226800, 29275, 31985.183034,results/ablation_20251205_111507/params_M59_ML5_EFC763_EFS890/dynamic_struct/run_stdout_1.log,1
dynamic_with_opts,0,0,0,0,0,1,0,59,5,763,890,3701.608317,3706.746544, 338.731334, 0.995380, 2.952192, 40332.226800, 29275, 29521.921946,results/ablation_20251205_111507/params_M59_ML5_EFC763_EFS890/dynamic_with_opts/run_stdout_1.log,1
full,0,0,0,0,0,0,0,59,5,763,890,3862.329444,3867.362542, 309.317722, 0.995380, 3.232922, 40332.226800, 29275, 32329.217785,results/ablation_20251205_111507/params_M59_ML5_EFC763_EFS890/full/run_stdout_1.log,1
heap,0,0,0,0,1,0,0,59,5,763,890,4044.627637,4051.020638, 314.081055, 0.995380, 3.183891, 40332.226800, 29275, 31838.914988,results/ablation_20251205_111507/params_M59_ML5_EFC763_EFS890/heap/run_stdout_1.log,1
no_csr,1,0,0,0,0,0,0,59,5,763,890,3767.245688,5079.827423, 178.289101, 0.000000, 5.608868, 40326.601700, 29159, 56088.678025,results/ablation_20251205_111507/params_M59_ML5_EFC763_EFS890/no_csr/run_stdout_1.log,1
no_prefetch,0,1,0,0,0,0,0,59,5,763,890,4017.730630,4023.130889, 242.350975, 0.995380, 4.126247, 40332.226800, 29275, 41262.470669,results/ablation_20251205_111507/params_M59_ML5_EFC763_EFS890/no_prefetch/run_stdout_1.log,1
no_pruning,0,0,0,1,0,0,0,59,5,763,890,3834.359011,3839.610702, 305.775079, 0.995380, 3.270378, 40332.226800, 29275, 32703.777003,results/ablation_20251205_111507/params_M59_ML5_EFC763_EFS890/no_pruning/run_stdout_1.log,1
no_reorder,0,0,0,0,0,0,1,59,5,763,890,4357.524729,4362.600238, 337.804704, 0.995380, 2.960290, 40332.226800, 29275, 29602.903364,results/ablation_20251205_111507/params_M59_ML5_EFC763_EFS890/no_reorder/run_stdout_1.log,1
no_simd,0,0,1,0,0,0,0,59,5,763,890,4414.979704,4419.910249, 306.124603, 0.995380, 3.266644, 40332.226800, 29275, 32666.436783,results/ablation_20251205_111507/params_M59_ML5_EFC763_EFS890/no_simd/run_stdout_1.log,1
nothing,1,1,1,1,1,1,1,59,5,763,890,3975.504661,5330.638663, 167.265873, 0.000000, 5.978506, 40326.601700, 29159, 59785.058540,results/ablation_20251205_111507/params_M59_ML5_EFC763_EFS890/nothing/run_stdout_1.log,1
dynamic_struct,0,0,0,0,0,1,0,59,5,763,900,3808.216815,3813.211379, 290.543107, 0.995460, 3.441830, 40724.137900, 29546, 34418.300569,results/ablation_20251205_111507/params_M59_ML5_EFC763_EFS900/dynamic_struct/run_stdout_1.log,1
dynamic_with_opts,0,0,0,0,0,1,0,59,5,763,900,3857.113947,3862.382414, 268.491158, 0.995460, 3.724517, 40724.137900, 29546, 37245.174379,results/ablation_20251205_111507/params_M59_ML5_EFC763_EFS900/dynamic_with_opts/run_stdout_1.log,1
full,0,0,0,0,0,0,0,59,5,763,900,4087.185532,4093.008115, 263.959272, 0.995460, 3.788463, 40724.137900, 29546, 37884.632402,results/ablation_20251205_111507/params_M59_ML5_EFC763_EFS900/full/run_stdout_1.log,1
heap,0,0,0,0,1,0,0,59,5,763,900,4587.417493,4593.147921, 290.924931, 0.995460, 3.437313, 40724.137900, 29546, 34373.128371,results/ablation_20251205_111507/params_M59_ML5_EFC763_EFS900/heap/run_stdout_1.log,1
no_csr,1,0,0,0,0,0,0,59,5,763,900,4456.670150,5768.554275, 177.735953, 0.000000, 5.626324, 40718.517200, 29428, 56263.236854,results/ablation_20251205_111507/params_M59_ML5_EFC763_EFS900/no_csr/run_stdout_1.log,1
no_prefetch,0,1,0,0,0,0,0,59,5,763,900,4264.676672,4269.680526, 250.015955, 0.995460, 3.999745, 40724.137900, 29546, 39997.447373,results/ablation_20251205_111507/params_M59_ML5_EFC763_EFS900/no_prefetch/run_stdout_1.log,1
no_pruning,0,0,0,1,0,0,0,59,5,763,900,3886.331269,3891.778517, 264.393335, 0.995460, 3.782244, 40724.137900, 29546, 37822.436094,results/ablation_20251205_111507/params_M59_ML5_EFC763_EFS900/no_pruning/run_stdout_1.log,1
no_reorder,0,0,0,0,0,0,1,59,5,763,900,3794.965484,3800.084015, 289.853896, 0.995460, 3.450014, 40724.137900, 29546, 34500.139975,results/ablation_20251205_111507/params_M59_ML5_EFC763_EFS900/no_reorder/run_stdout_1.log,1
no_simd,0,0,1,0,0,0,0,59,5,763,900,3860.926572,3865.888266, 292.924850, 0.995460, 3.413845, 40724.137900, 29546, 34138.448862,results/ablation_20251205_111507/params_M59_ML5_EFC763_EFS900/no_simd/run_stdout_1.log,1
nothing,1,1,1,1,1,1,1,59,5,763,900,4527.855895,5858.225874, 166.366251, 0.000000, 6.010834, 40718.517200, 29428, 60108.344766,results/ablation_20251205_111507/params_M59_ML5_EFC763_EFS900/nothing/run_stdout_1.log,1
