[cache] loaded base vectors from data_o/glove/base.txt.bin
Building index...
[solution] threads=32, centroid=5964, iter=16, nprob=1024
[finalize_build] 68925 ms
Index built in 69 seconds
Loading queries and ground truth...
Loaded 1000 ground truth entries
Running queries...
[Timing] coarse=587us fine=2528us merge=612us sort=5us map=0us TOTAL=3788us
[Stats] checked=194253 refined=6400
[Timing] coarse=566us fine=2258us merge=609us sort=5us map=0us TOTAL=3469us
[Stats] checked=197430 refined=6400
[Timing] coarse=488us fine=2047us merge=597us sort=4us map=0us TOTAL=3161us
[Stats] checked=169257 refined=6400
[Timing] coarse=496us fine=2176us merge=667us sort=5us map=0us TOTAL=3371us
[Stats] checked=179048 refined=6400
[Timing] coarse=448us fine=2105us merge=634us sort=5us map=0us TOTAL=3215us
[Stats] checked=179678 refined=6400
[Timing] coarse=544us fine=2146us merge=667us sort=5us map=0us TOTAL=3392us
[Stats] checked=165105 refined=6400
[Timing] coarse=478us fine=2145us merge=659us sort=5us map=0us TOTAL=3314us
[Stats] checked=167615 refined=6400
[Timing] coarse=441us fine=2053us merge=618us sort=5us map=0us TOTAL=3141us
[Stats] checked=175623 refined=6400
[Timing] coarse=350us fine=2027us merge=616us sort=5us map=0us TOTAL=3021us
[Stats] checked=167736 refined=6400
[Timing] coarse=510us fine=2084us merge=645us sort=5us map=0us TOTAL=3269us
[Stats] checked=181006 refined=6400
[Timing] coarse=359us fine=2112us merge=675us sort=5us map=0us TOTAL=3171us
[Stats] checked=190586 refined=6400
[Timing] coarse=956us fine=2291us merge=710us sort=35us map=1us TOTAL=4048us
[Stats] checked=179497 refined=6400
[Timing] coarse=481us fine=2217us merge=667us sort=5us map=0us TOTAL=3392us
[Stats] checked=168532 refined=6400
[Timing] coarse=483us fine=2184us merge=689us sort=4us map=0us TOTAL=3385us
[Stats] checked=212975 refined=6400
[Timing] coarse=460us fine=2311us merge=980us sort=5us map=0us TOTAL=3777us
[Stats] checked=172628 refined=6400
[Timing] coarse=488us fine=2171us merge=615us sort=5us map=0us TOTAL=3309us
[Stats] checked=180406 refined=6400
[Timing] coarse=393us fine=2494us merge=620us sort=5us map=1us TOTAL=3536us
[Stats] checked=180200 refined=6400
[Timing] coarse=433us fine=2460us merge=734us sort=5us map=1us TOTAL=3658us
[Stats] checked=166081 refined=6400
[Timing] coarse=394us fine=2180us merge=626us sort=5us map=0us TOTAL=3228us
[Stats] checked=173939 refined=6400
[Timing] coarse=425us fine=2066us merge=629us sort=5us map=0us TOTAL=3147us
[Stats] checked=178866 refined=6400
[Timing] coarse=398us fine=2148us merge=624us sort=5us map=0us TOTAL=3196us
[Stats] checked=175591 refined=6400
[Timing] coarse=360us fine=2059us merge=610us sort=5us map=0us TOTAL=3055us
[Stats] checked=190311 refined=6400
[Timing] coarse=353us fine=2270us merge=640us sort=4us map=0us TOTAL=3289us
[Stats] checked=164703 refined=6400
[Timing] coarse=422us fine=2101us merge=615us sort=4us map=0us TOTAL=3164us
[Stats] checked=174629 refined=6400
[Timing] coarse=485us fine=2007us merge=634us sort=5us map=0us TOTAL=3150us
[Stats] checked=178093 refined=6400
[Timing] coarse=406us fine=1985us merge=561us sort=7us map=0us TOTAL=2978us
[Stats] checked=192669 refined=6400
[Timing] coarse=337us fine=2427us merge=640us sort=4us map=0us TOTAL=3426us
[Stats] checked=181424 refined=6400
[Timing] coarse=345us fine=2060us merge=632us sort=4us map=0us TOTAL=3061us
[Stats] checked=193524 refined=6400
[Timing] coarse=389us fine=2064us merge=628us sort=4us map=0us TOTAL=3105us
[Stats] checked=176492 refined=6400
[Timing] coarse=367us fine=2121us merge=608us sort=5us map=0us TOTAL=3119us
[Stats] checked=180747 refined=6400
[Timing] coarse=432us fine=2413us merge=640us sort=5us map=0us TOTAL=3508us
[Stats] checked=176376 refined=6400
[Timing] coarse=440us fine=2149us merge=672us sort=4us map=0us TOTAL=3288us
[Stats] checked=182867 refined=6400
[Timing] coarse=478us fine=2108us merge=626us sort=5us map=0us TOTAL=3237us
[Stats] checked=200348 refined=6400
[Timing] coarse=382us fine=2244us merge=665us sort=5us map=0us TOTAL=3317us
[Stats] checked=182534 refined=6400
[Timing] coarse=389us fine=2156us merge=640us sort=5us map=0us TOTAL=3210us
[Stats] checked=179471 refined=6400
[Timing] coarse=354us fine=2247us merge=634us sort=5us map=0us TOTAL=3258us
[Stats] checked=175631 refined=6400
[Timing] coarse=426us fine=2345us merge=688us sort=5us map=0us TOTAL=3485us
[Stats] checked=174764 refined=6400
[Timing] coarse=414us fine=2091us merge=611us sort=5us map=0us TOTAL=3138us
[Stats] checked=187827 refined=6400
[Timing] coarse=378us fine=2035us merge=602us sort=4us map=0us TOTAL=3039us
[Stats] checked=171656 refined=6400
[Timing] coarse=370us fine=2053us merge=651us sort=4us map=0us TOTAL=3098us
[Stats] checked=180917 refined=6400
[Timing] coarse=351us fine=2170us merge=629us sort=4us map=0us TOTAL=3173us
[Stats] checked=170660 refined=6400
[Timing] coarse=366us fine=2038us merge=705us sort=5us map=0us TOTAL=3133us
[Stats] checked=190256 refined=6400
[Timing] coarse=341us fine=2021us merge=836us sort=5us map=0us TOTAL=3223us
[Stats] checked=190523 refined=6400
[Timing] coarse=333us fine=2075us merge=686us sort=4us map=0us TOTAL=3116us
[Stats] checked=178986 refined=6400
[Timing] coarse=447us fine=2337us merge=690us sort=5us map=0us TOTAL=3499us
[Stats] checked=172241 refined=6400
[Timing] coarse=403us fine=2264us merge=658us sort=4us map=0us TOTAL=3348us
[Stats] checked=176299 refined=6400
[Timing] coarse=357us fine=2153us merge=672us sort=5us map=0us TOTAL=3205us
[Stats] checked=167426 refined=6400
[Timing] coarse=391us fine=2066us merge=826us sort=5us map=0us TOTAL=3306us
[Stats] checked=162164 refined=6400
[Timing] coarse=351us fine=2233us merge=634us sort=5us map=0us TOTAL=3246us
[Stats] checked=190927 refined=6400
[Timing] coarse=450us fine=2091us merge=619us sort=4us map=0us TOTAL=3184us
[Stats] checked=173241 refined=6400
Processed 50 queries[Timing] coarse=437us fine=2060us merge=625us sort=5us map=0us TOTAL=3147us
[Stats] checked=179478 refined=6400
[Timing] coarse=361us fine=2108us merge=589us sort=16us map=0us TOTAL=3094us
[Stats] checked=198603 refined=6400
[Timing] coarse=364us fine=2069us merge=608us sort=5us map=0us TOTAL=3065us
[Stats] checked=196003 refined=6400
[Timing] coarse=307us fine=2159us merge=618us sort=5us map=0us TOTAL=3105us
[Stats] checked=202312 refined=6400
[Timing] coarse=387us fine=2138us merge=625us sort=4us map=0us TOTAL=3173us
[Stats] checked=174633 refined=6400
[Timing] coarse=345us fine=2070us merge=612us sort=4us map=0us TOTAL=3050us
[Stats] checked=188809 refined=6400
[Timing] coarse=319us fine=2135us merge=581us sort=4us map=0us TOTAL=3058us
[Stats] checked=176498 refined=6400
[Timing] coarse=377us fine=2114us merge=633us sort=5us map=0us TOTAL=3147us
[Stats] checked=159892 refined=6400
[Timing] coarse=366us fine=2125us merge=631us sort=5us map=2us TOTAL=3148us
[Stats] checked=191951 refined=6400
[Timing] coarse=373us fine=2078us merge=620us sort=5us map=0us TOTAL=3094us
[Stats] checked=174661 refined=6400
[Timing] coarse=360us fine=2165us merge=663us sort=4us map=0us TOTAL=3210us
[Stats] checked=165881 refined=6400
[Timing] coarse=424us fine=2004us merge=689us sort=5us map=0us TOTAL=3141us
[Stats] checked=165524 refined=6400
[Timing] coarse=375us fine=2186us merge=637us sort=4us map=0us TOTAL=3220us
[Stats] checked=176547 refined=6400
[Timing] coarse=395us fine=2669us merge=621us sort=5us map=0us TOTAL=3709us
[Stats] checked=172736 refined=6400
[Timing] coarse=384us fine=2213us merge=647us sort=4us map=0us TOTAL=3265us
[Stats] checked=168533 refined=6400
[Timing] coarse=385us fine=2348us merge=600us sort=5us map=0us TOTAL=3355us
[Stats] checked=184529 refined=6400
[Timing] coarse=347us fine=2085us merge=623us sort=5us map=0us TOTAL=3077us
[Stats] checked=186870 refined=6400
[Timing] coarse=379us fine=2167us merge=627us sort=4us map=0us TOTAL=3196us
[Stats] checked=160842 refined=6400
[Timing] coarse=353us fine=2225us merge=600us sort=5us map=0us TOTAL=3201us
[Stats] checked=181662 refined=6400
[Timing] coarse=357us fine=2015us merge=669us sort=5us map=0us TOTAL=3075us
[Stats] checked=168781 refined=6400
[Timing] coarse=357us fine=2297us merge=1021us sort=7us map=1us TOTAL=3699us
[Stats] checked=202767 refined=6400
[Timing] coarse=447us fine=2219us merge=617us sort=5us map=0us TOTAL=3308us
[Stats] checked=190289 refined=6400
[Timing] coarse=381us fine=2141us merge=642us sort=4us map=0us TOTAL=3186us
[Stats] checked=194636 refined=6400
[Timing] coarse=357us fine=2067us merge=793us sort=5us map=0us TOTAL=3240us
[Stats] checked=165890 refined=6400
[Timing] coarse=333us fine=2003us merge=626us sort=31us map=0us TOTAL=3012us
[Stats] checked=169911 refined=6400
[Timing] coarse=350us fine=2189us merge=644us sort=4us map=0us TOTAL=3204us
[Stats] checked=191264 refined=6400
[Timing] coarse=382us fine=2149us merge=593us sort=5us map=0us TOTAL=3157us
[Stats] checked=205918 refined=6400
[Timing] coarse=376us fine=2135us merge=649us sort=5us map=0us TOTAL=3184us
[Stats] checked=170649 refined=6400
[Timing] coarse=390us fine=2111us merge=641us sort=5us map=0us TOTAL=3165us
[Stats] checked=191681 refined=6400
[Timing] coarse=429us fine=2158us merge=604us sort=5us map=0us TOTAL=3214us
[Stats] checked=199082 refined=6400
[Timing] coarse=404us fine=2095us merge=694us sort=4us map=0us TOTAL=3215us
[Stats] checked=189040 refined=6400
[Timing] coarse=378us fine=2127us merge=654us sort=5us map=0us TOTAL=3182us
[Stats] checked=169827 refined=6400
[Timing] coarse=331us fine=2354us merge=638us sort=4us map=0us TOTAL=3346us
[Stats] checked=183388 refined=6400
[Timing] coarse=371us fine=2202us merge=670us sort=4us map=0us TOTAL=3265us
[Stats] checked=177579 refined=6400
[Timing] coarse=389us fine=2573us merge=659us sort=4us map=0us TOTAL=3643us
[Stats] checked=196833 refined=6400
[Timing] coarse=395us fine=2173us merge=631us sort=5us map=0us TOTAL=3223us
[Stats] checked=162134 refined=6400
[Timing] coarse=345us fine=2048us merge=608us sort=4us map=0us TOTAL=3025us
[Stats] checked=174650 refined=6400
[Timing] coarse=364us fine=2177us merge=636us sort=5us map=0us TOTAL=3202us
[Stats] checked=183375 refined=6400
[Timing] coarse=391us fine=2112us merge=632us sort=5us map=0us TOTAL=3162us
[Stats] checked=184457 refined=6400
[Timing] coarse=389us fine=2163us merge=625us sort=4us map=0us TOTAL=3202us
[Stats] checked=191635 refined=6400
[Timing] coarse=376us fine=2193us merge=673us sort=5us map=0us TOTAL=3265us
[Stats] checked=174228 refined=6400
[Timing] coarse=421us fine=2155us merge=627us sort=5us map=0us TOTAL=3229us
[Stats] checked=193622 refined=6400
[Timing] coarse=376us fine=2214us merge=642us sort=5us map=0us TOTAL=3256us
[Stats] checked=196568 refined=6400
[Timing] coarse=368us fine=2145us merge=748us sort=5us map=0us TOTAL=3285us
[Stats] checked=164180 refined=6400
[Timing] coarse=420us fine=2227us merge=656us sort=5us map=0us TOTAL=3329us
[Stats] checked=172934 refined=6400
[Timing] coarse=425us fine=2356us merge=712us sort=5us map=0us TOTAL=3518us
[Stats] checked=182697 refined=6400
[Timing] coarse=391us fine=2709us merge=1122us sort=5us map=0us TOTAL=4248us
[Stats] checked=174042 refined=6400
[Timing] coarse=499us fine=2592us merge=674us sort=5us map=0us TOTAL=3793us
[Stats] checked=195891 refined=6400
[Timing] coarse=558us fine=2474us merge=612us sort=5us map=0us TOTAL=3675us
[Stats] checked=225239 refined=6400
[Timing] coarse=541us fine=2165us merge=665us sort=5us map=0us TOTAL=3396us
[Stats] checked=186767 refined=6400
Processed 100 queries[Timing] coarse=820us fine=2450us merge=670us sort=5us map=0us TOTAL=3963us
[Stats] checked=174507 refined=6400
[Timing] coarse=519us fine=2172us merge=671us sort=5us map=0us TOTAL=3390us
[Stats] checked=176060 refined=6400
[Timing] coarse=438us fine=2211us merge=613us sort=5us map=0us TOTAL=3287us
[Stats] checked=198353 refined=6400
[Timing] coarse=449us fine=2114us merge=651us sort=4us map=0us TOTAL=3238us
[Stats] checked=167607 refined=6400
[Timing] coarse=379us fine=2159us merge=770us sort=5us map=0us TOTAL=3344us
[Stats] checked=207364 refined=6400
[Timing] coarse=402us fine=2209us merge=621us sort=5us map=0us TOTAL=3258us
[Stats] checked=184862 refined=6400
[Timing] coarse=389us fine=2216us merge=651us sort=4us map=0us TOTAL=3279us
[Stats] checked=193693 refined=6400
[Timing] coarse=385us fine=2070us merge=642us sort=4us map=0us TOTAL=3120us
[Stats] checked=164280 refined=6400
[Timing] coarse=355us fine=2412us merge=631us sort=4us map=0us TOTAL=3421us
[Stats] checked=200987 refined=6400
[Timing] coarse=428us fine=2222us merge=632us sort=5us map=0us TOTAL=3308us
[Stats] checked=163085 refined=6400
[Timing] coarse=391us fine=2062us merge=632us sort=5us map=0us TOTAL=3109us
[Stats] checked=182372 refined=6400
[Timing] coarse=348us fine=2117us merge=610us sort=4us map=0us TOTAL=3098us
[Stats] checked=216717 refined=6400
[Timing] coarse=356us fine=1947us merge=611us sort=5us map=0us TOTAL=2937us
[Stats] checked=171285 refined=6400
[Timing] coarse=783us fine=2076us merge=592us sort=4us map=0us TOTAL=3474us
[Stats] checked=220931 refined=6400
[Timing] coarse=412us fine=1980us merge=621us sort=5us map=0us TOTAL=3068us
[Stats] checked=177070 refined=6400
[Timing] coarse=358us fine=2434us merge=594us sort=5us map=0us TOTAL=3410us
[Stats] checked=187582 refined=6400
[Timing] coarse=367us fine=2089us merge=617us sort=4us map=0us TOTAL=3097us
[Stats] checked=198109 refined=6400
[Timing] coarse=352us fine=2176us merge=638us sort=4us map=0us TOTAL=3189us
[Stats] checked=186156 refined=6400
[Timing] coarse=399us fine=2079us merge=596us sort=4us map=0us TOTAL=3098us
[Stats] checked=187261 refined=6400
[Timing] coarse=418us fine=2038us merge=829us sort=5us map=0us TOTAL=3310us
[Stats] checked=198801 refined=6400
[Timing] coarse=383us fine=2123us merge=615us sort=4us map=0us TOTAL=3144us
[Stats] checked=228459 refined=6400
[Timing] coarse=321us fine=2162us merge=621us sort=4us map=0us TOTAL=3126us
[Stats] checked=189748 refined=6400
[Timing] coarse=332us fine=2279us merge=781us sort=4us map=0us TOTAL=3415us
[Stats] checked=196933 refined=6400
[Timing] coarse=421us fine=2191us merge=665us sort=4us map=0us TOTAL=3302us
[Stats] checked=181721 refined=6400
[Timing] coarse=373us fine=2095us merge=591us sort=4us map=0us TOTAL=3083us
[Stats] checked=190330 refined=6400
[Timing] coarse=355us fine=2023us merge=622us sort=4us map=0us TOTAL=3023us
[Stats] checked=183904 refined=6400
[Timing] coarse=361us fine=2027us merge=673us sort=5us map=0us TOTAL=3083us
[Stats] checked=166980 refined=6400
[Timing] coarse=395us fine=2149us merge=626us sort=4us map=0us TOTAL=3193us
[Stats] checked=202216 refined=6400
[Timing] coarse=388us fine=2095us merge=623us sort=5us map=0us TOTAL=3130us
[Stats] checked=183330 refined=6400
[Timing] coarse=395us fine=2277us merge=571us sort=4us map=0us TOTAL=3267us
[Stats] checked=217338 refined=6400
[Timing] coarse=368us fine=2267us merge=612us sort=5us map=0us TOTAL=3270us
[Stats] checked=187415 refined=6400
[Timing] coarse=378us fine=2096us merge=628us sort=4us map=0us TOTAL=3125us
[Stats] checked=171552 refined=6400
[Timing] coarse=369us fine=2209us merge=616us sort=4us map=0us TOTAL=3218us
[Stats] checked=171933 refined=6400
[Timing] coarse=356us fine=2048us merge=613us sort=5us map=0us TOTAL=3040us
[Stats] checked=180988 refined=6400
[Timing] coarse=380us fine=2104us merge=596us sort=5us map=0us TOTAL=3103us
[Stats] checked=186739 refined=6400
[Timing] coarse=374us fine=2147us merge=631us sort=5us map=0us TOTAL=3175us
[Stats] checked=161699 refined=6400
[Timing] coarse=355us fine=2026us merge=783us sort=5us map=0us TOTAL=3186us
[Stats] checked=187365 refined=6400
[Timing] coarse=363us fine=2133us merge=647us sort=4us map=0us TOTAL=3169us
[Stats] checked=199273 refined=6400
[Timing] coarse=362us fine=2056us merge=683us sort=5us map=0us TOTAL=3125us
[Stats] checked=171738 refined=6400
[Timing] coarse=377us fine=2106us merge=694us sort=5us map=0us TOTAL=3202us
[Stats] checked=197284 refined=6400
[Timing] coarse=424us fine=2169us merge=646us sort=5us map=0us TOTAL=3263us
[Stats] checked=209625 refined=6400
[Timing] coarse=427us fine=2087us merge=651us sort=4us map=0us TOTAL=3188us
[Stats] checked=169936 refined=6400
[Timing] coarse=377us fine=2029us merge=643us sort=5us map=0us TOTAL=3073us
[Stats] checked=172001 refined=6400
[Timing] coarse=393us fine=2090us merge=624us sort=5us map=0us TOTAL=3131us
[Stats] checked=211418 refined=6400
[Timing] coarse=432us fine=2157us merge=910us sort=4us map=0us TOTAL=3522us
[Stats] checked=197724 refined=6400
[Timing] coarse=495us fine=2060us merge=673us sort=5us map=0us TOTAL=3253us
[Stats] checked=167688 refined=6400
[Timing] coarse=414us fine=2067us merge=586us sort=4us map=0us TOTAL=3091us
[Stats] checked=192941 refined=6400
[Timing] coarse=403us fine=2068us merge=781us sort=5us map=0us TOTAL=3276us
[Stats] checked=184642 refined=6400
[Timing] coarse=408us fine=2690us merge=661us sort=5us map=0us TOTAL=3784us
[Stats] checked=193760 refined=6400
[Timing] coarse=477us fine=2056us merge=638us sort=5us map=0us TOTAL=3196us
[Stats] checked=169765 refined=6400
Processed 150 queries[Timing] coarse=424us fine=2117us merge=601us sort=5us map=0us TOTAL=3166us
[Stats] checked=182315 refined=6400
[Timing] coarse=359us fine=2087us merge=616us sort=5us map=0us TOTAL=3085us
[Stats] checked=205315 refined=6400
[Timing] coarse=352us fine=2073us merge=735us sort=4us map=0us TOTAL=3182us
[Stats] checked=179435 refined=6400
[Timing] coarse=423us fine=2140us merge=647us sort=5us map=0us TOTAL=3234us
[Stats] checked=198238 refined=6400
[Timing] coarse=355us fine=2136us merge=624us sort=5us map=0us TOTAL=3139us
[Stats] checked=186376 refined=6400
[Timing] coarse=366us fine=2154us merge=654us sort=5us map=0us TOTAL=3198us
[Stats] checked=183381 refined=6400
[Timing] coarse=385us fine=2120us merge=823us sort=5us map=0us TOTAL=3353us
[Stats] checked=183260 refined=6400
[Timing] coarse=344us fine=2116us merge=638us sort=5us map=0us TOTAL=3122us
[Stats] checked=188441 refined=6400
[Timing] coarse=390us fine=2027us merge=602us sort=5us map=0us TOTAL=3041us
[Stats] checked=191505 refined=6400
[Timing] coarse=383us fine=2528us merge=631us sort=4us map=0us TOTAL=3564us
[Stats] checked=208372 refined=6400
[Timing] coarse=452us fine=2220us merge=631us sort=5us map=0us TOTAL=3332us
[Stats] checked=188138 refined=6400
[Timing] coarse=452us fine=2381us merge=630us sort=5us map=0us TOTAL=3489us
[Stats] checked=179745 refined=6400
[Timing] coarse=409us fine=2044us merge=623us sort=5us map=0us TOTAL=3102us
[Stats] checked=181281 refined=6400
[Timing] coarse=383us fine=2214us merge=668us sort=5us map=0us TOTAL=3289us
[Stats] checked=195789 refined=6400
[Timing] coarse=451us fine=2132us merge=702us sort=5us map=1us TOTAL=3313us
[Stats] checked=180520 refined=6400
[Timing] coarse=485us fine=2126us merge=643us sort=5us map=1us TOTAL=3281us
[Stats] checked=182561 refined=6400
[Timing] coarse=455us fine=2181us merge=638us sort=5us map=0us TOTAL=3300us
[Stats] checked=196393 refined=6400
[Timing] coarse=557us fine=2319us merge=639us sort=5us map=0us TOTAL=3549us
[Stats] checked=181299 refined=6400
[Timing] coarse=389us fine=2126us merge=646us sort=5us map=0us TOTAL=3185us
[Stats] checked=168906 refined=6400
[Timing] coarse=406us fine=2171us merge=656us sort=4us map=0us TOTAL=3260us
[Stats] checked=161973 refined=6400
[Timing] coarse=568us fine=2488us merge=789us sort=27us map=2us TOTAL=3900us
[Stats] checked=169820 refined=6400
[Timing] coarse=505us fine=2121us merge=609us sort=5us map=0us TOTAL=3263us
[Stats] checked=162596 refined=6400
[Timing] coarse=372us fine=2040us merge=945us sort=5us map=1us TOTAL=3383us
[Stats] checked=165513 refined=6400
[Timing] coarse=455us fine=2146us merge=620us sort=5us map=0us TOTAL=3247us
[Stats] checked=196936 refined=6400
[Timing] coarse=752us fine=2316us merge=626us sort=5us map=0us TOTAL=3723us
[Stats] checked=204667 refined=6400
[Timing] coarse=477us fine=2175us merge=621us sort=5us map=0us TOTAL=3297us
[Stats] checked=187961 refined=6400
[Timing] coarse=385us fine=2243us merge=637us sort=5us map=0us TOTAL=3290us
[Stats] checked=182195 refined=6400
[Timing] coarse=403us fine=2103us merge=564us sort=5us map=0us TOTAL=3095us
[Stats] checked=189150 refined=6400
[Timing] coarse=398us fine=2050us merge=643us sort=5us map=0us TOTAL=3115us
[Stats] checked=157405 refined=6400
[Timing] coarse=333us fine=2398us merge=620us sort=5us map=0us TOTAL=3376us
[Stats] checked=183871 refined=6400
[Timing] coarse=365us fine=2112us merge=673us sort=5us map=0us TOTAL=3175us
[Stats] checked=167854 refined=6400
[Timing] coarse=350us fine=2063us merge=622us sort=4us map=0us TOTAL=3059us
[Stats] checked=186843 refined=6400
[Timing] coarse=425us fine=2148us merge=583us sort=4us map=0us TOTAL=3181us
[Stats] checked=192192 refined=6400
[Timing] coarse=368us fine=2103us merge=608us sort=5us map=0us TOTAL=3104us
[Stats] checked=204860 refined=6400
[Timing] coarse=365us fine=2177us merge=634us sort=4us map=0us TOTAL=3197us
[Stats] checked=168844 refined=6400
[Timing] coarse=364us fine=2582us merge=620us sort=5us map=0us TOTAL=3591us
[Stats] checked=183060 refined=6400
[Timing] coarse=456us fine=2295us merge=625us sort=5us map=0us TOTAL=3402us
[Stats] checked=223781 refined=6400
[Timing] coarse=392us fine=2229us merge=629us sort=5us map=0us TOTAL=3276us
[Stats] checked=177087 refined=6400
[Timing] coarse=391us fine=2066us merge=636us sort=4us map=0us TOTAL=3118us
[Stats] checked=177369 refined=6400
[Timing] coarse=411us fine=2148us merge=658us sort=4us map=0us TOTAL=3244us
[Stats] checked=177965 refined=6400
[Timing] coarse=392us fine=2087us merge=622us sort=5us map=0us TOTAL=3124us
[Stats] checked=189910 refined=6400
[Timing] coarse=346us fine=2100us merge=634us sort=5us map=0us TOTAL=3104us
[Stats] checked=200474 refined=6400
[Timing] coarse=323us fine=2001us merge=610us sort=5us map=0us TOTAL=2957us
[Stats] checked=168351 refined=6400
[Timing] coarse=399us fine=2016us merge=578us sort=5us map=0us TOTAL=3016us
[Stats] checked=193111 refined=6400
[Timing] coarse=328us fine=2075us merge=606us sort=4us map=0us TOTAL=3044us
[Stats] checked=182490 refined=6400
[Timing] coarse=362us fine=2414us merge=695us sort=12us map=0us TOTAL=3503us
[Stats] checked=179054 refined=6400
[Timing] coarse=397us fine=2120us merge=651us sort=5us map=0us TOTAL=3194us
[Stats] checked=178637 refined=6400
[Timing] coarse=357us fine=2065us merge=603us sort=4us map=0us TOTAL=3049us
[Stats] checked=183789 refined=6400
[Timing] coarse=356us fine=2255us merge=693us sort=5us map=0us TOTAL=3328us
[Stats] checked=162332 refined=6400
[Timing] coarse=379us fine=2363us merge=761us sort=4us map=0us TOTAL=3526us
[Stats] checked=205632 refined=6400
Processed 200 queries[Timing] coarse=511us fine=2137us merge=642us sort=5us map=0us TOTAL=3317us
[Stats] checked=164233 refined=6400
[Timing] coarse=481us fine=2067us merge=618us sort=5us map=0us TOTAL=3190us
[Stats] checked=177327 refined=6400
[Timing] coarse=387us fine=2259us merge=652us sort=4us map=0us TOTAL=3323us
[Stats] checked=211830 refined=6400
[Timing] coarse=388us fine=2513us merge=697us sort=5us map=0us TOTAL=3623us
[Stats] checked=200436 refined=6400
[Timing] coarse=569us fine=2294us merge=668us sort=4us map=0us TOTAL=3561us
[Stats] checked=193117 refined=6400
[Timing] coarse=523us fine=2145us merge=663us sort=4us map=0us TOTAL=3356us
[Stats] checked=170060 refined=6400
[Timing] coarse=534us fine=2258us merge=1092us sort=4us map=0us TOTAL=3911us
[Stats] checked=170633 refined=6400
[Timing] coarse=578us fine=2396us merge=624us sort=5us map=0us TOTAL=3627us
[Stats] checked=218253 refined=6400
[Timing] coarse=517us fine=2097us merge=606us sort=5us map=0us TOTAL=3247us
[Stats] checked=192289 refined=6400
[Timing] coarse=467us fine=2366us merge=631us sort=5us map=0us TOTAL=3490us
[Stats] checked=175003 refined=6400
[Timing] coarse=426us fine=2263us merge=659us sort=4us map=0us TOTAL=3376us
[Stats] checked=195021 refined=6400
[Timing] coarse=390us fine=2024us merge=635us sort=4us map=0us TOTAL=3075us
[Stats] checked=185242 refined=6400
[Timing] coarse=417us fine=2140us merge=594us sort=4us map=0us TOTAL=3177us
[Stats] checked=195411 refined=6400
[Timing] coarse=385us fine=2065us merge=621us sort=4us map=0us TOTAL=3095us
[Stats] checked=175208 refined=6400
[Timing] coarse=399us fine=2148us merge=615us sort=7us map=0us TOTAL=3191us
[Stats] checked=196963 refined=6400
[Timing] coarse=460us fine=2137us merge=618us sort=5us map=0us TOTAL=3239us
[Stats] checked=177009 refined=6400
[Timing] coarse=399us fine=2063us merge=640us sort=5us map=0us TOTAL=3126us
[Stats] checked=191278 refined=6400
[Timing] coarse=375us fine=2022us merge=634us sort=4us map=0us TOTAL=3054us
[Stats] checked=170095 refined=6400
[Timing] coarse=389us fine=2090us merge=625us sort=5us map=0us TOTAL=3127us
[Stats] checked=167666 refined=6400
[Timing] coarse=476us fine=2480us merge=631us sort=4us map=0us TOTAL=3612us
[Stats] checked=184491 refined=6400
[Timing] coarse=411us fine=2181us merge=600us sort=5us map=0us TOTAL=3217us
[Stats] checked=192991 refined=6400
[Timing] coarse=374us fine=2170us merge=632us sort=5us map=0us TOTAL=3201us
[Stats] checked=184526 refined=6400
[Timing] coarse=392us fine=2698us merge=670us sort=5us map=0us TOTAL=3784us
[Stats] checked=172776 refined=6400
[Timing] coarse=443us fine=2117us merge=629us sort=5us map=0us TOTAL=3216us
[Stats] checked=175694 refined=6400
[Timing] coarse=397us fine=2487us merge=628us sort=5us map=0us TOTAL=3538us
[Stats] checked=172588 refined=6400
[Timing] coarse=405us fine=2201us merge=644us sort=4us map=0us TOTAL=3275us
[Stats] checked=190643 refined=6400
[Timing] coarse=365us fine=2278us merge=692us sort=5us map=0us TOTAL=3359us
[Stats] checked=182325 refined=6400
[Timing] coarse=522us fine=2239us merge=651us sort=5us map=0us TOTAL=3441us
[Stats] checked=191181 refined=6400
[Timing] coarse=518us fine=2023us merge=647us sort=5us map=0us TOTAL=3217us
[Stats] checked=164752 refined=6400
[Timing] coarse=435us fine=2333us merge=640us sort=4us map=0us TOTAL=3433us
[Stats] checked=179315 refined=6400
[Timing] coarse=459us fine=2225us merge=653us sort=5us map=0us TOTAL=3364us
[Stats] checked=197075 refined=6400
[Timing] coarse=381us fine=2211us merge=683us sort=5us map=0us TOTAL=3301us
[Stats] checked=183040 refined=6400
[Timing] coarse=357us fine=2194us merge=612us sort=5us map=0us TOTAL=3187us
[Stats] checked=184805 refined=6400
[Timing] coarse=433us fine=2158us merge=618us sort=4us map=0us TOTAL=3233us
[Stats] checked=184820 refined=6400
[Timing] coarse=384us fine=2094us merge=665us sort=5us map=0us TOTAL=3165us
[Stats] checked=165403 refined=6400
[Timing] coarse=344us fine=2093us merge=582us sort=5us map=0us TOTAL=3043us
[Stats] checked=191656 refined=6400
[Timing] coarse=355us fine=1994us merge=660us sort=4us map=0us TOTAL=3032us
[Stats] checked=167995 refined=6400
[Timing] coarse=415us fine=2207us merge=604us sort=4us map=0us TOTAL=3250us
[Stats] checked=202355 refined=6400
[Timing] coarse=362us fine=2019us merge=599us sort=4us map=0us TOTAL=3003us
[Stats] checked=176555 refined=6400
[Timing] coarse=341us fine=2041us merge=618us sort=5us map=0us TOTAL=3023us
[Stats] checked=179695 refined=6400
[Timing] coarse=376us fine=2467us merge=677us sort=7us map=0us TOTAL=3557us
[Stats] checked=206989 refined=6400
[Timing] coarse=491us fine=2252us merge=648us sort=5us map=0us TOTAL=3423us
[Stats] checked=203011 refined=6400
[Timing] coarse=390us fine=2083us merge=628us sort=4us map=0us TOTAL=3125us
[Stats] checked=175797 refined=6400
[Timing] coarse=355us fine=2100us merge=625us sort=4us map=0us TOTAL=3106us
[Stats] checked=176290 refined=6400
[Timing] coarse=372us fine=2228us merge=643us sort=5us map=0us TOTAL=3267us
[Stats] checked=198939 refined=6400
[Timing] coarse=407us fine=2363us merge=584us sort=4us map=0us TOTAL=3380us
[Stats] checked=215351 refined=6400
[Timing] coarse=375us fine=2114us merge=617us sort=4us map=0us TOTAL=3130us
[Stats] checked=175783 refined=6400
[Timing] coarse=338us fine=1967us merge=627us sort=5us map=0us TOTAL=2956us
[Stats] checked=172626 refined=6400
[Timing] coarse=321us fine=2039us merge=581us sort=5us map=0us TOTAL=2965us
[Stats] checked=183128 refined=6400
[Timing] coarse=346us fine=2078us merge=597us sort=4us map=0us TOTAL=3045us
[Stats] checked=190638 refined=6400
Processed 250 queries[Timing] coarse=420us fine=2080us merge=661us sort=4us map=0us TOTAL=3184us
[Stats] checked=194227 refined=6400
[Timing] coarse=377us fine=2725us merge=589us sort=5us map=0us TOTAL=3715us
[Stats] checked=184572 refined=6400
[Timing] coarse=376us fine=2138us merge=623us sort=5us map=0us TOTAL=3160us
[Stats] checked=185015 refined=6400
[Timing] coarse=341us fine=2152us merge=671us sort=4us map=0us TOTAL=3187us
[Stats] checked=183204 refined=6400
[Timing] coarse=322us fine=2152us merge=633us sort=4us map=0us TOTAL=3131us
[Stats] checked=170631 refined=6400
[Timing] coarse=384us fine=2126us merge=568us sort=4us map=0us TOTAL=3103us
[Stats] checked=194346 refined=6400
[Timing] coarse=355us fine=2334us merge=628us sort=5us map=0us TOTAL=3343us
[Stats] checked=170842 refined=6400
[Timing] coarse=388us fine=2110us merge=613us sort=4us map=0us TOTAL=3133us
[Stats] checked=198205 refined=6400
[Timing] coarse=375us fine=2058us merge=584us sort=5us map=0us TOTAL=3040us
[Stats] checked=199155 refined=6400
[Timing] coarse=340us fine=2085us merge=558us sort=4us map=0us TOTAL=3005us
[Stats] checked=203197 refined=6400
[Timing] coarse=347us fine=2072us merge=642us sort=4us map=0us TOTAL=3083us
[Stats] checked=171270 refined=6400
[Timing] coarse=349us fine=2217us merge=696us sort=5us map=0us TOTAL=3285us
[Stats] checked=174787 refined=6400
[Timing] coarse=397us fine=2279us merge=722us sort=5us map=0us TOTAL=3422us
[Stats] checked=163418 refined=6400
[Timing] coarse=459us fine=2210us merge=675us sort=6us map=0us TOTAL=3368us
[Stats] checked=187911 refined=6400
[Timing] coarse=399us fine=2285us merge=673us sort=5us map=0us TOTAL=3380us
[Stats] checked=188421 refined=6400
[Timing] coarse=336us fine=2338us merge=643us sort=4us map=0us TOTAL=3340us
[Stats] checked=188058 refined=6400
[Timing] coarse=348us fine=2198us merge=635us sort=5us map=0us TOTAL=3206us
[Stats] checked=161446 refined=6400
[Timing] coarse=334us fine=2238us merge=682us sort=5us map=0us TOTAL=3278us
[Stats] checked=191320 refined=6400
[Timing] coarse=426us fine=2730us merge=652us sort=5us map=0us TOTAL=3834us
[Stats] checked=187952 refined=6400
[Timing] coarse=491us fine=2165us merge=627us sort=5us map=0us TOTAL=3338us
[Stats] checked=188598 refined=6400
[Timing] coarse=348us fine=2119us merge=659us sort=5us map=0us TOTAL=3149us
[Stats] checked=169293 refined=6400
[Timing] coarse=375us fine=2230us merge=603us sort=5us map=0us TOTAL=3231us
[Stats] checked=189868 refined=6400
[Timing] coarse=421us fine=2210us merge=589us sort=5us map=0us TOTAL=3246us
[Stats] checked=176929 refined=6400
[Timing] coarse=451us fine=2110us merge=616us sort=5us map=0us TOTAL=3202us
[Stats] checked=175214 refined=6400
[Timing] coarse=347us fine=2093us merge=610us sort=4us map=0us TOTAL=3073us
[Stats] checked=181471 refined=6400
[Timing] coarse=349us fine=2418us merge=586us sort=4us map=0us TOTAL=3376us
[Stats] checked=205821 refined=6400
[Timing] coarse=411us fine=2141us merge=627us sort=4us map=0us TOTAL=3205us
[Stats] checked=192385 refined=6400
[Timing] coarse=400us fine=2307us merge=632us sort=4us map=0us TOTAL=3363us
[Stats] checked=167692 refined=6400
[Timing] coarse=348us fine=2359us merge=582us sort=4us map=0us TOTAL=3312us
[Stats] checked=216060 refined=6400
[Timing] coarse=331us fine=2203us merge=656us sort=5us map=0us TOTAL=3213us
[Stats] checked=170728 refined=6400
[Timing] coarse=382us fine=2142us merge=638us sort=5us map=0us TOTAL=3187us
[Stats] checked=158955 refined=6400
[Timing] coarse=406us fine=2158us merge=651us sort=5us map=0us TOTAL=3239us
[Stats] checked=178707 refined=6400
[Timing] coarse=371us fine=2055us merge=633us sort=5us map=0us TOTAL=3083us
[Stats] checked=177324 refined=6400
[Timing] coarse=335us fine=2141us merge=633us sort=5us map=0us TOTAL=3133us
[Stats] checked=175762 refined=6400
[Timing] coarse=415us fine=2581us merge=676us sort=5us map=0us TOTAL=3697us
[Stats] checked=195030 refined=6400
[Timing] coarse=404us fine=2149us merge=619us sort=5us map=0us TOTAL=3199us
[Stats] checked=209303 refined=6400
[Timing] coarse=373us fine=2217us merge=631us sort=5us map=0us TOTAL=3244us
[Stats] checked=167447 refined=6400
[Timing] coarse=375us fine=2191us merge=632us sort=5us map=0us TOTAL=3221us
[Stats] checked=160320 refined=6400
[Timing] coarse=383us fine=2207us merge=583us sort=5us map=0us TOTAL=3197us
[Stats] checked=190557 refined=6400
[Timing] coarse=402us fine=2050us merge=642us sort=4us map=0us TOTAL=3117us
[Stats] checked=172794 refined=6400
[Timing] coarse=369us fine=2138us merge=784us sort=4us map=0us TOTAL=3313us
[Stats] checked=183885 refined=6400
[Timing] coarse=364us fine=2134us merge=607us sort=4us map=0us TOTAL=3126us
[Stats] checked=204729 refined=6400
[Timing] coarse=348us fine=2145us merge=678us sort=5us map=0us TOTAL=3193us
[Stats] checked=189228 refined=6400
[Timing] coarse=343us fine=2022us merge=704us sort=5us map=0us TOTAL=3090us
[Stats] checked=184201 refined=6400
[Timing] coarse=336us fine=2100us merge=651us sort=4us map=0us TOTAL=3109us
[Stats] checked=172324 refined=6400
[Timing] coarse=394us fine=2117us merge=629us sort=4us map=0us TOTAL=3161us
[Stats] checked=178611 refined=6400
[Timing] coarse=387us fine=2201us merge=627us sort=5us map=0us TOTAL=3237us
[Stats] checked=177480 refined=6400
[Timing] coarse=430us fine=2219us merge=660us sort=5us map=0us TOTAL=3333us
[Stats] checked=179190 refined=6400
[Timing] coarse=489us fine=2110us merge=615us sort=5us map=0us TOTAL=3251us
[Stats] checked=167925 refined=6400
[Timing] coarse=428us fine=2006us merge=617us sort=5us map=0us TOTAL=3073us
[Stats] checked=164210 refined=6400
Processed 300 queries[Timing] coarse=390us fine=2181us merge=624us sort=4us map=0us TOTAL=3218us
[Stats] checked=166873 refined=6400
[Timing] coarse=432us fine=2062us merge=619us sort=5us map=0us TOTAL=3136us
[Stats] checked=171907 refined=6400
[Timing] coarse=377us fine=2457us merge=673us sort=5us map=0us TOTAL=3529us
[Stats] checked=175331 refined=6400
[Timing] coarse=495us fine=2421us merge=706us sort=5us map=0us TOTAL=3648us
[Stats] checked=180235 refined=6400
[Timing] coarse=603us fine=1956us merge=615us sort=5us map=0us TOTAL=3197us
[Stats] checked=164386 refined=6400
[Timing] coarse=370us fine=2066us merge=626us sort=5us map=0us TOTAL=3085us
[Stats] checked=170417 refined=6400
[Timing] coarse=355us fine=2205us merge=614us sort=4us map=0us TOTAL=3197us
[Stats] checked=165252 refined=6400
[Timing] coarse=381us fine=2080us merge=603us sort=4us map=0us TOTAL=3086us
[Stats] checked=186714 refined=6400
[Timing] coarse=337us fine=2085us merge=602us sort=4us map=0us TOTAL=3045us
[Stats] checked=179028 refined=6400
[Timing] coarse=352us fine=2174us merge=652us sort=5us map=0us TOTAL=3202us
[Stats] checked=162608 refined=6400
[Timing] coarse=349us fine=2198us merge=667us sort=5us map=0us TOTAL=3236us
[Stats] checked=179073 refined=6400
[Timing] coarse=456us fine=2047us merge=594us sort=4us map=0us TOTAL=3120us
[Stats] checked=186985 refined=6400
[Timing] coarse=380us fine=2214us merge=626us sort=5us map=0us TOTAL=3243us
[Stats] checked=165497 refined=6400
[Timing] coarse=338us fine=2058us merge=650us sort=5us map=0us TOTAL=3069us
[Stats] checked=164072 refined=6400
[Timing] coarse=461us fine=2322us merge=655us sort=5us map=0us TOTAL=3464us
[Stats] checked=193472 refined=6400
[Timing] coarse=443us fine=2036us merge=641us sort=4us map=0us TOTAL=3143us
[Stats] checked=186890 refined=6400
[Timing] coarse=404us fine=2431us merge=628us sort=4us map=0us TOTAL=3487us
[Stats] checked=168764 refined=6400
[Timing] coarse=353us fine=2093us merge=626us sort=5us map=0us TOTAL=3096us
[Stats] checked=183072 refined=6400
[Timing] coarse=364us fine=2207us merge=627us sort=4us map=0us TOTAL=3222us
[Stats] checked=160543 refined=6400
[Timing] coarse=409us fine=2022us merge=594us sort=5us map=0us TOTAL=3049us
[Stats] checked=179411 refined=6400
[Timing] coarse=367us fine=2107us merge=651us sort=4us map=0us TOTAL=3149us
[Stats] checked=182921 refined=6400
[Timing] coarse=406us fine=2257us merge=619us sort=5us map=0us TOTAL=3306us
[Stats] checked=170667 refined=6400
[Timing] coarse=344us fine=2193us merge=744us sort=5us map=0us TOTAL=3305us
[Stats] checked=182420 refined=6400
[Timing] coarse=399us fine=2257us merge=622us sort=4us map=0us TOTAL=3301us
[Stats] checked=209140 refined=6400
[Timing] coarse=388us fine=2071us merge=625us sort=4us map=0us TOTAL=3107us
[Stats] checked=191597 refined=6400
[Timing] coarse=381us fine=1977us merge=624us sort=5us map=0us TOTAL=3004us
[Stats] checked=196800 refined=6400
[Timing] coarse=375us fine=2107us merge=607us sort=5us map=0us TOTAL=3111us
[Stats] checked=184819 refined=6400
[Timing] coarse=371us fine=2310us merge=632us sort=5us map=0us TOTAL=3336us
[Stats] checked=199804 refined=6400
[Timing] coarse=409us fine=1989us merge=595us sort=5us map=0us TOTAL=3017us
[Stats] checked=184020 refined=6400
[Timing] coarse=359us fine=2072us merge=571us sort=5us map=0us TOTAL=3025us
[Stats] checked=194107 refined=6400
[Timing] coarse=299us fine=2389us merge=662us sort=5us map=0us TOTAL=3372us
[Stats] checked=186624 refined=6400
[Timing] coarse=351us fine=2109us merge=685us sort=4us map=0us TOTAL=3169us
[Stats] checked=188174 refined=6400
[Timing] coarse=380us fine=2148us merge=594us sort=5us map=0us TOTAL=3145us
[Stats] checked=190938 refined=6400
[Timing] coarse=447us fine=2102us merge=614us sort=5us map=0us TOTAL=3187us
[Stats] checked=180972 refined=6400
[Timing] coarse=371us fine=2479us merge=600us sort=5us map=0us TOTAL=3473us
[Stats] checked=169653 refined=6400
[Timing] coarse=356us fine=2123us merge=655us sort=5us map=0us TOTAL=3157us
[Stats] checked=169601 refined=6400
[Timing] coarse=356us fine=2147us merge=607us sort=5us map=0us TOTAL=3133us
[Stats] checked=178083 refined=6400
[Timing] coarse=419us fine=2240us merge=666us sort=5us map=0us TOTAL=3350us
[Stats] checked=169353 refined=6400
[Timing] coarse=385us fine=2144us merge=653us sort=5us map=0us TOTAL=3208us
[Stats] checked=169565 refined=6400
[Timing] coarse=360us fine=2189us merge=568us sort=4us map=0us TOTAL=3141us
[Stats] checked=195126 refined=6400
[Timing] coarse=320us fine=2222us merge=662us sort=4us map=0us TOTAL=3225us
[Stats] checked=189769 refined=6400
[Timing] coarse=401us fine=2081us merge=649us sort=5us map=0us TOTAL=3155us
[Stats] checked=179737 refined=6400
[Timing] coarse=402us fine=2386us merge=665us sort=5us map=0us TOTAL=3477us
[Stats] checked=189881 refined=6400
[Timing] coarse=374us fine=2312us merge=649us sort=4us map=0us TOTAL=3361us
[Stats] checked=194796 refined=6400
[Timing] coarse=368us fine=2043us merge=717us sort=5us map=0us TOTAL=3153us
[Stats] checked=180048 refined=6400
[Timing] coarse=437us fine=2131us merge=651us sort=5us map=0us TOTAL=3245us
[Stats] checked=174247 refined=6400
[Timing] coarse=384us fine=2046us merge=617us sort=4us map=0us TOTAL=3070us
[Stats] checked=192458 refined=6400
[Timing] coarse=381us fine=2148us merge=623us sort=5us map=0us TOTAL=3175us
[Stats] checked=185930 refined=6400
[Timing] coarse=396us fine=2136us merge=622us sort=5us map=0us TOTAL=3177us
[Stats] checked=222774 refined=6400
[Timing] coarse=412us fine=2079us merge=593us sort=5us map=0us TOTAL=3108us
[Stats] checked=191796 refined=6400
Processed 350 queries[Timing] coarse=497us fine=2170us merge=614us sort=4us map=0us TOTAL=3305us
[Stats] checked=186863 refined=6400
[Timing] coarse=461us fine=2137us merge=638us sort=5us map=0us TOTAL=3259us
[Stats] checked=173925 refined=6400
[Timing] coarse=372us fine=2046us merge=611us sort=5us map=0us TOTAL=3051us
[Stats] checked=184902 refined=6400
[Timing] coarse=415us fine=2377us merge=590us sort=5us map=0us TOTAL=3489us
[Stats] checked=194039 refined=6400
[Timing] coarse=350us fine=3121us merge=595us sort=5us map=0us TOTAL=4089us
[Stats] checked=198552 refined=6400
[Timing] coarse=706us fine=2263us merge=657us sort=5us map=0us TOTAL=3655us
[Stats] checked=174511 refined=6400
[Timing] coarse=761us fine=2568us merge=711us sort=5us map=0us TOTAL=4081us
[Stats] checked=207549 refined=6400
[Timing] coarse=551us fine=2807us merge=736us sort=5us map=1us TOTAL=4123us
[Stats] checked=174889 refined=6400
[Timing] coarse=554us fine=2331us merge=827us sort=5us map=0us TOTAL=3741us
[Stats] checked=194246 refined=6400
[Timing] coarse=424us fine=2180us merge=668us sort=4us map=1us TOTAL=3299us
[Stats] checked=183029 refined=6400
[Timing] coarse=406us fine=2187us merge=663us sort=5us map=0us TOTAL=3282us
[Stats] checked=185564 refined=6400
[Timing] coarse=407us fine=2204us merge=876us sort=5us map=0us TOTAL=3514us
[Stats] checked=169412 refined=6400
[Timing] coarse=404us fine=2118us merge=601us sort=5us map=0us TOTAL=3149us
[Stats] checked=193445 refined=6400
[Timing] coarse=392us fine=2103us merge=644us sort=5us map=0us TOTAL=3162us
[Stats] checked=178523 refined=6400
[Timing] coarse=364us fine=2113us merge=582us sort=4us map=0us TOTAL=3084us
[Stats] checked=206284 refined=6400
[Timing] coarse=343us fine=2275us merge=658us sort=5us map=0us TOTAL=3300us
[Stats] checked=188279 refined=6400
[Timing] coarse=420us fine=2103us merge=983us sort=4us map=0us TOTAL=3531us
[Stats] checked=177187 refined=6400
[Timing] coarse=377us fine=2134us merge=644us sort=5us map=0us TOTAL=3178us
[Stats] checked=174791 refined=6400
[Timing] coarse=345us fine=2069us merge=614us sort=5us map=0us TOTAL=3053us
[Stats] checked=177323 refined=6400
[Timing] coarse=366us fine=2234us merge=652us sort=5us map=0us TOTAL=3276us
[Stats] checked=191067 refined=6400
[Timing] coarse=327us fine=2247us merge=671us sort=5us map=1us TOTAL=3322us
[Stats] checked=194038 refined=6400
[Timing] coarse=467us fine=2098us merge=616us sort=5us map=0us TOTAL=3206us
[Stats] checked=182275 refined=6400
[Timing] coarse=383us fine=2337us merge=640us sort=4us map=0us TOTAL=3383us
[Stats] checked=188314 refined=6400
[Timing] coarse=419us fine=2144us merge=626us sort=4us map=0us TOTAL=3221us
[Stats] checked=185214 refined=6400
[Timing] coarse=400us fine=2475us merge=642us sort=5us map=0us TOTAL=3542us
[Stats] checked=194598 refined=6400
[Timing] coarse=508us fine=2234us merge=646us sort=4us map=1us TOTAL=3418us
[Stats] checked=187496 refined=6400
[Timing] coarse=476us fine=2114us merge=623us sort=5us map=0us TOTAL=3239us
[Stats] checked=164441 refined=6400
[Timing] coarse=402us fine=2197us merge=574us sort=4us map=0us TOTAL=3199us
[Stats] checked=194071 refined=6400
[Timing] coarse=440us fine=2089us merge=645us sort=4us map=0us TOTAL=3199us
[Stats] checked=183987 refined=6400
[Timing] coarse=366us fine=2094us merge=617us sort=5us map=0us TOTAL=3101us
[Stats] checked=182656 refined=6400
[Timing] coarse=384us fine=2021us merge=581us sort=5us map=0us TOTAL=3012us
[Stats] checked=192385 refined=6400
[Timing] coarse=360us fine=2339us merge=612us sort=5us map=0us TOTAL=3336us
[Stats] checked=193827 refined=6400
[Timing] coarse=360us fine=2412us merge=724us sort=5us map=0us TOTAL=3521us
[Stats] checked=179364 refined=6400
[Timing] coarse=382us fine=2274us merge=626us sort=4us map=0us TOTAL=3307us
[Stats] checked=191026 refined=6400
[Timing] coarse=434us fine=2121us merge=580us sort=5us map=0us TOTAL=3160us
[Stats] checked=189345 refined=6400
[Timing] coarse=390us fine=2049us merge=620us sort=5us map=0us TOTAL=3084us
[Stats] checked=169139 refined=6400
[Timing] coarse=331us fine=2172us merge=584us sort=5us map=0us TOTAL=3110us
[Stats] checked=197764 refined=6400
[Timing] coarse=348us fine=2121us merge=657us sort=4us map=0us TOTAL=3150us
[Stats] checked=182736 refined=6400
[Timing] coarse=371us fine=2153us merge=657us sort=5us map=0us TOTAL=3205us
[Stats] checked=185887 refined=6400
[Timing] coarse=393us fine=2217us merge=684us sort=5us map=0us TOTAL=3319us
[Stats] checked=186062 refined=6400
[Timing] coarse=397us fine=2108us merge=598us sort=5us map=0us TOTAL=3130us
[Stats] checked=178959 refined=6400
[Timing] coarse=350us fine=2063us merge=629us sort=4us map=0us TOTAL=3065us
[Stats] checked=163576 refined=6400
[Timing] coarse=311us fine=2108us merge=642us sort=5us map=0us TOTAL=3086us
[Stats] checked=182229 refined=6400
[Timing] coarse=402us fine=2056us merge=620us sort=4us map=0us TOTAL=3101us
[Stats] checked=169870 refined=6400
[Timing] coarse=398us fine=2202us merge=630us sort=5us map=0us TOTAL=3255us
[Stats] checked=192094 refined=6400
[Timing] coarse=376us fine=2155us merge=628us sort=4us map=0us TOTAL=3181us
[Stats] checked=218112 refined=6400
[Timing] coarse=425us fine=2065us merge=699us sort=5us map=0us TOTAL=3215us
[Stats] checked=170396 refined=6400
[Timing] coarse=382us fine=2017us merge=649us sort=4us map=0us TOTAL=3070us
[Stats] checked=169973 refined=6400
[Timing] coarse=388us fine=2140us merge=582us sort=5us map=0us TOTAL=3135us
[Stats] checked=178173 refined=6400
[Timing] coarse=375us fine=2204us merge=578us sort=4us map=0us TOTAL=3183us
[Stats] checked=202061 refined=6400
Processed 400 queries[Timing] coarse=420us fine=2141us merge=632us sort=5us map=0us TOTAL=3219us
[Stats] checked=203264 refined=6400
[Timing] coarse=384us fine=2065us merge=764us sort=5us map=0us TOTAL=3238us
[Stats] checked=190275 refined=6400
[Timing] coarse=394us fine=2104us merge=598us sort=4us map=0us TOTAL=3121us
[Stats] checked=173672 refined=6400
[Timing] coarse=375us fine=2029us merge=618us sort=5us map=0us TOTAL=3048us
[Stats] checked=170750 refined=6400
[Timing] coarse=354us fine=2137us merge=702us sort=5us map=0us TOTAL=3218us
[Stats] checked=177858 refined=6400
[Timing] coarse=425us fine=2058us merge=639us sort=5us map=0us TOTAL=3149us
[Stats] checked=182061 refined=6400
[Timing] coarse=434us fine=2116us merge=622us sort=4us map=0us TOTAL=3195us
[Stats] checked=163281 refined=6400
[Timing] coarse=416us fine=2089us merge=644us sort=5us map=0us TOTAL=3174us
[Stats] checked=176734 refined=6400
[Timing] coarse=361us fine=2434us merge=674us sort=4us map=0us TOTAL=3492us
[Stats] checked=190491 refined=6400
[Timing] coarse=448us fine=2182us merge=598us sort=5us map=0us TOTAL=3252us
[Stats] checked=191031 refined=6400
[Timing] coarse=431us fine=2067us merge=624us sort=4us map=0us TOTAL=3145us
[Stats] checked=173419 refined=6400
[Timing] coarse=347us fine=2049us merge=618us sort=5us map=0us TOTAL=3036us
[Stats] checked=187576 refined=6400
[Timing] coarse=365us fine=2088us merge=647us sort=5us map=0us TOTAL=3124us
[Stats] checked=184554 refined=6400
[Timing] coarse=365us fine=2029us merge=603us sort=4us map=0us TOTAL=3019us
[Stats] checked=200228 refined=6400
[Timing] coarse=341us fine=2201us merge=605us sort=5us map=0us TOTAL=3170us
[Stats] checked=191406 refined=6400
[Timing] coarse=390us fine=2185us merge=631us sort=4us map=0us TOTAL=3228us
[Stats] checked=197846 refined=6400
[Timing] coarse=362us fine=2182us merge=616us sort=4us map=0us TOTAL=3181us
[Stats] checked=170952 refined=6400
[Timing] coarse=371us fine=2111us merge=777us sort=7us map=1us TOTAL=3284us
[Stats] checked=173656 refined=6400
[Timing] coarse=422us fine=2420us merge=665us sort=5us map=0us TOTAL=3530us
[Stats] checked=169812 refined=6400
[Timing] coarse=447us fine=2507us merge=704us sort=5us map=0us TOTAL=3681us
[Stats] checked=183667 refined=6400
[Timing] coarse=365us fine=2217us merge=659us sort=5us map=0us TOTAL=3264us
[Stats] checked=177962 refined=6400
[Timing] coarse=381us fine=2054us merge=643us sort=5us map=0us TOTAL=3099us
[Stats] checked=178885 refined=6400
[Timing] coarse=343us fine=2034us merge=627us sort=5us map=0us TOTAL=3027us
[Stats] checked=179812 refined=6400
[Timing] coarse=370us fine=2183us merge=624us sort=5us map=0us TOTAL=3199us
[Stats] checked=177266 refined=6400
[Timing] coarse=382us fine=2102us merge=618us sort=4us map=0us TOTAL=3125us
[Stats] checked=198564 refined=6400
[Timing] coarse=732us fine=1998us merge=627us sort=5us map=0us TOTAL=3379us
[Stats] checked=185597 refined=6400
[Timing] coarse=377us fine=2062us merge=613us sort=5us map=0us TOTAL=3075us
[Stats] checked=169255 refined=6400
[Timing] coarse=327us fine=2231us merge=594us sort=4us map=0us TOTAL=3173us
[Stats] checked=175000 refined=6400
[Timing] coarse=395us fine=2328us merge=693us sort=5us map=0us TOTAL=3439us
[Stats] checked=179124 refined=6400
[Timing] coarse=477us fine=2183us merge=624us sort=4us map=0us TOTAL=3308us
[Stats] checked=170899 refined=6400
[Timing] coarse=441us fine=2063us merge=612us sort=5us map=0us TOTAL=3139us
[Stats] checked=167859 refined=6400
[Timing] coarse=378us fine=2072us merge=617us sort=4us map=0us TOTAL=3089us
[Stats] checked=196438 refined=6400
[Timing] coarse=352us fine=2084us merge=670us sort=4us map=0us TOTAL=3128us
[Stats] checked=200391 refined=6400
[Timing] coarse=384us fine=2100us merge=667us sort=4us map=0us TOTAL=3173us
[Stats] checked=190086 refined=6400
[Timing] coarse=434us fine=2086us merge=559us sort=5us map=0us TOTAL=3105us
[Stats] checked=176343 refined=6400
[Timing] coarse=321us fine=2081us merge=644us sort=5us map=0us TOTAL=3069us
[Stats] checked=189436 refined=6400
[Timing] coarse=372us fine=2517us merge=653us sort=4us map=0us TOTAL=3566us
[Stats] checked=194828 refined=6400
[Timing] coarse=385us fine=2037us merge=603us sort=4us map=0us TOTAL=3047us
[Stats] checked=192725 refined=6400
[Timing] coarse=413us fine=2225us merge=603us sort=4us map=0us TOTAL=3265us
[Stats] checked=192560 refined=6400
[Timing] coarse=344us fine=2109us merge=584us sort=5us map=0us TOTAL=3060us
[Stats] checked=199657 refined=6400
[Timing] coarse=337us fine=2838us merge=646us sort=4us map=0us TOTAL=3845us
[Stats] checked=178817 refined=6400
[Timing] coarse=416us fine=2151us merge=633us sort=5us map=0us TOTAL=3227us
[Stats] checked=160758 refined=6400
[Timing] coarse=438us fine=2088us merge=621us sort=4us map=0us TOTAL=3171us
[Stats] checked=168009 refined=6400
[Timing] coarse=378us fine=2031us merge=583us sort=5us map=0us TOTAL=3015us
[Stats] checked=195752 refined=6400
[Timing] coarse=357us fine=2189us merge=648us sort=5us map=0us TOTAL=3244us
[Stats] checked=184240 refined=6400
[Timing] coarse=501us fine=2382us merge=655us sort=5us map=0us TOTAL=3566us
[Stats] checked=180123 refined=6400
[Timing] coarse=559us fine=2063us merge=639us sort=5us map=0us TOTAL=3289us
[Stats] checked=171719 refined=6400
[Timing] coarse=482us fine=2102us merge=616us sort=5us map=0us TOTAL=3225us
[Stats] checked=192030 refined=6400
[Timing] coarse=407us fine=2366us merge=603us sort=4us map=0us TOTAL=3399us
[Stats] checked=200728 refined=6400
[Timing] coarse=390us fine=2254us merge=701us sort=5us map=0us TOTAL=3374us
[Stats] checked=159300 refined=6400
Processed 450 queries[Timing] coarse=487us fine=2027us merge=682us sort=5us map=0us TOTAL=3222us
[Stats] checked=171265 refined=6400
[Timing] coarse=359us fine=2227us merge=621us sort=5us map=0us TOTAL=3232us
[Stats] checked=206353 refined=6400
[Timing] coarse=380us fine=2056us merge=599us sort=54us map=0us TOTAL=3110us
[Stats] checked=170465 refined=6400
[Timing] coarse=380us fine=2127us merge=619us sort=4us map=0us TOTAL=3150us
[Stats] checked=165123 refined=6400
[Timing] coarse=386us fine=2127us merge=605us sort=5us map=0us TOTAL=3145us
[Stats] checked=193867 refined=6400
[Timing] coarse=399us fine=2188us merge=642us sort=5us map=0us TOTAL=3254us
[Stats] checked=169818 refined=6400
[Timing] coarse=372us fine=2436us merge=589us sort=5us map=0us TOTAL=3421us
[Stats] checked=190437 refined=6400
[Timing] coarse=386us fine=2237us merge=638us sort=5us map=0us TOTAL=3286us
[Stats] checked=195643 refined=6400
[Timing] coarse=346us fine=2151us merge=599us sort=5us map=0us TOTAL=3121us
[Stats] checked=208861 refined=6400
[Timing] coarse=376us fine=2266us merge=621us sort=4us map=0us TOTAL=3285us
[Stats] checked=192077 refined=6400
[Timing] coarse=374us fine=2193us merge=603us sort=4us map=0us TOTAL=3193us
[Stats] checked=204219 refined=6400
[Timing] coarse=328us fine=2196us merge=955us sort=5us map=0us TOTAL=3502us
[Stats] checked=184440 refined=6400
[Timing] coarse=465us fine=2203us merge=660us sort=5us map=0us TOTAL=3375us
[Stats] checked=182130 refined=6400
[Timing] coarse=445us fine=2496us merge=629us sort=5us map=0us TOTAL=3594us
[Stats] checked=187710 refined=6400
[Timing] coarse=409us fine=2248us merge=634us sort=4us map=0us TOTAL=3316us
[Stats] checked=202106 refined=6400
[Timing] coarse=401us fine=2131us merge=660us sort=4us map=0us TOTAL=3216us
[Stats] checked=191727 refined=6400
[Timing] coarse=319us fine=2842us merge=982us sort=7us map=0us TOTAL=4171us
[Stats] checked=201850 refined=6400
[Timing] coarse=1028us fine=3374us merge=890us sort=16us map=0us TOTAL=5344us
[Stats] checked=204470 refined=6400
[Timing] coarse=641us fine=3108us merge=867us sort=5us map=0us TOTAL=4645us
[Stats] checked=187002 refined=6400
[Timing] coarse=698us fine=3230us merge=1166us sort=9us map=1us TOTAL=5129us
[Stats] checked=167971 refined=6400
[Timing] coarse=596us fine=3259us merge=886us sort=5us map=0us TOTAL=4773us
[Stats] checked=183574 refined=6400
[Timing] coarse=458us fine=2713us merge=870us sort=22us map=0us TOTAL=4086us
[Stats] checked=175715 refined=6400
[Timing] coarse=470us fine=3348us merge=878us sort=5us map=1us TOTAL=4723us
[Stats] checked=197648 refined=6400
[Timing] coarse=490us fine=2820us merge=837us sort=5us map=0us TOTAL=4175us
[Stats] checked=177873 refined=6400
[Timing] coarse=500us fine=2608us merge=749us sort=5us map=0us TOTAL=3885us
[Stats] checked=187142 refined=6400
[Timing] coarse=500us fine=2747us merge=800us sort=26us map=1us TOTAL=4095us
[Stats] checked=174318 refined=6400
[Timing] coarse=822us fine=2660us merge=907us sort=5us map=0us TOTAL=4420us
[Stats] checked=205954 refined=6400
[Timing] coarse=644us fine=2752us merge=827us sort=5us map=0us TOTAL=4263us
[Stats] checked=161145 refined=6400
[Timing] coarse=615us fine=3205us merge=954us sort=7us map=0us TOTAL=4818us
[Stats] checked=187424 refined=6400
[Timing] coarse=726us fine=2828us merge=906us sort=5us map=0us TOTAL=4523us
[Stats] checked=166696 refined=6400
[Timing] coarse=990us fine=6241us merge=833us sort=6us map=1us TOTAL=8127us
[Stats] checked=181379 refined=6400
[Timing] coarse=568us fine=2339us merge=959us sort=4us map=0us TOTAL=3905us
[Stats] checked=196875 refined=6400
[Timing] coarse=454us fine=2191us merge=682us sort=5us map=1us TOTAL=3360us
[Stats] checked=190589 refined=6400
[Timing] coarse=461us fine=2289us merge=737us sort=5us map=0us TOTAL=3517us
[Stats] checked=169832 refined=6400
[Timing] coarse=518us fine=2283us merge=1019us sort=5us map=1us TOTAL=3851us
[Stats] checked=187916 refined=6400
[Timing] coarse=558us fine=2449us merge=873us sort=5us map=1us TOTAL=3920us
[Stats] checked=191932 refined=6400
[Timing] coarse=720us fine=3010us merge=980us sort=6us map=1us TOTAL=4754us
[Stats] checked=182144 refined=6400
[Timing] coarse=584us fine=2381us merge=743us sort=5us map=0us TOTAL=3751us
[Stats] checked=160603 refined=6400
[Timing] coarse=513us fine=2259us merge=738us sort=5us map=0us TOTAL=3541us
[Stats] checked=187889 refined=6400
[Timing] coarse=436us fine=2135us merge=624us sort=5us map=0us TOTAL=3225us
[Stats] checked=189284 refined=6400
[Timing] coarse=498us fine=2188us merge=634us sort=5us map=0us TOTAL=3350us
[Stats] checked=180833 refined=6400
[Timing] coarse=388us fine=2493us merge=660us sort=5us map=1us TOTAL=3571us
[Stats] checked=177759 refined=6400
[Timing] coarse=511us fine=2208us merge=563us sort=4us map=0us TOTAL=3318us
[Stats] checked=212596 refined=6400
[Timing] coarse=524us fine=2035us merge=655us sort=5us map=0us TOTAL=3245us
[Stats] checked=163236 refined=6400
[Timing] coarse=476us fine=2147us merge=607us sort=4us map=0us TOTAL=3264us
[Stats] checked=188395 refined=6400
[Timing] coarse=345us fine=2068us merge=732us sort=4us map=0us TOTAL=3171us
[Stats] checked=171832 refined=6400
[Timing] coarse=388us fine=2024us merge=665us sort=5us map=0us TOTAL=3103us
[Stats] checked=169641 refined=6400
[Timing] coarse=440us fine=2091us merge=617us sort=57us map=0us TOTAL=3231us
[Stats] checked=187859 refined=6400
[Timing] coarse=460us fine=2177us merge=662us sort=5us map=0us TOTAL=3325us
[Stats] checked=205353 refined=6400
[Timing] coarse=465us fine=2360us merge=706us sort=5us map=0us TOTAL=3579us
[Stats] checked=199761 refined=6400
Processed 500 queries[Timing] coarse=572us fine=2402us merge=602us sort=4us map=0us TOTAL=3618us
[Stats] checked=208802 refined=6400
[Timing] coarse=597us fine=2788us merge=641us sort=5us map=0us TOTAL=4059us
[Stats] checked=192595 refined=6400
[Timing] coarse=463us fine=2279us merge=642us sort=5us map=0us TOTAL=3415us
[Stats] checked=180419 refined=6400
[Timing] coarse=463us fine=2447us merge=735us sort=5us map=0us TOTAL=3673us
[Stats] checked=173428 refined=6400
[Timing] coarse=499us fine=2205us merge=693us sort=5us map=0us TOTAL=3427us
[Stats] checked=173346 refined=6400
[Timing] coarse=524us fine=2514us merge=653us sort=5us map=0us TOTAL=3737us
[Stats] checked=195364 refined=6400
[Timing] coarse=463us fine=2445us merge=828us sort=4us map=0us TOTAL=3764us
[Stats] checked=187579 refined=6400
[Timing] coarse=519us fine=2968us merge=788us sort=5us map=0us TOTAL=4310us
[Stats] checked=200743 refined=6400
[Timing] coarse=540us fine=2340us merge=778us sort=5us map=0us TOTAL=3693us
[Stats] checked=169438 refined=6400
[Timing] coarse=486us fine=2295us merge=655us sort=5us map=0us TOTAL=3466us
[Stats] checked=187729 refined=6400
[Timing] coarse=420us fine=2295us merge=749us sort=5us map=0us TOTAL=3490us
[Stats] checked=190259 refined=6400
[Timing] coarse=414us fine=2263us merge=683us sort=5us map=0us TOTAL=3387us
[Stats] checked=168968 refined=6400
[Timing] coarse=450us fine=2265us merge=622us sort=5us map=0us TOTAL=3365us
[Stats] checked=177276 refined=6400
[Timing] coarse=388us fine=2119us merge=652us sort=5us map=0us TOTAL=3185us
[Stats] checked=183614 refined=6400
[Timing] coarse=407us fine=2092us merge=608us sort=5us map=0us TOTAL=3133us
[Stats] checked=206559 refined=6400
[Timing] coarse=424us fine=2134us merge=667us sort=5us map=0us TOTAL=3251us
[Stats] checked=170749 refined=6400
[Timing] coarse=455us fine=2458us merge=633us sort=5us map=0us TOTAL=3573us
[Stats] checked=194637 refined=6400
[Timing] coarse=620us fine=2175us merge=692us sort=5us map=0us TOTAL=3521us
[Stats] checked=166463 refined=6400
[Timing] coarse=482us fine=2283us merge=663us sort=5us map=0us TOTAL=3457us
[Stats] checked=204023 refined=6400
[Timing] coarse=440us fine=2357us merge=837us sort=4us map=0us TOTAL=3664us
[Stats] checked=176798 refined=6400
[Timing] coarse=480us fine=2190us merge=689us sort=5us map=0us TOTAL=3390us
[Stats] checked=158625 refined=6400
[Timing] coarse=427us fine=2207us merge=698us sort=5us map=0us TOTAL=3360us
[Stats] checked=206004 refined=6400
[Timing] coarse=375us fine=2291us merge=658us sort=5us map=0us TOTAL=3350us
[Stats] checked=155451 refined=6400
[Timing] coarse=407us fine=2301us merge=631us sort=5us map=0us TOTAL=3366us
[Stats] checked=170809 refined=6400
[Timing] coarse=442us fine=2242us merge=662us sort=5us map=0us TOTAL=3374us
[Stats] checked=170107 refined=6400
[Timing] coarse=380us fine=2222us merge=648us sort=5us map=0us TOTAL=3276us
[Stats] checked=163389 refined=6400
[Timing] coarse=374us fine=2091us merge=599us sort=5us map=0us TOTAL=3090us
[Stats] checked=176790 refined=6400
[Timing] coarse=423us fine=2826us merge=1270us sort=5us map=0us TOTAL=4545us
[Stats] checked=178580 refined=6400
[Timing] coarse=624us fine=2465us merge=755us sort=4us map=0us TOTAL=3879us
[Stats] checked=179539 refined=6400
[Timing] coarse=517us fine=2298us merge=800us sort=5us map=1us TOTAL=3644us
[Stats] checked=174305 refined=6400
[Timing] coarse=420us fine=2224us merge=698us sort=4us map=0us TOTAL=3371us
[Stats] checked=186046 refined=6400
[Timing] coarse=377us fine=2384us merge=672us sort=4us map=0us TOTAL=3460us
[Stats] checked=204024 refined=6400
[Timing] coarse=412us fine=2095us merge=676us sort=16us map=0us TOTAL=3221us
[Stats] checked=172276 refined=6400
[Timing] coarse=361us fine=2144us merge=604us sort=4us map=0us TOTAL=3135us
[Stats] checked=195451 refined=6400
[Timing] coarse=370us fine=2224us merge=590us sort=4us map=1us TOTAL=3209us
[Stats] checked=215419 refined=6400
[Timing] coarse=337us fine=2429us merge=640us sort=5us map=0us TOTAL=3432us
[Stats] checked=170242 refined=6400
[Timing] coarse=465us fine=2144us merge=694us sort=4us map=0us TOTAL=3331us
[Stats] checked=174755 refined=6400
[Timing] coarse=395us fine=2185us merge=628us sort=4us map=0us TOTAL=3234us
[Stats] checked=198592 refined=6400
[Timing] coarse=443us fine=2091us merge=669us sort=5us map=0us TOTAL=3229us
[Stats] checked=153793 refined=6400
[Timing] coarse=394us fine=2287us merge=678us sort=5us map=0us TOTAL=3383us
[Stats] checked=197112 refined=6400
[Timing] coarse=523us fine=2206us merge=646us sort=4us map=0us TOTAL=3401us
[Stats] checked=185293 refined=6400
[Timing] coarse=414us fine=2159us merge=673us sort=5us map=0us TOTAL=3271us
[Stats] checked=186555 refined=6400
[Timing] coarse=387us fine=2088us merge=613us sort=5us map=0us TOTAL=3112us
[Stats] checked=175376 refined=6400
[Timing] coarse=404us fine=2215us merge=634us sort=5us map=0us TOTAL=3276us
[Stats] checked=190528 refined=6400
[Timing] coarse=392us fine=2118us merge=651us sort=4us map=0us TOTAL=3187us
[Stats] checked=174469 refined=6400
[Timing] coarse=352us fine=2264us merge=656us sort=4us map=0us TOTAL=3296us
[Stats] checked=176090 refined=6400
[Timing] coarse=942us fine=2612us merge=1091us sort=5us map=0us TOTAL=4668us
[Stats] checked=201524 refined=6400
[Timing] coarse=681us fine=3365us merge=1014us sort=12us map=1us TOTAL=5096us
[Stats] checked=212046 refined=6400
[Timing] coarse=520us fine=2370us merge=654us sort=5us map=0us TOTAL=3573us
[Stats] checked=186516 refined=6400
[Timing] coarse=410us fine=2181us merge=641us sort=5us map=0us TOTAL=3257us
[Stats] checked=175271 refined=6400
Processed 550 queries[Timing] coarse=367us fine=2267us merge=767us sort=4us map=0us TOTAL=3424us
[Stats] checked=205936 refined=6400
[Timing] coarse=431us fine=2518us merge=691us sort=5us map=0us TOTAL=3666us
[Stats] checked=177495 refined=6400
[Timing] coarse=391us fine=2260us merge=654us sort=5us map=0us TOTAL=3327us
[Stats] checked=172271 refined=6400
[Timing] coarse=363us fine=2045us merge=626us sort=5us map=0us TOTAL=3058us
[Stats] checked=175006 refined=6400
[Timing] coarse=345us fine=2387us merge=695us sort=5us map=0us TOTAL=3451us
[Stats] checked=193471 refined=6400
[Timing] coarse=390us fine=2280us merge=630us sort=4us map=0us TOTAL=3326us
[Stats] checked=217342 refined=6400
[Timing] coarse=425us fine=2098us merge=621us sort=4us map=0us TOTAL=3168us
[Stats] checked=173830 refined=6400
[Timing] coarse=381us fine=2087us merge=605us sort=5us map=0us TOTAL=3097us
[Stats] checked=165296 refined=6400
[Timing] coarse=348us fine=2478us merge=626us sort=5us map=0us TOTAL=3477us
[Stats] checked=173339 refined=6400
[Timing] coarse=332us fine=2126us merge=632us sort=4us map=0us TOTAL=3113us
[Stats] checked=167006 refined=6400
[Timing] coarse=405us fine=2059us merge=634us sort=5us map=0us TOTAL=3122us
[Stats] checked=172708 refined=6400
[Timing] coarse=365us fine=2090us merge=630us sort=5us map=0us TOTAL=3110us
[Stats] checked=175227 refined=6400
[Timing] coarse=343us fine=2081us merge=602us sort=5us map=0us TOTAL=3049us
[Stats] checked=184931 refined=6400
[Timing] coarse=448us fine=2044us merge=664us sort=5us map=0us TOTAL=3178us
[Stats] checked=205274 refined=6400
[Timing] coarse=386us fine=2055us merge=641us sort=5us map=0us TOTAL=3107us
[Stats] checked=178184 refined=6400
[Timing] coarse=388us fine=2067us merge=626us sort=5us map=0us TOTAL=3105us
[Stats] checked=188787 refined=6400
[Timing] coarse=371us fine=2106us merge=685us sort=4us map=0us TOTAL=3184us
[Stats] checked=180905 refined=6400
[Timing] coarse=345us fine=2160us merge=621us sort=5us map=0us TOTAL=3149us
[Stats] checked=221540 refined=6400
[Timing] coarse=350us fine=2233us merge=665us sort=4us map=0us TOTAL=3270us
[Stats] checked=165351 refined=6400
[Timing] coarse=461us fine=2180us merge=680us sort=5us map=0us TOTAL=3345us
[Stats] checked=183680 refined=6400
[Timing] coarse=501us fine=2058us merge=634us sort=5us map=0us TOTAL=3216us
[Stats] checked=184416 refined=6400
[Timing] coarse=374us fine=2047us merge=610us sort=4us map=0us TOTAL=3054us
[Stats] checked=195751 refined=6400
[Timing] coarse=346us fine=2115us merge=637us sort=5us map=0us TOTAL=3122us
[Stats] checked=191792 refined=6400
[Timing] coarse=404us fine=2172us merge=655us sort=5us map=0us TOTAL=3255us
[Stats] checked=178973 refined=6400
[Timing] coarse=467us fine=2322us merge=629us sort=4us map=0us TOTAL=3447us
[Stats] checked=180491 refined=6400
[Timing] coarse=460us fine=2023us merge=606us sort=4us map=0us TOTAL=3112us
[Stats] checked=178079 refined=6400
[Timing] coarse=369us fine=2217us merge=636us sort=5us map=0us TOTAL=3246us
[Stats] checked=199549 refined=6400
[Timing] coarse=403us fine=2133us merge=624us sort=4us map=0us TOTAL=3183us
[Stats] checked=198467 refined=6400
[Timing] coarse=448us fine=2702us merge=621us sort=5us map=0us TOTAL=3797us
[Stats] checked=202377 refined=6400
[Timing] coarse=365us fine=2158us merge=609us sort=5us map=0us TOTAL=3157us
[Stats] checked=177281 refined=6400
[Timing] coarse=360us fine=2126us merge=591us sort=4us map=0us TOTAL=3101us
[Stats] checked=187867 refined=6400
[Timing] coarse=408us fine=2122us merge=705us sort=4us map=0us TOTAL=3259us
[Stats] checked=182968 refined=6400
[Timing] coarse=458us fine=2164us merge=663us sort=5us map=0us TOTAL=3313us
[Stats] checked=164164 refined=6400
[Timing] coarse=386us fine=2205us merge=646us sort=5us map=0us TOTAL=3261us
[Stats] checked=169787 refined=6400
[Timing] coarse=369us fine=2081us merge=696us sort=4us map=0us TOTAL=3168us
[Stats] checked=188591 refined=6400
[Timing] coarse=351us fine=2369us merge=725us sort=4us map=0us TOTAL=3469us
[Stats] checked=198142 refined=6400
[Timing] coarse=565us fine=2487us merge=588us sort=5us map=0us TOTAL=3682us
[Stats] checked=196251 refined=6400
[Timing] coarse=490us fine=2155us merge=584us sort=4us map=0us TOTAL=3258us
[Stats] checked=207187 refined=6400
[Timing] coarse=457us fine=2112us merge=647us sort=5us map=0us TOTAL=3243us
[Stats] checked=190902 refined=6400
[Timing] coarse=438us fine=2351us merge=665us sort=5us map=0us TOTAL=3479us
[Stats] checked=197666 refined=6400
[Timing] coarse=503us fine=2270us merge=666us sort=4us map=0us TOTAL=3470us
[Stats] checked=184383 refined=6400
[Timing] coarse=502us fine=2295us merge=610us sort=5us map=0us TOTAL=3437us
[Stats] checked=203452 refined=6400
[Timing] coarse=419us fine=2288us merge=638us sort=5us map=0us TOTAL=3370us
[Stats] checked=179851 refined=6400
[Timing] coarse=459us fine=2339us merge=654us sort=5us map=0us TOTAL=3482us
[Stats] checked=182475 refined=6400
[Timing] coarse=418us fine=2665us merge=626us sort=5us map=0us TOTAL=3748us
[Stats] checked=209311 refined=6400
[Timing] coarse=411us fine=2241us merge=648us sort=6us map=0us TOTAL=3329us
[Stats] checked=181660 refined=6400
[Timing] coarse=384us fine=2305us merge=641us sort=5us map=0us TOTAL=3372us
[Stats] checked=197092 refined=6400
[Timing] coarse=383us fine=2315us merge=683us sort=5us map=0us TOTAL=3406us
[Stats] checked=171737 refined=6400
[Timing] coarse=566us fine=2389us merge=702us sort=4us map=1us TOTAL=3695us
[Stats] checked=175504 refined=6400
[Timing] coarse=513us fine=2263us merge=665us sort=5us map=0us TOTAL=3471us
[Stats] checked=180149 refined=6400
Processed 600 queries[Timing] coarse=546us fine=2297us merge=710us sort=4us map=0us TOTAL=3587us
[Stats] checked=171589 refined=6400
[Timing] coarse=476us fine=2457us merge=659us sort=5us map=0us TOTAL=3624us
[Stats] checked=176495 refined=6400
[Timing] coarse=598us fine=2186us merge=595us sort=4us map=0us TOTAL=3412us
[Stats] checked=205023 refined=6400
[Timing] coarse=466us fine=2374us merge=811us sort=5us map=0us TOTAL=3683us
[Stats] checked=179282 refined=6400
[Timing] coarse=451us fine=2119us merge=596us sort=5us map=0us TOTAL=3195us
[Stats] checked=176669 refined=6400
[Timing] coarse=352us fine=2196us merge=585us sort=5us map=0us TOTAL=3158us
[Stats] checked=190946 refined=6400
[Timing] coarse=691us fine=2231us merge=641us sort=5us map=0us TOTAL=3602us
[Stats] checked=183590 refined=6400
[Timing] coarse=434us fine=2098us merge=584us sort=4us map=0us TOTAL=3148us
[Stats] checked=195893 refined=6400
[Timing] coarse=450us fine=2178us merge=602us sort=4us map=0us TOTAL=3259us
[Stats] checked=206635 refined=6400
[Timing] coarse=387us fine=2105us merge=629us sort=5us map=0us TOTAL=3148us
[Stats] checked=170801 refined=6400
[Timing] coarse=371us fine=2095us merge=643us sort=5us map=0us TOTAL=3138us
[Stats] checked=197943 refined=6400
[Timing] coarse=382us fine=2133us merge=606us sort=5us map=0us TOTAL=3149us
[Stats] checked=186057 refined=6400
[Timing] coarse=336us fine=2023us merge=632us sort=4us map=0us TOTAL=3016us
[Stats] checked=180143 refined=6400
[Timing] coarse=340us fine=1988us merge=601us sort=4us map=0us TOTAL=2954us
[Stats] checked=178023 refined=6400
[Timing] coarse=381us fine=2052us merge=627us sort=4us map=0us TOTAL=3084us
[Stats] checked=212239 refined=6400
[Timing] coarse=396us fine=2062us merge=691us sort=5us map=0us TOTAL=3177us
[Stats] checked=161897 refined=6400
[Timing] coarse=378us fine=2013us merge=602us sort=5us map=0us TOTAL=3017us
[Stats] checked=168659 refined=6400
[Timing] coarse=383us fine=2075us merge=637us sort=5us map=0us TOTAL=3120us
[Stats] checked=172402 refined=6400
[Timing] coarse=398us fine=2402us merge=623us sort=4us map=0us TOTAL=3447us
[Stats] checked=187235 refined=6400
[Timing] coarse=425us fine=2084us merge=692us sort=5us map=1us TOTAL=3226us
[Stats] checked=174625 refined=6400
[Timing] coarse=364us fine=2321us merge=589us sort=4us map=0us TOTAL=3298us
[Stats] checked=194458 refined=6400
[Timing] coarse=359us fine=2084us merge=610us sort=4us map=0us TOTAL=3085us
[Stats] checked=169601 refined=6400
[Timing] coarse=336us fine=2162us merge=596us sort=4us map=0us TOTAL=3119us
[Stats] checked=180170 refined=6400
[Timing] coarse=329us fine=2149us merge=595us sort=5us map=0us TOTAL=3096us
[Stats] checked=179992 refined=6400
[Timing] coarse=346us fine=2184us merge=586us sort=5us map=0us TOTAL=3139us
[Stats] checked=187149 refined=6400
[Timing] coarse=377us fine=2273us merge=629us sort=5us map=0us TOTAL=3302us
[Stats] checked=165972 refined=6400
[Timing] coarse=336us fine=2042us merge=591us sort=4us map=0us TOTAL=2991us
[Stats] checked=179078 refined=6400
[Timing] coarse=322us fine=2051us merge=615us sort=5us map=0us TOTAL=3009us
[Stats] checked=181725 refined=6400
[Timing] coarse=352us fine=2122us merge=622us sort=5us map=0us TOTAL=3121us
[Stats] checked=156633 refined=6400
[Timing] coarse=530us fine=2058us merge=685us sort=5us map=0us TOTAL=3299us
[Stats] checked=176395 refined=6400
[Timing] coarse=360us fine=2282us merge=853us sort=5us map=0us TOTAL=3521us
[Stats] checked=189594 refined=6400
[Timing] coarse=351us fine=2087us merge=619us sort=5us map=0us TOTAL=3082us
[Stats] checked=188423 refined=6400
[Timing] coarse=371us fine=2089us merge=696us sort=5us map=0us TOTAL=3179us
[Stats] checked=193188 refined=6400
[Timing] coarse=346us fine=2514us merge=656us sort=4us map=0us TOTAL=3540us
[Stats] checked=175594 refined=6400
[Timing] coarse=417us fine=2130us merge=589us sort=17us map=0us TOTAL=3173us
[Stats] checked=199655 refined=6400
[Timing] coarse=404us fine=2090us merge=599us sort=5us map=0us TOTAL=3118us
[Stats] checked=174009 refined=6400
[Timing] coarse=367us fine=2328us merge=620us sort=4us map=0us TOTAL=3339us
[Stats] checked=190613 refined=6400
[Timing] coarse=499us fine=2125us merge=658us sort=5us map=0us TOTAL=3309us
[Stats] checked=166495 refined=6400
[Timing] coarse=428us fine=2107us merge=610us sort=5us map=0us TOTAL=3194us
[Stats] checked=189755 refined=6400
[Timing] coarse=376us fine=2243us merge=602us sort=4us map=0us TOTAL=3244us
[Stats] checked=177488 refined=6400
[Timing] coarse=370us fine=2078us merge=614us sort=5us map=0us TOTAL=3085us
[Stats] checked=169241 refined=6400
[Timing] coarse=347us fine=2062us merge=643us sort=5us map=0us TOTAL=3084us
[Stats] checked=173519 refined=6400
[Timing] coarse=379us fine=2314us merge=657us sort=5us map=0us TOTAL=3374us
[Stats] checked=187735 refined=6400
[Timing] coarse=379us fine=2074us merge=676us sort=5us map=0us TOTAL=3154us
[Stats] checked=184033 refined=6400
[Timing] coarse=326us fine=2096us merge=601us sort=5us map=0us TOTAL=3047us
[Stats] checked=205046 refined=6400
[Timing] coarse=344us fine=2233us merge=658us sort=4us map=0us TOTAL=3258us
[Stats] checked=175735 refined=6400
[Timing] coarse=331us fine=2070us merge=662us sort=4us map=0us TOTAL=3085us
[Stats] checked=189493 refined=6400
[Timing] coarse=383us fine=2062us merge=872us sort=5us map=0us TOTAL=3342us
[Stats] checked=175510 refined=6400
[Timing] coarse=340us fine=2090us merge=614us sort=5us map=0us TOTAL=3067us
[Stats] checked=176379 refined=6400
[Timing] coarse=342us fine=2086us merge=616us sort=5us map=0us TOTAL=3067us
[Stats] checked=209991 refined=6400
Processed 650 queries[Timing] coarse=357us fine=2138us merge=596us sort=4us map=0us TOTAL=3115us
[Stats] checked=210461 refined=6400
[Timing] coarse=401us fine=2083us merge=620us sort=4us map=0us TOTAL=3127us
[Stats] checked=171768 refined=6400
[Timing] coarse=378us fine=2071us merge=615us sort=4us map=0us TOTAL=3087us
[Stats] checked=182153 refined=6400
[Timing] coarse=336us fine=1994us merge=636us sort=5us map=0us TOTAL=2990us
[Stats] checked=183345 refined=6400
[Timing] coarse=337us fine=2223us merge=630us sort=4us map=0us TOTAL=3212us
[Stats] checked=195366 refined=6400
[Timing] coarse=442us fine=2191us merge=610us sort=5us map=0us TOTAL=3269us
[Stats] checked=168027 refined=6400
[Timing] coarse=344us fine=2567us merge=867us sort=4us map=0us TOTAL=3801us
[Stats] checked=177415 refined=6400
[Timing] coarse=368us fine=2102us merge=598us sort=4us map=0us TOTAL=3109us
[Stats] checked=194709 refined=6400
[Timing] coarse=361us fine=2588us merge=623us sort=5us map=0us TOTAL=3596us
[Stats] checked=179614 refined=6400
[Timing] coarse=327us fine=2136us merge=651us sort=4us map=0us TOTAL=3136us
[Stats] checked=181149 refined=6400
[Timing] coarse=380us fine=2150us merge=618us sort=5us map=0us TOTAL=3173us
[Stats] checked=166576 refined=6400
[Timing] coarse=360us fine=2321us merge=653us sort=4us map=15us TOTAL=3371us
[Stats] checked=171047 refined=6400
[Timing] coarse=383us fine=2329us merge=747us sort=5us map=0us TOTAL=3481us
[Stats] checked=179355 refined=6400
[Timing] coarse=350us fine=2510us merge=681us sort=4us map=0us TOTAL=3564us
[Stats] checked=201381 refined=6400
[Timing] coarse=387us fine=2049us merge=662us sort=5us map=1us TOTAL=3122us
[Stats] checked=162811 refined=6400
[Timing] coarse=380us fine=2344us merge=624us sort=5us map=0us TOTAL=3371us
[Stats] checked=188191 refined=6400
[Timing] coarse=339us fine=2140us merge=756us sort=4us map=0us TOTAL=3259us
[Stats] checked=192135 refined=6400
[Timing] coarse=331us fine=1986us merge=686us sort=5us map=0us TOTAL=3028us
[Stats] checked=177574 refined=6400
[Timing] coarse=481us fine=2149us merge=652us sort=4us map=0us TOTAL=3308us
[Stats] checked=179278 refined=6400
[Timing] coarse=414us fine=2106us merge=638us sort=4us map=0us TOTAL=3183us
[Stats] checked=194920 refined=6400
[Timing] coarse=379us fine=2103us merge=729us sort=8us map=1us TOTAL=3240us
[Stats] checked=163249 refined=6400
[Timing] coarse=374us fine=2123us merge=655us sort=4us map=0us TOTAL=3178us
[Stats] checked=205258 refined=6400
[Timing] coarse=368us fine=2184us merge=668us sort=5us map=0us TOTAL=3245us
[Stats] checked=200633 refined=6400
[Timing] coarse=341us fine=2082us merge=619us sort=123us map=0us TOTAL=3186us
[Stats] checked=165025 refined=6400
[Timing] coarse=350us fine=1978us merge=600us sort=5us map=0us TOTAL=2953us
[Stats] checked=172979 refined=6400
[Timing] coarse=378us fine=2107us merge=611us sort=4us map=0us TOTAL=3130us
[Stats] checked=176959 refined=6400
[Timing] coarse=368us fine=2266us merge=682us sort=4us map=1us TOTAL=3339us
[Stats] checked=193488 refined=6400
[Timing] coarse=477us fine=2205us merge=621us sort=5us map=0us TOTAL=3331us
[Stats] checked=179614 refined=6400
[Timing] coarse=450us fine=2108us merge=635us sort=4us map=0us TOTAL=3218us
[Stats] checked=193268 refined=6400
[Timing] coarse=415us fine=2137us merge=631us sort=4us map=0us TOTAL=3207us
[Stats] checked=172484 refined=6400
[Timing] coarse=365us fine=2476us merge=620us sort=5us map=0us TOTAL=3486us
[Stats] checked=190311 refined=6400
[Timing] coarse=452us fine=2047us merge=590us sort=5us map=0us TOTAL=3116us
[Stats] checked=191069 refined=6400
[Timing] coarse=451us fine=2197us merge=939us sort=5us map=0us TOTAL=3613us
[Stats] checked=215232 refined=6400
[Timing] coarse=387us fine=2062us merge=637us sort=4us map=0us TOTAL=3110us
[Stats] checked=160144 refined=6400
[Timing] coarse=404us fine=2135us merge=630us sort=5us map=0us TOTAL=3197us
[Stats] checked=187278 refined=6400
[Timing] coarse=360us fine=2048us merge=591us sort=5us map=0us TOTAL=3023us
[Stats] checked=212428 refined=6400
[Timing] coarse=355us fine=2249us merge=580us sort=4us map=0us TOTAL=3207us
[Stats] checked=202063 refined=6400
[Timing] coarse=394us fine=2058us merge=605us sort=5us map=0us TOTAL=3080us
[Stats] checked=209189 refined=6400
[Timing] coarse=343us fine=2160us merge=610us sort=4us map=0us TOTAL=3137us
[Stats] checked=164151 refined=6400
[Timing] coarse=329us fine=2169us merge=597us sort=5us map=0us TOTAL=3117us
[Stats] checked=209273 refined=6400
[Timing] coarse=466us fine=2117us merge=615us sort=5us map=0us TOTAL=3223us
[Stats] checked=200967 refined=6400
[Timing] coarse=384us fine=2386us merge=593us sort=4us map=0us TOTAL=3385us
[Stats] checked=200102 refined=6400
[Timing] coarse=348us fine=2156us merge=592us sort=4us map=0us TOTAL=3118us
[Stats] checked=207434 refined=6400
[Timing] coarse=446us fine=2306us merge=664us sort=5us map=0us TOTAL=3441us
[Stats] checked=178781 refined=6400
[Timing] coarse=381us fine=2252us merge=704us sort=5us map=1us TOTAL=3361us
[Stats] checked=201305 refined=6400
[Timing] coarse=423us fine=2168us merge=638us sort=5us map=0us TOTAL=3257us
[Stats] checked=183439 refined=6400
[Timing] coarse=404us fine=2253us merge=628us sort=5us map=0us TOTAL=3310us
[Stats] checked=196046 refined=6400
[Timing] coarse=368us fine=2275us merge=714us sort=5us map=0us TOTAL=3382us
[Stats] checked=205272 refined=6400
[Timing] coarse=337us fine=2299us merge=640us sort=5us map=0us TOTAL=3302us
[Stats] checked=196706 refined=6400
[Timing] coarse=418us fine=2014us merge=685us sort=4us map=0us TOTAL=3141us
[Stats] checked=161486 refined=6400
Processed 700 queries[Timing] coarse=394us fine=2052us merge=726us sort=4us map=0us TOTAL=3195us
[Stats] checked=170465 refined=6400
[Timing] coarse=358us fine=2078us merge=699us sort=4us map=0us TOTAL=3160us
[Stats] checked=186313 refined=6400
[Timing] coarse=402us fine=2387us merge=625us sort=5us map=0us TOTAL=3440us
[Stats] checked=202919 refined=6400
[Timing] coarse=388us fine=2148us merge=627us sort=5us map=0us TOTAL=3187us
[Stats] checked=167406 refined=6400
[Timing] coarse=386us fine=2376us merge=617us sort=5us map=0us TOTAL=3407us
[Stats] checked=193985 refined=6400
[Timing] coarse=404us fine=2171us merge=607us sort=5us map=0us TOTAL=3206us
[Stats] checked=177807 refined=6400
[Timing] coarse=341us fine=2217us merge=814us sort=4us map=0us TOTAL=3398us
[Stats] checked=190355 refined=6400
[Timing] coarse=426us fine=2128us merge=613us sort=4us map=0us TOTAL=3192us
[Stats] checked=198335 refined=6400
[Timing] coarse=435us fine=2306us merge=897us sort=4us map=0us TOTAL=3662us
[Stats] checked=194636 refined=6400
[Timing] coarse=402us fine=2136us merge=588us sort=5us map=0us TOTAL=3152us
[Stats] checked=200046 refined=6400
[Timing] coarse=341us fine=2025us merge=646us sort=4us map=0us TOTAL=3037us
[Stats] checked=166263 refined=6400
[Timing] coarse=398us fine=2317us merge=593us sort=5us map=0us TOTAL=3332us
[Stats] checked=204078 refined=6400
[Timing] coarse=328us fine=2098us merge=608us sort=5us map=0us TOTAL=3057us
[Stats] checked=173192 refined=6400
[Timing] coarse=359us fine=2181us merge=617us sort=5us map=0us TOTAL=3182us
[Stats] checked=168231 refined=6400
[Timing] coarse=366us fine=2268us merge=597us sort=5us map=0us TOTAL=3257us
[Stats] checked=187517 refined=6400
[Timing] coarse=427us fine=2068us merge=626us sort=5us map=0us TOTAL=3148us
[Stats] checked=186941 refined=6400
[Timing] coarse=400us fine=2142us merge=660us sort=4us map=0us TOTAL=3227us
[Stats] checked=189403 refined=6400
[Timing] coarse=403us fine=2090us merge=604us sort=4us map=0us TOTAL=3121us
[Stats] checked=197344 refined=6400
[Timing] coarse=366us fine=2119us merge=676us sort=5us map=0us TOTAL=3185us
[Stats] checked=169772 refined=6400
[Timing] coarse=382us fine=2154us merge=564us sort=4us map=0us TOTAL=3123us
[Stats] checked=210471 refined=6400
[Timing] coarse=394us fine=2225us merge=598us sort=4us map=0us TOTAL=3239us
[Stats] checked=196458 refined=6400
[Timing] coarse=356us fine=2044us merge=627us sort=4us map=0us TOTAL=3049us
[Stats] checked=162033 refined=6400
[Timing] coarse=497us fine=2169us merge=637us sort=5us map=0us TOTAL=3333us
[Stats] checked=181943 refined=6400
[Timing] coarse=432us fine=2146us merge=648us sort=5us map=0us TOTAL=3252us
[Stats] checked=191110 refined=6400
[Timing] coarse=436us fine=2088us merge=698us sort=5us map=0us TOTAL=3247us
[Stats] checked=183491 refined=6400
[Timing] coarse=404us fine=2046us merge=665us sort=5us map=0us TOTAL=3138us
[Stats] checked=185956 refined=6400
[Timing] coarse=371us fine=2151us merge=637us sort=5us map=0us TOTAL=3182us
[Stats] checked=193800 refined=6400
[Timing] coarse=359us fine=2311us merge=659us sort=5us map=0us TOTAL=3354us
[Stats] checked=167214 refined=6400
[Timing] coarse=343us fine=2261us merge=677us sort=5us map=0us TOTAL=3303us
[Stats] checked=188546 refined=6400
[Timing] coarse=543us fine=2126us merge=618us sort=5us map=0us TOTAL=3320us
[Stats] checked=165182 refined=6400
[Timing] coarse=371us fine=2270us merge=598us sort=4us map=0us TOTAL=3261us
[Stats] checked=184596 refined=6400
[Timing] coarse=359us fine=2152us merge=601us sort=4us map=0us TOTAL=3136us
[Stats] checked=206165 refined=6400
[Timing] coarse=341us fine=2078us merge=670us sort=4us map=0us TOTAL=3113us
[Stats] checked=190913 refined=6400
[Timing] coarse=324us fine=2097us merge=616us sort=5us map=0us TOTAL=3061us
[Stats] checked=177553 refined=6400
[Timing] coarse=360us fine=2095us merge=570us sort=4us map=0us TOTAL=3047us
[Stats] checked=197566 refined=6400
[Timing] coarse=377us fine=2370us merge=661us sort=5us map=1us TOTAL=3431us
[Stats] checked=174569 refined=6400
[Timing] coarse=320us fine=2198us merge=613us sort=5us map=0us TOTAL=3154us
[Stats] checked=186333 refined=6400
[Timing] coarse=403us fine=2161us merge=614us sort=4us map=0us TOTAL=3202us
[Stats] checked=189615 refined=6400
[Timing] coarse=465us fine=2148us merge=587us sort=5us map=0us TOTAL=3223us
[Stats] checked=197191 refined=6400
[Timing] coarse=461us fine=2001us merge=626us sort=4us map=0us TOTAL=3116us
[Stats] checked=169182 refined=6400
[Timing] coarse=366us fine=2103us merge=627us sort=4us map=0us TOTAL=3118us
[Stats] checked=186932 refined=6400
[Timing] coarse=439us fine=2446us merge=618us sort=5us map=0us TOTAL=3528us
[Stats] checked=177348 refined=6400
[Timing] coarse=407us fine=2093us merge=634us sort=5us map=0us TOTAL=3159us
[Stats] checked=160582 refined=6400
[Timing] coarse=386us fine=2122us merge=634us sort=4us map=0us TOTAL=3164us
[Stats] checked=200324 refined=6400
[Timing] coarse=362us fine=2003us merge=606us sort=4us map=0us TOTAL=2993us
[Stats] checked=169937 refined=6400
[Timing] coarse=341us fine=2552us merge=632us sort=5us map=0us TOTAL=3548us
[Stats] checked=190321 refined=6400
[Timing] coarse=444us fine=2150us merge=586us sort=5us map=0us TOTAL=3208us
[Stats] checked=197561 refined=6400
[Timing] coarse=380us fine=2170us merge=592us sort=5us map=0us TOTAL=3168us
[Stats] checked=189663 refined=6400
[Timing] coarse=331us fine=2117us merge=633us sort=5us map=0us TOTAL=3105us
[Stats] checked=186785 refined=6400
[Timing] coarse=390us fine=2056us merge=680us sort=5us map=0us TOTAL=3151us
[Stats] checked=161029 refined=6400
Processed 750 queries[Timing] coarse=425us fine=2138us merge=733us sort=4us map=0us TOTAL=3322us
[Stats] checked=174167 refined=6400
[Timing] coarse=457us fine=2025us merge=575us sort=5us map=0us TOTAL=3082us
[Stats] checked=192937 refined=6400
[Timing] coarse=382us fine=2019us merge=592us sort=5us map=0us TOTAL=3017us
[Stats] checked=182005 refined=6400
[Timing] coarse=333us fine=2079us merge=610us sort=4us map=0us TOTAL=3046us
[Stats] checked=174255 refined=6400
[Timing] coarse=395us fine=2178us merge=632us sort=4us map=0us TOTAL=3228us
[Stats] checked=193411 refined=6400
[Timing] coarse=494us fine=2099us merge=605us sort=4us map=0us TOTAL=3223us
[Stats] checked=200152 refined=6400
[Timing] coarse=409us fine=2211us merge=643us sort=5us map=0us TOTAL=3286us
[Stats] checked=169261 refined=6400
[Timing] coarse=475us fine=2249us merge=609us sort=5us map=0us TOTAL=3361us
[Stats] checked=171399 refined=6400
[Timing] coarse=369us fine=2423us merge=773us sort=5us map=0us TOTAL=3591us
[Stats] checked=200463 refined=6400
[Timing] coarse=458us fine=2489us merge=734us sort=5us map=0us TOTAL=3708us
[Stats] checked=173224 refined=6400
[Timing] coarse=554us fine=2191us merge=699us sort=5us map=0us TOTAL=3475us
[Stats] checked=182985 refined=6400
[Timing] coarse=400us fine=2259us merge=1027us sort=4us map=0us TOTAL=3709us
[Stats] checked=165153 refined=6400
[Timing] coarse=469us fine=2297us merge=662us sort=4us map=0us TOTAL=3455us
[Stats] checked=179412 refined=6400
[Timing] coarse=416us fine=2162us merge=674us sort=5us map=0us TOTAL=3276us
[Stats] checked=192563 refined=6400
[Timing] coarse=510us fine=2065us merge=659us sort=5us map=0us TOTAL=3262us
[Stats] checked=161147 refined=6400
[Timing] coarse=410us fine=2118us merge=600us sort=4us map=0us TOTAL=3151us
[Stats] checked=171338 refined=6400
[Timing] coarse=356us fine=2158us merge=625us sort=4us map=0us TOTAL=3162us
[Stats] checked=175507 refined=6400
[Timing] coarse=326us fine=2212us merge=615us sort=5us map=0us TOTAL=3177us
[Stats] checked=198384 refined=6400
[Timing] coarse=509us fine=2420us merge=671us sort=5us map=0us TOTAL=3631us
[Stats] checked=180948 refined=6400
[Timing] coarse=380us fine=2201us merge=638us sort=4us map=0us TOTAL=3247us
[Stats] checked=181773 refined=6400
[Timing] coarse=414us fine=2099us merge=619us sort=5us map=0us TOTAL=3160us
[Stats] checked=172469 refined=6400
[Timing] coarse=376us fine=2277us merge=699us sort=5us map=0us TOTAL=3377us
[Stats] checked=175640 refined=6400
[Timing] coarse=531us fine=2067us merge=621us sort=4us map=0us TOTAL=3249us
[Stats] checked=183416 refined=6400
[Timing] coarse=450us fine=2184us merge=668us sort=4us map=0us TOTAL=3328us
[Stats] checked=179000 refined=6400
[Timing] coarse=461us fine=2111us merge=658us sort=5us map=0us TOTAL=3256us
[Stats] checked=185648 refined=6400
[Timing] coarse=422us fine=2089us merge=758us sort=5us map=0us TOTAL=3307us
[Stats] checked=178973 refined=6400
[Timing] coarse=407us fine=2055us merge=670us sort=5us map=0us TOTAL=3158us
[Stats] checked=173434 refined=6400
[Timing] coarse=571us fine=2407us merge=619us sort=5us map=0us TOTAL=3636us
[Stats] checked=182507 refined=6400
[Timing] coarse=471us fine=2205us merge=611us sort=5us map=0us TOTAL=3319us
[Stats] checked=198386 refined=6400
[Timing] coarse=365us fine=2098us merge=731us sort=4us map=0us TOTAL=3216us
[Stats] checked=186374 refined=6400
[Timing] coarse=463us fine=2134us merge=727us sort=4us map=0us TOTAL=3351us
[Stats] checked=160586 refined=6400
[Timing] coarse=584us fine=2588us merge=616us sort=4us map=0us TOTAL=3825us
[Stats] checked=186743 refined=6400
[Timing] coarse=508us fine=2173us merge=610us sort=5us map=0us TOTAL=3332us
[Stats] checked=199266 refined=6400
[Timing] coarse=527us fine=2145us merge=677us sort=5us map=0us TOTAL=3384us
[Stats] checked=183569 refined=6400
[Timing] coarse=371us fine=2119us merge=649us sort=5us map=0us TOTAL=3163us
[Stats] checked=179887 refined=6400
[Timing] coarse=431us fine=2131us merge=602us sort=5us map=0us TOTAL=3193us
[Stats] checked=208706 refined=6400
[Timing] coarse=374us fine=2295us merge=580us sort=5us map=0us TOTAL=3275us
[Stats] checked=205262 refined=6400
[Timing] coarse=320us fine=2356us merge=623us sort=4us map=0us TOTAL=3324us
[Stats] checked=167621 refined=6400
[Timing] coarse=335us fine=2132us merge=678us sort=4us map=0us TOTAL=3167us
[Stats] checked=190439 refined=6400
[Timing] coarse=414us fine=2121us merge=681us sort=5us map=0us TOTAL=3243us
[Stats] checked=160194 refined=6400
[Timing] coarse=383us fine=2073us merge=630us sort=5us map=0us TOTAL=3109us
[Stats] checked=191493 refined=6400
[Timing] coarse=326us fine=2099us merge=696us sort=4us map=0us TOTAL=3163us
[Stats] checked=202379 refined=6400
[Timing] coarse=331us fine=2139us merge=695us sort=4us map=0us TOTAL=3187us
[Stats] checked=187575 refined=6400
[Timing] coarse=495us fine=2074us merge=616us sort=4us map=0us TOTAL=3210us
[Stats] checked=174440 refined=6400
[Timing] coarse=410us fine=2413us merge=656us sort=4us map=0us TOTAL=3501us
[Stats] checked=167731 refined=6400
[Timing] coarse=369us fine=2243us merge=567us sort=4us map=0us TOTAL=3202us
[Stats] checked=196474 refined=6400
[Timing] coarse=339us fine=2203us merge=641us sort=5us map=0us TOTAL=3206us
[Stats] checked=211269 refined=6400
[Timing] coarse=351us fine=2179us merge=596us sort=5us map=0us TOTAL=3150us
[Stats] checked=178870 refined=6400
[Timing] coarse=444us fine=2180us merge=729us sort=5us map=0us TOTAL=3378us
[Stats] checked=195528 refined=6400
[Timing] coarse=442us fine=2422us merge=637us sort=5us map=0us TOTAL=3525us
[Stats] checked=181512 refined=6400
Processed 800 queries[Timing] coarse=377us fine=2214us merge=647us sort=4us map=0us TOTAL=3262us
[Stats] checked=162875 refined=6400
[Timing] coarse=395us fine=2434us merge=619us sort=4us map=0us TOTAL=3471us
[Stats] checked=178246 refined=6400
[Timing] coarse=437us fine=2280us merge=606us sort=5us map=0us TOTAL=3348us
[Stats] checked=187325 refined=6400
[Timing] coarse=405us fine=2305us merge=588us sort=5us map=0us TOTAL=3321us
[Stats] checked=184889 refined=6400
[Timing] coarse=359us fine=2146us merge=636us sort=5us map=0us TOTAL=3165us
[Stats] checked=174483 refined=6400
[Timing] coarse=329us fine=2018us merge=915us sort=4us map=0us TOTAL=3285us
[Stats] checked=174228 refined=6400
[Timing] coarse=358us fine=2140us merge=625us sort=4us map=0us TOTAL=3148us
[Stats] checked=178027 refined=6400
[Timing] coarse=402us fine=2177us merge=595us sort=4us map=0us TOTAL=3197us
[Stats] checked=199902 refined=6400
[Timing] coarse=367us fine=2367us merge=670us sort=4us map=0us TOTAL=3428us
[Stats] checked=167306 refined=6400
[Timing] coarse=515us fine=2122us merge=652us sort=5us map=0us TOTAL=3317us
[Stats] checked=169523 refined=6400
[Timing] coarse=509us fine=2608us merge=608us sort=5us map=0us TOTAL=3752us
[Stats] checked=183026 refined=6400
[Timing] coarse=457us fine=2094us merge=600us sort=5us map=0us TOTAL=3174us
[Stats] checked=171238 refined=6400
[Timing] coarse=388us fine=2105us merge=612us sort=5us map=0us TOTAL=3128us
[Stats] checked=193737 refined=6400
[Timing] coarse=573us fine=2442us merge=695us sort=6us map=1us TOTAL=3738us
[Stats] checked=166506 refined=6400
[Timing] coarse=745us fine=2201us merge=565us sort=5us map=0us TOTAL=3536us
[Stats] checked=209778 refined=6400
[Timing] coarse=434us fine=2122us merge=672us sort=5us map=0us TOTAL=3251us
[Stats] checked=227382 refined=6400
[Timing] coarse=439us fine=2179us merge=577us sort=4us map=0us TOTAL=3219us
[Stats] checked=206047 refined=6400
[Timing] coarse=381us fine=2162us merge=624us sort=5us map=0us TOTAL=3190us
[Stats] checked=166071 refined=6400
[Timing] coarse=372us fine=2133us merge=632us sort=4us map=0us TOTAL=3158us
[Stats] checked=192311 refined=6400
[Timing] coarse=377us fine=2412us merge=652us sort=5us map=0us TOTAL=3465us
[Stats] checked=210401 refined=6400
[Timing] coarse=408us fine=2219us merge=646us sort=5us map=0us TOTAL=3298us
[Stats] checked=192479 refined=6400
[Timing] coarse=376us fine=2160us merge=625us sort=5us map=0us TOTAL=3185us
[Stats] checked=189205 refined=6400
[Timing] coarse=373us fine=2222us merge=693us sort=4us map=0us TOTAL=3310us
[Stats] checked=208258 refined=6400
[Timing] coarse=359us fine=2203us merge=649us sort=4us map=0us TOTAL=3235us
[Stats] checked=176083 refined=6400
[Timing] coarse=421us fine=2158us merge=625us sort=5us map=0us TOTAL=3230us
[Stats] checked=179276 refined=6400
[Timing] coarse=383us fine=2138us merge=581us sort=4us map=0us TOTAL=3124us
[Stats] checked=199508 refined=6400
[Timing] coarse=396us fine=2095us merge=662us sort=5us map=0us TOTAL=3177us
[Stats] checked=219379 refined=6400
[Timing] coarse=385us fine=2084us merge=667us sort=5us map=0us TOTAL=3159us
[Stats] checked=180384 refined=6400
[Timing] coarse=438us fine=2139us merge=659us sort=5us map=0us TOTAL=3261us
[Stats] checked=213126 refined=6400
[Timing] coarse=445us fine=2091us merge=607us sort=4us map=0us TOTAL=3232us
[Stats] checked=187469 refined=6400
[Timing] coarse=402us fine=2090us merge=599us sort=5us map=0us TOTAL=3114us
[Stats] checked=186446 refined=6400
[Timing] coarse=356us fine=2466us merge=634us sort=5us map=0us TOTAL=3480us
[Stats] checked=173419 refined=6400
[Timing] coarse=415us fine=2068us merge=594us sort=4us map=0us TOTAL=3100us
[Stats] checked=180150 refined=6400
[Timing] coarse=396us fine=2144us merge=642us sort=5us map=0us TOTAL=3206us
[Stats] checked=186678 refined=6400
[Timing] coarse=355us fine=2096us merge=580us sort=4us map=0us TOTAL=3055us
[Stats] checked=206947 refined=6400
[Timing] coarse=381us fine=2101us merge=713us sort=5us map=0us TOTAL=3218us
[Stats] checked=171018 refined=6400
[Timing] coarse=388us fine=2390us merge=657us sort=5us map=1us TOTAL=3458us
[Stats] checked=163250 refined=6400
[Timing] coarse=416us fine=2275us merge=614us sort=5us map=0us TOTAL=3327us
[Stats] checked=203909 refined=6400
[Timing] coarse=431us fine=2276us merge=582us sort=5us map=0us TOTAL=3313us
[Stats] checked=204087 refined=6400
[Timing] coarse=352us fine=2090us merge=776us sort=4us map=0us TOTAL=3240us
[Stats] checked=171892 refined=6400
[Timing] coarse=592us fine=2080us merge=624us sort=5us map=0us TOTAL=3321us
[Stats] checked=163294 refined=6400
[Timing] coarse=437us fine=2117us merge=640us sort=4us map=0us TOTAL=3218us
[Stats] checked=194542 refined=6400
[Timing] coarse=932us fine=2119us merge=680us sort=5us map=0us TOTAL=3755us
[Stats] checked=164545 refined=6400
[Timing] coarse=443us fine=2095us merge=639us sort=5us map=0us TOTAL=3201us
[Stats] checked=183961 refined=6400
[Timing] coarse=386us fine=2186us merge=654us sort=4us map=0us TOTAL=3249us
[Stats] checked=171395 refined=6400
[Timing] coarse=430us fine=2116us merge=651us sort=5us map=0us TOTAL=3225us
[Stats] checked=167324 refined=6400
[Timing] coarse=553us fine=2142us merge=680us sort=5us map=0us TOTAL=3404us
[Stats] checked=167648 refined=6400
[Timing] coarse=409us fine=2252us merge=616us sort=5us map=0us TOTAL=3301us
[Stats] checked=186012 refined=6400
[Timing] coarse=447us fine=2196us merge=713us sort=5us map=0us TOTAL=3380us
[Stats] checked=198216 refined=6400
[Timing] coarse=426us fine=2113us merge=710us sort=5us map=0us TOTAL=3276us
[Stats] checked=162749 refined=6400
Processed 850 queries[Timing] coarse=401us fine=2230us merge=689us sort=5us map=0us TOTAL=3345us
[Stats] checked=174802 refined=6400
[Timing] coarse=399us fine=2219us merge=659us sort=5us map=0us TOTAL=3303us
[Stats] checked=184289 refined=6400
[Timing] coarse=396us fine=2701us merge=822us sort=5us map=0us TOTAL=3945us
[Stats] checked=173550 refined=6400
[Timing] coarse=661us fine=2567us merge=687us sort=5us map=0us TOTAL=3951us
[Stats] checked=181693 refined=6400
[Timing] coarse=540us fine=2355us merge=688us sort=5us map=0us TOTAL=3611us
[Stats] checked=178021 refined=6400
[Timing] coarse=496us fine=2426us merge=714us sort=5us map=0us TOTAL=3663us
[Stats] checked=165140 refined=6400
[Timing] coarse=454us fine=2316us merge=621us sort=4us map=0us TOTAL=3430us
[Stats] checked=202302 refined=6400
[Timing] coarse=437us fine=2229us merge=636us sort=5us map=0us TOTAL=3340us
[Stats] checked=206762 refined=6400
[Timing] coarse=402us fine=2204us merge=615us sort=5us map=0us TOTAL=3245us
[Stats] checked=194162 refined=6400
[Timing] coarse=371us fine=2059us merge=589us sort=4us map=0us TOTAL=3043us
[Stats] checked=192589 refined=6400
[Timing] coarse=371us fine=2116us merge=614us sort=4us map=0us TOTAL=3124us
[Stats] checked=179183 refined=6400
[Timing] coarse=366us fine=2091us merge=607us sort=4us map=0us TOTAL=3089us
[Stats] checked=185842 refined=6400
[Timing] coarse=372us fine=2301us merge=575us sort=5us map=0us TOTAL=3274us
[Stats] checked=197948 refined=6400
[Timing] coarse=382us fine=2166us merge=607us sort=5us map=0us TOTAL=3179us
[Stats] checked=174794 refined=6400
[Timing] coarse=338us fine=2146us merge=674us sort=4us map=0us TOTAL=3181us
[Stats] checked=167970 refined=6400
[Timing] coarse=358us fine=2240us merge=860us sort=4us map=0us TOTAL=3482us
[Stats] checked=163692 refined=6400
[Timing] coarse=526us fine=2387us merge=719us sort=4us map=0us TOTAL=3658us
[Stats] checked=177355 refined=6400
[Timing] coarse=397us fine=2083us merge=759us sort=5us map=0us TOTAL=3264us
[Stats] checked=190247 refined=6400
[Timing] coarse=466us fine=2031us merge=674us sort=4us map=0us TOTAL=3202us
[Stats] checked=171963 refined=6400
[Timing] coarse=455us fine=2268us merge=602us sort=5us map=0us TOTAL=3351us
[Stats] checked=182785 refined=6400
[Timing] coarse=308us fine=2380us merge=595us sort=4us map=0us TOTAL=3302us
[Stats] checked=208740 refined=6400
[Timing] coarse=349us fine=2367us merge=1091us sort=4us map=0us TOTAL=3830us
[Stats] checked=190578 refined=6400
[Timing] coarse=362us fine=2152us merge=692us sort=4us map=0us TOTAL=3227us
[Stats] checked=181752 refined=6400
[Timing] coarse=363us fine=2154us merge=620us sort=5us map=0us TOTAL=3159us
[Stats] checked=202997 refined=6400
[Timing] coarse=341us fine=2100us merge=666us sort=5us map=0us TOTAL=3129us
[Stats] checked=167606 refined=6400
[Timing] coarse=318us fine=2546us merge=643us sort=4us map=0us TOTAL=3528us
[Stats] checked=163077 refined=6400
[Timing] coarse=364us fine=2080us merge=619us sort=5us map=0us TOTAL=3085us
[Stats] checked=182547 refined=6400
[Timing] coarse=334us fine=2286us merge=627us sort=5us map=0us TOTAL=3269us
[Stats] checked=174141 refined=6400
[Timing] coarse=338us fine=2077us merge=616us sort=5us map=0us TOTAL=3053us
[Stats] checked=171576 refined=6400
[Timing] coarse=329us fine=2107us merge=649us sort=4us map=0us TOTAL=3105us
[Stats] checked=191233 refined=6400
[Timing] coarse=335us fine=2100us merge=661us sort=4us map=0us TOTAL=3118us
[Stats] checked=195209 refined=6400
[Timing] coarse=391us fine=2054us merge=640us sort=4us map=0us TOTAL=3107us
[Stats] checked=181179 refined=6400
[Timing] coarse=378us fine=2101us merge=673us sort=5us map=0us TOTAL=3175us
[Stats] checked=206303 refined=6400
[Timing] coarse=335us fine=2096us merge=651us sort=4us map=0us TOTAL=3107us
[Stats] checked=175299 refined=6400
[Timing] coarse=344us fine=2134us merge=671us sort=4us map=0us TOTAL=3173us
[Stats] checked=181289 refined=6400
[Timing] coarse=317us fine=2064us merge=605us sort=5us map=0us TOTAL=3010us
[Stats] checked=185851 refined=6400
[Timing] coarse=347us fine=2031us merge=593us sort=4us map=0us TOTAL=2998us
[Stats] checked=165141 refined=6400
[Timing] coarse=350us fine=2027us merge=622us sort=4us map=0us TOTAL=3020us
[Stats] checked=160376 refined=6400
[Timing] coarse=301us fine=2384us merge=870us sort=7us map=0us TOTAL=3581us
[Stats] checked=189949 refined=6400
[Timing] coarse=495us fine=2339us merge=734us sort=6us map=0us TOTAL=3624us
[Stats] checked=176308 refined=6400
[Timing] coarse=665us fine=2085us merge=649us sort=5us map=0us TOTAL=3424us
[Stats] checked=166616 refined=6400
[Timing] coarse=362us fine=2158us merge=587us sort=4us map=0us TOTAL=3128us
[Stats] checked=200255 refined=6400
[Timing] coarse=361us fine=2721us merge=798us sort=5us map=0us TOTAL=3906us
[Stats] checked=196915 refined=6400
[Timing] coarse=503us fine=2067us merge=648us sort=4us map=0us TOTAL=3242us
[Stats] checked=177707 refined=6400
[Timing] coarse=409us fine=2207us merge=618us sort=4us map=0us TOTAL=3256us
[Stats] checked=169444 refined=6400
[Timing] coarse=388us fine=2284us merge=584us sort=5us map=0us TOTAL=3279us
[Stats] checked=194719 refined=6400
[Timing] coarse=403us fine=2241us merge=694us sort=5us map=0us TOTAL=3363us
[Stats] checked=193986 refined=6400
[Timing] coarse=492us fine=2162us merge=585us sort=5us map=0us TOTAL=3264us
[Stats] checked=201322 refined=6400
[Timing] coarse=828us fine=2112us merge=631us sort=5us map=0us TOTAL=3595us
[Stats] checked=175338 refined=6400
[Timing] coarse=433us fine=2121us merge=613us sort=5us map=0us TOTAL=3191us
[Stats] checked=173580 refined=6400
Processed 900 queries[Timing] coarse=452us fine=2047us merge=722us sort=5us map=0us TOTAL=3244us
[Stats] checked=188088 refined=6400
[Timing] coarse=390us fine=2135us merge=673us sort=4us map=0us TOTAL=3223us
[Stats] checked=205761 refined=6400
[Timing] coarse=427us fine=2180us merge=642us sort=5us map=0us TOTAL=3273us
[Stats] checked=190574 refined=6400
[Timing] coarse=440us fine=2224us merge=624us sort=5us map=0us TOTAL=3313us
[Stats] checked=174254 refined=6400
[Timing] coarse=363us fine=2152us merge=662us sort=5us map=14us TOTAL=3213us
[Stats] checked=162823 refined=6400
[Timing] coarse=358us fine=2159us merge=604us sort=5us map=0us TOTAL=3144us
[Stats] checked=197994 refined=6400
[Timing] coarse=395us fine=2142us merge=598us sort=5us map=0us TOTAL=3158us
[Stats] checked=195222 refined=6400
[Timing] coarse=377us fine=2023us merge=768us sort=4us map=0us TOTAL=3191us
[Stats] checked=167301 refined=6400
[Timing] coarse=372us fine=2170us merge=655us sort=5us map=0us TOTAL=3219us
[Stats] checked=184877 refined=6400
[Timing] coarse=382us fine=2163us merge=712us sort=5us map=0us TOTAL=3280us
[Stats] checked=167627 refined=6400
[Timing] coarse=453us fine=2407us merge=637us sort=5us map=0us TOTAL=3522us
[Stats] checked=181328 refined=6400
[Timing] coarse=444us fine=2143us merge=693us sort=5us map=0us TOTAL=3303us
[Stats] checked=168659 refined=6400
[Timing] coarse=401us fine=2125us merge=609us sort=5us map=0us TOTAL=3159us
[Stats] checked=179587 refined=6400
[Timing] coarse=361us fine=2034us merge=682us sort=4us map=0us TOTAL=3099us
[Stats] checked=189273 refined=6400
[Timing] coarse=406us fine=2260us merge=609us sort=4us map=0us TOTAL=3299us
[Stats] checked=167008 refined=6400
[Timing] coarse=414us fine=2125us merge=668us sort=5us map=0us TOTAL=3233us
[Stats] checked=179969 refined=6400
[Timing] coarse=370us fine=2120us merge=598us sort=4us map=0us TOTAL=3111us
[Stats] checked=170545 refined=6400
[Timing] coarse=351us fine=2079us merge=600us sort=4us map=0us TOTAL=3052us
[Stats] checked=189341 refined=6400
[Timing] coarse=367us fine=2426us merge=703us sort=4us map=0us TOTAL=3520us
[Stats] checked=180984 refined=6400
[Timing] coarse=388us fine=2026us merge=607us sort=5us map=0us TOTAL=3045us
[Stats] checked=160450 refined=6400
[Timing] coarse=370us fine=2169us merge=624us sort=4us map=0us TOTAL=3187us
[Stats] checked=209636 refined=6400
[Timing] coarse=357us fine=2180us merge=683us sort=5us map=0us TOTAL=3244us
[Stats] checked=193015 refined=6400
[Timing] coarse=481us fine=2381us merge=893us sort=6us map=0us TOTAL=3783us
[Stats] checked=196418 refined=6400
[Timing] coarse=500us fine=2212us merge=741us sort=5us map=0us TOTAL=3479us
[Stats] checked=181621 refined=6400
[Timing] coarse=467us fine=2138us merge=624us sort=5us map=0us TOTAL=3254us
[Stats] checked=183727 refined=6400
[Timing] coarse=390us fine=2017us merge=599us sort=4us map=0us TOTAL=3030us
[Stats] checked=177823 refined=6400
[Timing] coarse=393us fine=2154us merge=663us sort=5us map=0us TOTAL=3234us
[Stats] checked=175290 refined=6400
[Timing] coarse=381us fine=2084us merge=622us sort=4us map=0us TOTAL=3112us
[Stats] checked=158778 refined=6400
[Timing] coarse=365us fine=2533us merge=629us sort=5us map=0us TOTAL=3550us
[Stats] checked=191551 refined=6400
[Timing] coarse=356us fine=2115us merge=590us sort=5us map=0us TOTAL=3086us
[Stats] checked=217053 refined=6400
[Timing] coarse=321us fine=2033us merge=581us sort=4us map=0us TOTAL=2959us
[Stats] checked=196921 refined=6400
[Timing] coarse=375us fine=2127us merge=638us sort=4us map=0us TOTAL=3161us
[Stats] checked=215745 refined=6400
[Timing] coarse=493us fine=2074us merge=653us sort=4us map=0us TOTAL=3243us
[Stats] checked=173676 refined=6400
[Timing] coarse=433us fine=2024us merge=575us sort=4us map=0us TOTAL=3055us
[Stats] checked=179130 refined=6400
[Timing] coarse=390us fine=2171us merge=621us sort=5us map=0us TOTAL=3207us
[Stats] checked=170861 refined=6400
[Timing] coarse=324us fine=2195us merge=631us sort=4us map=0us TOTAL=3173us
[Stats] checked=184160 refined=6400
[Timing] coarse=438us fine=2016us merge=610us sort=5us map=0us TOTAL=3088us
[Stats] checked=193130 refined=6400
[Timing] coarse=385us fine=2063us merge=576us sort=4us map=0us TOTAL=3046us
[Stats] checked=183023 refined=6400
[Timing] coarse=344us fine=2019us merge=596us sort=5us map=0us TOTAL=2984us
[Stats] checked=180953 refined=6400
[Timing] coarse=330us fine=2504us merge=616us sort=4us map=0us TOTAL=3473us
[Stats] checked=168729 refined=6400
[Timing] coarse=508us fine=1985us merge=626us sort=4us map=0us TOTAL=3146us
[Stats] checked=186152 refined=6400
[Timing] coarse=439us fine=2012us merge=619us sort=5us map=0us TOTAL=3094us
[Stats] checked=176099 refined=6400
[Timing] coarse=399us fine=1994us merge=604us sort=5us map=0us TOTAL=3022us
[Stats] checked=168507 refined=6400
[Timing] coarse=358us fine=3039us merge=843us sort=5us map=1us TOTAL=4287us
[Stats] checked=180344 refined=6400
[Timing] coarse=537us fine=2120us merge=628us sort=5us map=0us TOTAL=3314us
[Stats] checked=167863 refined=6400
[Timing] coarse=449us fine=2056us merge=613us sort=4us map=0us TOTAL=3143us
[Stats] checked=195078 refined=6400
[Timing] coarse=415us fine=2043us merge=659us sort=5us map=0us TOTAL=3142us
[Stats] checked=201539 refined=6400
[Timing] coarse=383us fine=2264us merge=619us sort=5us map=0us TOTAL=3290us
[Stats] checked=194033 refined=6400
[Timing] coarse=454us fine=2076us merge=633us sort=4us map=0us TOTAL=3189us
[Stats] checked=180907 refined=6400
[Timing] coarse=417us fine=2390us merge=620us sort=4us map=0us TOTAL=3451us
[Stats] checked=189878 refined=6400
Processed 950 queries[Timing] coarse=363us fine=2116us merge=625us sort=5us map=0us TOTAL=3128us
[Stats] checked=178570 refined=6400
[Timing] coarse=401us fine=2476us merge=687us sort=4us map=0us TOTAL=3588us
[Stats] checked=174430 refined=6400
[Timing] coarse=548us fine=2179us merge=613us sort=4us map=0us TOTAL=3370us
[Stats] checked=199581 refined=6400
[Timing] coarse=477us fine=2081us merge=695us sort=5us map=0us TOTAL=3279us
[Stats] checked=162315 refined=6400
[Timing] coarse=403us fine=2089us merge=634us sort=4us map=0us TOTAL=3152us
[Stats] checked=168861 refined=6400
[Timing] coarse=363us fine=2003us merge=705us sort=5us map=0us TOTAL=3095us
[Stats] checked=177945 refined=6400
[Timing] coarse=368us fine=2049us merge=592us sort=4us map=0us TOTAL=3033us
[Stats] checked=200580 refined=6400
[Timing] coarse=413us fine=1988us merge=650us sort=4us map=0us TOTAL=3075us
[Stats] checked=185211 refined=6400
[Timing] coarse=557us fine=2014us merge=609us sort=4us map=0us TOTAL=3204us
[Stats] checked=163568 refined=6400
[Timing] coarse=348us fine=2110us merge=591us sort=4us map=0us TOTAL=3071us
[Stats] checked=222541 refined=6400
[Timing] coarse=370us fine=2118us merge=623us sort=5us map=0us TOTAL=3135us
[Stats] checked=184863 refined=6400
[Timing] coarse=360us fine=2118us merge=606us sort=4us map=0us TOTAL=3108us
[Stats] checked=182498 refined=6400
[Timing] coarse=407us fine=2360us merge=650us sort=5us map=0us TOTAL=3442us
[Stats] checked=159609 refined=6400
[Timing] coarse=375us fine=2023us merge=616us sort=5us map=0us TOTAL=3091us
[Stats] checked=186736 refined=6400
[Timing] coarse=372us fine=2093us merge=635us sort=5us map=0us TOTAL=3124us
[Stats] checked=170096 refined=6400
[Timing] coarse=362us fine=2102us merge=654us sort=5us map=0us TOTAL=3142us
[Stats] checked=168502 refined=6400
[Timing] coarse=383us fine=2028us merge=588us sort=4us map=0us TOTAL=3021us
[Stats] checked=177321 refined=6400
[Timing] coarse=338us fine=2002us merge=614us sort=4us map=0us TOTAL=2977us
[Stats] checked=153656 refined=6400
[Timing] coarse=344us fine=2098us merge=605us sort=5us map=0us TOTAL=3070us
[Stats] checked=192352 refined=6400
[Timing] coarse=336us fine=2223us merge=831us sort=6us map=1us TOTAL=3414us
[Stats] checked=197337 refined=6400
[Timing] coarse=438us fine=2243us merge=604us sort=5us map=0us TOTAL=3308us
[Stats] checked=184426 refined=6400
[Timing] coarse=374us fine=2337us merge=632us sort=5us map=0us TOTAL=3364us
[Stats] checked=172379 refined=6400
[Timing] coarse=389us fine=2086us merge=625us sort=5us map=0us TOTAL=3126us
[Stats] checked=185283 refined=6400
[Timing] coarse=331us fine=2056us merge=599us sort=5us map=0us TOTAL=3010us
[Stats] checked=194939 refined=6400
[Timing] coarse=355us fine=2308us merge=630us sort=4us map=0us TOTAL=3317us
[Stats] checked=174178 refined=6400
[Timing] coarse=404us fine=2156us merge=562us sort=4us map=0us TOTAL=3147us
[Stats] checked=202968 refined=6400
[Timing] coarse=391us fine=2099us merge=608us sort=5us map=0us TOTAL=3122us
[Stats] checked=178375 refined=6400
[Timing] coarse=356us fine=2142us merge=622us sort=5us map=0us TOTAL=3143us
[Stats] checked=186488 refined=6400
[Timing] coarse=362us fine=2151us merge=755us sort=5us map=0us TOTAL=3290us
[Stats] checked=199599 refined=6400
[Timing] coarse=379us fine=2098us merge=637us sort=17us map=0us TOTAL=3150us
[Stats] checked=189755 refined=6400
[Timing] coarse=455us fine=2065us merge=613us sort=5us map=0us TOTAL=3159us
[Stats] checked=166384 refined=6400
[Timing] coarse=367us fine=2222us merge=587us sort=5us map=0us TOTAL=3199us
[Stats] checked=205416 refined=6400
[Timing] coarse=420us fine=2169us merge=593us sort=5us map=0us TOTAL=3206us
[Stats] checked=216237 refined=6400
[Timing] coarse=339us fine=2567us merge=639us sort=5us map=0us TOTAL=3567us
[Stats] checked=189897 refined=6400
[Timing] coarse=459us fine=2142us merge=652us sort=4us map=0us TOTAL=3278us
[Stats] checked=181148 refined=6400
[Timing] coarse=447us fine=1989us merge=664us sort=4us map=0us TOTAL=3123us
[Stats] checked=170404 refined=6400
[Timing] coarse=353us fine=2412us merge=585us sort=5us map=0us TOTAL=3374us
[Stats] checked=185522 refined=6400
[Timing] coarse=361us fine=2152us merge=642us sort=5us map=0us TOTAL=3180us
[Stats] checked=173709 refined=6400
[Timing] coarse=469us fine=2042us merge=636us sort=4us map=0us TOTAL=3172us
[Stats] checked=178073 refined=6400
[Timing] coarse=381us fine=2083us merge=648us sort=4us map=0us TOTAL=3136us
[Stats] checked=212433 refined=6400
[Timing] coarse=377us fine=2088us merge=595us sort=4us map=0us TOTAL=3083us
[Stats] checked=178443 refined=6400
[Timing] coarse=369us fine=2106us merge=616us sort=5us map=0us TOTAL=3116us
[Stats] checked=169348 refined=6400
[Timing] coarse=375us fine=2129us merge=623us sort=7us map=0us TOTAL=3153us
[Stats] checked=174018 refined=6400
[Timing] coarse=393us fine=2230us merge=616us sort=5us map=0us TOTAL=3263us
[Stats] checked=171497 refined=6400
[Timing] coarse=457us fine=2128us merge=617us sort=5us map=0us TOTAL=3226us
[Stats] checked=182219 refined=6400
[Timing] coarse=367us fine=2101us merge=830us sort=5us map=0us TOTAL=3321us
[Stats] checked=172354 refined=6400
[Timing] coarse=620us fine=2123us merge=625us sort=5us map=0us TOTAL=3396us
[Stats] checked=166963 refined=6400
[Timing] coarse=410us fine=2219us merge=655us sort=5us map=0us TOTAL=3307us
[Stats] checked=162951 refined=6400
[Timing] coarse=393us fine=2104us merge=616us sort=5us map=0us TOTAL=3136us
[Stats] checked=185621 refined=6400
[Timing] coarse=378us fine=2500us merge=666us sort=5us map=0us TOTAL=3566us
[Stats] checked=167790 refined=6400
Processed 1000 queries
=== Results ===
Total queries: 1000
Average recall@10: 0.9815
Average query time: 3.92 ms
Index build time: 69 seconds
