[cache] loaded base vectors from data_o/glove/base.txt.bin
Building index...
[solution] threads=32, centroid=5422, iter=16, nprob=1152
[finalize_build] 61640 ms
Index built in 62 seconds
Loading queries and ground truth...
Loaded 1000 ground truth entries
Running queries...
[Timing] coarse=509us fine=2448us merge=681us sort=5us map=1us TOTAL=3679us
[Stats] checked=241795 refined=6400
[Timing] coarse=691us fine=2324us merge=645us sort=5us map=0us TOTAL=3702us
[Stats] checked=248200 refined=6400
[Timing] coarse=609us fine=2560us merge=671us sort=5us map=0us TOTAL=3874us
[Stats] checked=212038 refined=6400
[Timing] coarse=566us fine=2140us merge=668us sort=5us map=1us TOTAL=3414us
[Stats] checked=224203 refined=6400
[Timing] coarse=550us fine=2222us merge=658us sort=5us map=1us TOTAL=3469us
[Stats] checked=228374 refined=6400
[Timing] coarse=514us fine=2262us merge=755us sort=4us map=0us TOTAL=3565us
[Stats] checked=204310 refined=6400
[Timing] coarse=510us fine=2241us merge=689us sort=5us map=0us TOTAL=3476us
[Stats] checked=209957 refined=6400
[Timing] coarse=525us fine=2479us merge=709us sort=5us map=0us TOTAL=3750us
[Stats] checked=219530 refined=6400
[Timing] coarse=496us fine=2439us merge=703us sort=5us map=0us TOTAL=3678us
[Stats] checked=211477 refined=6400
[Timing] coarse=598us fine=2477us merge=704us sort=5us map=1us TOTAL=3820us
[Stats] checked=225524 refined=6400
[Timing] coarse=493us fine=2159us merge=717us sort=5us map=0us TOTAL=3401us
[Stats] checked=239867 refined=6400
[Timing] coarse=628us fine=2261us merge=745us sort=5us map=0us TOTAL=3673us
[Stats] checked=222799 refined=6400
[Timing] coarse=543us fine=2295us merge=661us sort=5us map=1us TOTAL=3529us
[Stats] checked=213360 refined=6400
[Timing] coarse=559us fine=2543us merge=844us sort=5us map=0us TOTAL=3986us
[Stats] checked=261975 refined=6400
[Timing] coarse=571us fine=2386us merge=649us sort=5us map=0us TOTAL=3648us
[Stats] checked=214901 refined=6400
[Timing] coarse=591us fine=2323us merge=660us sort=5us map=1us TOTAL=3618us
[Stats] checked=226425 refined=6400
[Timing] coarse=462us fine=2206us merge=688us sort=5us map=0us TOTAL=3387us
[Stats] checked=226766 refined=6400
[Timing] coarse=557us fine=2662us merge=746us sort=5us map=0us TOTAL=4004us
[Stats] checked=211097 refined=6400
[Timing] coarse=414us fine=2310us merge=734us sort=5us map=0us TOTAL=3485us
[Stats] checked=217342 refined=6400
[Timing] coarse=434us fine=2773us merge=647us sort=5us map=0us TOTAL=3885us
[Stats] checked=221883 refined=6400
[Timing] coarse=474us fine=2263us merge=679us sort=5us map=0us TOTAL=3446us
[Stats] checked=224293 refined=6400
[Timing] coarse=633us fine=2678us merge=747us sort=7us map=1us TOTAL=4098us
[Stats] checked=238084 refined=6400
[Timing] coarse=531us fine=2284us merge=929us sort=5us map=0us TOTAL=3791us
[Stats] checked=205909 refined=6400
[Timing] coarse=452us fine=2209us merge=636us sort=4us map=0us TOTAL=3328us
[Stats] checked=221304 refined=6400
[Timing] coarse=569us fine=2137us merge=767us sort=4us map=1us TOTAL=3508us
[Stats] checked=220137 refined=6400
[Timing] coarse=567us fine=2374us merge=637us sort=5us map=1us TOTAL=3623us
[Stats] checked=238619 refined=6400
[Timing] coarse=512us fine=2406us merge=683us sort=4us map=0us TOTAL=3634us
[Stats] checked=228248 refined=6400
[Timing] coarse=556us fine=2238us merge=642us sort=4us map=0us TOTAL=3473us
[Stats] checked=240671 refined=6400
[Timing] coarse=532us fine=2651us merge=756us sort=5us map=0us TOTAL=3978us
[Stats] checked=223670 refined=6400
[Timing] coarse=607us fine=2439us merge=1093us sort=5us map=0us TOTAL=4181us
[Stats] checked=225335 refined=6400
[Timing] coarse=550us fine=2399us merge=720us sort=5us map=0us TOTAL=3711us
[Stats] checked=224018 refined=6400
[Timing] coarse=494us fine=2361us merge=768us sort=5us map=0us TOTAL=3659us
[Stats] checked=228202 refined=6400
[Timing] coarse=502us fine=2336us merge=648us sort=4us map=0us TOTAL=3518us
[Stats] checked=245258 refined=6400
[Timing] coarse=442us fine=2775us merge=666us sort=5us map=0us TOTAL=3915us
[Stats] checked=228212 refined=6400
[Timing] coarse=434us fine=2280us merge=669us sort=5us map=1us TOTAL=3412us
[Stats] checked=225821 refined=6400
[Timing] coarse=423us fine=2289us merge=789us sort=5us map=0us TOTAL=3530us
[Stats] checked=218970 refined=6400
[Timing] coarse=507us fine=2317us merge=656us sort=4us map=0us TOTAL=3519us
[Stats] checked=213060 refined=6400
[Timing] coarse=470us fine=2209us merge=692us sort=5us map=0us TOTAL=3400us
[Stats] checked=235738 refined=6400
[Timing] coarse=426us fine=2240us merge=681us sort=4us map=0us TOTAL=3377us
[Stats] checked=215130 refined=6400
[Timing] coarse=393us fine=2315us merge=717us sort=5us map=1us TOTAL=3452us
[Stats] checked=229806 refined=6400
[Timing] coarse=432us fine=2865us merge=945us sort=5us map=0us TOTAL=4272us
[Stats] checked=213784 refined=6400
[Timing] coarse=445us fine=2343us merge=706us sort=5us map=0us TOTAL=3524us
[Stats] checked=237613 refined=6400
[Timing] coarse=464us fine=2412us merge=633us sort=5us map=0us TOTAL=3540us
[Stats] checked=236565 refined=6400
[Timing] coarse=443us fine=2899us merge=686us sort=4us map=0us TOTAL=4057us
[Stats] checked=223833 refined=6400
[Timing] coarse=626us fine=2172us merge=695us sort=5us map=0us TOTAL=3529us
[Stats] checked=218594 refined=6400
[Timing] coarse=489us fine=2131us merge=668us sort=4us map=0us TOTAL=3316us
[Stats] checked=220601 refined=6400
[Timing] coarse=461us fine=2170us merge=636us sort=5us map=0us TOTAL=3296us
[Stats] checked=211441 refined=6400
[Timing] coarse=513us fine=2332us merge=669us sort=5us map=0us TOTAL=3550us
[Stats] checked=207956 refined=6400
[Timing] coarse=391us fine=2100us merge=592us sort=4us map=0us TOTAL=3108us
[Stats] checked=234068 refined=6400
[Timing] coarse=371us fine=2277us merge=668us sort=5us map=0us TOTAL=3340us
[Stats] checked=216856 refined=6400
Processed 50 queries[Timing] coarse=423us fine=2230us merge=684us sort=4us map=0us TOTAL=3364us
[Stats] checked=222679 refined=6400
[Timing] coarse=479us fine=2319us merge=647us sort=4us map=0us TOTAL=3477us
[Stats] checked=242311 refined=6400
[Timing] coarse=396us fine=2255us merge=630us sort=5us map=0us TOTAL=3308us
[Stats] checked=241964 refined=6400
[Timing] coarse=359us fine=2631us merge=627us sort=5us map=0us TOTAL=3643us
[Stats] checked=248429 refined=6400
[Timing] coarse=544us fine=2277us merge=633us sort=5us map=0us TOTAL=3501us
[Stats] checked=215610 refined=6400
[Timing] coarse=451us fine=2359us merge=677us sort=5us map=0us TOTAL=3517us
[Stats] checked=234351 refined=6400
[Timing] coarse=545us fine=2181us merge=802us sort=5us map=0us TOTAL=3565us
[Stats] checked=221735 refined=6400
[Timing] coarse=521us fine=2437us merge=827us sort=5us map=0us TOTAL=3817us
[Stats] checked=204475 refined=6400
[Timing] coarse=502us fine=2525us merge=716us sort=5us map=0us TOTAL=3777us
[Stats] checked=237440 refined=6400
[Timing] coarse=503us fine=2520us merge=731us sort=5us map=1us TOTAL=3793us
[Stats] checked=220086 refined=6400
[Timing] coarse=556us fine=2585us merge=798us sort=5us map=0us TOTAL=3978us
[Stats] checked=209819 refined=6400
[Timing] coarse=419us fine=2317us merge=701us sort=5us map=0us TOTAL=3483us
[Stats] checked=210922 refined=6400
[Timing] coarse=390us fine=2155us merge=633us sort=5us map=0us TOTAL=3207us
[Stats] checked=222656 refined=6400
[Timing] coarse=368us fine=2321us merge=689us sort=5us map=0us TOTAL=3406us
[Stats] checked=219813 refined=6400
[Timing] coarse=485us fine=2189us merge=740us sort=4us map=0us TOTAL=3445us
[Stats] checked=213510 refined=6400
[Timing] coarse=453us fine=2488us merge=647us sort=5us map=0us TOTAL=3618us
[Stats] checked=228401 refined=6400
[Timing] coarse=361us fine=2226us merge=632us sort=5us map=0us TOTAL=3289us
[Stats] checked=232561 refined=6400
[Timing] coarse=389us fine=2533us merge=672us sort=4us map=0us TOTAL=3620us
[Stats] checked=205225 refined=6400
[Timing] coarse=373us fine=2449us merge=825us sort=5us map=0us TOTAL=3673us
[Stats] checked=225828 refined=6400
[Timing] coarse=501us fine=2240us merge=691us sort=5us map=0us TOTAL=3460us
[Stats] checked=214836 refined=6400
[Timing] coarse=450us fine=2170us merge=630us sort=5us map=0us TOTAL=3278us
[Stats] checked=248017 refined=6400
[Timing] coarse=422us fine=2388us merge=647us sort=5us map=0us TOTAL=3481us
[Stats] checked=238613 refined=6400
[Timing] coarse=469us fine=2341us merge=639us sort=5us map=0us TOTAL=3481us
[Stats] checked=242263 refined=6400
[Timing] coarse=435us fine=2329us merge=693us sort=5us map=1us TOTAL=3482us
[Stats] checked=210029 refined=6400
[Timing] coarse=363us fine=2199us merge=670us sort=5us map=0us TOTAL=3260us
[Stats] checked=211698 refined=6400
[Timing] coarse=361us fine=2360us merge=679us sort=5us map=0us TOTAL=3424us
[Stats] checked=237718 refined=6400
[Timing] coarse=360us fine=2167us merge=628us sort=5us map=0us TOTAL=3180us
[Stats] checked=252258 refined=6400
[Timing] coarse=391us fine=2109us merge=656us sort=5us map=0us TOTAL=3181us
[Stats] checked=213874 refined=6400
[Timing] coarse=440us fine=2153us merge=674us sort=5us map=0us TOTAL=3295us
[Stats] checked=237881 refined=6400
[Timing] coarse=464us fine=2216us merge=652us sort=4us map=0us TOTAL=3361us
[Stats] checked=244601 refined=6400
[Timing] coarse=372us fine=2381us merge=720us sort=4us map=0us TOTAL=3497us
[Stats] checked=233908 refined=6400
[Timing] coarse=382us fine=2309us merge=907us sort=5us map=1us TOTAL=3623us
[Stats] checked=217039 refined=6400
[Timing] coarse=460us fine=2361us merge=649us sort=4us map=0us TOTAL=3495us
[Stats] checked=227923 refined=6400
[Timing] coarse=450us fine=2191us merge=639us sort=5us map=0us TOTAL=3305us
[Stats] checked=223154 refined=6400
[Timing] coarse=397us fine=2845us merge=671us sort=5us map=2us TOTAL=3941us
[Stats] checked=244478 refined=6400
[Timing] coarse=451us fine=2265us merge=662us sort=5us map=0us TOTAL=3404us
[Stats] checked=207718 refined=6400
[Timing] coarse=357us fine=2671us merge=756us sort=4us map=0us TOTAL=3807us
[Stats] checked=221560 refined=6400
[Timing] coarse=482us fine=2512us merge=755us sort=5us map=0us TOTAL=3778us
[Stats] checked=229841 refined=6400
[Timing] coarse=413us fine=2148us merge=716us sort=5us map=0us TOTAL=3302us
[Stats] checked=230205 refined=6400
[Timing] coarse=383us fine=2193us merge=670us sort=5us map=0us TOTAL=3270us
[Stats] checked=237011 refined=6400
[Timing] coarse=384us fine=2786us merge=1001us sort=5us map=0us TOTAL=4195us
[Stats] checked=220040 refined=6400
[Timing] coarse=400us fine=2566us merge=737us sort=5us map=0us TOTAL=3727us
[Stats] checked=238013 refined=6400
[Timing] coarse=467us fine=2601us merge=739us sort=4us map=0us TOTAL=3831us
[Stats] checked=243761 refined=6400
[Timing] coarse=477us fine=2221us merge=864us sort=5us map=1us TOTAL=3590us
[Stats] checked=206633 refined=6400
[Timing] coarse=392us fine=2333us merge=701us sort=5us map=0us TOTAL=3454us
[Stats] checked=217981 refined=6400
[Timing] coarse=432us fine=2658us merge=694us sort=5us map=0us TOTAL=3812us
[Stats] checked=230924 refined=6400
[Timing] coarse=559us fine=2366us merge=684us sort=5us map=0us TOTAL=3652us
[Stats] checked=215984 refined=6400
[Timing] coarse=451us fine=2674us merge=689us sort=5us map=1us TOTAL=3842us
[Stats] checked=240139 refined=6400
[Timing] coarse=573us fine=2368us merge=649us sort=5us map=0us TOTAL=3629us
[Stats] checked=272672 refined=6400
[Timing] coarse=590us fine=2389us merge=691us sort=5us map=0us TOTAL=3710us
[Stats] checked=235129 refined=6400
Processed 100 queries[Timing] coarse=444us fine=2690us merge=715us sort=5us map=0us TOTAL=3875us
[Stats] checked=220067 refined=6400
[Timing] coarse=421us fine=2410us merge=787us sort=5us map=0us TOTAL=3645us
[Stats] checked=218153 refined=6400
[Timing] coarse=452us fine=2450us merge=703us sort=5us map=0us TOTAL=3635us
[Stats] checked=242969 refined=6400
[Timing] coarse=659us fine=2238us merge=669us sort=5us map=0us TOTAL=3604us
[Stats] checked=214587 refined=6400
[Timing] coarse=534us fine=3469us merge=839us sort=5us map=1us TOTAL=4881us
[Stats] checked=252918 refined=6400
[Timing] coarse=432us fine=2305us merge=711us sort=5us map=1us TOTAL=3473us
[Stats] checked=230535 refined=6400
[Timing] coarse=617us fine=2279us merge=663us sort=5us map=0us TOTAL=3612us
[Stats] checked=239644 refined=6400
[Timing] coarse=569us fine=2252us merge=673us sort=4us map=0us TOTAL=3528us
[Stats] checked=209254 refined=6400
[Timing] coarse=541us fine=2441us merge=803us sort=4us map=0us TOTAL=3825us
[Stats] checked=246935 refined=6400
[Timing] coarse=440us fine=2614us merge=742us sort=5us map=0us TOTAL=3826us
[Stats] checked=204376 refined=6400
[Timing] coarse=472us fine=2173us merge=625us sort=5us map=1us TOTAL=3300us
[Stats] checked=228103 refined=6400
[Timing] coarse=426us fine=2168us merge=658us sort=4us map=0us TOTAL=3282us
[Stats] checked=262950 refined=6400
[Timing] coarse=333us fine=2117us merge=700us sort=4us map=0us TOTAL=3172us
[Stats] checked=214956 refined=6400
[Timing] coarse=452us fine=2305us merge=713us sort=5us map=0us TOTAL=3499us
[Stats] checked=266677 refined=6400
[Timing] coarse=444us fine=2116us merge=708us sort=5us map=0us TOTAL=3296us
[Stats] checked=223004 refined=6400
[Timing] coarse=378us fine=2183us merge=653us sort=5us map=0us TOTAL=3240us
[Stats] checked=235715 refined=6400
[Timing] coarse=363us fine=2136us merge=702us sort=4us map=0us TOTAL=3224us
[Stats] checked=247075 refined=6400
[Timing] coarse=361us fine=2119us merge=608us sort=5us map=0us TOTAL=3112us
[Stats] checked=233216 refined=6400
[Timing] coarse=357us fine=2218us merge=628us sort=4us map=0us TOTAL=3226us
[Stats] checked=237205 refined=6400
[Timing] coarse=375us fine=2302us merge=593us sort=4us map=0us TOTAL=3294us
[Stats] checked=244491 refined=6400
[Timing] coarse=378us fine=2229us merge=628us sort=4us map=0us TOTAL=3258us
[Stats] checked=271784 refined=6400
[Timing] coarse=324us fine=2520us merge=635us sort=5us map=0us TOTAL=3501us
[Stats] checked=237421 refined=6400
[Timing] coarse=346us fine=2369us merge=693us sort=4us map=0us TOTAL=3431us
[Stats] checked=240229 refined=6400
[Timing] coarse=421us fine=2594us merge=674us sort=5us map=0us TOTAL=3715us
[Stats] checked=226739 refined=6400
[Timing] coarse=456us fine=2720us merge=639us sort=5us map=0us TOTAL=3842us
[Stats] checked=233043 refined=6400
[Timing] coarse=434us fine=2279us merge=687us sort=5us map=0us TOTAL=3427us
[Stats] checked=227811 refined=6400
[Timing] coarse=405us fine=2209us merge=752us sort=5us map=0us TOTAL=3392us
[Stats] checked=213892 refined=6400
[Timing] coarse=453us fine=2197us merge=648us sort=5us map=0us TOTAL=3325us
[Stats] checked=248565 refined=6400
[Timing] coarse=401us fine=2299us merge=834us sort=12us map=1us TOTAL=3568us
[Stats] checked=230445 refined=6400
[Timing] coarse=560us fine=2393us merge=590us sort=5us map=0us TOTAL=3616us
[Stats] checked=263569 refined=6400
[Timing] coarse=382us fine=2148us merge=799us sort=4us map=0us TOTAL=3353us
[Stats] checked=231235 refined=6400
[Timing] coarse=455us fine=2186us merge=698us sort=5us map=0us TOTAL=3368us
[Stats] checked=210894 refined=6400
[Timing] coarse=400us fine=2122us merge=666us sort=5us map=0us TOTAL=3242us
[Stats] checked=216435 refined=6400
[Timing] coarse=397us fine=2269us merge=661us sort=4us map=0us TOTAL=3352us
[Stats] checked=226100 refined=6400
[Timing] coarse=404us fine=2134us merge=701us sort=5us map=0us TOTAL=3264us
[Stats] checked=230311 refined=6400
[Timing] coarse=486us fine=2137us merge=702us sort=5us map=0us TOTAL=3353us
[Stats] checked=206335 refined=6400
[Timing] coarse=406us fine=2207us merge=713us sort=5us map=0us TOTAL=3351us
[Stats] checked=233732 refined=6400
[Timing] coarse=429us fine=2654us merge=622us sort=5us map=0us TOTAL=3731us
[Stats] checked=245232 refined=6400
[Timing] coarse=455us fine=2206us merge=653us sort=5us map=1us TOTAL=3339us
[Stats] checked=219198 refined=6400
[Timing] coarse=633us fine=2166us merge=603us sort=4us map=0us TOTAL=3427us
[Stats] checked=244003 refined=6400
[Timing] coarse=437us fine=2150us merge=607us sort=5us map=0us TOTAL=3218us
[Stats] checked=257446 refined=6400
[Timing] coarse=387us fine=2179us merge=642us sort=5us map=0us TOTAL=3232us
[Stats] checked=213776 refined=6400
[Timing] coarse=402us fine=2112us merge=661us sort=5us map=0us TOTAL=3201us
[Stats] checked=215594 refined=6400
[Timing] coarse=426us fine=2202us merge=629us sort=4us map=0us TOTAL=3283us
[Stats] checked=258206 refined=6400
[Timing] coarse=429us fine=2164us merge=738us sort=5us map=0us TOTAL=3356us
[Stats] checked=244752 refined=6400
[Timing] coarse=389us fine=2361us merge=684us sort=4us map=0us TOTAL=3460us
[Stats] checked=209696 refined=6400
[Timing] coarse=397us fine=2317us merge=645us sort=5us map=0us TOTAL=3385us
[Stats] checked=240566 refined=6400
[Timing] coarse=399us fine=2506us merge=673us sort=5us map=0us TOTAL=3602us
[Stats] checked=231795 refined=6400
[Timing] coarse=429us fine=2180us merge=644us sort=4us map=0us TOTAL=3278us
[Stats] checked=240784 refined=6400
[Timing] coarse=436us fine=2181us merge=667us sort=4us map=0us TOTAL=3309us
[Stats] checked=217075 refined=6400
Processed 150 queries[Timing] coarse=789us fine=2353us merge=636us sort=5us map=0us TOTAL=3800us
[Stats] checked=229028 refined=6400
[Timing] coarse=441us fine=2148us merge=652us sort=5us map=0us TOTAL=3266us
[Stats] checked=253976 refined=6400
[Timing] coarse=395us fine=2153us merge=622us sort=4us map=0us TOTAL=3195us
[Stats] checked=224751 refined=6400
[Timing] coarse=474us fine=2352us merge=646us sort=5us map=0us TOTAL=3511us
[Stats] checked=245932 refined=6400
[Timing] coarse=619us fine=2247us merge=679us sort=5us map=0us TOTAL=3569us
[Stats] checked=234016 refined=6400
[Timing] coarse=457us fine=2185us merge=665us sort=5us map=0us TOTAL=3333us
[Stats] checked=229259 refined=6400
[Timing] coarse=409us fine=2101us merge=696us sort=5us map=0us TOTAL=3231us
[Stats] checked=226210 refined=6400
[Timing] coarse=393us fine=2223us merge=668us sort=5us map=0us TOTAL=3308us
[Stats] checked=233218 refined=6400
[Timing] coarse=445us fine=2258us merge=700us sort=4us map=0us TOTAL=3427us
[Stats] checked=238957 refined=6400
[Timing] coarse=493us fine=2379us merge=679us sort=5us map=0us TOTAL=3577us
[Stats] checked=256377 refined=6400
[Timing] coarse=562us fine=2170us merge=958us sort=5us map=1us TOTAL=3721us
[Stats] checked=235408 refined=6400
[Timing] coarse=449us fine=2327us merge=741us sort=5us map=1us TOTAL=3544us
[Stats] checked=227244 refined=6400
[Timing] coarse=593us fine=2569us merge=674us sort=5us map=0us TOTAL=3870us
[Stats] checked=226385 refined=6400
[Timing] coarse=494us fine=2669us merge=710us sort=5us map=0us TOTAL=3904us
[Stats] checked=242702 refined=6400
[Timing] coarse=459us fine=2257us merge=690us sort=5us map=0us TOTAL=3435us
[Stats] checked=222386 refined=6400
[Timing] coarse=459us fine=2200us merge=630us sort=5us map=0us TOTAL=3319us
[Stats] checked=224517 refined=6400
[Timing] coarse=476us fine=2400us merge=645us sort=4us map=0us TOTAL=3549us
[Stats] checked=242719 refined=6400
[Timing] coarse=427us fine=2225us merge=632us sort=5us map=0us TOTAL=3313us
[Stats] checked=225825 refined=6400
[Timing] coarse=416us fine=2331us merge=659us sort=4us map=0us TOTAL=3433us
[Stats] checked=211936 refined=6400
[Timing] coarse=388us fine=2192us merge=748us sort=5us map=0us TOTAL=3356us
[Stats] checked=204423 refined=6400
[Timing] coarse=480us fine=2192us merge=680us sort=5us map=0us TOTAL=3381us
[Stats] checked=213973 refined=6400
[Timing] coarse=470us fine=2087us merge=820us sort=5us map=0us TOTAL=3405us
[Stats] checked=208373 refined=6400
[Timing] coarse=390us fine=2149us merge=652us sort=5us map=0us TOTAL=3221us
[Stats] checked=209782 refined=6400
[Timing] coarse=373us fine=2291us merge=631us sort=4us map=0us TOTAL=3323us
[Stats] checked=243078 refined=6400
[Timing] coarse=439us fine=2450us merge=700us sort=5us map=0us TOTAL=3619us
[Stats] checked=253382 refined=6400
[Timing] coarse=453us fine=2177us merge=682us sort=5us map=0us TOTAL=3340us
[Stats] checked=233887 refined=6400
[Timing] coarse=438us fine=2160us merge=653us sort=5us map=0us TOTAL=3278us
[Stats] checked=228343 refined=6400
[Timing] coarse=392us fine=2761us merge=623us sort=5us map=0us TOTAL=3803us
[Stats] checked=233403 refined=6400
[Timing] coarse=504us fine=2296us merge=666us sort=5us map=0us TOTAL=3495us
[Stats] checked=202323 refined=6400
[Timing] coarse=451us fine=2387us merge=665us sort=5us map=1us TOTAL=3533us
[Stats] checked=231288 refined=6400
[Timing] coarse=415us fine=2234us merge=675us sort=5us map=0us TOTAL=3355us
[Stats] checked=210610 refined=6400
[Timing] coarse=396us fine=2261us merge=645us sort=5us map=0us TOTAL=3331us
[Stats] checked=234720 refined=6400
[Timing] coarse=467us fine=2238us merge=624us sort=4us map=0us TOTAL=3357us
[Stats] checked=237643 refined=6400
[Timing] coarse=379us fine=2141us merge=632us sort=5us map=0us TOTAL=3180us
[Stats] checked=252020 refined=6400
[Timing] coarse=381us fine=2302us merge=701us sort=4us map=0us TOTAL=3410us
[Stats] checked=215756 refined=6400
[Timing] coarse=479us fine=2802us merge=725us sort=5us map=0us TOTAL=4035us
[Stats] checked=227033 refined=6400
[Timing] coarse=452us fine=2314us merge=599us sort=4us map=0us TOTAL=3391us
[Stats] checked=274007 refined=6400
[Timing] coarse=388us fine=2204us merge=636us sort=4us map=0us TOTAL=3254us
[Stats] checked=225903 refined=6400
[Timing] coarse=521us fine=2378us merge=650us sort=5us map=0us TOTAL=3581us
[Stats] checked=219945 refined=6400
[Timing] coarse=791us fine=2207us merge=637us sort=4us map=0us TOTAL=3660us
[Stats] checked=221720 refined=6400
[Timing] coarse=421us fine=2165us merge=654us sort=5us map=0us TOTAL=3266us
[Stats] checked=234011 refined=6400
[Timing] coarse=402us fine=2197us merge=626us sort=5us map=0us TOTAL=3251us
[Stats] checked=249918 refined=6400
[Timing] coarse=351us fine=2279us merge=705us sort=5us map=0us TOTAL=3361us
[Stats] checked=216339 refined=6400
[Timing] coarse=388us fine=2132us merge=607us sort=5us map=0us TOTAL=3155us
[Stats] checked=241772 refined=6400
[Timing] coarse=354us fine=2251us merge=633us sort=5us map=0us TOTAL=3263us
[Stats] checked=228172 refined=6400
[Timing] coarse=387us fine=2287us merge=652us sort=4us map=0us TOTAL=3352us
[Stats] checked=223457 refined=6400
[Timing] coarse=341us fine=2211us merge=657us sort=5us map=0us TOTAL=3234us
[Stats] checked=221375 refined=6400
[Timing] coarse=341us fine=2094us merge=614us sort=4us map=0us TOTAL=3074us
[Stats] checked=229127 refined=6400
[Timing] coarse=371us fine=2197us merge=781us sort=5us map=0us TOTAL=3373us
[Stats] checked=206560 refined=6400
[Timing] coarse=427us fine=2632us merge=625us sort=5us map=0us TOTAL=3712us
[Stats] checked=253059 refined=6400
Processed 200 queries[Timing] coarse=557us fine=2231us merge=705us sort=5us map=0us TOTAL=3522us
[Stats] checked=209025 refined=6400
[Timing] coarse=451us fine=2467us merge=911us sort=21us map=0us TOTAL=3870us
[Stats] checked=222897 refined=6400
[Timing] coarse=491us fine=2303us merge=663us sort=5us map=0us TOTAL=3481us
[Stats] checked=258419 refined=6400
[Timing] coarse=404us fine=2386us merge=612us sort=5us map=0us TOTAL=3426us
[Stats] checked=246097 refined=6400
[Timing] coarse=804us fine=2232us merge=650us sort=4us map=0us TOTAL=3711us
[Stats] checked=238066 refined=6400
[Timing] coarse=428us fine=2191us merge=671us sort=4us map=0us TOTAL=3316us
[Stats] checked=214152 refined=6400
[Timing] coarse=355us fine=2399us merge=717us sort=4us map=0us TOTAL=3496us
[Stats] checked=215624 refined=6400
[Timing] coarse=446us fine=2244us merge=585us sort=5us map=0us TOTAL=3301us
[Stats] checked=261894 refined=6400
[Timing] coarse=366us fine=2095us merge=646us sort=4us map=0us TOTAL=3133us
[Stats] checked=239388 refined=6400
[Timing] coarse=375us fine=2242us merge=646us sort=4us map=0us TOTAL=3287us
[Stats] checked=221389 refined=6400
[Timing] coarse=487us fine=2431us merge=660us sort=5us map=0us TOTAL=3602us
[Stats] checked=244161 refined=6400
[Timing] coarse=422us fine=2292us merge=649us sort=5us map=0us TOTAL=3390us
[Stats] checked=231062 refined=6400
[Timing] coarse=467us fine=2368us merge=631us sort=5us map=0us TOTAL=3492us
[Stats] checked=241079 refined=6400
[Timing] coarse=513us fine=2377us merge=650us sort=5us map=0us TOTAL=3567us
[Stats] checked=221957 refined=6400
[Timing] coarse=445us fine=2462us merge=632us sort=5us map=0us TOTAL=3567us
[Stats] checked=246000 refined=6400
[Timing] coarse=445us fine=2127us merge=629us sort=5us map=0us TOTAL=3228us
[Stats] checked=225237 refined=6400
[Timing] coarse=397us fine=2276us merge=688us sort=5us map=0us TOTAL=3386us
[Stats] checked=236801 refined=6400
[Timing] coarse=422us fine=2058us merge=660us sort=5us map=0us TOTAL=3166us
[Stats] checked=215679 refined=6400
[Timing] coarse=382us fine=2495us merge=643us sort=5us map=0us TOTAL=3555us
[Stats] checked=214414 refined=6400
[Timing] coarse=444us fine=2161us merge=649us sort=5us map=0us TOTAL=3279us
[Stats] checked=230292 refined=6400
[Timing] coarse=393us fine=2299us merge=616us sort=5us map=0us TOTAL=3332us
[Stats] checked=238927 refined=6400
[Timing] coarse=350us fine=2201us merge=663us sort=5us map=0us TOTAL=3240us
[Stats] checked=229276 refined=6400
[Timing] coarse=376us fine=2257us merge=680us sort=5us map=0us TOTAL=3364us
[Stats] checked=216601 refined=6400
[Timing] coarse=410us fine=2202us merge=631us sort=4us map=0us TOTAL=3268us
[Stats] checked=219448 refined=6400
[Timing] coarse=365us fine=2189us merge=650us sort=5us map=0us TOTAL=3227us
[Stats] checked=217580 refined=6400
[Timing] coarse=363us fine=2487us merge=574us sort=5us map=0us TOTAL=3448us
[Stats] checked=234250 refined=6400
[Timing] coarse=372us fine=2541us merge=632us sort=5us map=0us TOTAL=3569us
[Stats] checked=228207 refined=6400
[Timing] coarse=393us fine=2199us merge=601us sort=4us map=0us TOTAL=3216us
[Stats] checked=236840 refined=6400
[Timing] coarse=384us fine=2216us merge=651us sort=4us map=0us TOTAL=3275us
[Stats] checked=208105 refined=6400
[Timing] coarse=381us fine=2078us merge=920us sort=4us map=1us TOTAL=3402us
[Stats] checked=226091 refined=6400
[Timing] coarse=372us fine=2272us merge=613us sort=4us map=0us TOTAL=3279us
[Stats] checked=243084 refined=6400
[Timing] coarse=358us fine=2338us merge=637us sort=5us map=0us TOTAL=3358us
[Stats] checked=229167 refined=6400
[Timing] coarse=378us fine=2170us merge=653us sort=5us map=0us TOTAL=3224us
[Stats] checked=230782 refined=6400
[Timing] coarse=445us fine=2149us merge=1022us sort=4us map=0us TOTAL=3643us
[Stats] checked=231017 refined=6400
[Timing] coarse=479us fine=2288us merge=691us sort=5us map=0us TOTAL=3486us
[Stats] checked=205092 refined=6400
[Timing] coarse=372us fine=2512us merge=624us sort=5us map=0us TOTAL=3533us
[Stats] checked=238080 refined=6400
[Timing] coarse=357us fine=2174us merge=781us sort=5us map=0us TOTAL=3336us
[Stats] checked=214008 refined=6400
[Timing] coarse=354us fine=2375us merge=641us sort=4us map=0us TOTAL=3395us
[Stats] checked=248259 refined=6400
[Timing] coarse=345us fine=2505us merge=658us sort=4us map=0us TOTAL=3533us
[Stats] checked=220505 refined=6400
[Timing] coarse=373us fine=2309us merge=897us sort=5us map=0us TOTAL=3603us
[Stats] checked=224470 refined=6400
[Timing] coarse=456us fine=2232us merge=787us sort=5us map=0us TOTAL=3503us
[Stats] checked=253094 refined=6400
[Timing] coarse=461us fine=2201us merge=646us sort=5us map=0us TOTAL=3336us
[Stats] checked=251986 refined=6400
[Timing] coarse=501us fine=2406us merge=701us sort=4us map=0us TOTAL=3631us
[Stats] checked=220589 refined=6400
[Timing] coarse=548us fine=2284us merge=698us sort=5us map=0us TOTAL=3575us
[Stats] checked=221283 refined=6400
[Timing] coarse=650us fine=2199us merge=629us sort=5us map=0us TOTAL=3517us
[Stats] checked=243390 refined=6400
[Timing] coarse=400us fine=2278us merge=728us sort=4us map=0us TOTAL=3432us
[Stats] checked=265857 refined=6400
[Timing] coarse=426us fine=2554us merge=643us sort=4us map=0us TOTAL=3652us
[Stats] checked=215904 refined=6400
[Timing] coarse=364us fine=2267us merge=714us sort=5us map=0us TOTAL=3370us
[Stats] checked=218162 refined=6400
[Timing] coarse=472us fine=2454us merge=656us sort=5us map=0us TOTAL=3610us
[Stats] checked=229970 refined=6400
[Timing] coarse=568us fine=2353us merge=640us sort=4us map=0us TOTAL=3598us
[Stats] checked=234247 refined=6400
Processed 250 queries[Timing] coarse=388us fine=2632us merge=697us sort=4us map=0us TOTAL=3742us
[Stats] checked=237325 refined=6400
[Timing] coarse=571us fine=2641us merge=735us sort=5us map=0us TOTAL=3985us
[Stats] checked=228060 refined=6400
[Timing] coarse=397us fine=2237us merge=695us sort=4us map=0us TOTAL=3385us
[Stats] checked=232759 refined=6400
[Timing] coarse=407us fine=2452us merge=659us sort=4us map=0us TOTAL=3545us
[Stats] checked=226043 refined=6400
[Timing] coarse=443us fine=2419us merge=647us sort=5us map=0us TOTAL=3541us
[Stats] checked=215611 refined=6400
[Timing] coarse=466us fine=2301us merge=609us sort=4us map=0us TOTAL=3406us
[Stats] checked=240485 refined=6400
[Timing] coarse=468us fine=2353us merge=679us sort=5us map=0us TOTAL=3531us
[Stats] checked=213795 refined=6400
[Timing] coarse=476us fine=2369us merge=619us sort=4us map=0us TOTAL=3494us
[Stats] checked=246524 refined=6400
[Timing] coarse=392us fine=2295us merge=601us sort=5us map=0us TOTAL=3313us
[Stats] checked=247081 refined=6400
[Timing] coarse=444us fine=2110us merge=581us sort=4us map=0us TOTAL=3161us
[Stats] checked=249029 refined=6400
[Timing] coarse=345us fine=2222us merge=649us sort=4us map=0us TOTAL=3241us
[Stats] checked=218422 refined=6400
[Timing] coarse=353us fine=2274us merge=656us sort=5us map=1us TOTAL=3309us
[Stats] checked=224744 refined=6400
[Timing] coarse=349us fine=2063us merge=696us sort=5us map=0us TOTAL=3132us
[Stats] checked=209644 refined=6400
[Timing] coarse=382us fine=2436us merge=667us sort=4us map=0us TOTAL=3509us
[Stats] checked=235807 refined=6400
[Timing] coarse=359us fine=2163us merge=789us sort=5us map=0us TOTAL=3334us
[Stats] checked=234782 refined=6400
[Timing] coarse=349us fine=2232us merge=943us sort=5us map=0us TOTAL=3550us
[Stats] checked=234360 refined=6400
[Timing] coarse=458us fine=2206us merge=717us sort=5us map=0us TOTAL=3408us
[Stats] checked=204006 refined=6400
[Timing] coarse=434us fine=2352us merge=674us sort=5us map=1us TOTAL=3486us
[Stats] checked=237394 refined=6400
[Timing] coarse=439us fine=2506us merge=731us sort=5us map=0us TOTAL=3703us
[Stats] checked=237511 refined=6400
[Timing] coarse=389us fine=2470us merge=977us sort=7us map=1us TOTAL=3877us
[Stats] checked=234384 refined=6400
[Timing] coarse=518us fine=2638us merge=831us sort=8us map=1us TOTAL=4023us
[Stats] checked=211757 refined=6400
[Timing] coarse=580us fine=2507us merge=663us sort=5us map=0us TOTAL=3782us
[Stats] checked=236175 refined=6400
[Timing] coarse=505us fine=2417us merge=738us sort=5us map=1us TOTAL=3687us
[Stats] checked=225992 refined=6400
[Timing] coarse=442us fine=2330us merge=795us sort=5us map=1us TOTAL=3595us
[Stats] checked=221722 refined=6400
[Timing] coarse=436us fine=2378us merge=782us sort=7us map=1us TOTAL=3625us
[Stats] checked=230281 refined=6400
[Timing] coarse=499us fine=2923us merge=1166us sort=5us map=0us TOTAL=4620us
[Stats] checked=254218 refined=6400
[Timing] coarse=504us fine=2641us merge=791us sort=4us map=0us TOTAL=3966us
[Stats] checked=237551 refined=6400
[Timing] coarse=552us fine=2277us merge=678us sort=5us map=1us TOTAL=3540us
[Stats] checked=212985 refined=6400
[Timing] coarse=574us fine=2287us merge=660us sort=5us map=0us TOTAL=3562us
[Stats] checked=260092 refined=6400
[Timing] coarse=484us fine=2486us merge=676us sort=4us map=0us TOTAL=3679us
[Stats] checked=217317 refined=6400
[Timing] coarse=434us fine=2186us merge=672us sort=5us map=1us TOTAL=3323us
[Stats] checked=203116 refined=6400
[Timing] coarse=495us fine=2245us merge=686us sort=4us map=0us TOTAL=3460us
[Stats] checked=224618 refined=6400
[Timing] coarse=484us fine=2170us merge=791us sort=4us map=0us TOTAL=3478us
[Stats] checked=223704 refined=6400
[Timing] coarse=425us fine=2325us merge=712us sort=5us map=0us TOTAL=3492us
[Stats] checked=221640 refined=6400
[Timing] coarse=481us fine=2323us merge=675us sort=5us map=0us TOTAL=3513us
[Stats] checked=245346 refined=6400
[Timing] coarse=472us fine=2221us merge=657us sort=4us map=0us TOTAL=3387us
[Stats] checked=258453 refined=6400
[Timing] coarse=444us fine=2364us merge=713us sort=5us map=0us TOTAL=3548us
[Stats] checked=212079 refined=6400
[Timing] coarse=402us fine=2731us merge=709us sort=5us map=0us TOTAL=3870us
[Stats] checked=207269 refined=6400
[Timing] coarse=492us fine=2222us merge=623us sort=5us map=0us TOTAL=3397us
[Stats] checked=237440 refined=6400
[Timing] coarse=459us fine=2269us merge=711us sort=5us map=0us TOTAL=3466us
[Stats] checked=214807 refined=6400
[Timing] coarse=433us fine=2431us merge=703us sort=5us map=0us TOTAL=3598us
[Stats] checked=233176 refined=6400
[Timing] coarse=552us fine=2365us merge=610us sort=5us map=0us TOTAL=3564us
[Stats] checked=246116 refined=6400
[Timing] coarse=503us fine=2148us merge=640us sort=5us map=0us TOTAL=3323us
[Stats] checked=237115 refined=6400
[Timing] coarse=635us fine=2083us merge=766us sort=5us map=0us TOTAL=3509us
[Stats] checked=229928 refined=6400
[Timing] coarse=507us fine=2588us merge=756us sort=5us map=1us TOTAL=3889us
[Stats] checked=216130 refined=6400
[Timing] coarse=546us fine=2275us merge=774us sort=5us map=1us TOTAL=3633us
[Stats] checked=222029 refined=6400
[Timing] coarse=496us fine=2188us merge=675us sort=5us map=1us TOTAL=3393us
[Stats] checked=220819 refined=6400
[Timing] coarse=534us fine=2462us merge=692us sort=5us map=0us TOTAL=3723us
[Stats] checked=224747 refined=6400
[Timing] coarse=542us fine=2442us merge=1107us sort=5us map=0us TOTAL=4141us
[Stats] checked=213884 refined=6400
[Timing] coarse=427us fine=2186us merge=673us sort=5us map=1us TOTAL=3350us
[Stats] checked=209663 refined=6400
Processed 300 queries[Timing] coarse=451us fine=2246us merge=660us sort=5us map=0us TOTAL=3387us
[Stats] checked=210274 refined=6400
[Timing] coarse=530us fine=2234us merge=642us sort=5us map=0us TOTAL=3437us
[Stats] checked=217071 refined=6400
[Timing] coarse=456us fine=2177us merge=717us sort=5us map=0us TOTAL=3376us
[Stats] checked=221578 refined=6400
[Timing] coarse=613us fine=2382us merge=707us sort=5us map=0us TOTAL=3745us
[Stats] checked=224993 refined=6400
[Timing] coarse=524us fine=2387us merge=749us sort=5us map=1us TOTAL=3692us
[Stats] checked=207304 refined=6400
[Timing] coarse=548us fine=2335us merge=637us sort=5us map=0us TOTAL=3566us
[Stats] checked=215480 refined=6400
[Timing] coarse=348us fine=2195us merge=657us sort=4us map=0us TOTAL=3222us
[Stats] checked=208555 refined=6400
[Timing] coarse=494us fine=2355us merge=703us sort=5us map=0us TOTAL=3587us
[Stats] checked=232537 refined=6400
[Timing] coarse=351us fine=2339us merge=703us sort=5us map=0us TOTAL=3419us
[Stats] checked=224538 refined=6400
[Timing] coarse=479us fine=2251us merge=658us sort=5us map=0us TOTAL=3417us
[Stats] checked=205396 refined=6400
[Timing] coarse=418us fine=2516us merge=670us sort=5us map=0us TOTAL=3629us
[Stats] checked=221274 refined=6400
[Timing] coarse=435us fine=2385us merge=605us sort=5us map=0us TOTAL=3453us
[Stats] checked=232571 refined=6400
[Timing] coarse=482us fine=2177us merge=676us sort=5us map=0us TOTAL=3365us
[Stats] checked=211632 refined=6400
[Timing] coarse=491us fine=2249us merge=735us sort=5us map=1us TOTAL=3507us
[Stats] checked=210489 refined=6400
[Timing] coarse=526us fine=2270us merge=746us sort=5us map=1us TOTAL=3586us
[Stats] checked=238855 refined=6400
[Timing] coarse=413us fine=2281us merge=719us sort=4us map=0us TOTAL=3440us
[Stats] checked=234023 refined=6400
[Timing] coarse=594us fine=2305us merge=659us sort=5us map=0us TOTAL=3600us
[Stats] checked=211172 refined=6400
[Timing] coarse=459us fine=2397us merge=687us sort=5us map=0us TOTAL=3574us
[Stats] checked=230991 refined=6400
[Timing] coarse=479us fine=2101us merge=663us sort=5us map=0us TOTAL=3276us
[Stats] checked=204598 refined=6400
[Timing] coarse=489us fine=2227us merge=617us sort=4us map=0us TOTAL=3365us
[Stats] checked=223913 refined=6400
[Timing] coarse=406us fine=2380us merge=692us sort=5us map=0us TOTAL=3509us
[Stats] checked=225646 refined=6400
[Timing] coarse=451us fine=2226us merge=944us sort=25us map=4us TOTAL=3677us
[Stats] checked=216133 refined=6400
[Timing] coarse=473us fine=2220us merge=669us sort=5us map=1us TOTAL=3415us
[Stats] checked=228297 refined=6400
[Timing] coarse=411us fine=2302us merge=629us sort=4us map=0us TOTAL=3384us
[Stats] checked=256011 refined=6400
[Timing] coarse=374us fine=2382us merge=633us sort=5us map=0us TOTAL=3416us
[Stats] checked=237298 refined=6400
[Timing] coarse=375us fine=2233us merge=746us sort=5us map=0us TOTAL=3381us
[Stats] checked=243582 refined=6400
[Timing] coarse=379us fine=2194us merge=657us sort=5us map=1us TOTAL=3259us
[Stats] checked=233093 refined=6400
[Timing] coarse=421us fine=2130us merge=636us sort=5us map=0us TOTAL=3215us
[Stats] checked=244343 refined=6400
[Timing] coarse=402us fine=2246us merge=692us sort=5us map=0us TOTAL=3367us
[Stats] checked=232448 refined=6400
[Timing] coarse=395us fine=2198us merge=710us sort=5us map=0us TOTAL=3330us
[Stats] checked=240921 refined=6400
[Timing] coarse=348us fine=2542us merge=735us sort=5us map=0us TOTAL=3650us
[Stats] checked=234245 refined=6400
[Timing] coarse=399us fine=2420us merge=640us sort=4us map=0us TOTAL=3486us
[Stats] checked=232070 refined=6400
[Timing] coarse=351us fine=2223us merge=679us sort=5us map=0us TOTAL=3280us
[Stats] checked=234065 refined=6400
[Timing] coarse=475us fine=2465us merge=680us sort=5us map=0us TOTAL=3650us
[Stats] checked=228040 refined=6400
[Timing] coarse=464us fine=2307us merge=646us sort=4us map=0us TOTAL=3445us
[Stats] checked=211532 refined=6400
[Timing] coarse=523us fine=2254us merge=1348us sort=4us map=0us TOTAL=4163us
[Stats] checked=215682 refined=6400
[Timing] coarse=470us fine=2485us merge=658us sort=4us map=0us TOTAL=3643us
[Stats] checked=220109 refined=6400
[Timing] coarse=516us fine=2334us merge=860us sort=5us map=1us TOTAL=3744us
[Stats] checked=214369 refined=6400
[Timing] coarse=559us fine=2333us merge=684us sort=4us map=0us TOTAL=3618us
[Stats] checked=211963 refined=6400
[Timing] coarse=544us fine=2838us merge=983us sort=7us map=1us TOTAL=4404us
[Stats] checked=240709 refined=6400
[Timing] coarse=577us fine=3575us merge=852us sort=5us map=0us TOTAL=5052us
[Stats] checked=233530 refined=6400
[Timing] coarse=625us fine=2775us merge=679us sort=5us map=0us TOTAL=4127us
[Stats] checked=226345 refined=6400
[Timing] coarse=574us fine=2405us merge=715us sort=5us map=0us TOTAL=3785us
[Stats] checked=235540 refined=6400
[Timing] coarse=456us fine=2408us merge=641us sort=4us map=0us TOTAL=3534us
[Stats] checked=242000 refined=6400
[Timing] coarse=486us fine=2376us merge=1140us sort=6us map=1us TOTAL=4037us
[Stats] checked=223446 refined=6400
[Timing] coarse=618us fine=2728us merge=842us sort=6us map=0us TOTAL=4232us
[Stats] checked=218330 refined=6400
[Timing] coarse=504us fine=2426us merge=719us sort=5us map=0us TOTAL=3680us
[Stats] checked=238375 refined=6400
[Timing] coarse=571us fine=2295us merge=647us sort=5us map=1us TOTAL=3554us
[Stats] checked=231463 refined=6400
[Timing] coarse=450us fine=2345us merge=631us sort=4us map=0us TOTAL=3452us
[Stats] checked=271061 refined=6400
[Timing] coarse=420us fine=2351us merge=788us sort=5us map=0us TOTAL=3587us
[Stats] checked=237982 refined=6400
Processed 350 queries[Timing] coarse=607us fine=2516us merge=686us sort=5us map=0us TOTAL=3843us
[Stats] checked=231560 refined=6400
[Timing] coarse=531us fine=2596us merge=911us sort=5us map=0us TOTAL=4073us
[Stats] checked=219829 refined=6400
[Timing] coarse=485us fine=2448us merge=720us sort=5us map=0us TOTAL=3685us
[Stats] checked=228899 refined=6400
[Timing] coarse=531us fine=2441us merge=685us sort=7us map=0us TOTAL=3696us
[Stats] checked=238819 refined=6400
[Timing] coarse=440us fine=2340us merge=622us sort=5us map=1us TOTAL=3453us
[Stats] checked=245271 refined=6400
[Timing] coarse=460us fine=2187us merge=715us sort=39us map=1us TOTAL=3426us
[Stats] checked=220928 refined=6400
[Timing] coarse=513us fine=2662us merge=622us sort=4us map=0us TOTAL=3836us
[Stats] checked=255461 refined=6400
[Timing] coarse=432us fine=2213us merge=637us sort=5us map=0us TOTAL=3312us
[Stats] checked=218280 refined=6400
[Timing] coarse=424us fine=2234us merge=611us sort=5us map=0us TOTAL=3366us
[Stats] checked=238676 refined=6400
[Timing] coarse=346us fine=2140us merge=1000us sort=5us map=1us TOTAL=3510us
[Stats] checked=231257 refined=6400
[Timing] coarse=504us fine=2380us merge=637us sort=5us map=0us TOTAL=3557us
[Stats] checked=232770 refined=6400
[Timing] coarse=418us fine=2153us merge=651us sort=5us map=0us TOTAL=3249us
[Stats] checked=214716 refined=6400
[Timing] coarse=412us fine=2239us merge=654us sort=5us map=0us TOTAL=3333us
[Stats] checked=238983 refined=6400
[Timing] coarse=390us fine=2166us merge=760us sort=5us map=0us TOTAL=3342us
[Stats] checked=222423 refined=6400
[Timing] coarse=404us fine=2130us merge=601us sort=5us map=0us TOTAL=3162us
[Stats] checked=252404 refined=6400
[Timing] coarse=388us fine=2099us merge=648us sort=5us map=0us TOTAL=3162us
[Stats] checked=234360 refined=6400
[Timing] coarse=396us fine=2426us merge=637us sort=5us map=0us TOTAL=3484us
[Stats] checked=222086 refined=6400
[Timing] coarse=389us fine=2326us merge=635us sort=5us map=0us TOTAL=3375us
[Stats] checked=219853 refined=6400
[Timing] coarse=391us fine=2645us merge=970us sort=5us map=0us TOTAL=4032us
[Stats] checked=223148 refined=6400
[Timing] coarse=444us fine=2333us merge=613us sort=4us map=0us TOTAL=3415us
[Stats] checked=237568 refined=6400
[Timing] coarse=375us fine=2272us merge=750us sort=5us map=0us TOTAL=3421us
[Stats] checked=235214 refined=6400
[Timing] coarse=392us fine=2188us merge=681us sort=5us map=0us TOTAL=3287us
[Stats] checked=224926 refined=6400
[Timing] coarse=413us fine=2244us merge=723us sort=5us map=0us TOTAL=3407us
[Stats] checked=232762 refined=6400
[Timing] coarse=479us fine=2278us merge=1005us sort=5us map=0us TOTAL=3790us
[Stats] checked=232406 refined=6400
[Timing] coarse=467us fine=2368us merge=637us sort=5us map=0us TOTAL=3535us
[Stats] checked=242657 refined=6400
[Timing] coarse=478us fine=2554us merge=672us sort=5us map=0us TOTAL=3735us
[Stats] checked=232314 refined=6400
[Timing] coarse=464us fine=2443us merge=664us sort=5us map=0us TOTAL=3601us
[Stats] checked=208581 refined=6400
[Timing] coarse=424us fine=2173us merge=589us sort=4us map=0us TOTAL=3228us
[Stats] checked=239674 refined=6400
[Timing] coarse=421us fine=2163us merge=651us sort=5us map=0us TOTAL=3260us
[Stats] checked=226572 refined=6400
[Timing] coarse=340us fine=2094us merge=686us sort=5us map=0us TOTAL=3145us
[Stats] checked=228613 refined=6400
[Timing] coarse=419us fine=2162us merge=646us sort=4us map=0us TOTAL=3252us
[Stats] checked=235428 refined=6400
[Timing] coarse=425us fine=2346us merge=654us sort=5us map=0us TOTAL=3452us
[Stats] checked=239247 refined=6400
[Timing] coarse=552us fine=2164us merge=664us sort=4us map=0us TOTAL=3424us
[Stats] checked=223104 refined=6400
[Timing] coarse=439us fine=2335us merge=678us sort=4us map=0us TOTAL=3481us
[Stats] checked=235764 refined=6400
[Timing] coarse=388us fine=2085us merge=592us sort=4us map=0us TOTAL=3089us
[Stats] checked=235390 refined=6400
[Timing] coarse=365us fine=2181us merge=652us sort=5us map=1us TOTAL=3223us
[Stats] checked=214949 refined=6400
[Timing] coarse=402us fine=2393us merge=644us sort=4us map=0us TOTAL=3463us
[Stats] checked=245003 refined=6400
[Timing] coarse=395us fine=2098us merge=680us sort=4us map=0us TOTAL=3200us
[Stats] checked=227927 refined=6400
[Timing] coarse=558us fine=2071us merge=659us sort=5us map=0us TOTAL=3321us
[Stats] checked=230186 refined=6400
[Timing] coarse=473us fine=2342us merge=688us sort=5us map=1us TOTAL=3533us
[Stats] checked=229174 refined=6400
[Timing] coarse=432us fine=2048us merge=638us sort=5us map=0us TOTAL=3145us
[Stats] checked=225147 refined=6400
[Timing] coarse=429us fine=2072us merge=652us sort=4us map=0us TOTAL=3178us
[Stats] checked=205721 refined=6400
[Timing] coarse=349us fine=2618us merge=652us sort=5us map=0us TOTAL=3646us
[Stats] checked=229482 refined=6400
[Timing] coarse=475us fine=2238us merge=712us sort=5us map=1us TOTAL=3452us
[Stats] checked=212775 refined=6400
[Timing] coarse=512us fine=2737us merge=656us sort=5us map=0us TOTAL=3935us
[Stats] checked=238156 refined=6400
[Timing] coarse=473us fine=2351us merge=652us sort=4us map=0us TOTAL=3506us
[Stats] checked=264678 refined=6400
[Timing] coarse=573us fine=2198us merge=1112us sort=5us map=0us TOTAL=3914us
[Stats] checked=216677 refined=6400
[Timing] coarse=433us fine=2195us merge=679us sort=4us map=0us TOTAL=3333us
[Stats] checked=215669 refined=6400
[Timing] coarse=402us fine=2151us merge=627us sort=5us map=0us TOTAL=3206us
[Stats] checked=222372 refined=6400
[Timing] coarse=357us fine=2256us merge=643us sort=5us map=0us TOTAL=3283us
[Stats] checked=248648 refined=6400
Processed 400 queries[Timing] coarse=410us fine=2203us merge=641us sort=5us map=0us TOTAL=3280us
[Stats] checked=247774 refined=6400
[Timing] coarse=387us fine=2636us merge=620us sort=5us map=0us TOTAL=3670us
[Stats] checked=237543 refined=6400
[Timing] coarse=390us fine=2174us merge=606us sort=5us map=0us TOTAL=3195us
[Stats] checked=221793 refined=6400
[Timing] coarse=375us fine=2149us merge=774us sort=5us map=0us TOTAL=3323us
[Stats] checked=215674 refined=6400
[Timing] coarse=457us fine=2436us merge=659us sort=5us map=0us TOTAL=3582us
[Stats] checked=217857 refined=6400
[Timing] coarse=480us fine=2623us merge=649us sort=5us map=0us TOTAL=3783us
[Stats] checked=228131 refined=6400
[Timing] coarse=555us fine=2299us merge=635us sort=5us map=0us TOTAL=3518us
[Stats] checked=208320 refined=6400
[Timing] coarse=421us fine=2249us merge=629us sort=5us map=0us TOTAL=3326us
[Stats] checked=223603 refined=6400
[Timing] coarse=371us fine=2074us merge=633us sort=5us map=0us TOTAL=3104us
[Stats] checked=234934 refined=6400
[Timing] coarse=377us fine=2770us merge=650us sort=5us map=0us TOTAL=3824us
[Stats] checked=238987 refined=6400
[Timing] coarse=406us fine=2207us merge=747us sort=4us map=0us TOTAL=3386us
[Stats] checked=217047 refined=6400
[Timing] coarse=371us fine=2375us merge=745us sort=5us map=0us TOTAL=3518us
[Stats] checked=233182 refined=6400
[Timing] coarse=450us fine=2170us merge=682us sort=5us map=0us TOTAL=3329us
[Stats] checked=229528 refined=6400
[Timing] coarse=397us fine=2427us merge=704us sort=4us map=0us TOTAL=3554us
[Stats] checked=246211 refined=6400
[Timing] coarse=397us fine=2220us merge=612us sort=5us map=0us TOTAL=3255us
[Stats] checked=235944 refined=6400
[Timing] coarse=402us fine=2169us merge=642us sort=4us map=0us TOTAL=3237us
[Stats] checked=242810 refined=6400
[Timing] coarse=353us fine=2244us merge=593us sort=5us map=0us TOTAL=3215us
[Stats] checked=216211 refined=6400
[Timing] coarse=365us fine=2176us merge=993us sort=5us map=0us TOTAL=3560us
[Stats] checked=221139 refined=6400
[Timing] coarse=497us fine=2456us merge=751us sort=5us map=0us TOTAL=3736us
[Stats] checked=212664 refined=6400
[Timing] coarse=494us fine=2144us merge=625us sort=4us map=0us TOTAL=3288us
[Stats] checked=232015 refined=6400
[Timing] coarse=378us fine=2228us merge=692us sort=4us map=0us TOTAL=3322us
[Stats] checked=220715 refined=6400
[Timing] coarse=399us fine=2094us merge=619us sort=5us map=0us TOTAL=3138us
[Stats] checked=223695 refined=6400
[Timing] coarse=401us fine=2139us merge=644us sort=5us map=0us TOTAL=3208us
[Stats] checked=225752 refined=6400
[Timing] coarse=475us fine=2246us merge=663us sort=5us map=0us TOTAL=3410us
[Stats] checked=220742 refined=6400
[Timing] coarse=420us fine=2174us merge=785us sort=5us map=0us TOTAL=3406us
[Stats] checked=240922 refined=6400
[Timing] coarse=456us fine=2371us merge=750us sort=5us map=0us TOTAL=3603us
[Stats] checked=231398 refined=6400
[Timing] coarse=451us fine=2398us merge=692us sort=5us map=0us TOTAL=3568us
[Stats] checked=217243 refined=6400
[Timing] coarse=398us fine=2130us merge=634us sort=5us map=0us TOTAL=3187us
[Stats] checked=218790 refined=6400
[Timing] coarse=395us fine=2169us merge=650us sort=5us map=0us TOTAL=3240us
[Stats] checked=225195 refined=6400
[Timing] coarse=388us fine=2262us merge=648us sort=4us map=0us TOTAL=3323us
[Stats] checked=213617 refined=6400
[Timing] coarse=389us fine=2300us merge=663us sort=4us map=0us TOTAL=3376us
[Stats] checked=213612 refined=6400
[Timing] coarse=390us fine=2346us merge=662us sort=4us map=0us TOTAL=3423us
[Stats] checked=240799 refined=6400
[Timing] coarse=376us fine=2124us merge=639us sort=4us map=0us TOTAL=3163us
[Stats] checked=246122 refined=6400
[Timing] coarse=376us fine=2190us merge=617us sort=5us map=0us TOTAL=3206us
[Stats] checked=236283 refined=6400
[Timing] coarse=780us fine=2218us merge=592us sort=5us map=0us TOTAL=3614us
[Stats] checked=221079 refined=6400
[Timing] coarse=381us fine=2311us merge=676us sort=5us map=0us TOTAL=3391us
[Stats] checked=236400 refined=6400
[Timing] coarse=447us fine=2265us merge=645us sort=5us map=0us TOTAL=3381us
[Stats] checked=240732 refined=6400
[Timing] coarse=558us fine=2159us merge=630us sort=5us map=0us TOTAL=3370us
[Stats] checked=237568 refined=6400
[Timing] coarse=488us fine=2204us merge=635us sort=5us map=0us TOTAL=3353us
[Stats] checked=241019 refined=6400
[Timing] coarse=479us fine=2225us merge=618us sort=4us map=0us TOTAL=3354us
[Stats] checked=242570 refined=6400
[Timing] coarse=486us fine=2099us merge=666us sort=4us map=1us TOTAL=3282us
[Stats] checked=225599 refined=6400
[Timing] coarse=482us fine=2537us merge=672us sort=5us map=0us TOTAL=3719us
[Stats] checked=206100 refined=6400
[Timing] coarse=429us fine=2240us merge=711us sort=5us map=0us TOTAL=3410us
[Stats] checked=208940 refined=6400
[Timing] coarse=513us fine=2757us merge=651us sort=4us map=0us TOTAL=3974us
[Stats] checked=243681 refined=6400
[Timing] coarse=460us fine=2195us merge=873us sort=4us map=1us TOTAL=3556us
[Stats] checked=231939 refined=6400
[Timing] coarse=400us fine=2219us merge=646us sort=5us map=0us TOTAL=3290us
[Stats] checked=228472 refined=6400
[Timing] coarse=419us fine=2359us merge=727us sort=5us map=0us TOTAL=3530us
[Stats] checked=213359 refined=6400
[Timing] coarse=393us fine=2233us merge=660us sort=4us map=0us TOTAL=3310us
[Stats] checked=236926 refined=6400
[Timing] coarse=393us fine=2151us merge=613us sort=4us map=0us TOTAL=3180us
[Stats] checked=245960 refined=6400
[Timing] coarse=518us fine=2184us merge=722us sort=5us map=0us TOTAL=3460us
[Stats] checked=203930 refined=6400
Processed 450 queries[Timing] coarse=514us fine=2304us merge=717us sort=4us map=0us TOTAL=3566us
[Stats] checked=216731 refined=6400
[Timing] coarse=463us fine=2208us merge=598us sort=4us map=0us TOTAL=3299us
[Stats] checked=255166 refined=6400
[Timing] coarse=468us fine=2117us merge=649us sort=5us map=0us TOTAL=3263us
[Stats] checked=219024 refined=6400
[Timing] coarse=353us fine=2129us merge=662us sort=4us map=0us TOTAL=3168us
[Stats] checked=208857 refined=6400
[Timing] coarse=424us fine=2560us merge=648us sort=5us map=0us TOTAL=3660us
[Stats] checked=242673 refined=6400
[Timing] coarse=484us fine=2172us merge=642us sort=4us map=0us TOTAL=3328us
[Stats] checked=215799 refined=6400
[Timing] coarse=379us fine=2175us merge=602us sort=5us map=0us TOTAL=3180us
[Stats] checked=236164 refined=6400
[Timing] coarse=342us fine=2221us merge=651us sort=5us map=0us TOTAL=3239us
[Stats] checked=242928 refined=6400
[Timing] coarse=343us fine=2140us merge=850us sort=4us map=0us TOTAL=3357us
[Stats] checked=256930 refined=6400
[Timing] coarse=401us fine=2180us merge=632us sort=4us map=0us TOTAL=3238us
[Stats] checked=237220 refined=6400
[Timing] coarse=392us fine=2169us merge=618us sort=4us map=0us TOTAL=3203us
[Stats] checked=252227 refined=6400
[Timing] coarse=335us fine=2200us merge=1143us sort=5us map=1us TOTAL=3703us
[Stats] checked=227994 refined=6400
[Timing] coarse=369us fine=2183us merge=680us sort=5us map=0us TOTAL=3256us
[Stats] checked=228458 refined=6400
[Timing] coarse=392us fine=2283us merge=940us sort=5us map=0us TOTAL=3640us
[Stats] checked=234725 refined=6400
[Timing] coarse=478us fine=2205us merge=664us sort=5us map=0us TOTAL=3373us
[Stats] checked=246874 refined=6400
[Timing] coarse=416us fine=2169us merge=847us sort=9us map=3us TOTAL=3465us
[Stats] checked=237436 refined=6400
[Timing] coarse=447us fine=2136us merge=615us sort=5us map=0us TOTAL=3227us
[Stats] checked=248334 refined=6400
[Timing] coarse=385us fine=2398us merge=658us sort=4us map=0us TOTAL=3467us
[Stats] checked=250862 refined=6400
[Timing] coarse=420us fine=2431us merge=590us sort=4us map=0us TOTAL=3469us
[Stats] checked=234500 refined=6400
[Timing] coarse=383us fine=2182us merge=717us sort=4us map=0us TOTAL=3309us
[Stats] checked=212537 refined=6400
[Timing] coarse=363us fine=2183us merge=623us sort=5us map=0us TOTAL=3193us
[Stats] checked=227552 refined=6400
[Timing] coarse=424us fine=2108us merge=702us sort=5us map=0us TOTAL=3257us
[Stats] checked=219720 refined=6400
[Timing] coarse=368us fine=2148us merge=646us sort=5us map=1us TOTAL=3188us
[Stats] checked=245562 refined=6400
[Timing] coarse=374us fine=2184us merge=645us sort=5us map=0us TOTAL=3228us
[Stats] checked=223053 refined=6400
[Timing] coarse=357us fine=2248us merge=675us sort=5us map=0us TOTAL=3304us
[Stats] checked=231554 refined=6400
[Timing] coarse=374us fine=2161us merge=644us sort=4us map=0us TOTAL=3203us
[Stats] checked=219465 refined=6400
[Timing] coarse=340us fine=2362us merge=670us sort=4us map=0us TOTAL=3395us
[Stats] checked=249633 refined=6400
[Timing] coarse=421us fine=2300us merge=811us sort=5us map=1us TOTAL=3558us
[Stats] checked=206995 refined=6400
[Timing] coarse=382us fine=2441us merge=625us sort=4us map=0us TOTAL=3472us
[Stats] checked=233323 refined=6400
[Timing] coarse=400us fine=2192us merge=625us sort=5us map=0us TOTAL=3244us
[Stats] checked=206923 refined=6400
[Timing] coarse=353us fine=2450us merge=659us sort=5us map=0us TOTAL=3487us
[Stats] checked=227736 refined=6400
[Timing] coarse=370us fine=2262us merge=738us sort=4us map=0us TOTAL=3395us
[Stats] checked=245002 refined=6400
[Timing] coarse=350us fine=2288us merge=701us sort=5us map=0us TOTAL=3365us
[Stats] checked=236832 refined=6400
[Timing] coarse=390us fine=2342us merge=648us sort=5us map=0us TOTAL=3405us
[Stats] checked=212099 refined=6400
[Timing] coarse=362us fine=2156us merge=647us sort=5us map=0us TOTAL=3190us
[Stats] checked=235746 refined=6400
[Timing] coarse=333us fine=2266us merge=709us sort=5us map=0us TOTAL=3333us
[Stats] checked=241103 refined=6400
[Timing] coarse=520us fine=2137us merge=750us sort=5us map=0us TOTAL=3433us
[Stats] checked=227213 refined=6400
[Timing] coarse=389us fine=2188us merge=664us sort=5us map=0us TOTAL=3267us
[Stats] checked=204882 refined=6400
[Timing] coarse=376us fine=2196us merge=604us sort=4us map=0us TOTAL=3199us
[Stats] checked=228798 refined=6400
[Timing] coarse=329us fine=2331us merge=647us sort=5us map=0us TOTAL=3330us
[Stats] checked=236503 refined=6400
[Timing] coarse=550us fine=2265us merge=757us sort=4us map=0us TOTAL=3618us
[Stats] checked=226987 refined=6400
[Timing] coarse=454us fine=2222us merge=709us sort=4us map=1us TOTAL=3413us
[Stats] checked=222178 refined=6400
[Timing] coarse=388us fine=2352us merge=638us sort=4us map=0us TOTAL=3403us
[Stats] checked=261001 refined=6400
[Timing] coarse=432us fine=2247us merge=701us sort=5us map=0us TOTAL=3406us
[Stats] checked=205701 refined=6400
[Timing] coarse=473us fine=2490us merge=1417us sort=9us map=1us TOTAL=4421us
[Stats] checked=234415 refined=6400
[Timing] coarse=523us fine=2265us merge=670us sort=4us map=0us TOTAL=3492us
[Stats] checked=213477 refined=6400
[Timing] coarse=489us fine=2091us merge=684us sort=5us map=0us TOTAL=3293us
[Stats] checked=214205 refined=6400
[Timing] coarse=445us fine=2452us merge=671us sort=5us map=0us TOTAL=3597us
[Stats] checked=235186 refined=6400
[Timing] coarse=350us fine=2292us merge=723us sort=4us map=1us TOTAL=3387us
[Stats] checked=249521 refined=6400
[Timing] coarse=508us fine=2429us merge=663us sort=4us map=0us TOTAL=3647us
[Stats] checked=246026 refined=6400
Processed 500 queries[Timing] coarse=470us fine=2240us merge=604us sort=5us map=0us TOTAL=3346us
[Stats] checked=256761 refined=6400
[Timing] coarse=420us fine=2437us merge=611us sort=4us map=0us TOTAL=3496us
[Stats] checked=234881 refined=6400
[Timing] coarse=407us fine=2291us merge=639us sort=5us map=0us TOTAL=3364us
[Stats] checked=228080 refined=6400
[Timing] coarse=464us fine=2158us merge=630us sort=5us map=0us TOTAL=3291us
[Stats] checked=220367 refined=6400
[Timing] coarse=370us fine=2115us merge=610us sort=5us map=0us TOTAL=3119us
[Stats] checked=220216 refined=6400
[Timing] coarse=422us fine=2895us merge=704us sort=5us map=0us TOTAL=4045us
[Stats] checked=241542 refined=6400
[Timing] coarse=454us fine=2781us merge=768us sort=5us map=0us TOTAL=4036us
[Stats] checked=234005 refined=6400
[Timing] coarse=427us fine=2526us merge=644us sort=5us map=0us TOTAL=3625us
[Stats] checked=247741 refined=6400
[Timing] coarse=477us fine=2451us merge=717us sort=5us map=0us TOTAL=3673us
[Stats] checked=211720 refined=6400
[Timing] coarse=400us fine=2418us merge=636us sort=5us map=0us TOTAL=3479us
[Stats] checked=234306 refined=6400
[Timing] coarse=420us fine=2201us merge=644us sort=5us map=0us TOTAL=3291us
[Stats] checked=234682 refined=6400
[Timing] coarse=348us fine=2133us merge=706us sort=4us map=1us TOTAL=3211us
[Stats] checked=214918 refined=6400
[Timing] coarse=517us fine=2531us merge=726us sort=4us map=0us TOTAL=3804us
[Stats] checked=222317 refined=6400
[Timing] coarse=431us fine=2310us merge=748us sort=4us map=0us TOTAL=3519us
[Stats] checked=227879 refined=6400
[Timing] coarse=575us fine=2725us merge=715us sort=5us map=0us TOTAL=4058us
[Stats] checked=257282 refined=6400
[Timing] coarse=594us fine=2381us merge=680us sort=5us map=1us TOTAL=3705us
[Stats] checked=217534 refined=6400
[Timing] coarse=470us fine=2436us merge=656us sort=5us map=0us TOTAL=3590us
[Stats] checked=242703 refined=6400
[Timing] coarse=591us fine=2686us merge=928us sort=8us map=1us TOTAL=4252us
[Stats] checked=214807 refined=6400
[Timing] coarse=658us fine=2652us merge=697us sort=5us map=1us TOTAL=4051us
[Stats] checked=249305 refined=6400
[Timing] coarse=543us fine=2313us merge=715us sort=5us map=0us TOTAL=3608us
[Stats] checked=220854 refined=6400
[Timing] coarse=847us fine=2181us merge=710us sort=5us map=0us TOTAL=3766us
[Stats] checked=205258 refined=6400
[Timing] coarse=513us fine=2299us merge=749us sort=5us map=0us TOTAL=3597us
[Stats] checked=254060 refined=6400
[Timing] coarse=531us fine=2145us merge=810us sort=6us map=0us TOTAL=3517us
[Stats] checked=198094 refined=6400
[Timing] coarse=530us fine=2354us merge=997us sort=5us map=0us TOTAL=3913us
[Stats] checked=217375 refined=6400
[Timing] coarse=432us fine=2253us merge=713us sort=5us map=0us TOTAL=3429us
[Stats] checked=216492 refined=6400
[Timing] coarse=436us fine=2228us merge=706us sort=5us map=1us TOTAL=3400us
[Stats] checked=208187 refined=6400
[Timing] coarse=424us fine=2135us merge=652us sort=5us map=0us TOTAL=3241us
[Stats] checked=220750 refined=6400
[Timing] coarse=492us fine=2119us merge=999us sort=4us map=0us TOTAL=3642us
[Stats] checked=223852 refined=6400
[Timing] coarse=501us fine=2239us merge=663us sort=4us map=0us TOTAL=3445us
[Stats] checked=223049 refined=6400
[Timing] coarse=520us fine=2555us merge=785us sort=5us map=0us TOTAL=3895us
[Stats] checked=218436 refined=6400
[Timing] coarse=519us fine=2606us merge=675us sort=4us map=1us TOTAL=3841us
[Stats] checked=229958 refined=6400
[Timing] coarse=539us fine=2269us merge=645us sort=5us map=0us TOTAL=3486us
[Stats] checked=249993 refined=6400
[Timing] coarse=426us fine=2254us merge=697us sort=5us map=0us TOTAL=3403us
[Stats] checked=215675 refined=6400
[Timing] coarse=434us fine=2680us merge=697us sort=7us map=1us TOTAL=3845us
[Stats] checked=241729 refined=6400
[Timing] coarse=582us fine=2248us merge=859us sort=4us map=0us TOTAL=3731us
[Stats] checked=260205 refined=6400
[Timing] coarse=438us fine=2259us merge=747us sort=5us map=0us TOTAL=3476us
[Stats] checked=214197 refined=6400
[Timing] coarse=573us fine=2264us merge=711us sort=4us map=0us TOTAL=3585us
[Stats] checked=218232 refined=6400
[Timing] coarse=523us fine=2173us merge=596us sort=4us map=0us TOTAL=3332us
[Stats] checked=246515 refined=6400
[Timing] coarse=501us fine=2409us merge=812us sort=4us map=1us TOTAL=3752us
[Stats] checked=195694 refined=6400
[Timing] coarse=527us fine=2161us merge=652us sort=4us map=0us TOTAL=3372us
[Stats] checked=240416 refined=6400
[Timing] coarse=409us fine=2225us merge=960us sort=5us map=1us TOTAL=3619us
[Stats] checked=231293 refined=6400
[Timing] coarse=431us fine=2331us merge=685us sort=5us map=0us TOTAL=3476us
[Stats] checked=235887 refined=6400
[Timing] coarse=428us fine=2263us merge=733us sort=5us map=0us TOTAL=3469us
[Stats] checked=227241 refined=6400
[Timing] coarse=436us fine=2508us merge=630us sort=5us map=0us TOTAL=3602us
[Stats] checked=236932 refined=6400
[Timing] coarse=448us fine=2339us merge=676us sort=4us map=0us TOTAL=3493us
[Stats] checked=218296 refined=6400
[Timing] coarse=417us fine=2394us merge=707us sort=5us map=0us TOTAL=3545us
[Stats] checked=222696 refined=6400
[Timing] coarse=542us fine=2490us merge=764us sort=5us map=0us TOTAL=3839us
[Stats] checked=250035 refined=6400
[Timing] coarse=492us fine=2660us merge=650us sort=5us map=0us TOTAL=3839us
[Stats] checked=258513 refined=6400
[Timing] coarse=482us fine=2271us merge=654us sort=5us map=0us TOTAL=3438us
[Stats] checked=231631 refined=6400
[Timing] coarse=456us fine=2507us merge=670us sort=5us map=0us TOTAL=3662us
[Stats] checked=220337 refined=6400
Processed 550 queries[Timing] coarse=343us fine=2590us merge=627us sort=4us map=0us TOTAL=3585us
[Stats] checked=255156 refined=6400
[Timing] coarse=422us fine=2185us merge=654us sort=4us map=0us TOTAL=3288us
[Stats] checked=224434 refined=6400
[Timing] coarse=451us fine=2274us merge=733us sort=4us map=0us TOTAL=3484us
[Stats] checked=215880 refined=6400
[Timing] coarse=480us fine=2171us merge=684us sort=5us map=0us TOTAL=3362us
[Stats] checked=217294 refined=6400
[Timing] coarse=439us fine=2641us merge=691us sort=5us map=0us TOTAL=3799us
[Stats] checked=239515 refined=6400
[Timing] coarse=452us fine=2538us merge=593us sort=4us map=1us TOTAL=3611us
[Stats] checked=262109 refined=6400
[Timing] coarse=464us fine=2216us merge=680us sort=4us map=0us TOTAL=3385us
[Stats] checked=220514 refined=6400
[Timing] coarse=400us fine=2325us merge=633us sort=5us map=0us TOTAL=3384us
[Stats] checked=212037 refined=6400
[Timing] coarse=375us fine=2178us merge=652us sort=5us map=0us TOTAL=3232us
[Stats] checked=217819 refined=6400
[Timing] coarse=395us fine=2109us merge=709us sort=5us map=1us TOTAL=3240us
[Stats] checked=209737 refined=6400
[Timing] coarse=420us fine=2088us merge=668us sort=5us map=0us TOTAL=3202us
[Stats] checked=216787 refined=6400
[Timing] coarse=538us fine=2234us merge=664us sort=5us map=1us TOTAL=3468us
[Stats] checked=221479 refined=6400
[Timing] coarse=530us fine=2291us merge=668us sort=5us map=0us TOTAL=3515us
[Stats] checked=231428 refined=6400
[Timing] coarse=394us fine=2280us merge=687us sort=5us map=0us TOTAL=3388us
[Stats] checked=248141 refined=6400
[Timing] coarse=369us fine=2550us merge=847us sort=5us map=0us TOTAL=3792us
[Stats] checked=224986 refined=6400
[Timing] coarse=429us fine=2314us merge=783us sort=5us map=0us TOTAL=3552us
[Stats] checked=236282 refined=6400
[Timing] coarse=459us fine=2449us merge=653us sort=5us map=0us TOTAL=3587us
[Stats] checked=225724 refined=6400
[Timing] coarse=412us fine=2297us merge=631us sort=5us map=0us TOTAL=3368us
[Stats] checked=267684 refined=6400
[Timing] coarse=453us fine=2244us merge=674us sort=5us map=1us TOTAL=3398us
[Stats] checked=208073 refined=6400
[Timing] coarse=397us fine=2540us merge=712us sort=5us map=0us TOTAL=3675us
[Stats] checked=229884 refined=6400
[Timing] coarse=434us fine=2640us merge=690us sort=5us map=0us TOTAL=3790us
[Stats] checked=231493 refined=6400
[Timing] coarse=393us fine=2315us merge=693us sort=5us map=0us TOTAL=3426us
[Stats] checked=241563 refined=6400
[Timing] coarse=447us fine=2508us merge=689us sort=5us map=0us TOTAL=3674us
[Stats] checked=240044 refined=6400
[Timing] coarse=555us fine=2274us merge=720us sort=5us map=1us TOTAL=3591us
[Stats] checked=227749 refined=6400
[Timing] coarse=602us fine=4002us merge=805us sort=5us map=1us TOTAL=5469us
[Stats] checked=223804 refined=6400
[Timing] coarse=582us fine=3006us merge=905us sort=5us map=0us TOTAL=4532us
[Stats] checked=222138 refined=6400
[Timing] coarse=537us fine=2603us merge=872us sort=5us map=0us TOTAL=4054us
[Stats] checked=244339 refined=6400
[Timing] coarse=601us fine=2823us merge=851us sort=5us map=1us TOTAL=4311us
[Stats] checked=244807 refined=6400
[Timing] coarse=855us fine=3465us merge=1529us sort=9us map=1us TOTAL=5903us
[Stats] checked=245672 refined=6400
[Timing] coarse=647us fine=3116us merge=861us sort=5us map=0us TOTAL=4669us
[Stats] checked=226020 refined=6400
[Timing] coarse=652us fine=2465us merge=695us sort=5us map=0us TOTAL=3849us
[Stats] checked=233708 refined=6400
[Timing] coarse=620us fine=2632us merge=697us sort=5us map=0us TOTAL=3996us
[Stats] checked=228854 refined=6400
[Timing] coarse=555us fine=2348us merge=741us sort=5us map=0us TOTAL=3681us
[Stats] checked=210034 refined=6400
[Timing] coarse=452us fine=2227us merge=647us sort=5us map=0us TOTAL=3357us
[Stats] checked=214045 refined=6400
[Timing] coarse=411us fine=2206us merge=746us sort=4us map=0us TOTAL=3390us
[Stats] checked=235038 refined=6400
[Timing] coarse=483us fine=3150us merge=779us sort=5us map=0us TOTAL=4447us
[Stats] checked=246076 refined=6400
[Timing] coarse=697us fine=2489us merge=633us sort=4us map=0us TOTAL=3858us
[Stats] checked=243236 refined=6400
[Timing] coarse=412us fine=2199us merge=601us sort=5us map=0us TOTAL=3239us
[Stats] checked=256212 refined=6400
[Timing] coarse=390us fine=2416us merge=639us sort=5us map=0us TOTAL=3473us
[Stats] checked=235264 refined=6400
[Timing] coarse=584us fine=2229us merge=669us sort=5us map=0us TOTAL=3519us
[Stats] checked=244428 refined=6400
[Timing] coarse=487us fine=2120us merge=722us sort=5us map=0us TOTAL=3358us
[Stats] checked=230401 refined=6400
[Timing] coarse=453us fine=2308us merge=704us sort=5us map=0us TOTAL=3498us
[Stats] checked=248878 refined=6400
[Timing] coarse=441us fine=2258us merge=625us sort=5us map=0us TOTAL=3354us
[Stats] checked=226630 refined=6400
[Timing] coarse=423us fine=2142us merge=633us sort=5us map=1us TOTAL=3231us
[Stats] checked=228677 refined=6400
[Timing] coarse=454us fine=2147us merge=611us sort=4us map=0us TOTAL=3243us
[Stats] checked=255452 refined=6400
[Timing] coarse=407us fine=2340us merge=632us sort=4us map=0us TOTAL=3406us
[Stats] checked=225869 refined=6400
[Timing] coarse=415us fine=2176us merge=581us sort=5us map=0us TOTAL=3205us
[Stats] checked=242889 refined=6400
[Timing] coarse=388us fine=2067us merge=643us sort=5us map=0us TOTAL=3126us
[Stats] checked=217736 refined=6400
[Timing] coarse=481us fine=2087us merge=642us sort=5us map=0us TOTAL=3244us
[Stats] checked=222052 refined=6400
[Timing] coarse=401us fine=2214us merge=653us sort=4us map=0us TOTAL=3294us
[Stats] checked=223394 refined=6400
Processed 600 queries[Timing] coarse=382us fine=2258us merge=667us sort=5us map=0us TOTAL=3332us
[Stats] checked=216046 refined=6400
[Timing] coarse=439us fine=2120us merge=661us sort=5us map=0us TOTAL=3248us
[Stats] checked=223430 refined=6400
[Timing] coarse=430us fine=2393us merge=625us sort=5us map=0us TOTAL=3474us
[Stats] checked=251201 refined=6400
[Timing] coarse=360us fine=2325us merge=725us sort=4us map=0us TOTAL=3435us
[Stats] checked=224779 refined=6400
[Timing] coarse=498us fine=2189us merge=645us sort=5us map=0us TOTAL=3360us
[Stats] checked=224637 refined=6400
[Timing] coarse=563us fine=2201us merge=613us sort=5us map=1us TOTAL=3407us
[Stats] checked=236868 refined=6400
[Timing] coarse=525us fine=2590us merge=624us sort=5us map=0us TOTAL=3766us
[Stats] checked=231955 refined=6400
[Timing] coarse=404us fine=2393us merge=617us sort=4us map=0us TOTAL=3441us
[Stats] checked=245008 refined=6400
[Timing] coarse=411us fine=2151us merge=597us sort=5us map=0us TOTAL=3184us
[Stats] checked=252772 refined=6400
[Timing] coarse=409us fine=2148us merge=644us sort=5us map=0us TOTAL=3227us
[Stats] checked=211582 refined=6400
[Timing] coarse=363us fine=2958us merge=657us sort=5us map=0us TOTAL=4005us
[Stats] checked=242852 refined=6400
[Timing] coarse=374us fine=2313us merge=678us sort=4us map=0us TOTAL=3391us
[Stats] checked=231806 refined=6400
[Timing] coarse=366us fine=2141us merge=643us sort=5us map=0us TOTAL=3176us
[Stats] checked=227509 refined=6400
[Timing] coarse=357us fine=2132us merge=639us sort=4us map=0us TOTAL=3152us
[Stats] checked=224989 refined=6400
[Timing] coarse=366us fine=2540us merge=626us sort=6us map=0us TOTAL=3557us
[Stats] checked=260646 refined=6400
[Timing] coarse=361us fine=2264us merge=660us sort=5us map=1us TOTAL=3314us
[Stats] checked=207733 refined=6400
[Timing] coarse=343us fine=2799us merge=649us sort=4us map=0us TOTAL=3817us
[Stats] checked=217663 refined=6400
[Timing] coarse=449us fine=2278us merge=650us sort=5us map=0us TOTAL=3406us
[Stats] checked=219081 refined=6400
[Timing] coarse=430us fine=2238us merge=629us sort=5us map=0us TOTAL=3323us
[Stats] checked=232567 refined=6400
[Timing] coarse=540us fine=2210us merge=740us sort=5us map=0us TOTAL=3516us
[Stats] checked=220133 refined=6400
[Timing] coarse=423us fine=2398us merge=641us sort=4us map=0us TOTAL=3495us
[Stats] checked=240715 refined=6400
[Timing] coarse=420us fine=2114us merge=698us sort=4us map=0us TOTAL=3258us
[Stats] checked=210579 refined=6400
[Timing] coarse=375us fine=3045us merge=950us sort=5us map=0us TOTAL=4395us
[Stats] checked=226397 refined=6400
[Timing] coarse=494us fine=2463us merge=659us sort=5us map=0us TOTAL=3649us
[Stats] checked=224070 refined=6400
[Timing] coarse=559us fine=2266us merge=612us sort=4us map=0us TOTAL=3473us
[Stats] checked=233884 refined=6400
[Timing] coarse=464us fine=2273us merge=692us sort=5us map=0us TOTAL=3459us
[Stats] checked=211629 refined=6400
[Timing] coarse=427us fine=2420us merge=611us sort=5us map=0us TOTAL=3488us
[Stats] checked=225617 refined=6400
[Timing] coarse=401us fine=2191us merge=719us sort=5us map=0us TOTAL=3339us
[Stats] checked=225303 refined=6400
[Timing] coarse=467us fine=2163us merge=686us sort=4us map=0us TOTAL=3347us
[Stats] checked=198906 refined=6400
[Timing] coarse=504us fine=2266us merge=638us sort=5us map=0us TOTAL=3441us
[Stats] checked=223107 refined=6400
[Timing] coarse=321us fine=2759us merge=655us sort=5us map=0us TOTAL=3760us
[Stats] checked=236376 refined=6400
[Timing] coarse=386us fine=2235us merge=606us sort=4us map=0us TOTAL=3254us
[Stats] checked=233478 refined=6400
[Timing] coarse=405us fine=2274us merge=663us sort=5us map=0us TOTAL=3370us
[Stats] checked=238345 refined=6400
[Timing] coarse=434us fine=2245us merge=742us sort=5us map=0us TOTAL=3446us
[Stats] checked=223762 refined=6400
[Timing] coarse=441us fine=2358us merge=969us sort=13us map=0us TOTAL=3802us
[Stats] checked=245855 refined=6400
[Timing] coarse=478us fine=2145us merge=627us sort=4us map=0us TOTAL=3275us
[Stats] checked=219332 refined=6400
[Timing] coarse=403us fine=2187us merge=631us sort=5us map=0us TOTAL=3246us
[Stats] checked=239582 refined=6400
[Timing] coarse=556us fine=2165us merge=646us sort=5us map=0us TOTAL=3394us
[Stats] checked=214242 refined=6400
[Timing] coarse=514us fine=2251us merge=685us sort=5us map=0us TOTAL=3488us
[Stats] checked=237257 refined=6400
[Timing] coarse=330us fine=2071us merge=727us sort=5us map=0us TOTAL=3153us
[Stats] checked=220261 refined=6400
[Timing] coarse=549us fine=2341us merge=659us sort=5us map=1us TOTAL=3590us
[Stats] checked=215986 refined=6400
[Timing] coarse=536us fine=2424us merge=724us sort=5us map=0us TOTAL=3722us
[Stats] checked=218461 refined=6400
[Timing] coarse=437us fine=2232us merge=673us sort=5us map=0us TOTAL=3370us
[Stats] checked=234652 refined=6400
[Timing] coarse=426us fine=2173us merge=656us sort=5us map=1us TOTAL=3283us
[Stats] checked=232302 refined=6400
[Timing] coarse=361us fine=2186us merge=622us sort=4us map=0us TOTAL=3196us
[Stats] checked=251329 refined=6400
[Timing] coarse=385us fine=2281us merge=652us sort=5us map=0us TOTAL=3343us
[Stats] checked=220708 refined=6400
[Timing] coarse=336us fine=2170us merge=668us sort=4us map=0us TOTAL=3198us
[Stats] checked=234904 refined=6400
[Timing] coarse=395us fine=2115us merge=707us sort=5us map=1us TOTAL=3245us
[Stats] checked=218513 refined=6400
[Timing] coarse=370us fine=2050us merge=754us sort=5us map=0us TOTAL=3201us
[Stats] checked=221685 refined=6400
[Timing] coarse=533us fine=2366us merge=667us sort=4us map=0us TOTAL=3603us
[Stats] checked=260977 refined=6400
Processed 650 queries[Timing] coarse=437us fine=2307us merge=639us sort=4us map=0us TOTAL=3410us
[Stats] checked=256309 refined=6400
[Timing] coarse=505us fine=2205us merge=711us sort=5us map=0us TOTAL=3454us
[Stats] checked=216296 refined=6400
[Timing] coarse=398us fine=2328us merge=672us sort=5us map=0us TOTAL=3428us
[Stats] checked=226616 refined=6400
[Timing] coarse=438us fine=2427us merge=649us sort=5us map=0us TOTAL=3543us
[Stats] checked=229957 refined=6400
[Timing] coarse=389us fine=2299us merge=634us sort=4us map=0us TOTAL=3350us
[Stats] checked=241496 refined=6400
[Timing] coarse=432us fine=2245us merge=708us sort=5us map=0us TOTAL=3414us
[Stats] checked=215225 refined=6400
[Timing] coarse=403us fine=2549us merge=593us sort=5us map=0us TOTAL=3575us
[Stats] checked=223804 refined=6400
[Timing] coarse=439us fine=2192us merge=614us sort=5us map=0us TOTAL=3270us
[Stats] checked=239066 refined=6400
[Timing] coarse=365us fine=2270us merge=752us sort=5us map=0us TOTAL=3414us
[Stats] checked=227079 refined=6400
[Timing] coarse=498us fine=2828us merge=671us sort=5us map=0us TOTAL=4025us
[Stats] checked=227310 refined=6400
[Timing] coarse=515us fine=2187us merge=657us sort=4us map=0us TOTAL=3386us
[Stats] checked=209249 refined=6400
[Timing] coarse=439us fine=2147us merge=641us sort=4us map=0us TOTAL=3253us
[Stats] checked=212482 refined=6400
[Timing] coarse=394us fine=2172us merge=659us sort=5us map=0us TOTAL=3250us
[Stats] checked=223829 refined=6400
[Timing] coarse=344us fine=2499us merge=642us sort=4us map=0us TOTAL=3530us
[Stats] checked=240734 refined=6400
[Timing] coarse=362us fine=2252us merge=641us sort=5us map=0us TOTAL=3280us
[Stats] checked=208652 refined=6400
[Timing] coarse=413us fine=2386us merge=662us sort=4us map=0us TOTAL=3487us
[Stats] checked=230928 refined=6400
[Timing] coarse=345us fine=2154us merge=638us sort=4us map=0us TOTAL=3163us
[Stats] checked=237233 refined=6400
[Timing] coarse=327us fine=2143us merge=624us sort=5us map=0us TOTAL=3119us
[Stats] checked=221890 refined=6400
[Timing] coarse=374us fine=2252us merge=750us sort=5us map=0us TOTAL=3402us
[Stats] checked=225704 refined=6400
[Timing] coarse=437us fine=2822us merge=638us sort=5us map=0us TOTAL=3925us
[Stats] checked=241720 refined=6400
[Timing] coarse=435us fine=2302us merge=689us sort=4us map=0us TOTAL=3452us
[Stats] checked=204519 refined=6400
[Timing] coarse=425us fine=2291us merge=579us sort=4us map=0us TOTAL=3322us
[Stats] checked=250522 refined=6400
[Timing] coarse=385us fine=2786us merge=696us sort=5us map=0us TOTAL=3921us
[Stats] checked=248526 refined=6400
[Timing] coarse=556us fine=2263us merge=674us sort=4us map=0us TOTAL=3519us
[Stats] checked=209576 refined=6400
[Timing] coarse=411us fine=2174us merge=665us sort=5us map=0us TOTAL=3274us
[Stats] checked=218439 refined=6400
[Timing] coarse=742us fine=2252us merge=670us sort=5us map=0us TOTAL=3690us
[Stats] checked=223146 refined=6400
[Timing] coarse=444us fine=2326us merge=668us sort=5us map=0us TOTAL=3461us
[Stats] checked=239056 refined=6400
[Timing] coarse=447us fine=2198us merge=665us sort=5us map=0us TOTAL=3336us
[Stats] checked=226151 refined=6400
[Timing] coarse=448us fine=2255us merge=677us sort=4us map=0us TOTAL=3406us
[Stats] checked=238333 refined=6400
[Timing] coarse=412us fine=2164us merge=697us sort=5us map=0us TOTAL=3298us
[Stats] checked=216188 refined=6400
[Timing] coarse=385us fine=2458us merge=681us sort=5us map=0us TOTAL=3548us
[Stats] checked=236210 refined=6400
[Timing] coarse=432us fine=2282us merge=632us sort=4us map=0us TOTAL=3405us
[Stats] checked=236356 refined=6400
[Timing] coarse=403us fine=2117us merge=739us sort=5us map=1us TOTAL=3284us
[Stats] checked=262189 refined=6400
[Timing] coarse=381us fine=2438us merge=636us sort=5us map=0us TOTAL=3480us
[Stats] checked=199456 refined=6400
[Timing] coarse=502us fine=3037us merge=754us sort=5us map=1us TOTAL=4339us
[Stats] checked=233635 refined=6400
[Timing] coarse=487us fine=2337us merge=604us sort=5us map=0us TOTAL=3494us
[Stats] checked=262480 refined=6400
[Timing] coarse=446us fine=2216us merge=612us sort=4us map=0us TOTAL=3304us
[Stats] checked=250742 refined=6400
[Timing] coarse=462us fine=2672us merge=720us sort=5us map=0us TOTAL=3883us
[Stats] checked=255696 refined=6400
[Timing] coarse=638us fine=2356us merge=644us sort=5us map=0us TOTAL=3717us
[Stats] checked=207862 refined=6400
[Timing] coarse=441us fine=2160us merge=648us sort=5us map=0us TOTAL=3277us
[Stats] checked=254118 refined=6400
[Timing] coarse=386us fine=2252us merge=635us sort=5us map=0us TOTAL=3300us
[Stats] checked=247399 refined=6400
[Timing] coarse=369us fine=2186us merge=575us sort=5us map=0us TOTAL=3157us
[Stats] checked=249113 refined=6400
[Timing] coarse=339us fine=2311us merge=595us sort=4us map=0us TOTAL=3272us
[Stats] checked=255315 refined=6400
[Timing] coarse=442us fine=2127us merge=648us sort=4us map=1us TOTAL=3248us
[Stats] checked=223959 refined=6400
[Timing] coarse=347us fine=2186us merge=586us sort=4us map=0us TOTAL=3146us
[Stats] checked=245847 refined=6400
[Timing] coarse=435us fine=2209us merge=610us sort=4us map=0us TOTAL=3281us
[Stats] checked=226166 refined=6400
[Timing] coarse=375us fine=2447us merge=643us sort=5us map=0us TOTAL=3491us
[Stats] checked=242641 refined=6400
[Timing] coarse=354us fine=2290us merge=895us sort=9us map=0us TOTAL=3571us
[Stats] checked=252739 refined=6400
[Timing] coarse=377us fine=2495us merge=660us sort=5us map=0us TOTAL=3560us
[Stats] checked=244092 refined=6400
[Timing] coarse=391us fine=2173us merge=705us sort=4us map=0us TOTAL=3295us
[Stats] checked=202901 refined=6400
Processed 700 queries[Timing] coarse=495us fine=2566us merge=726us sort=5us map=0us TOTAL=3815us
[Stats] checked=217466 refined=6400
[Timing] coarse=460us fine=2132us merge=732us sort=5us map=0us TOTAL=3352us
[Stats] checked=231586 refined=6400
[Timing] coarse=382us fine=2183us merge=672us sort=4us map=0us TOTAL=3264us
[Stats] checked=246137 refined=6400
[Timing] coarse=370us fine=2142us merge=656us sort=5us map=1us TOTAL=3194us
[Stats] checked=214508 refined=6400
[Timing] coarse=366us fine=2424us merge=672us sort=5us map=0us TOTAL=3487us
[Stats] checked=236885 refined=6400
[Timing] coarse=425us fine=2114us merge=621us sort=5us map=0us TOTAL=3187us
[Stats] checked=222682 refined=6400
[Timing] coarse=334us fine=2116us merge=666us sort=5us map=0us TOTAL=3140us
[Stats] checked=232755 refined=6400
[Timing] coarse=372us fine=2269us merge=630us sort=4us map=0us TOTAL=3294us
[Stats] checked=248553 refined=6400
[Timing] coarse=531us fine=2240us merge=648us sort=8us map=0us TOTAL=3449us
[Stats] checked=240901 refined=6400
[Timing] coarse=455us fine=2385us merge=628us sort=5us map=0us TOTAL=3493us
[Stats] checked=244345 refined=6400
[Timing] coarse=391us fine=2361us merge=734us sort=4us map=0us TOTAL=3511us
[Stats] checked=207878 refined=6400
[Timing] coarse=480us fine=2501us merge=663us sort=4us map=0us TOTAL=3672us
[Stats] checked=252041 refined=6400
[Timing] coarse=450us fine=2326us merge=655us sort=5us map=0us TOTAL=3458us
[Stats] checked=217967 refined=6400
[Timing] coarse=473us fine=2147us merge=729us sort=5us map=0us TOTAL=3376us
[Stats] checked=211560 refined=6400
[Timing] coarse=679us fine=2711us merge=639us sort=5us map=0us TOTAL=4072us
[Stats] checked=232861 refined=6400
[Timing] coarse=478us fine=2272us merge=698us sort=5us map=0us TOTAL=3482us
[Stats] checked=234136 refined=6400
[Timing] coarse=475us fine=2140us merge=632us sort=4us map=0us TOTAL=3274us
[Stats] checked=234425 refined=6400
[Timing] coarse=460us fine=2330us merge=643us sort=4us map=0us TOTAL=3460us
[Stats] checked=245532 refined=6400
[Timing] coarse=405us fine=2173us merge=672us sort=5us map=0us TOTAL=3280us
[Stats] checked=213986 refined=6400
[Timing] coarse=437us fine=2133us merge=571us sort=4us map=0us TOTAL=3167us
[Stats] checked=257282 refined=6400
[Timing] coarse=505us fine=2172us merge=607us sort=5us map=0us TOTAL=3309us
[Stats] checked=243302 refined=6400
[Timing] coarse=389us fine=2130us merge=648us sort=5us map=0us TOTAL=3194us
[Stats] checked=205236 refined=6400
[Timing] coarse=387us fine=2164us merge=665us sort=5us map=0us TOTAL=3243us
[Stats] checked=227170 refined=6400
[Timing] coarse=385us fine=2179us merge=660us sort=4us map=0us TOTAL=3249us
[Stats] checked=236822 refined=6400
[Timing] coarse=396us fine=2257us merge=711us sort=4us map=0us TOTAL=3391us
[Stats] checked=227196 refined=6400
[Timing] coarse=395us fine=2257us merge=677us sort=5us map=1us TOTAL=3355us
[Stats] checked=231656 refined=6400
[Timing] coarse=390us fine=2213us merge=654us sort=5us map=0us TOTAL=3282us
[Stats] checked=243905 refined=6400
[Timing] coarse=418us fine=2162us merge=660us sort=5us map=0us TOTAL=3265us
[Stats] checked=216219 refined=6400
[Timing] coarse=363us fine=2669us merge=716us sort=5us map=0us TOTAL=3773us
[Stats] checked=234806 refined=6400
[Timing] coarse=524us fine=2371us merge=688us sort=5us map=0us TOTAL=3621us
[Stats] checked=211506 refined=6400
[Timing] coarse=441us fine=2057us merge=713us sort=5us map=0us TOTAL=3239us
[Stats] checked=232148 refined=6400
[Timing] coarse=429us fine=2132us merge=598us sort=5us map=0us TOTAL=3184us
[Stats] checked=249285 refined=6400
[Timing] coarse=386us fine=2500us merge=692us sort=4us map=0us TOTAL=3605us
[Stats] checked=238133 refined=6400
[Timing] coarse=344us fine=2518us merge=686us sort=5us map=0us TOTAL=3572us
[Stats] checked=223274 refined=6400
[Timing] coarse=561us fine=2350us merge=646us sort=5us map=0us TOTAL=3601us
[Stats] checked=239647 refined=6400
[Timing] coarse=559us fine=2248us merge=747us sort=5us map=1us TOTAL=3590us
[Stats] checked=222122 refined=6400
[Timing] coarse=458us fine=2722us merge=680us sort=5us map=0us TOTAL=3892us
[Stats] checked=235938 refined=6400
[Timing] coarse=367us fine=2549us merge=675us sort=5us map=1us TOTAL=3619us
[Stats] checked=236448 refined=6400
[Timing] coarse=410us fine=2146us merge=637us sort=5us map=0us TOTAL=3220us
[Stats] checked=241713 refined=6400
[Timing] coarse=539us fine=2309us merge=674us sort=4us map=1us TOTAL=3561us
[Stats] checked=212769 refined=6400
[Timing] coarse=434us fine=2809us merge=649us sort=4us map=0us TOTAL=3922us
[Stats] checked=233564 refined=6400
[Timing] coarse=430us fine=2321us merge=707us sort=5us map=0us TOTAL=3492us
[Stats] checked=221879 refined=6400
[Timing] coarse=478us fine=2191us merge=733us sort=5us map=1us TOTAL=3433us
[Stats] checked=208006 refined=6400
[Timing] coarse=427us fine=2155us merge=632us sort=4us map=0us TOTAL=3241us
[Stats] checked=245040 refined=6400
[Timing] coarse=429us fine=2321us merge=643us sort=4us map=0us TOTAL=3418us
[Stats] checked=213725 refined=6400
[Timing] coarse=357us fine=2524us merge=634us sort=5us map=0us TOTAL=3540us
[Stats] checked=234366 refined=6400
[Timing] coarse=391us fine=2119us merge=641us sort=5us map=0us TOTAL=3177us
[Stats] checked=245937 refined=6400
[Timing] coarse=414us fine=2204us merge=618us sort=4us map=0us TOTAL=3262us
[Stats] checked=236404 refined=6400
[Timing] coarse=374us fine=2206us merge=721us sort=4us map=0us TOTAL=3325us
[Stats] checked=232155 refined=6400
[Timing] coarse=444us fine=2345us merge=683us sort=4us map=0us TOTAL=3500us
[Stats] checked=204179 refined=6400
Processed 750 queries[Timing] coarse=441us fine=2666us merge=725us sort=5us map=0us TOTAL=3860us
[Stats] checked=217264 refined=6400
[Timing] coarse=456us fine=2415us merge=625us sort=5us map=1us TOTAL=3525us
[Stats] checked=239349 refined=6400
[Timing] coarse=484us fine=2547us merge=884us sort=5us map=0us TOTAL=3945us
[Stats] checked=230094 refined=6400
[Timing] coarse=499us fine=2246us merge=682us sort=5us map=0us TOTAL=3457us
[Stats] checked=219387 refined=6400
[Timing] coarse=445us fine=2214us merge=697us sort=4us map=0us TOTAL=3382us
[Stats] checked=236566 refined=6400
[Timing] coarse=467us fine=2462us merge=693us sort=4us map=0us TOTAL=3650us
[Stats] checked=248226 refined=6400
[Timing] coarse=480us fine=2768us merge=702us sort=5us map=0us TOTAL=3977us
[Stats] checked=211849 refined=6400
[Timing] coarse=639us fine=2353us merge=642us sort=5us map=0us TOTAL=3672us
[Stats] checked=217056 refined=6400
[Timing] coarse=496us fine=2522us merge=660us sort=5us map=0us TOTAL=3706us
[Stats] checked=246936 refined=6400
[Timing] coarse=445us fine=2204us merge=660us sort=5us map=0us TOTAL=3337us
[Stats] checked=219410 refined=6400
[Timing] coarse=403us fine=2516us merge=651us sort=4us map=0us TOTAL=3600us
[Stats] checked=229445 refined=6400
[Timing] coarse=419us fine=2404us merge=650us sort=5us map=0us TOTAL=3501us
[Stats] checked=205958 refined=6400
[Timing] coarse=439us fine=2287us merge=655us sort=5us map=0us TOTAL=3412us
[Stats] checked=224423 refined=6400
[Timing] coarse=597us fine=2623us merge=648us sort=5us map=0us TOTAL=3912us
[Stats] checked=238217 refined=6400
[Timing] coarse=438us fine=2488us merge=661us sort=4us map=0us TOTAL=3615us
[Stats] checked=206394 refined=6400
[Timing] coarse=440us fine=2261us merge=603us sort=5us map=0us TOTAL=3336us
[Stats] checked=215166 refined=6400
[Timing] coarse=421us fine=2241us merge=716us sort=4us map=0us TOTAL=3419us
[Stats] checked=219961 refined=6400
[Timing] coarse=380us fine=2350us merge=638us sort=5us map=0us TOTAL=3397us
[Stats] checked=245162 refined=6400
[Timing] coarse=532us fine=2210us merge=636us sort=5us map=0us TOTAL=3414us
[Stats] checked=223508 refined=6400
[Timing] coarse=451us fine=2217us merge=631us sort=4us map=0us TOTAL=3330us
[Stats] checked=227724 refined=6400
[Timing] coarse=522us fine=2667us merge=931us sort=7us map=1us TOTAL=4161us
[Stats] checked=220598 refined=6400
[Timing] coarse=425us fine=2388us merge=698us sort=15us map=0us TOTAL=3546us
[Stats] checked=221376 refined=6400
[Timing] coarse=373us fine=2405us merge=748us sort=5us map=0us TOTAL=3553us
[Stats] checked=231485 refined=6400
[Timing] coarse=501us fine=2247us merge=696us sort=4us map=0us TOTAL=3476us
[Stats] checked=221825 refined=6400
[Timing] coarse=424us fine=2205us merge=636us sort=5us map=0us TOTAL=3289us
[Stats] checked=231507 refined=6400
[Timing] coarse=738us fine=2165us merge=644us sort=4us map=0us TOTAL=3577us
[Stats] checked=223448 refined=6400
[Timing] coarse=377us fine=2357us merge=723us sort=5us map=0us TOTAL=3483us
[Stats] checked=220752 refined=6400
[Timing] coarse=559us fine=2338us merge=796us sort=5us map=0us TOTAL=3740us
[Stats] checked=228624 refined=6400
[Timing] coarse=425us fine=2228us merge=695us sort=5us map=0us TOTAL=3378us
[Stats] checked=244949 refined=6400
[Timing] coarse=423us fine=2147us merge=657us sort=4us map=0us TOTAL=3255us
[Stats] checked=233400 refined=6400
[Timing] coarse=388us fine=2411us merge=1064us sort=6us map=0us TOTAL=3890us
[Stats] checked=203949 refined=6400
[Timing] coarse=651us fine=2395us merge=693us sort=4us map=0us TOTAL=3779us
[Stats] checked=235236 refined=6400
[Timing] coarse=510us fine=2451us merge=689us sort=5us map=0us TOTAL=3679us
[Stats] checked=246810 refined=6400
[Timing] coarse=513us fine=2421us merge=655us sort=5us map=0us TOTAL=3620us
[Stats] checked=227483 refined=6400
[Timing] coarse=440us fine=2286us merge=624us sort=5us map=0us TOTAL=3378us
[Stats] checked=223588 refined=6400
[Timing] coarse=378us fine=2525us merge=649us sort=5us map=0us TOTAL=3579us
[Stats] checked=255498 refined=6400
[Timing] coarse=435us fine=2179us merge=612us sort=5us map=0us TOTAL=3259us
[Stats] checked=252313 refined=6400
[Timing] coarse=404us fine=2256us merge=643us sort=5us map=0us TOTAL=3331us
[Stats] checked=213469 refined=6400
[Timing] coarse=382us fine=2351us merge=752us sort=4us map=0us TOTAL=3511us
[Stats] checked=237827 refined=6400
[Timing] coarse=445us fine=2255us merge=687us sort=4us map=0us TOTAL=3417us
[Stats] checked=207618 refined=6400
[Timing] coarse=521us fine=2191us merge=649us sort=5us map=0us TOTAL=3399us
[Stats] checked=238013 refined=6400
[Timing] coarse=369us fine=2547us merge=638us sort=6us map=0us TOTAL=3580us
[Stats] checked=251477 refined=6400
[Timing] coarse=510us fine=2391us merge=1110us sort=5us map=0us TOTAL=4043us
[Stats] checked=233159 refined=6400
[Timing] coarse=535us fine=2397us merge=653us sort=4us map=0us TOTAL=3630us
[Stats] checked=218852 refined=6400
[Timing] coarse=410us fine=2133us merge=639us sort=5us map=0us TOTAL=3208us
[Stats] checked=210728 refined=6400
[Timing] coarse=344us fine=2286us merge=645us sort=5us map=0us TOTAL=3298us
[Stats] checked=244799 refined=6400
[Timing] coarse=518us fine=2604us merge=652us sort=5us map=0us TOTAL=3813us
[Stats] checked=256771 refined=6400
[Timing] coarse=476us fine=2277us merge=664us sort=5us map=0us TOTAL=3448us
[Stats] checked=223536 refined=6400
[Timing] coarse=670us fine=2496us merge=682us sort=5us map=0us TOTAL=3937us
[Stats] checked=242944 refined=6400
[Timing] coarse=466us fine=2240us merge=664us sort=5us map=0us TOTAL=3425us
[Stats] checked=228859 refined=6400
Processed 800 queries[Timing] coarse=518us fine=2483us merge=803us sort=4us map=0us TOTAL=3842us
[Stats] checked=205900 refined=6400
[Timing] coarse=461us fine=2207us merge=735us sort=5us map=0us TOTAL=3431us
[Stats] checked=221160 refined=6400
[Timing] coarse=464us fine=2661us merge=660us sort=5us map=0us TOTAL=3819us
[Stats] checked=233684 refined=6400
[Timing] coarse=420us fine=2174us merge=655us sort=5us map=0us TOTAL=3277us
[Stats] checked=230259 refined=6400
[Timing] coarse=352us fine=2185us merge=682us sort=5us map=0us TOTAL=3241us
[Stats] checked=224011 refined=6400
[Timing] coarse=564us fine=2331us merge=665us sort=5us map=1us TOTAL=3646us
[Stats] checked=217862 refined=6400
[Timing] coarse=493us fine=2252us merge=674us sort=5us map=0us TOTAL=3448us
[Stats] checked=223805 refined=6400
[Timing] coarse=561us fine=2394us merge=680us sort=5us map=0us TOTAL=3673us
[Stats] checked=242024 refined=6400
[Timing] coarse=559us fine=2281us merge=693us sort=4us map=0us TOTAL=3571us
[Stats] checked=214296 refined=6400
[Timing] coarse=921us fine=2697us merge=733us sort=5us map=0us TOTAL=4388us
[Stats] checked=214452 refined=6400
[Timing] coarse=408us fine=2277us merge=654us sort=4us map=0us TOTAL=3368us
[Stats] checked=227959 refined=6400
[Timing] coarse=424us fine=2095us merge=801us sort=5us map=0us TOTAL=3350us
[Stats] checked=214858 refined=6400
[Timing] coarse=389us fine=2446us merge=647us sort=5us map=0us TOTAL=3511us
[Stats] checked=240473 refined=6400
[Timing] coarse=447us fine=2355us merge=721us sort=5us map=0us TOTAL=3552us
[Stats] checked=208929 refined=6400
[Timing] coarse=454us fine=2682us merge=586us sort=5us map=0us TOTAL=3752us
[Stats] checked=256379 refined=6400
[Timing] coarse=460us fine=2600us merge=643us sort=5us map=0us TOTAL=3730us
[Stats] checked=272273 refined=6400
[Timing] coarse=708us fine=2557us merge=655us sort=5us map=0us TOTAL=4001us
[Stats] checked=254960 refined=6400
[Timing] coarse=510us fine=2295us merge=788us sort=5us map=1us TOTAL=3630us
[Stats] checked=210841 refined=6400
[Timing] coarse=477us fine=2335us merge=646us sort=5us map=0us TOTAL=3486us
[Stats] checked=240373 refined=6400
[Timing] coarse=383us fine=2813us merge=685us sort=6us map=0us TOTAL=3912us
[Stats] checked=256891 refined=6400
[Timing] coarse=469us fine=2709us merge=735us sort=5us map=0us TOTAL=3948us
[Stats] checked=240143 refined=6400
[Timing] coarse=485us fine=2628us merge=643us sort=5us map=0us TOTAL=3790us
[Stats] checked=237060 refined=6400
[Timing] coarse=539us fine=2905us merge=668us sort=4us map=1us TOTAL=4144us
[Stats] checked=255113 refined=6400
[Timing] coarse=515us fine=2468us merge=881us sort=4us map=1us TOTAL=3895us
[Stats] checked=217862 refined=6400
[Timing] coarse=577us fine=2508us merge=701us sort=5us map=0us TOTAL=3833us
[Stats] checked=226843 refined=6400
[Timing] coarse=537us fine=2511us merge=592us sort=5us map=0us TOTAL=3678us
[Stats] checked=243801 refined=6400
[Timing] coarse=571us fine=2394us merge=655us sort=4us map=0us TOTAL=3657us
[Stats] checked=267870 refined=6400
[Timing] coarse=452us fine=2703us merge=832us sort=5us map=1us TOTAL=4012us
[Stats] checked=226642 refined=6400
[Timing] coarse=420us fine=2286us merge=669us sort=5us map=0us TOTAL=3399us
[Stats] checked=261497 refined=6400
[Timing] coarse=432us fine=2315us merge=708us sort=5us map=0us TOTAL=3482us
[Stats] checked=236288 refined=6400
[Timing] coarse=498us fine=2966us merge=790us sort=4us map=0us TOTAL=4286us
[Stats] checked=233660 refined=6400
[Timing] coarse=444us fine=2367us merge=684us sort=5us map=1us TOTAL=3523us
[Stats] checked=217693 refined=6400
[Timing] coarse=520us fine=2404us merge=617us sort=5us map=0us TOTAL=3573us
[Stats] checked=226493 refined=6400
[Timing] coarse=443us fine=2161us merge=695us sort=5us map=0us TOTAL=3328us
[Stats] checked=229278 refined=6400
[Timing] coarse=435us fine=3316us merge=638us sort=5us map=0us TOTAL=4419us
[Stats] checked=254283 refined=6400
[Timing] coarse=534us fine=2375us merge=678us sort=5us map=0us TOTAL=3623us
[Stats] checked=218855 refined=6400
[Timing] coarse=397us fine=2418us merge=657us sort=5us map=0us TOTAL=3498us
[Stats] checked=210006 refined=6400
[Timing] coarse=430us fine=2241us merge=632us sort=4us map=0us TOTAL=3328us
[Stats] checked=253911 refined=6400
[Timing] coarse=526us fine=2197us merge=602us sort=4us map=0us TOTAL=3350us
[Stats] checked=247951 refined=6400
[Timing] coarse=364us fine=2253us merge=705us sort=5us map=0us TOTAL=3346us
[Stats] checked=220092 refined=6400
[Timing] coarse=419us fine=2252us merge=679us sort=4us map=0us TOTAL=3375us
[Stats] checked=205631 refined=6400
[Timing] coarse=429us fine=2192us merge=645us sort=5us map=1us TOTAL=3291us
[Stats] checked=244628 refined=6400
[Timing] coarse=390us fine=2617us merge=696us sort=5us map=1us TOTAL=3728us
[Stats] checked=210137 refined=6400
[Timing] coarse=420us fine=2398us merge=653us sort=5us map=0us TOTAL=3495us
[Stats] checked=233038 refined=6400
[Timing] coarse=450us fine=2586us merge=668us sort=5us map=0us TOTAL=3730us
[Stats] checked=215332 refined=6400
[Timing] coarse=405us fine=2188us merge=661us sort=5us map=0us TOTAL=3281us
[Stats] checked=212976 refined=6400
[Timing] coarse=461us fine=2464us merge=667us sort=4us map=0us TOTAL=3617us
[Stats] checked=212399 refined=6400
[Timing] coarse=435us fine=2281us merge=660us sort=5us map=0us TOTAL=3402us
[Stats] checked=232472 refined=6400
[Timing] coarse=467us fine=2261us merge=674us sort=5us map=0us TOTAL=3429us
[Stats] checked=242636 refined=6400
[Timing] coarse=396us fine=2248us merge=686us sort=5us map=0us TOTAL=3355us
[Stats] checked=208042 refined=6400
Processed 850 queries[Timing] coarse=390us fine=2539us merge=674us sort=5us map=0us TOTAL=3628us
[Stats] checked=224097 refined=6400
[Timing] coarse=526us fine=2692us merge=677us sort=5us map=0us TOTAL=3923us
[Stats] checked=229373 refined=6400
[Timing] coarse=471us fine=2276us merge=679us sort=5us map=0us TOTAL=3454us
[Stats] checked=213408 refined=6400
[Timing] coarse=464us fine=2545us merge=690us sort=5us map=1us TOTAL=3726us
[Stats] checked=224128 refined=6400
[Timing] coarse=541us fine=2693us merge=695us sort=5us map=0us TOTAL=3960us
[Stats] checked=221107 refined=6400
[Timing] coarse=587us fine=2252us merge=648us sort=5us map=0us TOTAL=3516us
[Stats] checked=207844 refined=6400
[Timing] coarse=489us fine=2222us merge=605us sort=5us map=0us TOTAL=3343us
[Stats] checked=247206 refined=6400
[Timing] coarse=459us fine=2233us merge=740us sort=5us map=0us TOTAL=3459us
[Stats] checked=253530 refined=6400
[Timing] coarse=373us fine=2568us merge=696us sort=5us map=0us TOTAL=3663us
[Stats] checked=238167 refined=6400
[Timing] coarse=402us fine=2508us merge=689us sort=5us map=0us TOTAL=3626us
[Stats] checked=240429 refined=6400
[Timing] coarse=417us fine=2099us merge=696us sort=4us map=0us TOTAL=3237us
[Stats] checked=223429 refined=6400
[Timing] coarse=408us fine=2310us merge=630us sort=4us map=0us TOTAL=3374us
[Stats] checked=231620 refined=6400
[Timing] coarse=435us fine=2264us merge=671us sort=4us map=0us TOTAL=3396us
[Stats] checked=242705 refined=6400
[Timing] coarse=350us fine=2197us merge=672us sort=5us map=0us TOTAL=3241us
[Stats] checked=221744 refined=6400
[Timing] coarse=351us fine=2338us merge=991us sort=5us map=0us TOTAL=3703us
[Stats] checked=215031 refined=6400
[Timing] coarse=375us fine=2142us merge=648us sort=5us map=0us TOTAL=3188us
[Stats] checked=206992 refined=6400
[Timing] coarse=345us fine=2148us merge=631us sort=5us map=0us TOTAL=3145us
[Stats] checked=220618 refined=6400
[Timing] coarse=399us fine=2438us merge=668us sort=5us map=0us TOTAL=3530us
[Stats] checked=238090 refined=6400
[Timing] coarse=544us fine=2226us merge=681us sort=5us map=0us TOTAL=3491us
[Stats] checked=216438 refined=6400
[Timing] coarse=571us fine=2636us merge=759us sort=5us map=1us TOTAL=4006us
[Stats] checked=230196 refined=6400
[Timing] coarse=408us fine=2249us merge=607us sort=5us map=0us TOTAL=3294us
[Stats] checked=256657 refined=6400
[Timing] coarse=343us fine=2334us merge=663us sort=5us map=0us TOTAL=3365us
[Stats] checked=235976 refined=6400
[Timing] coarse=395us fine=2144us merge=640us sort=4us map=0us TOTAL=3203us
[Stats] checked=228319 refined=6400
[Timing] coarse=349us fine=2112us merge=637us sort=5us map=0us TOTAL=3119us
[Stats] checked=251501 refined=6400
[Timing] coarse=364us fine=2133us merge=628us sort=5us map=0us TOTAL=3146us
[Stats] checked=212080 refined=6400
[Timing] coarse=363us fine=2093us merge=634us sort=5us map=0us TOTAL=3112us
[Stats] checked=209095 refined=6400
[Timing] coarse=341us fine=2255us merge=626us sort=5us map=0us TOTAL=3245us
[Stats] checked=228028 refined=6400
[Timing] coarse=481us fine=2451us merge=711us sort=5us map=0us TOTAL=3673us
[Stats] checked=220824 refined=6400
[Timing] coarse=411us fine=2325us merge=653us sort=5us map=0us TOTAL=3413us
[Stats] checked=216458 refined=6400
[Timing] coarse=371us fine=2363us merge=650us sort=5us map=0us TOTAL=3406us
[Stats] checked=236885 refined=6400
[Timing] coarse=382us fine=2313us merge=623us sort=5us map=0us TOTAL=3343us
[Stats] checked=238062 refined=6400
[Timing] coarse=378us fine=2962us merge=641us sort=4us map=0us TOTAL=4003us
[Stats] checked=229377 refined=6400
[Timing] coarse=385us fine=2286us merge=638us sort=4us map=0us TOTAL=3331us
[Stats] checked=252640 refined=6400
[Timing] coarse=393us fine=2209us merge=644us sort=5us map=0us TOTAL=3271us
[Stats] checked=220827 refined=6400
[Timing] coarse=377us fine=2567us merge=668us sort=4us map=1us TOTAL=3636us
[Stats] checked=226458 refined=6400
[Timing] coarse=421us fine=2375us merge=615us sort=4us map=0us TOTAL=3436us
[Stats] checked=230582 refined=6400
[Timing] coarse=410us fine=2216us merge=647us sort=4us map=0us TOTAL=3297us
[Stats] checked=205924 refined=6400
[Timing] coarse=388us fine=2143us merge=660us sort=5us map=0us TOTAL=3216us
[Stats] checked=205015 refined=6400
[Timing] coarse=341us fine=2548us merge=669us sort=5us map=0us TOTAL=3582us
[Stats] checked=238034 refined=6400
[Timing] coarse=419us fine=2219us merge=594us sort=5us map=0us TOTAL=3257us
[Stats] checked=220130 refined=6400
[Timing] coarse=368us fine=2208us merge=646us sort=5us map=0us TOTAL=3247us
[Stats] checked=211294 refined=6400
[Timing] coarse=348us fine=2715us merge=634us sort=4us map=0us TOTAL=3721us
[Stats] checked=246985 refined=6400
[Timing] coarse=397us fine=2561us merge=779us sort=5us map=1us TOTAL=3763us
[Stats] checked=243462 refined=6400
[Timing] coarse=481us fine=2244us merge=721us sort=5us map=0us TOTAL=3475us
[Stats] checked=222115 refined=6400
[Timing] coarse=440us fine=2464us merge=735us sort=4us map=0us TOTAL=3664us
[Stats] checked=211451 refined=6400
[Timing] coarse=822us fine=2673us merge=711us sort=5us map=0us TOTAL=4250us
[Stats] checked=241341 refined=6400
[Timing] coarse=589us fine=2492us merge=658us sort=5us map=0us TOTAL=3778us
[Stats] checked=242085 refined=6400
[Timing] coarse=461us fine=2393us merge=631us sort=5us map=0us TOTAL=3515us
[Stats] checked=251647 refined=6400
[Timing] coarse=412us fine=2200us merge=815us sort=5us map=0us TOTAL=3458us
[Stats] checked=219063 refined=6400
[Timing] coarse=542us fine=2393us merge=665us sort=5us map=0us TOTAL=3636us
[Stats] checked=215618 refined=6400
Processed 900 queries[Timing] coarse=475us fine=2505us merge=675us sort=5us map=0us TOTAL=3687us
[Stats] checked=234309 refined=6400
[Timing] coarse=434us fine=2827us merge=785us sort=5us map=1us TOTAL=4077us
[Stats] checked=249964 refined=6400
[Timing] coarse=446us fine=2322us merge=662us sort=5us map=0us TOTAL=3458us
[Stats] checked=236831 refined=6400
[Timing] coarse=441us fine=2388us merge=661us sort=4us map=0us TOTAL=3519us
[Stats] checked=222701 refined=6400
[Timing] coarse=380us fine=2634us merge=636us sort=5us map=0us TOTAL=3676us
[Stats] checked=208089 refined=6400
[Timing] coarse=400us fine=2166us merge=607us sort=5us map=0us TOTAL=3201us
[Stats] checked=241980 refined=6400
[Timing] coarse=369us fine=2204us merge=652us sort=5us map=0us TOTAL=3252us
[Stats] checked=240446 refined=6400
[Timing] coarse=427us fine=2433us merge=664us sort=5us map=0us TOTAL=3552us
[Stats] checked=211090 refined=6400
[Timing] coarse=490us fine=2401us merge=693us sort=5us map=0us TOTAL=3613us
[Stats] checked=233715 refined=6400
[Timing] coarse=411us fine=2418us merge=658us sort=5us map=0us TOTAL=3514us
[Stats] checked=214876 refined=6400
[Timing] coarse=423us fine=2366us merge=699us sort=5us map=0us TOTAL=3515us
[Stats] checked=228157 refined=6400
[Timing] coarse=505us fine=2197us merge=638us sort=5us map=0us TOTAL=3370us
[Stats] checked=214526 refined=6400
[Timing] coarse=507us fine=2278us merge=621us sort=5us map=0us TOTAL=3439us
[Stats] checked=225604 refined=6400
[Timing] coarse=375us fine=2128us merge=748us sort=4us map=1us TOTAL=3277us
[Stats] checked=234666 refined=6400
[Timing] coarse=388us fine=2140us merge=666us sort=5us map=0us TOTAL=3222us
[Stats] checked=209768 refined=6400
[Timing] coarse=406us fine=2212us merge=1165us sort=6us map=1us TOTAL=3887us
[Stats] checked=228266 refined=6400
[Timing] coarse=432us fine=2408us merge=747us sort=5us map=0us TOTAL=3614us
[Stats] checked=214442 refined=6400
[Timing] coarse=369us fine=2365us merge=655us sort=4us map=0us TOTAL=3414us
[Stats] checked=235178 refined=6400
[Timing] coarse=360us fine=2578us merge=612us sort=4us map=0us TOTAL=3575us
[Stats] checked=226756 refined=6400
[Timing] coarse=402us fine=2179us merge=688us sort=5us map=0us TOTAL=3294us
[Stats] checked=204170 refined=6400
[Timing] coarse=358us fine=2547us merge=617us sort=5us map=0us TOTAL=3547us
[Stats] checked=255396 refined=6400
[Timing] coarse=404us fine=2419us merge=659us sort=5us map=0us TOTAL=3508us
[Stats] checked=238082 refined=6400
[Timing] coarse=475us fine=2506us merge=661us sort=5us map=0us TOTAL=3670us
[Stats] checked=243446 refined=6400
[Timing] coarse=546us fine=2257us merge=723us sort=5us map=0us TOTAL=3553us
[Stats] checked=226792 refined=6400
[Timing] coarse=480us fine=2550us merge=734us sort=5us map=0us TOTAL=3790us
[Stats] checked=232270 refined=6400
[Timing] coarse=517us fine=2681us merge=709us sort=4us map=0us TOTAL=3935us
[Stats] checked=223902 refined=6400
[Timing] coarse=457us fine=2231us merge=734us sort=5us map=0us TOTAL=3449us
[Stats] checked=223298 refined=6400
[Timing] coarse=435us fine=2166us merge=662us sort=5us map=0us TOTAL=3288us
[Stats] checked=204623 refined=6400
[Timing] coarse=414us fine=2413us merge=638us sort=5us map=0us TOTAL=3490us
[Stats] checked=239526 refined=6400
[Timing] coarse=392us fine=2137us merge=608us sort=5us map=0us TOTAL=3162us
[Stats] checked=265925 refined=6400
[Timing] coarse=343us fine=2433us merge=621us sort=5us map=0us TOTAL=3421us
[Stats] checked=243684 refined=6400
[Timing] coarse=442us fine=2259us merge=780us sort=4us map=0us TOTAL=3506us
[Stats] checked=264553 refined=6400
[Timing] coarse=453us fine=2160us merge=638us sort=5us map=0us TOTAL=3276us
[Stats] checked=219230 refined=6400
[Timing] coarse=412us fine=2246us merge=633us sort=4us map=0us TOTAL=3317us
[Stats] checked=224523 refined=6400
[Timing] coarse=459us fine=2249us merge=927us sort=5us map=1us TOTAL=3665us
[Stats] checked=214459 refined=6400
[Timing] coarse=460us fine=2631us merge=671us sort=5us map=0us TOTAL=3789us
[Stats] checked=232249 refined=6400
[Timing] coarse=489us fine=2244us merge=663us sort=5us map=0us TOTAL=3425us
[Stats] checked=237958 refined=6400
[Timing] coarse=453us fine=2250us merge=643us sort=5us map=0us TOTAL=3370us
[Stats] checked=227925 refined=6400
[Timing] coarse=406us fine=2208us merge=805us sort=5us map=0us TOTAL=3445us
[Stats] checked=225241 refined=6400
[Timing] coarse=415us fine=2447us merge=875us sort=5us map=1us TOTAL=3765us
[Stats] checked=214365 refined=6400
[Timing] coarse=448us fine=2167us merge=708us sort=4us map=0us TOTAL=3348us
[Stats] checked=232286 refined=6400
[Timing] coarse=391us fine=2174us merge=1092us sort=5us map=0us TOTAL=3683us
[Stats] checked=220422 refined=6400
[Timing] coarse=472us fine=2147us merge=636us sort=5us map=0us TOTAL=3283us
[Stats] checked=211853 refined=6400
[Timing] coarse=416us fine=2136us merge=634us sort=5us map=0us TOTAL=3213us
[Stats] checked=227079 refined=6400
[Timing] coarse=415us fine=2148us merge=676us sort=4us map=0us TOTAL=3265us
[Stats] checked=214237 refined=6400
[Timing] coarse=377us fine=2459us merge=700us sort=5us map=0us TOTAL=3562us
[Stats] checked=240319 refined=6400
[Timing] coarse=465us fine=2475us merge=652us sort=5us map=0us TOTAL=3620us
[Stats] checked=249305 refined=6400
[Timing] coarse=466us fine=2382us merge=614us sort=5us map=0us TOTAL=3490us
[Stats] checked=240128 refined=6400
[Timing] coarse=469us fine=2514us merge=1189us sort=8us map=0us TOTAL=4202us
[Stats] checked=223919 refined=6400
[Timing] coarse=617us fine=2737us merge=858us sort=4us map=0us TOTAL=4246us
[Stats] checked=236315 refined=6400
Processed 950 queries[Timing] coarse=561us fine=2337us merge=904us sort=4us map=0us TOTAL=3844us
[Stats] checked=222846 refined=6400
[Timing] coarse=624us fine=3055us merge=813us sort=4us map=0us TOTAL=4541us
[Stats] checked=220169 refined=6400
[Timing] coarse=478us fine=2346us merge=661us sort=4us map=0us TOTAL=3517us
[Stats] checked=246765 refined=6400
[Timing] coarse=754us fine=2381us merge=806us sort=5us map=0us TOTAL=3987us
[Stats] checked=209517 refined=6400
[Timing] coarse=503us fine=2167us merge=845us sort=5us map=0us TOTAL=3547us
[Stats] checked=211462 refined=6400
[Timing] coarse=552us fine=2240us merge=676us sort=5us map=0us TOTAL=3507us
[Stats] checked=221636 refined=6400
[Timing] coarse=494us fine=2137us merge=602us sort=5us map=0us TOTAL=3268us
[Stats] checked=244360 refined=6400
[Timing] coarse=495us fine=2301us merge=674us sort=4us map=0us TOTAL=3503us
[Stats] checked=230695 refined=6400
[Timing] coarse=472us fine=2353us merge=699us sort=4us map=0us TOTAL=3556us
[Stats] checked=206348 refined=6400
[Timing] coarse=440us fine=2380us merge=642us sort=4us map=0us TOTAL=3492us
[Stats] checked=269238 refined=6400
[Timing] coarse=477us fine=2243us merge=658us sort=4us map=0us TOTAL=3409us
[Stats] checked=228524 refined=6400
[Timing] coarse=386us fine=2205us merge=652us sort=5us map=0us TOTAL=3271us
[Stats] checked=227948 refined=6400
[Timing] coarse=499us fine=2178us merge=680us sort=4us map=0us TOTAL=3394us
[Stats] checked=201843 refined=6400
[Timing] coarse=415us fine=2182us merge=641us sort=5us map=0us TOTAL=3264us
[Stats] checked=232881 refined=6400
[Timing] coarse=388us fine=2182us merge=703us sort=5us map=0us TOTAL=3298us
[Stats] checked=214897 refined=6400
[Timing] coarse=461us fine=2436us merge=793us sort=5us map=0us TOTAL=3717us
[Stats] checked=211273 refined=6400
[Timing] coarse=412us fine=2164us merge=663us sort=5us map=0us TOTAL=3265us
[Stats] checked=221591 refined=6400
[Timing] coarse=390us fine=2484us merge=787us sort=5us map=0us TOTAL=3687us
[Stats] checked=199220 refined=6400
[Timing] coarse=457us fine=2754us merge=752us sort=5us map=0us TOTAL=3991us
[Stats] checked=242392 refined=6400
[Timing] coarse=462us fine=2286us merge=678us sort=5us map=0us TOTAL=3517us
[Stats] checked=241237 refined=6400
[Timing] coarse=429us fine=2186us merge=632us sort=5us map=1us TOTAL=3275us
[Stats] checked=233443 refined=6400
[Timing] coarse=373us fine=2186us merge=892us sort=5us map=0us TOTAL=3506us
[Stats] checked=220182 refined=6400
[Timing] coarse=441us fine=2542us merge=673us sort=5us map=1us TOTAL=3684us
[Stats] checked=231520 refined=6400
[Timing] coarse=367us fine=2177us merge=646us sort=5us map=0us TOTAL=3217us
[Stats] checked=241134 refined=6400
[Timing] coarse=392us fine=2345us merge=709us sort=4us map=0us TOTAL=3472us
[Stats] checked=218165 refined=6400
[Timing] coarse=445us fine=2383us merge=606us sort=5us map=0us TOTAL=3462us
[Stats] checked=249603 refined=6400
[Timing] coarse=649us fine=2563us merge=672us sort=5us map=0us TOTAL=3923us
[Stats] checked=224281 refined=6400
[Timing] coarse=465us fine=2127us merge=639us sort=5us map=0us TOTAL=3265us
[Stats] checked=232471 refined=6400
[Timing] coarse=408us fine=2205us merge=633us sort=5us map=0us TOTAL=3276us
[Stats] checked=246535 refined=6400
[Timing] coarse=384us fine=2332us merge=629us sort=5us map=0us TOTAL=3375us
[Stats] checked=236458 refined=6400
[Timing] coarse=385us fine=2242us merge=747us sort=5us map=0us TOTAL=3414us
[Stats] checked=213233 refined=6400
[Timing] coarse=436us fine=2216us merge=587us sort=4us map=0us TOTAL=3267us
[Stats] checked=251352 refined=6400
[Timing] coarse=477us fine=2705us merge=702us sort=5us map=0us TOTAL=3913us
[Stats] checked=262765 refined=6400
[Timing] coarse=486us fine=2340us merge=674us sort=5us map=0us TOTAL=3530us
[Stats] checked=234244 refined=6400
[Timing] coarse=549us fine=2181us merge=695us sort=5us map=0us TOTAL=3453us
[Stats] checked=223109 refined=6400
[Timing] coarse=487us fine=2312us merge=683us sort=5us map=0us TOTAL=3511us
[Stats] checked=215502 refined=6400
[Timing] coarse=407us fine=2314us merge=658us sort=5us map=0us TOTAL=3408us
[Stats] checked=233594 refined=6400
[Timing] coarse=480us fine=2244us merge=752us sort=5us map=0us TOTAL=3508us
[Stats] checked=219469 refined=6400
[Timing] coarse=515us fine=2601us merge=663us sort=4us map=0us TOTAL=3811us
[Stats] checked=222760 refined=6400
[Timing] coarse=512us fine=2310us merge=772us sort=5us map=0us TOTAL=3631us
[Stats] checked=261444 refined=6400
[Timing] coarse=414us fine=2240us merge=693us sort=4us map=0us TOTAL=3373us
[Stats] checked=225881 refined=6400
[Timing] coarse=1026us fine=2484us merge=700us sort=5us map=0us TOTAL=4260us
[Stats] checked=213018 refined=6400
[Timing] coarse=529us fine=2451us merge=735us sort=5us map=0us TOTAL=3754us
[Stats] checked=221620 refined=6400
[Timing] coarse=487us fine=2379us merge=839us sort=5us map=1us TOTAL=3738us
[Stats] checked=217573 refined=6400
[Timing] coarse=584us fine=2308us merge=661us sort=5us map=1us TOTAL=3595us
[Stats] checked=228441 refined=6400
[Timing] coarse=649us fine=2418us merge=670us sort=5us map=0us TOTAL=3808us
[Stats] checked=217046 refined=6400
[Timing] coarse=500us fine=2345us merge=658us sort=4us map=0us TOTAL=3537us
[Stats] checked=211052 refined=6400
[Timing] coarse=550us fine=2488us merge=831us sort=8us map=1us TOTAL=3913us
[Stats] checked=209126 refined=6400
[Timing] coarse=463us fine=2254us merge=679us sort=4us map=0us TOTAL=3424us
[Stats] checked=229989 refined=6400
[Timing] coarse=438us fine=2139us merge=659us sort=5us map=1us TOTAL=3265us
[Stats] checked=213505 refined=6400
Processed 1000 queries
=== Results ===
Total queries: 1000
Average recall@10: 0.9888
Average query time: 4.21 ms
Index build time: 62 seconds
