[cache] loaded base vectors from data_o/glove/base.txt.bin
Building index...
[solution] threads=32, centroid=5422, iter=16, nprob=896
[finalize_build] 63832 ms
Index built in 64 seconds
Loading queries and ground truth...
Loaded 1000 ground truth entries
Running queries...
[Timing] coarse=701us fine=2347us merge=591us sort=5us map=0us TOTAL=3683us
[Stats] checked=189762 refined=6400
[Timing] coarse=569us fine=2298us merge=612us sort=5us map=0us TOTAL=3518us
[Stats] checked=192651 refined=6400
[Timing] coarse=405us fine=2227us merge=617us sort=5us map=0us TOTAL=3280us
[Stats] checked=164000 refined=6400
[Timing] coarse=419us fine=2162us merge=627us sort=5us map=0us TOTAL=3243us
[Stats] checked=173142 refined=6400
[Timing] coarse=424us fine=2113us merge=752us sort=5us map=0us TOTAL=3322us
[Stats] checked=174436 refined=6400
[Timing] coarse=595us fine=2211us merge=661us sort=5us map=0us TOTAL=3509us
[Stats] checked=158796 refined=6400
[Timing] coarse=601us fine=2188us merge=694us sort=5us map=0us TOTAL=3520us
[Stats] checked=161923 refined=6400
[Timing] coarse=541us fine=2254us merge=650us sort=4us map=0us TOTAL=3480us
[Stats] checked=170982 refined=6400
[Timing] coarse=379us fine=2279us merge=692us sort=5us map=1us TOTAL=3380us
[Stats] checked=163021 refined=6400
[Timing] coarse=514us fine=2340us merge=675us sort=4us map=0us TOTAL=3566us
[Stats] checked=175103 refined=6400
[Timing] coarse=454us fine=2235us merge=707us sort=5us map=0us TOTAL=3427us
[Stats] checked=187607 refined=6400
[Timing] coarse=554us fine=2241us merge=666us sort=5us map=0us TOTAL=3502us
[Stats] checked=174246 refined=6400
[Timing] coarse=375us fine=2237us merge=958us sort=5us map=1us TOTAL=3597us
[Stats] checked=164125 refined=6400
[Timing] coarse=542us fine=2348us merge=661us sort=5us map=0us TOTAL=3604us
[Stats] checked=205930 refined=6400
[Timing] coarse=553us fine=2283us merge=656us sort=5us map=0us TOTAL=3530us
[Stats] checked=167608 refined=6400
[Timing] coarse=504us fine=2255us merge=616us sort=5us map=0us TOTAL=3417us
[Stats] checked=174057 refined=6400
[Timing] coarse=417us fine=2370us merge=634us sort=5us map=0us TOTAL=3451us
[Stats] checked=174773 refined=6400
[Timing] coarse=477us fine=2248us merge=655us sort=5us map=0us TOTAL=3418us
[Stats] checked=162363 refined=6400
[Timing] coarse=370us fine=2208us merge=617us sort=5us map=0us TOTAL=3222us
[Stats] checked=168724 refined=6400
[Timing] coarse=404us fine=2145us merge=605us sort=5us map=0us TOTAL=3183us
[Stats] checked=172726 refined=6400
[Timing] coarse=327us fine=2277us merge=626us sort=5us map=0us TOTAL=3254us
[Stats] checked=172416 refined=6400
[Timing] coarse=373us fine=2139us merge=669us sort=5us map=0us TOTAL=3211us
[Stats] checked=183100 refined=6400
[Timing] coarse=419us fine=2217us merge=649us sort=4us map=0us TOTAL=3315us
[Stats] checked=161124 refined=6400
[Timing] coarse=386us fine=2187us merge=678us sort=4us map=0us TOTAL=3278us
[Stats] checked=170149 refined=6400
[Timing] coarse=664us fine=2399us merge=663us sort=5us map=0us TOTAL=3762us
[Stats] checked=173752 refined=6400
[Timing] coarse=490us fine=2809us merge=580us sort=5us map=0us TOTAL=3916us
[Stats] checked=187112 refined=6400
[Timing] coarse=440us fine=2201us merge=665us sort=4us map=0us TOTAL=3341us
[Stats] checked=175961 refined=6400
[Timing] coarse=467us fine=2187us merge=608us sort=4us map=0us TOTAL=3313us
[Stats] checked=187711 refined=6400
[Timing] coarse=499us fine=2255us merge=812us sort=4us map=0us TOTAL=3601us
[Stats] checked=173889 refined=6400
[Timing] coarse=525us fine=2171us merge=654us sort=5us map=0us TOTAL=3391us
[Stats] checked=173769 refined=6400
[Timing] coarse=454us fine=2137us merge=695us sort=5us map=1us TOTAL=3321us
[Stats] checked=172548 refined=6400
[Timing] coarse=485us fine=2458us merge=694us sort=5us map=0us TOTAL=3678us
[Stats] checked=178603 refined=6400
[Timing] coarse=594us fine=2869us merge=800us sort=5us map=0us TOTAL=4312us
[Stats] checked=194422 refined=6400
[Timing] coarse=536us fine=2301us merge=706us sort=5us map=0us TOTAL=3585us
[Stats] checked=177463 refined=6400
[Timing] coarse=560us fine=2597us merge=709us sort=6us map=0us TOTAL=3920us
[Stats] checked=173255 refined=6400
[Timing] coarse=499us fine=2464us merge=750us sort=5us map=0us TOTAL=3744us
[Stats] checked=170674 refined=6400
[Timing] coarse=567us fine=2721us merge=782us sort=5us map=0us TOTAL=4120us
[Stats] checked=168257 refined=6400
[Timing] coarse=648us fine=2578us merge=781us sort=5us map=0us TOTAL=4054us
[Stats] checked=182397 refined=6400
[Timing] coarse=637us fine=2376us merge=745us sort=7us map=1us TOTAL=3810us
[Stats] checked=164393 refined=6400
[Timing] coarse=602us fine=2724us merge=787us sort=5us map=1us TOTAL=4163us
[Stats] checked=177700 refined=6400
[Timing] coarse=553us fine=2801us merge=854us sort=5us map=1us TOTAL=4256us
[Stats] checked=166070 refined=6400
[Timing] coarse=621us fine=2786us merge=726us sort=5us map=0us TOTAL=4190us
[Stats] checked=186278 refined=6400
[Timing] coarse=652us fine=3395us merge=812us sort=5us map=1us TOTAL=4963us
[Stats] checked=184590 refined=6400
[Timing] coarse=590us fine=2820us merge=806us sort=5us map=1us TOTAL=4269us
[Stats] checked=173424 refined=6400
[Timing] coarse=614us fine=2652us merge=975us sort=6us map=1us TOTAL=4288us
[Stats] checked=168443 refined=6400
[Timing] coarse=583us fine=2662us merge=745us sort=6us map=1us TOTAL=4037us
[Stats] checked=168602 refined=6400
[Timing] coarse=576us fine=2543us merge=825us sort=5us map=1us TOTAL=3985us
[Stats] checked=164132 refined=6400
[Timing] coarse=610us fine=2490us merge=694us sort=5us map=1us TOTAL=3851us
[Stats] checked=158274 refined=6400
[Timing] coarse=645us fine=2573us merge=865us sort=7us map=0us TOTAL=4131us
[Stats] checked=184867 refined=6400
[Timing] coarse=730us fine=2722us merge=818us sort=5us map=1us TOTAL=4318us
[Stats] checked=168519 refined=6400
Processed 50 queries[Timing] coarse=633us fine=2731us merge=714us sort=5us map=0us TOTAL=4125us
[Stats] checked=171844 refined=6400
[Timing] coarse=569us fine=2444us merge=664us sort=5us map=0us TOTAL=3728us
[Stats] checked=191221 refined=6400
[Timing] coarse=589us fine=2754us merge=686us sort=5us map=1us TOTAL=4072us
[Stats] checked=189886 refined=6400
[Timing] coarse=566us fine=2755us merge=761us sort=5us map=1us TOTAL=4125us
[Stats] checked=196454 refined=6400
[Timing] coarse=565us fine=2392us merge=657us sort=5us map=0us TOTAL=3660us
[Stats] checked=170075 refined=6400
[Timing] coarse=468us fine=2360us merge=760us sort=5us map=0us TOTAL=3627us
[Stats] checked=183228 refined=6400
[Timing] coarse=536us fine=2630us merge=766us sort=5us map=1us TOTAL=3986us
[Stats] checked=171431 refined=6400
[Timing] coarse=720us fine=2634us merge=693us sort=5us map=0us TOTAL=4101us
[Stats] checked=154370 refined=6400
[Timing] coarse=574us fine=2234us merge=606us sort=5us map=0us TOTAL=3453us
[Stats] checked=185957 refined=6400
[Timing] coarse=689us fine=3527us merge=1074us sort=5us map=1us TOTAL=5342us
[Stats] checked=169601 refined=6400
[Timing] coarse=700us fine=3153us merge=969us sort=5us map=0us TOTAL=4936us
[Stats] checked=159710 refined=6400
[Timing] coarse=544us fine=2673us merge=801us sort=5us map=1us TOTAL=4060us
[Stats] checked=162562 refined=6400
[Timing] coarse=741us fine=2616us merge=693us sort=5us map=0us TOTAL=4095us
[Stats] checked=170892 refined=6400
[Timing] coarse=576us fine=3122us merge=1039us sort=5us map=1us TOTAL=4786us
[Stats] checked=169066 refined=6400
[Timing] coarse=866us fine=2917us merge=927us sort=5us map=1us TOTAL=4754us
[Stats] checked=166100 refined=6400
[Timing] coarse=488us fine=2271us merge=717us sort=5us map=0us TOTAL=3509us
[Stats] checked=178365 refined=6400
[Timing] coarse=514us fine=2384us merge=666us sort=5us map=0us TOTAL=3604us
[Stats] checked=182156 refined=6400
[Timing] coarse=519us fine=2169us merge=707us sort=4us map=0us TOTAL=3432us
[Stats] checked=157941 refined=6400
[Timing] coarse=409us fine=2435us merge=600us sort=4us map=0us TOTAL=3487us
[Stats] checked=175663 refined=6400
[Timing] coarse=401us fine=2297us merge=686us sort=5us map=0us TOTAL=3411us
[Stats] checked=164859 refined=6400
[Timing] coarse=561us fine=2402us merge=660us sort=5us map=0us TOTAL=3669us
[Stats] checked=197347 refined=6400
[Timing] coarse=476us fine=2192us merge=633us sort=5us map=0us TOTAL=3336us
[Stats] checked=183291 refined=6400
[Timing] coarse=484us fine=2150us merge=645us sort=5us map=0us TOTAL=3314us
[Stats] checked=187056 refined=6400
[Timing] coarse=439us fine=2615us merge=663us sort=5us map=0us TOTAL=3750us
[Stats] checked=161338 refined=6400
[Timing] coarse=486us fine=2132us merge=662us sort=5us map=0us TOTAL=3320us
[Stats] checked=165104 refined=6400
[Timing] coarse=380us fine=2196us merge=611us sort=5us map=0us TOTAL=3213us
[Stats] checked=185613 refined=6400
[Timing] coarse=357us fine=2260us merge=598us sort=5us map=0us TOTAL=3240us
[Stats] checked=199114 refined=6400
[Timing] coarse=334us fine=2307us merge=672us sort=5us map=0us TOTAL=3340us
[Stats] checked=165802 refined=6400
[Timing] coarse=411us fine=2173us merge=655us sort=5us map=0us TOTAL=3272us
[Stats] checked=183355 refined=6400
[Timing] coarse=565us fine=2460us merge=676us sort=5us map=0us TOTAL=3745us
[Stats] checked=193086 refined=6400
[Timing] coarse=562us fine=2426us merge=667us sort=5us map=0us TOTAL=3696us
[Stats] checked=183360 refined=6400
[Timing] coarse=669us fine=2292us merge=692us sort=6us map=0us TOTAL=3698us
[Stats] checked=166793 refined=6400
[Timing] coarse=462us fine=2311us merge=656us sort=4us map=0us TOTAL=3466us
[Stats] checked=177661 refined=6400
[Timing] coarse=662us fine=2615us merge=666us sort=5us map=0us TOTAL=3990us
[Stats] checked=173222 refined=6400
[Timing] coarse=515us fine=2278us merge=758us sort=5us map=0us TOTAL=3590us
[Stats] checked=191238 refined=6400
[Timing] coarse=478us fine=2224us merge=647us sort=5us map=1us TOTAL=3385us
[Stats] checked=157653 refined=6400
[Timing] coarse=427us fine=2476us merge=825us sort=5us map=0us TOTAL=3758us
[Stats] checked=168323 refined=6400
[Timing] coarse=615us fine=2260us merge=841us sort=7us map=1us TOTAL=3770us
[Stats] checked=176844 refined=6400
[Timing] coarse=500us fine=2608us merge=747us sort=5us map=0us TOTAL=3892us
[Stats] checked=181202 refined=6400
[Timing] coarse=581us fine=2513us merge=721us sort=5us map=1us TOTAL=3863us
[Stats] checked=184852 refined=6400
[Timing] coarse=592us fine=2449us merge=678us sort=5us map=0us TOTAL=3767us
[Stats] checked=169992 refined=6400
[Timing] coarse=488us fine=2377us merge=907us sort=5us map=0us TOTAL=3807us
[Stats] checked=186147 refined=6400
[Timing] coarse=486us fine=3179us merge=739us sort=5us map=1us TOTAL=4442us
[Stats] checked=188725 refined=6400
[Timing] coarse=542us fine=2457us merge=688us sort=5us map=0us TOTAL=3725us
[Stats] checked=158979 refined=6400
[Timing] coarse=524us fine=2525us merge=728us sort=5us map=1us TOTAL=3827us
[Stats] checked=168649 refined=6400
[Timing] coarse=641us fine=2574us merge=727us sort=5us map=1us TOTAL=3980us
[Stats] checked=178375 refined=6400
[Timing] coarse=537us fine=2742us merge=816us sort=5us map=0us TOTAL=4162us
[Stats] checked=167879 refined=6400
[Timing] coarse=557us fine=2378us merge=640us sort=5us map=1us TOTAL=3617us
[Stats] checked=189341 refined=6400
[Timing] coarse=620us fine=2277us merge=675us sort=5us map=0us TOTAL=3616us
[Stats] checked=216504 refined=6400
[Timing] coarse=578us fine=2333us merge=690us sort=5us map=1us TOTAL=3651us
[Stats] checked=181352 refined=6400
Processed 100 queries[Timing] coarse=500us fine=2312us merge=723us sort=5us map=0us TOTAL=3571us
[Stats] checked=169220 refined=6400
[Timing] coarse=653us fine=2389us merge=643us sort=5us map=0us TOTAL=3734us
[Stats] checked=171345 refined=6400
[Timing] coarse=453us fine=2253us merge=646us sort=5us map=0us TOTAL=3384us
[Stats] checked=191513 refined=6400
[Timing] coarse=588us fine=2133us merge=636us sort=5us map=0us TOTAL=3399us
[Stats] checked=162601 refined=6400
[Timing] coarse=507us fine=2218us merge=630us sort=4us map=0us TOTAL=3393us
[Stats] checked=201247 refined=6400
[Timing] coarse=466us fine=2078us merge=624us sort=5us map=0us TOTAL=3202us
[Stats] checked=177485 refined=6400
[Timing] coarse=443us fine=2090us merge=796us sort=4us map=0us TOTAL=3361us
[Stats] checked=184258 refined=6400
[Timing] coarse=509us fine=2285us merge=693us sort=5us map=0us TOTAL=3526us
[Stats] checked=160271 refined=6400
[Timing] coarse=537us fine=2188us merge=625us sort=5us map=0us TOTAL=3396us
[Stats] checked=194958 refined=6400
[Timing] coarse=413us fine=2310us merge=1141us sort=6us map=1us TOTAL=3897us
[Stats] checked=157717 refined=6400
[Timing] coarse=411us fine=2635us merge=652us sort=5us map=1us TOTAL=3729us
[Stats] checked=175488 refined=6400
[Timing] coarse=376us fine=2162us merge=642us sort=4us map=1us TOTAL=3210us
[Stats] checked=207569 refined=6400
[Timing] coarse=384us fine=2055us merge=615us sort=4us map=0us TOTAL=3082us
[Stats] checked=166730 refined=6400
[Timing] coarse=433us fine=2249us merge=641us sort=5us map=0us TOTAL=3355us
[Stats] checked=212244 refined=6400
[Timing] coarse=529us fine=2600us merge=654us sort=5us map=0us TOTAL=3823us
[Stats] checked=173387 refined=6400
[Timing] coarse=489us fine=2233us merge=606us sort=5us map=0us TOTAL=3366us
[Stats] checked=181461 refined=6400
[Timing] coarse=430us fine=2107us merge=628us sort=5us map=0us TOTAL=3194us
[Stats] checked=191001 refined=6400
[Timing] coarse=355us fine=2430us merge=610us sort=4us map=0us TOTAL=3422us
[Stats] checked=182806 refined=6400
[Timing] coarse=277us fine=2214us merge=601us sort=5us map=0us TOTAL=3117us
[Stats] checked=182736 refined=6400
[Timing] coarse=349us fine=2186us merge=640us sort=4us map=0us TOTAL=3203us
[Stats] checked=194608 refined=6400
[Timing] coarse=412us fine=2220us merge=639us sort=5us map=0us TOTAL=3301us
[Stats] checked=220615 refined=6400
[Timing] coarse=296us fine=2130us merge=631us sort=5us map=0us TOTAL=3080us
[Stats] checked=185792 refined=6400
[Timing] coarse=534us fine=2165us merge=713us sort=5us map=0us TOTAL=3447us
[Stats] checked=189854 refined=6400
[Timing] coarse=417us fine=2468us merge=763us sort=5us map=0us TOTAL=3678us
[Stats] checked=177011 refined=6400
[Timing] coarse=598us fine=2337us merge=658us sort=4us map=0us TOTAL=3641us
[Stats] checked=183621 refined=6400
[Timing] coarse=477us fine=2377us merge=640us sort=4us map=0us TOTAL=3528us
[Stats] checked=177670 refined=6400
[Timing] coarse=404us fine=2193us merge=725us sort=5us map=0us TOTAL=3350us
[Stats] checked=161484 refined=6400
[Timing] coarse=488us fine=2240us merge=629us sort=5us map=0us TOTAL=3409us
[Stats] checked=194676 refined=6400
[Timing] coarse=472us fine=2282us merge=611us sort=5us map=0us TOTAL=3402us
[Stats] checked=177419 refined=6400
[Timing] coarse=435us fine=2539us merge=581us sort=5us map=0us TOTAL=3585us
[Stats] checked=207914 refined=6400
[Timing] coarse=379us fine=2110us merge=609us sort=4us map=0us TOTAL=3124us
[Stats] checked=182933 refined=6400
[Timing] coarse=495us fine=2270us merge=665us sort=5us map=0us TOTAL=3474us
[Stats] checked=164471 refined=6400
[Timing] coarse=526us fine=2229us merge=789us sort=9us map=1us TOTAL=3590us
[Stats] checked=165451 refined=6400
[Timing] coarse=772us fine=2393us merge=807us sort=4us map=0us TOTAL=4025us
[Stats] checked=175347 refined=6400
[Timing] coarse=705us fine=2186us merge=668us sort=5us map=0us TOTAL=3632us
[Stats] checked=179763 refined=6400
[Timing] coarse=488us fine=2149us merge=664us sort=4us map=0us TOTAL=3333us
[Stats] checked=157415 refined=6400
[Timing] coarse=449us fine=2415us merge=668us sort=5us map=0us TOTAL=3563us
[Stats] checked=182535 refined=6400
[Timing] coarse=383us fine=2297us merge=610us sort=5us map=0us TOTAL=3320us
[Stats] checked=191864 refined=6400
[Timing] coarse=441us fine=2308us merge=655us sort=5us map=1us TOTAL=3441us
[Stats] checked=167141 refined=6400
[Timing] coarse=462us fine=2254us merge=667us sort=4us map=0us TOTAL=3421us
[Stats] checked=190708 refined=6400
[Timing] coarse=452us fine=2245us merge=616us sort=5us map=0us TOTAL=3343us
[Stats] checked=200917 refined=6400
[Timing] coarse=436us fine=2163us merge=625us sort=5us map=0us TOTAL=3256us
[Stats] checked=165019 refined=6400
[Timing] coarse=377us fine=2219us merge=632us sort=5us map=0us TOTAL=3257us
[Stats] checked=167070 refined=6400
[Timing] coarse=541us fine=2113us merge=596us sort=5us map=0us TOTAL=3294us
[Stats] checked=202713 refined=6400
[Timing] coarse=540us fine=2065us merge=620us sort=5us map=0us TOTAL=3260us
[Stats] checked=191754 refined=6400
[Timing] coarse=470us fine=2349us merge=723us sort=5us map=0us TOTAL=3580us
[Stats] checked=161398 refined=6400
[Timing] coarse=515us fine=2066us merge=652us sort=5us map=0us TOTAL=3268us
[Stats] checked=187151 refined=6400
[Timing] coarse=626us fine=2256us merge=651us sort=5us map=0us TOTAL=3578us
[Stats] checked=179939 refined=6400
[Timing] coarse=442us fine=2243us merge=822us sort=5us map=0us TOTAL=3540us
[Stats] checked=188572 refined=6400
[Timing] coarse=605us fine=2261us merge=662us sort=5us map=1us TOTAL=3577us
[Stats] checked=165345 refined=6400
Processed 150 queries[Timing] coarse=417us fine=2184us merge=669us sort=5us map=0us TOTAL=3297us
[Stats] checked=177173 refined=6400
[Timing] coarse=407us fine=2275us merge=668us sort=5us map=0us TOTAL=3377us
[Stats] checked=199286 refined=6400
[Timing] coarse=352us fine=2300us merge=637us sort=4us map=0us TOTAL=3317us
[Stats] checked=175112 refined=6400
[Timing] coarse=507us fine=2411us merge=650us sort=4us map=0us TOTAL=3612us
[Stats] checked=190408 refined=6400
[Timing] coarse=511us fine=2046us merge=638us sort=5us map=0us TOTAL=3232us
[Stats] checked=180087 refined=6400
[Timing] coarse=491us fine=2155us merge=726us sort=5us map=0us TOTAL=3407us
[Stats] checked=177180 refined=6400
[Timing] coarse=428us fine=2092us merge=653us sort=5us map=0us TOTAL=3205us
[Stats] checked=175499 refined=6400
[Timing] coarse=385us fine=2697us merge=770us sort=5us map=1us TOTAL=3882us
[Stats] checked=181769 refined=6400
[Timing] coarse=402us fine=2213us merge=625us sort=5us map=0us TOTAL=3269us
[Stats] checked=185868 refined=6400
[Timing] coarse=379us fine=2121us merge=637us sort=5us map=0us TOTAL=3160us
[Stats] checked=202530 refined=6400
[Timing] coarse=504us fine=2099us merge=609us sort=4us map=0us TOTAL=3243us
[Stats] checked=183431 refined=6400
[Timing] coarse=378us fine=2238us merge=731us sort=5us map=0us TOTAL=3374us
[Stats] checked=173150 refined=6400
[Timing] coarse=460us fine=2104us merge=677us sort=5us map=0us TOTAL=3279us
[Stats] checked=175057 refined=6400
[Timing] coarse=480us fine=2436us merge=618us sort=5us map=0us TOTAL=3585us
[Stats] checked=189023 refined=6400
[Timing] coarse=450us fine=2248us merge=648us sort=4us map=0us TOTAL=3380us
[Stats] checked=174342 refined=6400
[Timing] coarse=289us fine=2211us merge=623us sort=4us map=0us TOTAL=3149us
[Stats] checked=176844 refined=6400
[Timing] coarse=321us fine=2118us merge=678us sort=4us map=0us TOTAL=3141us
[Stats] checked=190835 refined=6400
[Timing] coarse=298us fine=2095us merge=609us sort=5us map=0us TOTAL=3028us
[Stats] checked=175919 refined=6400
[Timing] coarse=307us fine=2119us merge=665us sort=5us map=0us TOTAL=3115us
[Stats] checked=164268 refined=6400
[Timing] coarse=293us fine=2189us merge=715us sort=5us map=0us TOTAL=3220us
[Stats] checked=158043 refined=6400
[Timing] coarse=354us fine=2144us merge=644us sort=4us map=0us TOTAL=3167us
[Stats] checked=164893 refined=6400
[Timing] coarse=369us fine=2213us merge=613us sort=5us map=0us TOTAL=3220us
[Stats] checked=158672 refined=6400
[Timing] coarse=342us fine=2338us merge=624us sort=4us map=0us TOTAL=3326us
[Stats] checked=159282 refined=6400
[Timing] coarse=316us fine=2074us merge=585us sort=4us map=0us TOTAL=2998us
[Stats] checked=191023 refined=6400
[Timing] coarse=309us fine=2234us merge=668us sort=5us map=1us TOTAL=3237us
[Stats] checked=199384 refined=6400
[Timing] coarse=361us fine=2119us merge=619us sort=5us map=0us TOTAL=3123us
[Stats] checked=181398 refined=6400
[Timing] coarse=319us fine=2064us merge=582us sort=4us map=0us TOTAL=3008us
[Stats] checked=177092 refined=6400
[Timing] coarse=485us fine=2317us merge=601us sort=5us map=0us TOTAL=3432us
[Stats] checked=184812 refined=6400
[Timing] coarse=346us fine=2402us merge=731us sort=5us map=0us TOTAL=3504us
[Stats] checked=154662 refined=6400
[Timing] coarse=359us fine=2194us merge=714us sort=5us map=0us TOTAL=3292us
[Stats] checked=178928 refined=6400
[Timing] coarse=439us fine=2117us merge=711us sort=5us map=0us TOTAL=3296us
[Stats] checked=163816 refined=6400
[Timing] coarse=466us fine=2032us merge=660us sort=5us map=0us TOTAL=3192us
[Stats] checked=181089 refined=6400
[Timing] coarse=584us fine=2503us merge=641us sort=4us map=0us TOTAL=3789us
[Stats] checked=185328 refined=6400
[Timing] coarse=388us fine=2281us merge=653us sort=4us map=0us TOTAL=3351us
[Stats] checked=197061 refined=6400
[Timing] coarse=453us fine=2393us merge=634us sort=4us map=0us TOTAL=3512us
[Stats] checked=164539 refined=6400
[Timing] coarse=391us fine=2451us merge=696us sort=5us map=1us TOTAL=3569us
[Stats] checked=177581 refined=6400
[Timing] coarse=475us fine=2335us merge=635us sort=4us map=0us TOTAL=3481us
[Stats] checked=218648 refined=6400
[Timing] coarse=462us fine=2113us merge=603us sort=5us map=0us TOTAL=3209us
[Stats] checked=173528 refined=6400
[Timing] coarse=431us fine=2009us merge=586us sort=5us map=0us TOTAL=3055us
[Stats] checked=172323 refined=6400
[Timing] coarse=405us fine=2310us merge=615us sort=5us map=0us TOTAL=3359us
[Stats] checked=171686 refined=6400
[Timing] coarse=449us fine=2051us merge=669us sort=4us map=0us TOTAL=3201us
[Stats] checked=182866 refined=6400
[Timing] coarse=383us fine=2558us merge=749us sort=5us map=1us TOTAL=3721us
[Stats] checked=194508 refined=6400
[Timing] coarse=417us fine=2191us merge=633us sort=4us map=0us TOTAL=3275us
[Stats] checked=163985 refined=6400
[Timing] coarse=476us fine=2066us merge=605us sort=5us map=0us TOTAL=3181us
[Stats] checked=186991 refined=6400
[Timing] coarse=305us fine=2450us merge=699us sort=4us map=0us TOTAL=3476us
[Stats] checked=177197 refined=6400
[Timing] coarse=338us fine=2109us merge=660us sort=4us map=0us TOTAL=3133us
[Stats] checked=172854 refined=6400
[Timing] coarse=362us fine=2102us merge=616us sort=5us map=0us TOTAL=3107us
[Stats] checked=172832 refined=6400
[Timing] coarse=346us fine=2096us merge=613us sort=4us map=0us TOTAL=3081us
[Stats] checked=176837 refined=6400
[Timing] coarse=342us fine=2321us merge=761us sort=5us map=0us TOTAL=3451us
[Stats] checked=157626 refined=6400
[Timing] coarse=386us fine=2347us merge=635us sort=4us map=0us TOTAL=3396us
[Stats] checked=199064 refined=6400
Processed 200 queries[Timing] coarse=828us fine=5601us merge=845us sort=5us map=1us TOTAL=7329us
[Stats] checked=159684 refined=6400
[Timing] coarse=544us fine=3164us merge=885us sort=5us map=1us TOTAL=4642us
[Stats] checked=172000 refined=6400
[Timing] coarse=569us fine=2673us merge=905us sort=5us map=0us TOTAL=4190us
[Stats] checked=204861 refined=6400
[Timing] coarse=545us fine=2815us merge=653us sort=5us map=0us TOTAL=4051us
[Stats] checked=194413 refined=6400
[Timing] coarse=525us fine=2598us merge=731us sort=5us map=1us TOTAL=3892us
[Stats] checked=186820 refined=6400
[Timing] coarse=1044us fine=2772us merge=841us sort=5us map=1us TOTAL=4708us
[Stats] checked=165659 refined=6400
[Timing] coarse=600us fine=2493us merge=739us sort=4us map=1us TOTAL=3880us
[Stats] checked=165734 refined=6400
[Timing] coarse=556us fine=2324us merge=771us sort=5us map=0us TOTAL=3689us
[Stats] checked=208942 refined=6400
[Timing] coarse=559us fine=3101us merge=1097us sort=26us map=1us TOTAL=4827us
[Stats] checked=185979 refined=6400
[Timing] coarse=693us fine=3285us merge=1172us sort=10us map=0us TOTAL=5198us
[Stats] checked=171985 refined=6400
[Timing] coarse=498us fine=2280us merge=795us sort=5us map=0us TOTAL=3607us
[Stats] checked=188839 refined=6400
[Timing] coarse=594us fine=2895us merge=766us sort=5us map=1us TOTAL=4303us
[Stats] checked=179739 refined=6400
[Timing] coarse=754us fine=2240us merge=655us sort=5us map=0us TOTAL=3684us
[Stats] checked=188541 refined=6400
[Timing] coarse=537us fine=2172us merge=802us sort=5us map=1us TOTAL=3554us
[Stats] checked=171662 refined=6400
[Timing] coarse=510us fine=2554us merge=622us sort=4us map=0us TOTAL=3728us
[Stats] checked=192042 refined=6400
[Timing] coarse=498us fine=2175us merge=611us sort=5us map=0us TOTAL=3318us
[Stats] checked=172412 refined=6400
[Timing] coarse=483us fine=2126us merge=624us sort=4us map=0us TOTAL=3273us
[Stats] checked=182252 refined=6400
[Timing] coarse=395us fine=2833us merge=634us sort=5us map=0us TOTAL=3889us
[Stats] checked=164863 refined=6400
[Timing] coarse=498us fine=2325us merge=621us sort=5us map=0us TOTAL=3482us
[Stats] checked=163973 refined=6400
[Timing] coarse=492us fine=2107us merge=646us sort=4us map=0us TOTAL=3281us
[Stats] checked=178679 refined=6400
[Timing] coarse=376us fine=2110us merge=602us sort=5us map=0us TOTAL=3116us
[Stats] checked=186178 refined=6400
[Timing] coarse=608us fine=2263us merge=664us sort=5us map=1us TOTAL=3579us
[Stats] checked=176871 refined=6400
[Timing] coarse=448us fine=2080us merge=746us sort=5us map=0us TOTAL=3307us
[Stats] checked=166149 refined=6400
[Timing] coarse=415us fine=2179us merge=615us sort=5us map=0us TOTAL=3239us
[Stats] checked=170993 refined=6400
[Timing] coarse=376us fine=2084us merge=602us sort=5us map=0us TOTAL=3092us
[Stats] checked=166924 refined=6400
[Timing] coarse=418us fine=2164us merge=592us sort=5us map=0us TOTAL=3206us
[Stats] checked=182868 refined=6400
[Timing] coarse=317us fine=2627us merge=693us sort=5us map=0us TOTAL=3661us
[Stats] checked=176296 refined=6400
[Timing] coarse=354us fine=2220us merge=662us sort=5us map=0us TOTAL=3267us
[Stats] checked=186808 refined=6400
[Timing] coarse=561us fine=1985us merge=626us sort=4us map=0us TOTAL=3206us
[Stats] checked=159541 refined=6400
[Timing] coarse=355us fine=2133us merge=678us sort=5us map=0us TOTAL=3193us
[Stats] checked=174841 refined=6400
[Timing] coarse=500us fine=2206us merge=610us sort=5us map=0us TOTAL=3356us
[Stats] checked=189169 refined=6400
[Timing] coarse=412us fine=2125us merge=701us sort=5us map=1us TOTAL=3269us
[Stats] checked=177530 refined=6400
[Timing] coarse=386us fine=2188us merge=597us sort=5us map=0us TOTAL=3204us
[Stats] checked=177548 refined=6400
[Timing] coarse=443us fine=2137us merge=635us sort=4us map=0us TOTAL=3252us
[Stats] checked=179278 refined=6400
[Timing] coarse=503us fine=2320us merge=768us sort=5us map=0us TOTAL=3626us
[Stats] checked=158899 refined=6400
[Timing] coarse=457us fine=2573us merge=707us sort=5us map=1us TOTAL=3772us
[Stats] checked=187505 refined=6400
[Timing] coarse=439us fine=2288us merge=708us sort=5us map=0us TOTAL=3468us
[Stats] checked=163315 refined=6400
[Timing] coarse=585us fine=2559us merge=821us sort=9us map=0us TOTAL=4018us
[Stats] checked=196837 refined=6400
[Timing] coarse=503us fine=2324us merge=730us sort=5us map=0us TOTAL=3592us
[Stats] checked=168958 refined=6400
[Timing] coarse=424us fine=2805us merge=1039us sort=8us map=1us TOTAL=4301us
[Stats] checked=172181 refined=6400
[Timing] coarse=701us fine=2496us merge=624us sort=5us map=0us TOTAL=3871us
[Stats] checked=198931 refined=6400
[Timing] coarse=539us fine=2415us merge=685us sort=5us map=1us TOTAL=3684us
[Stats] checked=196837 refined=6400
[Timing] coarse=388us fine=2105us merge=642us sort=5us map=0us TOTAL=3165us
[Stats] checked=171885 refined=6400
[Timing] coarse=482us fine=2374us merge=704us sort=5us map=0us TOTAL=3601us
[Stats] checked=170622 refined=6400
[Timing] coarse=557us fine=2440us merge=625us sort=5us map=0us TOTAL=3668us
[Stats] checked=191842 refined=6400
[Timing] coarse=356us fine=2196us merge=640us sort=4us map=0us TOTAL=3217us
[Stats] checked=209892 refined=6400
[Timing] coarse=453us fine=2298us merge=666us sort=4us map=0us TOTAL=3454us
[Stats] checked=168330 refined=6400
[Timing] coarse=352us fine=2410us merge=686us sort=5us map=0us TOTAL=3475us
[Stats] checked=166633 refined=6400
[Timing] coarse=427us fine=2209us merge=643us sort=5us map=0us TOTAL=3311us
[Stats] checked=177813 refined=6400
[Timing] coarse=496us fine=2317us merge=671us sort=6us map=0us TOTAL=3523us
[Stats] checked=183308 refined=6400
Processed 250 queries[Timing] coarse=384us fine=2276us merge=972us sort=6us map=0us TOTAL=3661us
[Stats] checked=187151 refined=6400
[Timing] coarse=450us fine=2493us merge=749us sort=5us map=1us TOTAL=3726us
[Stats] checked=178786 refined=6400
[Timing] coarse=660us fine=2350us merge=701us sort=5us map=0us TOTAL=3756us
[Stats] checked=181311 refined=6400
[Timing] coarse=477us fine=2354us merge=852us sort=5us map=1us TOTAL=3715us
[Stats] checked=176284 refined=6400
[Timing] coarse=486us fine=2289us merge=980us sort=35us map=1us TOTAL=3826us
[Stats] checked=166632 refined=6400
[Timing] coarse=606us fine=2522us merge=1000us sort=6us map=0us TOTAL=4174us
[Stats] checked=188554 refined=6400
[Timing] coarse=531us fine=2422us merge=653us sort=5us map=0us TOTAL=3694us
[Stats] checked=165511 refined=6400
[Timing] coarse=591us fine=2575us merge=702us sort=5us map=0us TOTAL=3912us
[Stats] checked=189943 refined=6400
[Timing] coarse=614us fine=3053us merge=702us sort=5us map=0us TOTAL=4416us
[Stats] checked=191718 refined=6400
[Timing] coarse=463us fine=2277us merge=611us sort=5us map=0us TOTAL=3386us
[Stats] checked=196720 refined=6400
[Timing] coarse=442us fine=2226us merge=742us sort=4us map=0us TOTAL=3442us
[Stats] checked=166638 refined=6400
[Timing] coarse=377us fine=3039us merge=722us sort=5us map=0us TOTAL=4170us
[Stats] checked=172706 refined=6400
[Timing] coarse=563us fine=2418us merge=941us sort=5us map=1us TOTAL=3967us
[Stats] checked=159735 refined=6400
[Timing] coarse=501us fine=2495us merge=707us sort=27us map=2us TOTAL=3764us
[Stats] checked=182800 refined=6400
[Timing] coarse=459us fine=2549us merge=823us sort=5us map=0us TOTAL=3867us
[Stats] checked=181332 refined=6400
[Timing] coarse=417us fine=2333us merge=685us sort=4us map=1us TOTAL=3471us
[Stats] checked=182653 refined=6400
[Timing] coarse=542us fine=2193us merge=828us sort=5us map=0us TOTAL=3604us
[Stats] checked=155578 refined=6400
[Timing] coarse=513us fine=2480us merge=687us sort=5us map=0us TOTAL=3771us
[Stats] checked=185065 refined=6400
[Timing] coarse=545us fine=2415us merge=677us sort=5us map=0us TOTAL=3676us
[Stats] checked=181485 refined=6400
[Timing] coarse=429us fine=2137us merge=788us sort=5us map=1us TOTAL=3390us
[Stats] checked=183417 refined=6400
[Timing] coarse=451us fine=2342us merge=717us sort=5us map=0us TOTAL=3545us
[Stats] checked=166611 refined=6400
[Timing] coarse=570us fine=2438us merge=643us sort=5us map=0us TOTAL=3695us
[Stats] checked=181864 refined=6400
[Timing] coarse=556us fine=2614us merge=809us sort=6us map=2us TOTAL=4024us
[Stats] checked=172832 refined=6400
[Timing] coarse=613us fine=2206us merge=627us sort=5us map=1us TOTAL=3496us
[Stats] checked=171469 refined=6400
[Timing] coarse=440us fine=2248us merge=621us sort=5us map=0us TOTAL=3344us
[Stats] checked=175218 refined=6400
[Timing] coarse=533us fine=2602us merge=643us sort=5us map=0us TOTAL=3821us
[Stats] checked=200894 refined=6400
[Timing] coarse=530us fine=2300us merge=672us sort=5us map=0us TOTAL=3539us
[Stats] checked=185600 refined=6400
[Timing] coarse=600us fine=2576us merge=666us sort=5us map=0us TOTAL=3928us
[Stats] checked=162014 refined=6400
[Timing] coarse=614us fine=2224us merge=662us sort=5us map=0us TOTAL=3545us
[Stats] checked=208131 refined=6400
[Timing] coarse=477us fine=2238us merge=665us sort=5us map=0us TOTAL=3415us
[Stats] checked=167264 refined=6400
[Timing] coarse=405us fine=2459us merge=738us sort=5us map=1us TOTAL=3637us
[Stats] checked=153572 refined=6400
[Timing] coarse=533us fine=2121us merge=700us sort=5us map=0us TOTAL=3395us
[Stats] checked=172670 refined=6400
[Timing] coarse=528us fine=2361us merge=709us sort=5us map=1us TOTAL=3640us
[Stats] checked=172382 refined=6400
[Timing] coarse=451us fine=2087us merge=760us sort=5us map=0us TOTAL=3336us
[Stats] checked=169825 refined=6400
[Timing] coarse=598us fine=2748us merge=704us sort=5us map=0us TOTAL=4107us
[Stats] checked=191470 refined=6400
[Timing] coarse=524us fine=2246us merge=653us sort=5us map=1us TOTAL=3469us
[Stats] checked=202227 refined=6400
[Timing] coarse=481us fine=2269us merge=649us sort=5us map=0us TOTAL=3439us
[Stats] checked=160374 refined=6400
[Timing] coarse=514us fine=2373us merge=659us sort=5us map=0us TOTAL=3581us
[Stats] checked=157024 refined=6400
[Timing] coarse=508us fine=2180us merge=685us sort=6us map=0us TOTAL=3411us
[Stats] checked=185399 refined=6400
[Timing] coarse=455us fine=2302us merge=675us sort=5us map=0us TOTAL=3468us
[Stats] checked=165348 refined=6400
[Timing] coarse=413us fine=2617us merge=780us sort=5us map=0us TOTAL=3842us
[Stats] checked=178827 refined=6400
[Timing] coarse=559us fine=2466us merge=657us sort=5us map=0us TOTAL=3730us
[Stats] checked=198188 refined=6400
[Timing] coarse=504us fine=2657us merge=665us sort=5us map=0us TOTAL=3866us
[Stats] checked=185020 refined=6400
[Timing] coarse=446us fine=2352us merge=757us sort=5us map=1us TOTAL=3590us
[Stats] checked=177502 refined=6400
[Timing] coarse=615us fine=2463us merge=705us sort=5us map=0us TOTAL=3826us
[Stats] checked=167330 refined=6400
[Timing] coarse=533us fine=2192us merge=676us sort=5us map=0us TOTAL=3440us
[Stats] checked=172313 refined=6400
[Timing] coarse=540us fine=2373us merge=666us sort=5us map=0us TOTAL=3620us
[Stats] checked=171616 refined=6400
[Timing] coarse=472us fine=2586us merge=656us sort=5us map=0us TOTAL=3747us
[Stats] checked=173046 refined=6400
[Timing] coarse=517us fine=2466us merge=676us sort=5us map=1us TOTAL=3707us
[Stats] checked=161091 refined=6400
[Timing] coarse=543us fine=2276us merge=681us sort=5us map=1us TOTAL=3541us
[Stats] checked=160848 refined=6400
Processed 300 queries[Timing] coarse=538us fine=2338us merge=861us sort=5us map=0us TOTAL=3779us
[Stats] checked=160584 refined=6400
[Timing] coarse=551us fine=2307us merge=845us sort=5us map=0us TOTAL=3743us
[Stats] checked=164943 refined=6400
[Timing] coarse=464us fine=2290us merge=678us sort=5us map=0us TOTAL=3466us
[Stats] checked=170807 refined=6400
[Timing] coarse=624us fine=2342us merge=650us sort=5us map=1us TOTAL=3660us
[Stats] checked=173677 refined=6400
[Timing] coarse=490us fine=2539us merge=689us sort=5us map=1us TOTAL=3757us
[Stats] checked=159701 refined=6400
[Timing] coarse=630us fine=2276us merge=669us sort=5us map=0us TOTAL=3622us
[Stats] checked=164562 refined=6400
[Timing] coarse=429us fine=2356us merge=692us sort=5us map=0us TOTAL=3510us
[Stats] checked=161498 refined=6400
[Timing] coarse=596us fine=2421us merge=875us sort=5us map=0us TOTAL=3939us
[Stats] checked=181312 refined=6400
[Timing] coarse=591us fine=2393us merge=672us sort=5us map=0us TOTAL=3705us
[Stats] checked=171391 refined=6400
[Timing] coarse=566us fine=2500us merge=736us sort=5us map=0us TOTAL=3849us
[Stats] checked=158671 refined=6400
[Timing] coarse=497us fine=2313us merge=698us sort=5us map=0us TOTAL=3543us
[Stats] checked=171694 refined=6400
[Timing] coarse=816us fine=2606us merge=681us sort=5us map=0us TOTAL=4145us
[Stats] checked=180489 refined=6400
[Timing] coarse=533us fine=2364us merge=789us sort=5us map=0us TOTAL=3744us
[Stats] checked=162080 refined=6400
[Timing] coarse=489us fine=2461us merge=785us sort=5us map=1us TOTAL=3772us
[Stats] checked=159878 refined=6400
[Timing] coarse=593us fine=2800us merge=796us sort=5us map=1us TOTAL=4355us
[Stats] checked=187095 refined=6400
[Timing] coarse=584us fine=2367us merge=937us sort=8us map=0us TOTAL=3929us
[Stats] checked=182929 refined=6400
[Timing] coarse=654us fine=2523us merge=761us sort=5us map=0us TOTAL=4003us
[Stats] checked=161605 refined=6400
[Timing] coarse=538us fine=2394us merge=793us sort=5us map=0us TOTAL=3780us
[Stats] checked=178606 refined=6400
[Timing] coarse=618us fine=2588us merge=851us sort=5us map=1us TOTAL=4110us
[Stats] checked=156958 refined=6400
[Timing] coarse=563us fine=2569us merge=685us sort=5us map=0us TOTAL=3877us
[Stats] checked=172989 refined=6400
[Timing] coarse=576us fine=2197us merge=688us sort=5us map=1us TOTAL=3506us
[Stats] checked=175411 refined=6400
[Timing] coarse=534us fine=2268us merge=737us sort=5us map=0us TOTAL=3573us
[Stats] checked=166542 refined=6400
[Timing] coarse=460us fine=2676us merge=678us sort=5us map=1us TOTAL=3853us
[Stats] checked=176126 refined=6400
[Timing] coarse=534us fine=2247us merge=692us sort=4us map=0us TOTAL=3520us
[Stats] checked=201560 refined=6400
[Timing] coarse=439us fine=2031us merge=590us sort=5us map=0us TOTAL=3094us
[Stats] checked=185783 refined=6400
[Timing] coarse=590us fine=2282us merge=609us sort=5us map=0us TOTAL=3521us
[Stats] checked=189244 refined=6400
[Timing] coarse=495us fine=2222us merge=647us sort=5us map=0us TOTAL=3407us
[Stats] checked=181428 refined=6400
[Timing] coarse=516us fine=2160us merge=652us sort=5us map=0us TOTAL=3368us
[Stats] checked=189815 refined=6400
[Timing] coarse=427us fine=2339us merge=636us sort=5us map=0us TOTAL=3433us
[Stats] checked=179499 refined=6400
[Timing] coarse=434us fine=2557us merge=625us sort=5us map=0us TOTAL=3646us
[Stats] checked=184633 refined=6400
[Timing] coarse=472us fine=2141us merge=728us sort=4us map=0us TOTAL=3377us
[Stats] checked=181117 refined=6400
[Timing] coarse=584us fine=2230us merge=790us sort=8us map=0us TOTAL=3653us
[Stats] checked=182553 refined=6400
[Timing] coarse=521us fine=2238us merge=606us sort=5us map=0us TOTAL=3409us
[Stats] checked=183025 refined=6400
[Timing] coarse=564us fine=2411us merge=722us sort=5us map=0us TOTAL=3740us
[Stats] checked=172625 refined=6400
[Timing] coarse=548us fine=2232us merge=678us sort=5us map=0us TOTAL=3501us
[Stats] checked=164055 refined=6400
[Timing] coarse=516us fine=2206us merge=656us sort=4us map=0us TOTAL=3422us
[Stats] checked=163851 refined=6400
[Timing] coarse=450us fine=2092us merge=581us sort=4us map=0us TOTAL=3155us
[Stats] checked=169881 refined=6400
[Timing] coarse=476us fine=2153us merge=627us sort=5us map=0us TOTAL=3287us
[Stats] checked=163420 refined=6400
[Timing] coarse=373us fine=2518us merge=776us sort=5us map=0us TOTAL=3696us
[Stats] checked=164755 refined=6400
[Timing] coarse=504us fine=2100us merge=565us sort=5us map=0us TOTAL=3208us
[Stats] checked=190347 refined=6400
[Timing] coarse=414us fine=2113us merge=612us sort=5us map=0us TOTAL=3166us
[Stats] checked=182637 refined=6400
[Timing] coarse=500us fine=2202us merge=649us sort=5us map=0us TOTAL=3386us
[Stats] checked=174972 refined=6400
[Timing] coarse=565us fine=2237us merge=677us sort=5us map=0us TOTAL=3522us
[Stats] checked=183941 refined=6400
[Timing] coarse=515us fine=2144us merge=600us sort=5us map=0us TOTAL=3288us
[Stats] checked=190143 refined=6400
[Timing] coarse=475us fine=2345us merge=823us sort=5us map=0us TOTAL=3678us
[Stats] checked=174075 refined=6400
[Timing] coarse=430us fine=2150us merge=703us sort=4us map=0us TOTAL=3314us
[Stats] checked=167555 refined=6400
[Timing] coarse=359us fine=2185us merge=738us sort=4us map=0us TOTAL=3311us
[Stats] checked=187586 refined=6400
[Timing] coarse=422us fine=2015us merge=662us sort=5us map=0us TOTAL=3130us
[Stats] checked=179394 refined=6400
[Timing] coarse=431us fine=2372us merge=746us sort=4us map=0us TOTAL=3578us
[Stats] checked=214451 refined=6400
[Timing] coarse=453us fine=2126us merge=633us sort=4us map=0us TOTAL=3247us
[Stats] checked=186079 refined=6400
Processed 350 queries[Timing] coarse=479us fine=2281us merge=609us sort=5us map=0us TOTAL=3402us
[Stats] checked=182480 refined=6400
[Timing] coarse=352us fine=2208us merge=604us sort=5us map=0us TOTAL=3190us
[Stats] checked=169333 refined=6400
[Timing] coarse=310us fine=2140us merge=622us sort=5us map=0us TOTAL=3096us
[Stats] checked=178984 refined=6400
[Timing] coarse=340us fine=2388us merge=586us sort=5us map=0us TOTAL=3340us
[Stats] checked=187680 refined=6400
[Timing] coarse=389us fine=2065us merge=597us sort=5us map=0us TOTAL=3077us
[Stats] checked=190330 refined=6400
[Timing] coarse=370us fine=2148us merge=610us sort=5us map=0us TOTAL=3154us
[Stats] checked=169134 refined=6400
[Timing] coarse=315us fine=2187us merge=642us sort=4us map=0us TOTAL=3170us
[Stats] checked=200637 refined=6400
[Timing] coarse=400us fine=2107us merge=723us sort=5us map=0us TOTAL=3257us
[Stats] checked=170771 refined=6400
[Timing] coarse=409us fine=2110us merge=605us sort=5us map=0us TOTAL=3150us
[Stats] checked=188921 refined=6400
[Timing] coarse=345us fine=2123us merge=632us sort=5us map=0us TOTAL=3126us
[Stats] checked=177952 refined=6400
[Timing] coarse=356us fine=2133us merge=627us sort=5us map=0us TOTAL=3142us
[Stats] checked=181825 refined=6400
[Timing] coarse=340us fine=2131us merge=631us sort=5us map=0us TOTAL=3126us
[Stats] checked=165207 refined=6400
[Timing] coarse=302us fine=2291us merge=606us sort=5us map=0us TOTAL=3223us
[Stats] checked=189485 refined=6400
[Timing] coarse=365us fine=2706us merge=716us sort=5us map=0us TOTAL=3813us
[Stats] checked=172824 refined=6400
[Timing] coarse=397us fine=2370us merge=706us sort=4us map=0us TOTAL=3498us
[Stats] checked=199239 refined=6400
[Timing] coarse=385us fine=2258us merge=856us sort=5us map=0us TOTAL=3526us
[Stats] checked=182301 refined=6400
[Timing] coarse=495us fine=2172us merge=635us sort=5us map=0us TOTAL=3330us
[Stats] checked=171403 refined=6400
[Timing] coarse=366us fine=2209us merge=685us sort=4us map=0us TOTAL=3285us
[Stats] checked=169076 refined=6400
[Timing] coarse=375us fine=2481us merge=631us sort=5us map=0us TOTAL=3514us
[Stats] checked=173655 refined=6400
[Timing] coarse=362us fine=2248us merge=681us sort=4us map=0us TOTAL=3315us
[Stats] checked=185221 refined=6400
[Timing] coarse=325us fine=2203us merge=618us sort=5us map=0us TOTAL=3180us
[Stats] checked=187780 refined=6400
[Timing] coarse=372us fine=2094us merge=743us sort=5us map=0us TOTAL=3234us
[Stats] checked=175200 refined=6400
[Timing] coarse=314us fine=2234us merge=656us sort=5us map=0us TOTAL=3230us
[Stats] checked=180344 refined=6400
[Timing] coarse=356us fine=2188us merge=698us sort=5us map=0us TOTAL=3268us
[Stats] checked=178075 refined=6400
[Timing] coarse=381us fine=2136us merge=802us sort=4us map=0us TOTAL=3344us
[Stats] checked=190053 refined=6400
[Timing] coarse=353us fine=2179us merge=716us sort=4us map=0us TOTAL=3274us
[Stats] checked=181167 refined=6400
[Timing] coarse=343us fine=2131us merge=650us sort=5us map=0us TOTAL=3148us
[Stats] checked=158608 refined=6400
[Timing] coarse=377us fine=2145us merge=668us sort=4us map=0us TOTAL=3215us
[Stats] checked=190443 refined=6400
[Timing] coarse=401us fine=2140us merge=646us sort=5us map=0us TOTAL=3212us
[Stats] checked=177285 refined=6400
[Timing] coarse=305us fine=2360us merge=802us sort=5us map=0us TOTAL=3491us
[Stats] checked=177432 refined=6400
[Timing] coarse=424us fine=2200us merge=703us sort=4us map=0us TOTAL=3360us
[Stats] checked=188013 refined=6400
[Timing] coarse=386us fine=2285us merge=628us sort=4us map=0us TOTAL=3324us
[Stats] checked=188807 refined=6400
[Timing] coarse=433us fine=2197us merge=641us sort=5us map=0us TOTAL=3304us
[Stats] checked=174000 refined=6400
[Timing] coarse=416us fine=2165us merge=717us sort=5us map=0us TOTAL=3330us
[Stats] checked=183677 refined=6400
[Timing] coarse=340us fine=2111us merge=750us sort=4us map=0us TOTAL=3224us
[Stats] checked=184549 refined=6400
[Timing] coarse=532us fine=2246us merge=747us sort=5us map=0us TOTAL=3566us
[Stats] checked=163809 refined=6400
[Timing] coarse=438us fine=2422us merge=590us sort=5us map=0us TOTAL=3483us
[Stats] checked=194017 refined=6400
[Timing] coarse=351us fine=2072us merge=620us sort=5us map=0us TOTAL=3068us
[Stats] checked=177650 refined=6400
[Timing] coarse=526us fine=2247us merge=618us sort=4us map=0us TOTAL=3430us
[Stats] checked=179889 refined=6400
[Timing] coarse=477us fine=2352us merge=927us sort=5us map=0us TOTAL=3793us
[Stats] checked=179401 refined=6400
[Timing] coarse=993us fine=2201us merge=631us sort=5us map=0us TOTAL=3857us
[Stats] checked=173769 refined=6400
[Timing] coarse=376us fine=2110us merge=693us sort=4us map=0us TOTAL=3220us
[Stats] checked=157592 refined=6400
[Timing] coarse=318us fine=2075us merge=628us sort=5us map=0us TOTAL=3048us
[Stats] checked=176350 refined=6400
[Timing] coarse=396us fine=2099us merge=628us sort=5us map=0us TOTAL=3150us
[Stats] checked=164543 refined=6400
[Timing] coarse=342us fine=2174us merge=630us sort=5us map=0us TOTAL=3173us
[Stats] checked=186016 refined=6400
[Timing] coarse=328us fine=2081us merge=602us sort=4us map=0us TOTAL=3037us
[Stats] checked=210129 refined=6400
[Timing] coarse=333us fine=2333us merge=629us sort=5us map=0us TOTAL=3321us
[Stats] checked=166937 refined=6400
[Timing] coarse=400us fine=2328us merge=628us sort=4us map=0us TOTAL=3384us
[Stats] checked=165477 refined=6400
[Timing] coarse=374us fine=2202us merge=573us sort=5us map=0us TOTAL=3176us
[Stats] checked=173510 refined=6400
[Timing] coarse=309us fine=2210us merge=578us sort=5us map=0us TOTAL=3122us
[Stats] checked=196605 refined=6400
Processed 400 queries[Timing] coarse=321us fine=2232us merge=683us sort=5us map=0us TOTAL=3261us
[Stats] checked=194380 refined=6400
[Timing] coarse=372us fine=2178us merge=626us sort=4us map=0us TOTAL=3203us
[Stats] checked=187082 refined=6400
[Timing] coarse=338us fine=2127us merge=590us sort=5us map=0us TOTAL=3081us
[Stats] checked=169714 refined=6400
[Timing] coarse=354us fine=2432us merge=635us sort=14us map=1us TOTAL=3458us
[Stats] checked=165344 refined=6400
[Timing] coarse=324us fine=2276us merge=626us sort=4us map=0us TOTAL=3254us
[Stats] checked=171232 refined=6400
[Timing] coarse=334us fine=2104us merge=626us sort=5us map=0us TOTAL=3091us
[Stats] checked=175655 refined=6400
[Timing] coarse=329us fine=2090us merge=595us sort=5us map=0us TOTAL=3041us
[Stats] checked=159779 refined=6400
[Timing] coarse=320us fine=2132us merge=594us sort=5us map=0us TOTAL=3071us
[Stats] checked=169602 refined=6400
[Timing] coarse=302us fine=2263us merge=606us sort=5us map=0us TOTAL=3197us
[Stats] checked=184392 refined=6400
[Timing] coarse=351us fine=2300us merge=678us sort=4us map=0us TOTAL=3354us
[Stats] checked=185964 refined=6400
[Timing] coarse=459us fine=2267us merge=731us sort=4us map=0us TOTAL=3486us
[Stats] checked=168136 refined=6400
[Timing] coarse=362us fine=2060us merge=665us sort=5us map=0us TOTAL=3114us
[Stats] checked=183749 refined=6400
[Timing] coarse=367us fine=2089us merge=721us sort=5us map=0us TOTAL=3202us
[Stats] checked=178619 refined=6400
[Timing] coarse=452us fine=2518us merge=684us sort=5us map=0us TOTAL=3695us
[Stats] checked=194716 refined=6400
[Timing] coarse=459us fine=2035us merge=593us sort=5us map=0us TOTAL=3120us
[Stats] checked=186935 refined=6400
[Timing] coarse=424us fine=2211us merge=968us sort=5us map=0us TOTAL=3631us
[Stats] checked=188441 refined=6400
[Timing] coarse=419us fine=2125us merge=587us sort=4us map=0us TOTAL=3179us
[Stats] checked=166732 refined=6400
[Timing] coarse=431us fine=2186us merge=696us sort=5us map=0us TOTAL=3340us
[Stats] checked=168279 refined=6400
[Timing] coarse=440us fine=2087us merge=740us sort=4us map=1us TOTAL=3296us
[Stats] checked=165437 refined=6400
[Timing] coarse=377us fine=2072us merge=611us sort=4us map=0us TOTAL=3087us
[Stats] checked=178037 refined=6400
[Timing] coarse=334us fine=2178us merge=653us sort=4us map=0us TOTAL=3190us
[Stats] checked=168455 refined=6400
[Timing] coarse=394us fine=2182us merge=619us sort=5us map=0us TOTAL=3221us
[Stats] checked=172704 refined=6400
[Timing] coarse=362us fine=2398us merge=615us sort=5us map=0us TOTAL=3403us
[Stats] checked=175157 refined=6400
[Timing] coarse=419us fine=2091us merge=627us sort=5us map=0us TOTAL=3164us
[Stats] checked=170253 refined=6400
[Timing] coarse=370us fine=2159us merge=722us sort=5us map=0us TOTAL=3350us
[Stats] checked=190357 refined=6400
[Timing] coarse=424us fine=2083us merge=666us sort=5us map=0us TOTAL=3201us
[Stats] checked=179298 refined=6400
[Timing] coarse=393us fine=2834us merge=1594us sort=25us map=1us TOTAL=4870us
[Stats] checked=164620 refined=6400
[Timing] coarse=925us fine=3006us merge=813us sort=5us map=0us TOTAL=4793us
[Stats] checked=167854 refined=6400
[Timing] coarse=436us fine=2613us merge=719us sort=5us map=1us TOTAL=3798us
[Stats] checked=174383 refined=6400
[Timing] coarse=426us fine=2606us merge=763us sort=5us map=0us TOTAL=3826us
[Stats] checked=165263 refined=6400
[Timing] coarse=431us fine=2410us merge=723us sort=4us map=0us TOTAL=3595us
[Stats] checked=163314 refined=6400
[Timing] coarse=385us fine=2570us merge=694us sort=5us map=0us TOTAL=3678us
[Stats] checked=191300 refined=6400
[Timing] coarse=411us fine=2511us merge=681us sort=4us map=0us TOTAL=3634us
[Stats] checked=194005 refined=6400
[Timing] coarse=398us fine=2895us merge=755us sort=5us map=1us TOTAL=4076us
[Stats] checked=183956 refined=6400
[Timing] coarse=490us fine=2574us merge=650us sort=5us map=0us TOTAL=3754us
[Stats] checked=170638 refined=6400
[Timing] coarse=468us fine=2718us merge=784us sort=5us map=0us TOTAL=4009us
[Stats] checked=187288 refined=6400
[Timing] coarse=571us fine=2997us merge=1140us sort=5us map=1us TOTAL=4752us
[Stats] checked=189825 refined=6400
[Timing] coarse=918us fine=2837us merge=1030us sort=6us map=0us TOTAL=4845us
[Stats] checked=182619 refined=6400
[Timing] coarse=726us fine=2543us merge=860us sort=6us map=1us TOTAL=4182us
[Stats] checked=186066 refined=6400
[Timing] coarse=538us fine=2383us merge=688us sort=4us map=0us TOTAL=3657us
[Stats] checked=194109 refined=6400
[Timing] coarse=687us fine=2203us merge=692us sort=5us map=0us TOTAL=3626us
[Stats] checked=174301 refined=6400
[Timing] coarse=578us fine=2275us merge=703us sort=5us map=0us TOTAL=3601us
[Stats] checked=156122 refined=6400
[Timing] coarse=424us fine=2300us merge=1014us sort=5us map=0us TOTAL=3770us
[Stats] checked=161028 refined=6400
[Timing] coarse=598us fine=2661us merge=626us sort=5us map=0us TOTAL=3934us
[Stats] checked=191882 refined=6400
[Timing] coarse=554us fine=2242us merge=687us sort=5us map=0us TOTAL=3525us
[Stats] checked=178978 refined=6400
[Timing] coarse=509us fine=2178us merge=635us sort=5us map=0us TOTAL=3358us
[Stats] checked=175797 refined=6400
[Timing] coarse=628us fine=2219us merge=633us sort=5us map=0us TOTAL=3521us
[Stats] checked=167849 refined=6400
[Timing] coarse=532us fine=2257us merge=630us sort=5us map=0us TOTAL=3454us
[Stats] checked=186116 refined=6400
[Timing] coarse=416us fine=2291us merge=603us sort=4us map=0us TOTAL=3342us
[Stats] checked=194023 refined=6400
[Timing] coarse=497us fine=1958us merge=644us sort=5us map=0us TOTAL=3150us
[Stats] checked=155558 refined=6400
Processed 450 queries[Timing] coarse=468us fine=2260us merge=661us sort=4us map=35us TOTAL=3463us
[Stats] checked=165726 refined=6400
[Timing] coarse=459us fine=2379us merge=651us sort=4us map=1us TOTAL=3525us
[Stats] checked=201464 refined=6400
[Timing] coarse=520us fine=2178us merge=628us sort=5us map=0us TOTAL=3378us
[Stats] checked=166830 refined=6400
[Timing] coarse=423us fine=2066us merge=626us sort=4us map=0us TOTAL=3146us
[Stats] checked=159962 refined=6400
[Timing] coarse=414us fine=2064us merge=641us sort=4us map=0us TOTAL=3152us
[Stats] checked=189341 refined=6400
[Timing] coarse=417us fine=2241us merge=705us sort=5us map=1us TOTAL=3397us
[Stats] checked=165346 refined=6400
[Timing] coarse=441us fine=2094us merge=633us sort=5us map=0us TOTAL=3201us
[Stats] checked=186883 refined=6400
[Timing] coarse=481us fine=2097us merge=645us sort=5us map=0us TOTAL=3259us
[Stats] checked=190743 refined=6400
[Timing] coarse=317us fine=2119us merge=553us sort=4us map=0us TOTAL=3013us
[Stats] checked=202991 refined=6400
[Timing] coarse=413us fine=2282us merge=664us sort=4us map=0us TOTAL=3391us
[Stats] checked=186471 refined=6400
[Timing] coarse=463us fine=2154us merge=664us sort=4us map=0us TOTAL=3314us
[Stats] checked=199228 refined=6400
[Timing] coarse=362us fine=2138us merge=711us sort=5us map=0us TOTAL=3241us
[Stats] checked=177731 refined=6400
[Timing] coarse=633us fine=2077us merge=700us sort=5us map=0us TOTAL=3444us
[Stats] checked=176815 refined=6400
[Timing] coarse=389us fine=2204us merge=787us sort=5us map=0us TOTAL=3408us
[Stats] checked=181298 refined=6400
[Timing] coarse=371us fine=2198us merge=649us sort=5us map=0us TOTAL=3245us
[Stats] checked=193890 refined=6400
[Timing] coarse=364us fine=2119us merge=657us sort=5us map=0us TOTAL=3167us
[Stats] checked=185563 refined=6400
[Timing] coarse=696us fine=2271us merge=632us sort=5us map=0us TOTAL=3625us
[Stats] checked=193654 refined=6400
[Timing] coarse=441us fine=2147us merge=986us sort=4us map=0us TOTAL=3606us
[Stats] checked=196684 refined=6400
[Timing] coarse=363us fine=2141us merge=618us sort=4us map=0us TOTAL=3148us
[Stats] checked=180584 refined=6400
[Timing] coarse=480us fine=2196us merge=670us sort=4us map=0us TOTAL=3382us
[Stats] checked=162752 refined=6400
[Timing] coarse=422us fine=2112us merge=621us sort=5us map=0us TOTAL=3187us
[Stats] checked=176489 refined=6400
[Timing] coarse=362us fine=2061us merge=605us sort=5us map=0us TOTAL=3127us
[Stats] checked=170964 refined=6400
[Timing] coarse=364us fine=2236us merge=613us sort=5us map=0us TOTAL=3239us
[Stats] checked=190398 refined=6400
[Timing] coarse=398us fine=2367us merge=639us sort=5us map=0us TOTAL=3432us
[Stats] checked=172836 refined=6400
[Timing] coarse=390us fine=2107us merge=650us sort=5us map=0us TOTAL=3187us
[Stats] checked=182912 refined=6400
[Timing] coarse=368us fine=2135us merge=596us sort=4us map=0us TOTAL=3124us
[Stats] checked=168376 refined=6400
[Timing] coarse=362us fine=2154us merge=699us sort=5us map=0us TOTAL=3244us
[Stats] checked=197054 refined=6400
[Timing] coarse=493us fine=2113us merge=633us sort=5us map=0us TOTAL=3279us
[Stats] checked=155973 refined=6400
[Timing] coarse=404us fine=2485us merge=602us sort=5us map=0us TOTAL=3520us
[Stats] checked=181481 refined=6400
[Timing] coarse=362us fine=2365us merge=634us sort=6us map=1us TOTAL=3391us
[Stats] checked=160376 refined=6400
[Timing] coarse=334us fine=2473us merge=681us sort=5us map=0us TOTAL=3514us
[Stats] checked=176490 refined=6400
[Timing] coarse=333us fine=2146us merge=618us sort=5us map=0us TOTAL=3123us
[Stats] checked=191622 refined=6400
[Timing] coarse=332us fine=2168us merge=601us sort=4us map=0us TOTAL=3127us
[Stats] checked=184746 refined=6400
[Timing] coarse=331us fine=2128us merge=648us sort=5us map=0us TOTAL=3132us
[Stats] checked=164760 refined=6400
[Timing] coarse=310us fine=2128us merge=589us sort=5us map=0us TOTAL=3053us
[Stats] checked=182912 refined=6400
[Timing] coarse=291us fine=2201us merge=668us sort=5us map=0us TOTAL=3185us
[Stats] checked=187952 refined=6400
[Timing] coarse=372us fine=2024us merge=642us sort=5us map=0us TOTAL=3063us
[Stats] checked=177168 refined=6400
[Timing] coarse=385us fine=2102us merge=656us sort=5us map=0us TOTAL=3169us
[Stats] checked=156830 refined=6400
[Timing] coarse=360us fine=2297us merge=629us sort=4us map=0us TOTAL=3312us
[Stats] checked=181771 refined=6400
[Timing] coarse=300us fine=2005us merge=710us sort=5us map=0us TOTAL=3041us
[Stats] checked=184388 refined=6400
[Timing] coarse=379us fine=2037us merge=625us sort=5us map=0us TOTAL=3066us
[Stats] checked=176472 refined=6400
[Timing] coarse=323us fine=2057us merge=626us sort=5us map=0us TOTAL=3030us
[Stats] checked=171102 refined=6400
[Timing] coarse=324us fine=2316us merge=686us sort=4us map=0us TOTAL=3350us
[Stats] checked=206970 refined=6400
[Timing] coarse=501us fine=2399us merge=641us sort=5us map=0us TOTAL=3569us
[Stats] checked=157752 refined=6400
[Timing] coarse=518us fine=2787us merge=658us sort=5us map=1us TOTAL=3992us
[Stats] checked=182638 refined=6400
[Timing] coarse=407us fine=2347us merge=658us sort=4us map=0us TOTAL=3439us
[Stats] checked=165720 refined=6400
[Timing] coarse=448us fine=2060us merge=646us sort=5us map=0us TOTAL=3181us
[Stats] checked=165710 refined=6400
[Timing] coarse=394us fine=2189us merge=709us sort=4us map=0us TOTAL=3322us
[Stats] checked=181901 refined=6400
[Timing] coarse=440us fine=2627us merge=713us sort=4us map=0us TOTAL=3806us
[Stats] checked=196819 refined=6400
[Timing] coarse=562us fine=2767us merge=684us sort=4us map=0us TOTAL=4061us
[Stats] checked=191061 refined=6400
Processed 500 queries[Timing] coarse=519us fine=2297us merge=617us sort=5us map=0us TOTAL=3474us
[Stats] checked=204738 refined=6400
[Timing] coarse=606us fine=2530us merge=688us sort=5us map=0us TOTAL=3860us
[Stats] checked=185351 refined=6400
[Timing] coarse=465us fine=2142us merge=653us sort=5us map=0us TOTAL=3297us
[Stats] checked=177472 refined=6400
[Timing] coarse=448us fine=2283us merge=688us sort=5us map=0us TOTAL=3451us
[Stats] checked=168400 refined=6400
[Timing] coarse=435us fine=2357us merge=674us sort=5us map=0us TOTAL=3499us
[Stats] checked=166106 refined=6400
[Timing] coarse=538us fine=2650us merge=748us sort=5us map=0us TOTAL=3976us
[Stats] checked=188701 refined=6400
[Timing] coarse=539us fine=2239us merge=644us sort=4us map=0us TOTAL=3463us
[Stats] checked=183920 refined=6400
[Timing] coarse=481us fine=2415us merge=659us sort=5us map=0us TOTAL=3588us
[Stats] checked=194432 refined=6400
[Timing] coarse=545us fine=2379us merge=783us sort=5us map=1us TOTAL=3747us
[Stats] checked=163437 refined=6400
[Timing] coarse=426us fine=2499us merge=704us sort=5us map=0us TOTAL=3661us
[Stats] checked=181569 refined=6400
[Timing] coarse=575us fine=2430us merge=643us sort=5us map=0us TOTAL=3687us
[Stats] checked=182582 refined=6400
[Timing] coarse=384us fine=2309us merge=835us sort=5us map=0us TOTAL=3557us
[Stats] checked=162150 refined=6400
[Timing] coarse=439us fine=2048us merge=712us sort=4us map=1us TOTAL=3229us
[Stats] checked=173479 refined=6400
[Timing] coarse=298us fine=2301us merge=634us sort=4us map=0us TOTAL=3257us
[Stats] checked=178500 refined=6400
[Timing] coarse=510us fine=2143us merge=599us sort=5us map=0us TOTAL=3289us
[Stats] checked=202814 refined=6400
[Timing] coarse=543us fine=2254us merge=654us sort=5us map=0us TOTAL=3494us
[Stats] checked=166113 refined=6400
[Timing] coarse=482us fine=2082us merge=839us sort=7us map=1us TOTAL=3442us
[Stats] checked=189825 refined=6400
[Timing] coarse=583us fine=2276us merge=645us sort=5us map=1us TOTAL=3555us
[Stats] checked=165059 refined=6400
[Timing] coarse=492us fine=2208us merge=609us sort=4us map=0us TOTAL=3349us
[Stats] checked=195748 refined=6400
[Timing] coarse=410us fine=2289us merge=632us sort=4us map=0us TOTAL=3363us
[Stats] checked=170602 refined=6400
[Timing] coarse=337us fine=2275us merge=692us sort=5us map=0us TOTAL=3330us
[Stats] checked=153214 refined=6400
[Timing] coarse=422us fine=2380us merge=629us sort=5us map=0us TOTAL=3465us
[Stats] checked=200802 refined=6400
[Timing] coarse=355us fine=2324us merge=631us sort=5us map=0us TOTAL=3336us
[Stats] checked=151289 refined=6400
[Timing] coarse=375us fine=2228us merge=618us sort=5us map=0us TOTAL=3249us
[Stats] checked=166250 refined=6400
[Timing] coarse=435us fine=2246us merge=676us sort=5us map=1us TOTAL=3390us
[Stats] checked=167309 refined=6400
[Timing] coarse=378us fine=2286us merge=931us sort=5us map=0us TOTAL=3625us
[Stats] checked=158155 refined=6400
[Timing] coarse=445us fine=2313us merge=612us sort=5us map=0us TOTAL=3405us
[Stats] checked=172169 refined=6400
[Timing] coarse=510us fine=2225us merge=628us sort=5us map=0us TOTAL=3402us
[Stats] checked=173570 refined=6400
[Timing] coarse=463us fine=2172us merge=688us sort=5us map=0us TOTAL=3358us
[Stats] checked=171409 refined=6400
[Timing] coarse=491us fine=2741us merge=797us sort=5us map=1us TOTAL=4073us
[Stats] checked=167353 refined=6400
[Timing] coarse=491us fine=2124us merge=780us sort=5us map=0us TOTAL=3430us
[Stats] checked=180001 refined=6400
[Timing] coarse=400us fine=2097us merge=604us sort=5us map=0us TOTAL=3133us
[Stats] checked=197151 refined=6400
[Timing] coarse=320us fine=2082us merge=742us sort=4us map=0us TOTAL=3167us
[Stats] checked=168198 refined=6400
[Timing] coarse=315us fine=2159us merge=593us sort=5us map=0us TOTAL=3095us
[Stats] checked=191095 refined=6400
[Timing] coarse=466us fine=2396us merge=665us sort=4us map=0us TOTAL=3561us
[Stats] checked=206270 refined=6400
[Timing] coarse=337us fine=2105us merge=639us sort=5us map=0us TOTAL=3106us
[Stats] checked=165221 refined=6400
[Timing] coarse=545us fine=2390us merge=737us sort=5us map=0us TOTAL=3698us
[Stats] checked=168734 refined=6400
[Timing] coarse=546us fine=2214us merge=618us sort=4us map=0us TOTAL=3421us
[Stats] checked=191773 refined=6400
[Timing] coarse=481us fine=2175us merge=632us sort=4us map=0us TOTAL=3323us
[Stats] checked=148600 refined=6400
[Timing] coarse=426us fine=2374us merge=604us sort=4us map=0us TOTAL=3434us
[Stats] checked=189797 refined=6400
[Timing] coarse=323us fine=2252us merge=1090us sort=7us map=1us TOTAL=3692us
[Stats] checked=179644 refined=6400
[Timing] coarse=574us fine=2276us merge=650us sort=5us map=0us TOTAL=3552us
[Stats] checked=182725 refined=6400
[Timing] coarse=473us fine=2207us merge=642us sort=5us map=0us TOTAL=3359us
[Stats] checked=173980 refined=6400
[Timing] coarse=431us fine=2055us merge=601us sort=5us map=0us TOTAL=3117us
[Stats] checked=184645 refined=6400
[Timing] coarse=360us fine=2647us merge=643us sort=4us map=0us TOTAL=3678us
[Stats] checked=168910 refined=6400
[Timing] coarse=501us fine=2177us merge=653us sort=5us map=0us TOTAL=3370us
[Stats] checked=170564 refined=6400
[Timing] coarse=497us fine=2191us merge=973us sort=5us map=0us TOTAL=3699us
[Stats] checked=194254 refined=6400
[Timing] coarse=384us fine=2110us merge=663us sort=4us map=1us TOTAL=3188us
[Stats] checked=205377 refined=6400
[Timing] coarse=331us fine=2500us merge=641us sort=5us map=0us TOTAL=3504us
[Stats] checked=178056 refined=6400
[Timing] coarse=402us fine=2151us merge=675us sort=5us map=0us TOTAL=3257us
[Stats] checked=170976 refined=6400
Processed 550 queries[Timing] coarse=483us fine=2103us merge=582us sort=4us map=0us TOTAL=3196us
[Stats] checked=199586 refined=6400
[Timing] coarse=414us fine=2142us merge=673us sort=4us map=0us TOTAL=3259us
[Stats] checked=171574 refined=6400
[Timing] coarse=348us fine=2273us merge=698us sort=5us map=0us TOTAL=3346us
[Stats] checked=167687 refined=6400
[Timing] coarse=388us fine=2339us merge=670us sort=5us map=0us TOTAL=3426us
[Stats] checked=166860 refined=6400
[Timing] coarse=411us fine=2076us merge=610us sort=5us map=0us TOTAL=3127us
[Stats] checked=186506 refined=6400
[Timing] coarse=354us fine=2183us merge=643us sort=5us map=0us TOTAL=3219us
[Stats] checked=210339 refined=6400
[Timing] coarse=338us fine=2421us merge=812us sort=7us map=0us TOTAL=3600us
[Stats] checked=169801 refined=6400
[Timing] coarse=496us fine=2244us merge=679us sort=5us map=0us TOTAL=3452us
[Stats] checked=160404 refined=6400
[Timing] coarse=495us fine=2198us merge=753us sort=5us map=0us TOTAL=3481us
[Stats] checked=167269 refined=6400
[Timing] coarse=549us fine=2782us merge=746us sort=5us map=0us TOTAL=4115us
[Stats] checked=159911 refined=6400
[Timing] coarse=336us fine=2422us merge=770us sort=7us map=1us TOTAL=3555us
[Stats] checked=168334 refined=6400
[Timing] coarse=495us fine=2505us merge=665us sort=6us map=0us TOTAL=3704us
[Stats] checked=168503 refined=6400
[Timing] coarse=470us fine=2958us merge=712us sort=5us map=0us TOTAL=4170us
[Stats] checked=179434 refined=6400
[Timing] coarse=443us fine=2209us merge=630us sort=5us map=0us TOTAL=3316us
[Stats] checked=198568 refined=6400
[Timing] coarse=533us fine=2187us merge=646us sort=5us map=0us TOTAL=3398us
[Stats] checked=174156 refined=6400
[Timing] coarse=402us fine=2236us merge=633us sort=4us map=0us TOTAL=3300us
[Stats] checked=184759 refined=6400
[Timing] coarse=390us fine=2080us merge=631us sort=5us map=0us TOTAL=3129us
[Stats] checked=177107 refined=6400
[Timing] coarse=337us fine=2105us merge=582us sort=5us map=0us TOTAL=3051us
[Stats] checked=214792 refined=6400
[Timing] coarse=313us fine=2414us merge=679us sort=5us map=1us TOTAL=3435us
[Stats] checked=160841 refined=6400
[Timing] coarse=436us fine=2132us merge=665us sort=5us map=0us TOTAL=3265us
[Stats] checked=178002 refined=6400
[Timing] coarse=409us fine=2083us merge=639us sort=5us map=0us TOTAL=3160us
[Stats] checked=178516 refined=6400
[Timing] coarse=360us fine=2402us merge=589us sort=4us map=0us TOTAL=3378us
[Stats] checked=191109 refined=6400
[Timing] coarse=340us fine=2269us merge=695us sort=5us map=0us TOTAL=3332us
[Stats] checked=185336 refined=6400
[Timing] coarse=390us fine=2305us merge=647us sort=5us map=0us TOTAL=3372us
[Stats] checked=172108 refined=6400
[Timing] coarse=327us fine=2103us merge=627us sort=4us map=0us TOTAL=3083us
[Stats] checked=174006 refined=6400
[Timing] coarse=369us fine=2058us merge=614us sort=4us map=0us TOTAL=3067us
[Stats] checked=173145 refined=6400
[Timing] coarse=308us fine=2349us merge=658us sort=5us map=0us TOTAL=3340us
[Stats] checked=194168 refined=6400
[Timing] coarse=374us fine=2326us merge=629us sort=5us map=0us TOTAL=3355us
[Stats] checked=191614 refined=6400
[Timing] coarse=339us fine=2122us merge=598us sort=5us map=0us TOTAL=3084us
[Stats] checked=192709 refined=6400
[Timing] coarse=317us fine=2185us merge=618us sort=4us map=0us TOTAL=3145us
[Stats] checked=172306 refined=6400
[Timing] coarse=320us fine=2158us merge=599us sort=5us map=0us TOTAL=3102us
[Stats] checked=181627 refined=6400
[Timing] coarse=326us fine=2187us merge=612us sort=5us map=0us TOTAL=3150us
[Stats] checked=177834 refined=6400
[Timing] coarse=358us fine=2077us merge=625us sort=5us map=0us TOTAL=3086us
[Stats] checked=160263 refined=6400
[Timing] coarse=304us fine=2139us merge=943us sort=5us map=0us TOTAL=3410us
[Stats] checked=165257 refined=6400
[Timing] coarse=327us fine=2091us merge=660us sort=4us map=0us TOTAL=3102us
[Stats] checked=182421 refined=6400
[Timing] coarse=415us fine=2697us merge=744us sort=5us map=0us TOTAL=3882us
[Stats] checked=192039 refined=6400
[Timing] coarse=394us fine=2472us merge=604us sort=5us map=0us TOTAL=3496us
[Stats] checked=190734 refined=6400
[Timing] coarse=318us fine=2209us merge=690us sort=5us map=0us TOTAL=3241us
[Stats] checked=201276 refined=6400
[Timing] coarse=297us fine=2123us merge=996us sort=5us map=0us TOTAL=3440us
[Stats] checked=184057 refined=6400
[Timing] coarse=319us fine=2271us merge=755us sort=5us map=0us TOTAL=3370us
[Stats] checked=192003 refined=6400
[Timing] coarse=354us fine=2129us merge=754us sort=5us map=0us TOTAL=3261us
[Stats] checked=179960 refined=6400
[Timing] coarse=357us fine=2220us merge=673us sort=4us map=0us TOTAL=3274us
[Stats] checked=197849 refined=6400
[Timing] coarse=366us fine=2149us merge=799us sort=5us map=0us TOTAL=3339us
[Stats] checked=172510 refined=6400
[Timing] coarse=291us fine=2107us merge=753us sort=5us map=1us TOTAL=3175us
[Stats] checked=176550 refined=6400
[Timing] coarse=347us fine=2086us merge=584us sort=4us map=0us TOTAL=3041us
[Stats] checked=200928 refined=6400
[Timing] coarse=346us fine=2070us merge=626us sort=4us map=0us TOTAL=3066us
[Stats] checked=177691 refined=6400
[Timing] coarse=310us fine=2163us merge=567us sort=5us map=0us TOTAL=3062us
[Stats] checked=190246 refined=6400
[Timing] coarse=322us fine=2058us merge=615us sort=5us map=0us TOTAL=3018us
[Stats] checked=168184 refined=6400
[Timing] coarse=319us fine=2364us merge=679us sort=5us map=0us TOTAL=3385us
[Stats] checked=169823 refined=6400
[Timing] coarse=342us fine=2096us merge=629us sort=4us map=0us TOTAL=3090us
[Stats] checked=172746 refined=6400
Processed 600 queries[Timing] coarse=327us fine=2331us merge=647us sort=5us map=0us TOTAL=3327us
[Stats] checked=164974 refined=6400
[Timing] coarse=410us fine=2574us merge=633us sort=5us map=0us TOTAL=3644us
[Stats] checked=171345 refined=6400
[Timing] coarse=379us fine=2183us merge=640us sort=4us map=0us TOTAL=3224us
[Stats] checked=197657 refined=6400
[Timing] coarse=364us fine=2077us merge=619us sort=5us map=0us TOTAL=3086us
[Stats] checked=173501 refined=6400
[Timing] coarse=365us fine=2127us merge=665us sort=5us map=0us TOTAL=3182us
[Stats] checked=170394 refined=6400
[Timing] coarse=339us fine=2551us merge=576us sort=5us map=0us TOTAL=3491us
[Stats] checked=185771 refined=6400
[Timing] coarse=342us fine=2171us merge=617us sort=5us map=0us TOTAL=3153us
[Stats] checked=178971 refined=6400
[Timing] coarse=351us fine=2247us merge=615us sort=5us map=1us TOTAL=3242us
[Stats] checked=189204 refined=6400
[Timing] coarse=397us fine=2362us merge=629us sort=4us map=0us TOTAL=3462us
[Stats] checked=198391 refined=6400
[Timing] coarse=379us fine=2152us merge=633us sort=5us map=0us TOTAL=3190us
[Stats] checked=165289 refined=6400
[Timing] coarse=319us fine=2255us merge=765us sort=5us map=0us TOTAL=3365us
[Stats] checked=187605 refined=6400
[Timing] coarse=336us fine=2385us merge=643us sort=4us map=0us TOTAL=3392us
[Stats] checked=178611 refined=6400
[Timing] coarse=313us fine=2107us merge=636us sort=5us map=0us TOTAL=3081us
[Stats] checked=176323 refined=6400
[Timing] coarse=311us fine=2097us merge=688us sort=4us map=0us TOTAL=3120us
[Stats] checked=173962 refined=6400
[Timing] coarse=321us fine=2142us merge=612us sort=4us map=0us TOTAL=3099us
[Stats] checked=202742 refined=6400
[Timing] coarse=418us fine=2112us merge=1064us sort=7us map=1us TOTAL=3625us
[Stats] checked=157031 refined=6400
[Timing] coarse=491us fine=2262us merge=614us sort=4us map=0us TOTAL=3407us
[Stats] checked=164057 refined=6400
[Timing] coarse=396us fine=2090us merge=605us sort=5us map=0us TOTAL=3122us
[Stats] checked=168467 refined=6400
[Timing] coarse=410us fine=2108us merge=607us sort=5us map=0us TOTAL=3157us
[Stats] checked=181452 refined=6400
[Timing] coarse=379us fine=2266us merge=797us sort=5us map=0us TOTAL=3470us
[Stats] checked=170295 refined=6400
[Timing] coarse=409us fine=2333us merge=616us sort=4us map=0us TOTAL=3402us
[Stats] checked=186248 refined=6400
[Timing] coarse=360us fine=2212us merge=637us sort=4us map=0us TOTAL=3237us
[Stats] checked=164368 refined=6400
[Timing] coarse=391us fine=2184us merge=607us sort=4us map=0us TOTAL=3210us
[Stats] checked=174730 refined=6400
[Timing] coarse=373us fine=2170us merge=685us sort=5us map=0us TOTAL=3258us
[Stats] checked=171507 refined=6400
[Timing] coarse=453us fine=2091us merge=602us sort=12us map=0us TOTAL=3191us
[Stats] checked=182878 refined=6400
[Timing] coarse=370us fine=2077us merge=631us sort=5us map=0us TOTAL=3108us
[Stats] checked=162549 refined=6400
[Timing] coarse=325us fine=2220us merge=580us sort=5us map=0us TOTAL=3151us
[Stats] checked=175062 refined=6400
[Timing] coarse=323us fine=2100us merge=632us sort=5us map=0us TOTAL=3082us
[Stats] checked=177198 refined=6400
[Timing] coarse=335us fine=2431us merge=622us sort=5us map=0us TOTAL=3416us
[Stats] checked=152478 refined=6400
[Timing] coarse=368us fine=2158us merge=637us sort=5us map=0us TOTAL=3265us
[Stats] checked=170270 refined=6400
[Timing] coarse=373us fine=2115us merge=604us sort=5us map=0us TOTAL=3119us
[Stats] checked=184368 refined=6400
[Timing] coarse=337us fine=2134us merge=597us sort=4us map=0us TOTAL=3092us
[Stats] checked=182114 refined=6400
[Timing] coarse=349us fine=2007us merge=721us sort=4us map=0us TOTAL=3101us
[Stats] checked=185800 refined=6400
[Timing] coarse=321us fine=2036us merge=607us sort=5us map=0us TOTAL=2988us
[Stats] checked=170745 refined=6400
[Timing] coarse=321us fine=2138us merge=599us sort=5us map=0us TOTAL=3082us
[Stats] checked=193344 refined=6400
[Timing] coarse=363us fine=2216us merge=622us sort=4us map=0us TOTAL=3225us
[Stats] checked=167775 refined=6400
[Timing] coarse=351us fine=2195us merge=782us sort=5us map=0us TOTAL=3353us
[Stats] checked=184076 refined=6400
[Timing] coarse=342us fine=2293us merge=673us sort=5us map=0us TOTAL=3334us
[Stats] checked=164657 refined=6400
[Timing] coarse=407us fine=2000us merge=636us sort=5us map=0us TOTAL=3067us
[Stats] checked=182518 refined=6400
[Timing] coarse=328us fine=2169us merge=638us sort=5us map=0us TOTAL=3159us
[Stats] checked=171701 refined=6400
[Timing] coarse=337us fine=2168us merge=622us sort=5us map=0us TOTAL=3153us
[Stats] checked=166379 refined=6400
[Timing] coarse=350us fine=2236us merge=595us sort=5us map=0us TOTAL=3207us
[Stats] checked=167217 refined=6400
[Timing] coarse=380us fine=2108us merge=638us sort=4us map=0us TOTAL=3150us
[Stats] checked=181365 refined=6400
[Timing] coarse=367us fine=2098us merge=627us sort=5us map=0us TOTAL=3120us
[Stats] checked=177487 refined=6400
[Timing] coarse=326us fine=2138us merge=599us sort=4us map=0us TOTAL=3088us
[Stats] checked=198527 refined=6400
[Timing] coarse=333us fine=2127us merge=775us sort=5us map=0us TOTAL=3259us
[Stats] checked=171226 refined=6400
[Timing] coarse=314us fine=2097us merge=600us sort=48us map=0us TOTAL=3080us
[Stats] checked=182659 refined=6400
[Timing] coarse=361us fine=2208us merge=632us sort=5us map=0us TOTAL=3227us
[Stats] checked=171069 refined=6400
[Timing] coarse=317us fine=2029us merge=640us sort=5us map=0us TOTAL=3009us
[Stats] checked=170482 refined=6400
[Timing] coarse=334us fine=2098us merge=614us sort=4us map=0us TOTAL=3069us
[Stats] checked=205668 refined=6400
Processed 650 queries[Timing] coarse=328us fine=2284us merge=617us sort=4us map=0us TOTAL=3252us
[Stats] checked=202296 refined=6400
[Timing] coarse=378us fine=2158us merge=655us sort=5us map=0us TOTAL=3218us
[Stats] checked=168026 refined=6400
[Timing] coarse=337us fine=2142us merge=655us sort=5us map=0us TOTAL=3158us
[Stats] checked=175280 refined=6400
[Timing] coarse=315us fine=2322us merge=648us sort=5us map=0us TOTAL=3307us
[Stats] checked=179156 refined=6400
[Timing] coarse=306us fine=2177us merge=696us sort=4us map=0us TOTAL=3201us
[Stats] checked=189159 refined=6400
[Timing] coarse=358us fine=2148us merge=661us sort=5us map=0us TOTAL=3191us
[Stats] checked=163207 refined=6400
[Timing] coarse=369us fine=2134us merge=586us sort=5us map=0us TOTAL=3115us
[Stats] checked=172683 refined=6400
[Timing] coarse=363us fine=2278us merge=594us sort=4us map=0us TOTAL=3258us
[Stats] checked=187773 refined=6400
[Timing] coarse=308us fine=2153us merge=625us sort=5us map=0us TOTAL=3109us
[Stats] checked=175247 refined=6400
[Timing] coarse=296us fine=2756us merge=629us sort=5us map=0us TOTAL=3704us
[Stats] checked=174787 refined=6400
[Timing] coarse=389us fine=2167us merge=652us sort=5us map=0us TOTAL=3237us
[Stats] checked=162748 refined=6400
[Timing] coarse=374us fine=2172us merge=653us sort=5us map=0us TOTAL=3224us
[Stats] checked=164243 refined=6400
[Timing] coarse=355us fine=2351us merge=650us sort=5us map=0us TOTAL=3380us
[Stats] checked=171915 refined=6400
[Timing] coarse=307us fine=2658us merge=995us sort=5us map=0us TOTAL=3983us
[Stats] checked=193228 refined=6400
[Timing] coarse=393us fine=2166us merge=657us sort=5us map=0us TOTAL=3241us
[Stats] checked=157070 refined=6400
[Timing] coarse=337us fine=2225us merge=624us sort=5us map=0us TOTAL=3210us
[Stats] checked=180552 refined=6400
[Timing] coarse=312us fine=2067us merge=683us sort=5us map=0us TOTAL=3084us
[Stats] checked=185413 refined=6400
[Timing] coarse=301us fine=2078us merge=623us sort=5us map=0us TOTAL=3029us
[Stats] checked=173180 refined=6400
[Timing] coarse=435us fine=2121us merge=683us sort=5us map=0us TOTAL=3269us
[Stats] checked=173730 refined=6400
[Timing] coarse=349us fine=2107us merge=636us sort=5us map=0us TOTAL=3115us
[Stats] checked=189514 refined=6400
[Timing] coarse=338us fine=2063us merge=606us sort=5us map=0us TOTAL=3031us
[Stats] checked=158331 refined=6400
[Timing] coarse=372us fine=2162us merge=556us sort=4us map=0us TOTAL=3113us
[Stats] checked=198995 refined=6400
[Timing] coarse=383us fine=2154us merge=992us sort=5us map=0us TOTAL=3555us
[Stats] checked=196930 refined=6400
[Timing] coarse=368us fine=2058us merge=670us sort=5us map=0us TOTAL=3121us
[Stats] checked=158585 refined=6400
[Timing] coarse=343us fine=2025us merge=674us sort=5us map=0us TOTAL=3065us
[Stats] checked=169210 refined=6400
[Timing] coarse=380us fine=2091us merge=628us sort=5us map=0us TOTAL=3123us
[Stats] checked=174458 refined=6400
[Timing] coarse=338us fine=2177us merge=742us sort=5us map=0us TOTAL=3280us
[Stats] checked=187482 refined=6400
[Timing] coarse=434us fine=2378us merge=683us sort=5us map=0us TOTAL=3523us
[Stats] checked=175372 refined=6400
[Timing] coarse=406us fine=2045us merge=681us sort=5us map=0us TOTAL=3156us
[Stats] checked=185794 refined=6400
[Timing] coarse=445us fine=2167us merge=645us sort=5us map=0us TOTAL=3325us
[Stats] checked=167499 refined=6400
[Timing] coarse=320us fine=2359us merge=674us sort=5us map=0us TOTAL=3377us
[Stats] checked=185563 refined=6400
[Timing] coarse=475us fine=2251us merge=698us sort=8us map=1us TOTAL=3465us
[Stats] checked=184050 refined=6400
[Timing] coarse=466us fine=2216us merge=637us sort=5us map=1us TOTAL=3349us
[Stats] checked=208336 refined=6400
[Timing] coarse=374us fine=2151us merge=661us sort=5us map=0us TOTAL=3213us
[Stats] checked=155383 refined=6400
[Timing] coarse=353us fine=2854us merge=686us sort=5us map=1us TOTAL=3921us
[Stats] checked=182379 refined=6400
[Timing] coarse=427us fine=2295us merge=630us sort=19us map=0us TOTAL=3400us
[Stats] checked=206650 refined=6400
[Timing] coarse=405us fine=2081us merge=582us sort=5us map=0us TOTAL=3098us
[Stats] checked=198540 refined=6400
[Timing] coarse=391us fine=2164us merge=618us sort=5us map=1us TOTAL=3200us
[Stats] checked=202802 refined=6400
[Timing] coarse=345us fine=2917us merge=933us sort=5us map=1us TOTAL=4223us
[Stats] checked=159233 refined=6400
[Timing] coarse=382us fine=2222us merge=631us sort=5us map=0us TOTAL=3263us
[Stats] checked=203197 refined=6400
[Timing] coarse=420us fine=2157us merge=601us sort=5us map=0us TOTAL=3208us
[Stats] checked=192774 refined=6400
[Timing] coarse=346us fine=2285us merge=578us sort=5us map=0us TOTAL=3236us
[Stats] checked=194878 refined=6400
[Timing] coarse=321us fine=2132us merge=700us sort=4us map=0us TOTAL=3179us
[Stats] checked=201938 refined=6400
[Timing] coarse=488us fine=2187us merge=654us sort=5us map=0us TOTAL=3365us
[Stats] checked=173667 refined=6400
[Timing] coarse=421us fine=2186us merge=565us sort=5us map=0us TOTAL=3200us
[Stats] checked=193971 refined=6400
[Timing] coarse=388us fine=2087us merge=606us sort=4us map=0us TOTAL=3107us
[Stats] checked=177530 refined=6400
[Timing] coarse=374us fine=2004us merge=717us sort=5us map=1us TOTAL=3124us
[Stats] checked=188537 refined=6400
[Timing] coarse=410us fine=2556us merge=612us sort=5us map=0us TOTAL=3609us
[Stats] checked=197924 refined=6400
[Timing] coarse=407us fine=2133us merge=706us sort=5us map=0us TOTAL=3277us
[Stats] checked=191774 refined=6400
[Timing] coarse=353us fine=2132us merge=678us sort=4us map=0us TOTAL=3187us
[Stats] checked=157195 refined=6400
Processed 700 queries[Timing] coarse=530us fine=2137us merge=675us sort=5us map=1us TOTAL=3379us
[Stats] checked=165998 refined=6400
[Timing] coarse=476us fine=2110us merge=643us sort=5us map=0us TOTAL=3267us
[Stats] checked=182019 refined=6400
[Timing] coarse=467us fine=2176us merge=603us sort=4us map=0us TOTAL=3281us
[Stats] checked=195156 refined=6400
[Timing] coarse=357us fine=2038us merge=631us sort=5us map=0us TOTAL=3053us
[Stats] checked=163447 refined=6400
[Timing] coarse=341us fine=2076us merge=605us sort=5us map=0us TOTAL=3047us
[Stats] checked=188923 refined=6400
[Timing] coarse=360us fine=2121us merge=636us sort=5us map=0us TOTAL=3144us
[Stats] checked=171619 refined=6400
[Timing] coarse=392us fine=2143us merge=676us sort=5us map=0us TOTAL=3239us
[Stats] checked=184269 refined=6400
[Timing] coarse=385us fine=2007us merge=585us sort=4us map=0us TOTAL=3003us
[Stats] checked=193570 refined=6400
[Timing] coarse=385us fine=2167us merge=590us sort=5us map=28us TOTAL=3195us
[Stats] checked=190825 refined=6400
[Timing] coarse=378us fine=2263us merge=674us sort=5us map=0us TOTAL=3342us
[Stats] checked=192223 refined=6400
[Timing] coarse=422us fine=2020us merge=702us sort=4us map=0us TOTAL=3176us
[Stats] checked=161193 refined=6400
[Timing] coarse=433us fine=2755us merge=672us sort=5us map=0us TOTAL=3888us
[Stats] checked=197983 refined=6400
[Timing] coarse=505us fine=2383us merge=686us sort=5us map=0us TOTAL=3609us
[Stats] checked=170360 refined=6400
[Timing] coarse=554us fine=3215us merge=743us sort=5us map=0us TOTAL=4548us
[Stats] checked=163865 refined=6400
[Timing] coarse=510us fine=2344us merge=696us sort=5us map=0us TOTAL=3588us
[Stats] checked=180632 refined=6400
[Timing] coarse=534us fine=2268us merge=645us sort=5us map=0us TOTAL=3484us
[Stats] checked=181907 refined=6400
[Timing] coarse=502us fine=2592us merge=648us sort=5us map=0us TOTAL=3780us
[Stats] checked=183431 refined=6400
[Timing] coarse=469us fine=2317us merge=600us sort=4us map=0us TOTAL=3419us
[Stats] checked=189969 refined=6400
[Timing] coarse=383us fine=2090us merge=638us sort=5us map=0us TOTAL=3137us
[Stats] checked=165767 refined=6400
[Timing] coarse=353us fine=2070us merge=592us sort=4us map=0us TOTAL=3038us
[Stats] checked=204262 refined=6400
[Timing] coarse=301us fine=2003us merge=583us sort=5us map=0us TOTAL=2909us
[Stats] checked=191255 refined=6400
[Timing] coarse=397us fine=2083us merge=636us sort=5us map=0us TOTAL=3145us
[Stats] checked=157148 refined=6400
[Timing] coarse=513us fine=2076us merge=673us sort=4us map=0us TOTAL=3300us
[Stats] checked=176640 refined=6400
[Timing] coarse=424us fine=2107us merge=935us sort=5us map=0us TOTAL=3494us
[Stats] checked=184170 refined=6400
[Timing] coarse=435us fine=2101us merge=648us sort=5us map=0us TOTAL=3215us
[Stats] checked=179657 refined=6400
[Timing] coarse=306us fine=2132us merge=623us sort=4us map=0us TOTAL=3083us
[Stats] checked=180620 refined=6400
[Timing] coarse=368us fine=2081us merge=606us sort=5us map=0us TOTAL=3082us
[Stats] checked=188376 refined=6400
[Timing] coarse=427us fine=2249us merge=707us sort=6us map=0us TOTAL=3413us
[Stats] checked=162739 refined=6400
[Timing] coarse=372us fine=2081us merge=639us sort=5us map=0us TOTAL=3120us
[Stats] checked=183147 refined=6400
[Timing] coarse=510us fine=2265us merge=623us sort=5us map=0us TOTAL=3437us
[Stats] checked=162579 refined=6400
[Timing] coarse=392us fine=2103us merge=596us sort=5us map=0us TOTAL=3118us
[Stats] checked=178970 refined=6400
[Timing] coarse=392us fine=2103us merge=597us sort=4us map=0us TOTAL=3119us
[Stats] checked=199770 refined=6400
[Timing] coarse=364us fine=2249us merge=622us sort=4us map=0us TOTAL=3263us
[Stats] checked=184508 refined=6400
[Timing] coarse=279us fine=2090us merge=620us sort=5us map=0us TOTAL=3011us
[Stats] checked=170448 refined=6400
[Timing] coarse=469us fine=2125us merge=550us sort=5us map=0us TOTAL=3179us
[Stats] checked=190147 refined=6400
[Timing] coarse=419us fine=2083us merge=639us sort=5us map=0us TOTAL=3167us
[Stats] checked=168769 refined=6400
[Timing] coarse=476us fine=2450us merge=648us sort=4us map=0us TOTAL=3613us
[Stats] checked=180985 refined=6400
[Timing] coarse=459us fine=2308us merge=769us sort=4us map=0us TOTAL=3570us
[Stats] checked=183791 refined=6400
[Timing] coarse=617us fine=2626us merge=935us sort=5us map=1us TOTAL=4215us
[Stats] checked=188189 refined=6400
[Timing] coarse=410us fine=2183us merge=703us sort=4us map=0us TOTAL=3327us
[Stats] checked=163633 refined=6400
[Timing] coarse=377us fine=2226us merge=615us sort=4us map=0us TOTAL=3252us
[Stats] checked=182324 refined=6400
[Timing] coarse=340us fine=2086us merge=1104us sort=5us map=1us TOTAL=3557us
[Stats] checked=170843 refined=6400
[Timing] coarse=433us fine=2084us merge=694us sort=5us map=0us TOTAL=3241us
[Stats] checked=155313 refined=6400
[Timing] coarse=391us fine=2173us merge=628us sort=5us map=0us TOTAL=3219us
[Stats] checked=193850 refined=6400
[Timing] coarse=417us fine=2113us merge=625us sort=4us map=0us TOTAL=3181us
[Stats] checked=165461 refined=6400
[Timing] coarse=363us fine=2205us merge=654us sort=4us map=0us TOTAL=3249us
[Stats] checked=184571 refined=6400
[Timing] coarse=468us fine=2195us merge=679us sort=5us map=0us TOTAL=3375us
[Stats] checked=192397 refined=6400
[Timing] coarse=469us fine=2153us merge=688us sort=5us map=0us TOTAL=3344us
[Stats] checked=185529 refined=6400
[Timing] coarse=359us fine=2062us merge=633us sort=4us map=0us TOTAL=3082us
[Stats] checked=181128 refined=6400
[Timing] coarse=422us fine=2053us merge=627us sort=4us map=0us TOTAL=3132us
[Stats] checked=157101 refined=6400
Processed 750 queries[Timing] coarse=374us fine=2192us merge=657us sort=5us map=0us TOTAL=3255us
[Stats] checked=167920 refined=6400
[Timing] coarse=468us fine=2114us merge=613us sort=5us map=0us TOTAL=3227us
[Stats] checked=188505 refined=6400
[Timing] coarse=473us fine=2021us merge=621us sort=5us map=0us TOTAL=3149us
[Stats] checked=177322 refined=6400
[Timing] coarse=363us fine=2049us merge=642us sort=4us map=0us TOTAL=3083us
[Stats] checked=168446 refined=6400
[Timing] coarse=351us fine=2435us merge=649us sort=4us map=0us TOTAL=3462us
[Stats] checked=183925 refined=6400
[Timing] coarse=405us fine=2100us merge=664us sort=5us map=0us TOTAL=3196us
[Stats] checked=195790 refined=6400
[Timing] coarse=381us fine=2074us merge=612us sort=5us map=0us TOTAL=3095us
[Stats] checked=163342 refined=6400
[Timing] coarse=414us fine=2329us merge=629us sort=4us map=0us TOTAL=3399us
[Stats] checked=166435 refined=6400
[Timing] coarse=363us fine=2084us merge=755us sort=5us map=0us TOTAL=3228us
[Stats] checked=195917 refined=6400
[Timing] coarse=359us fine=2086us merge=631us sort=5us map=0us TOTAL=3101us
[Stats] checked=169112 refined=6400
[Timing] coarse=323us fine=2223us merge=609us sort=5us map=0us TOTAL=3180us
[Stats] checked=178694 refined=6400
[Timing] coarse=347us fine=2069us merge=619us sort=4us map=0us TOTAL=3059us
[Stats] checked=160241 refined=6400
[Timing] coarse=312us fine=2445us merge=606us sort=5us map=0us TOTAL=3388us
[Stats] checked=174017 refined=6400
[Timing] coarse=369us fine=2490us merge=810us sort=5us map=0us TOTAL=3696us
[Stats] checked=185911 refined=6400
[Timing] coarse=544us fine=2228us merge=677us sort=5us map=0us TOTAL=3477us
[Stats] checked=158038 refined=6400
[Timing] coarse=420us fine=2296us merge=657us sort=4us map=0us TOTAL=3401us
[Stats] checked=167276 refined=6400
[Timing] coarse=378us fine=2102us merge=653us sort=5us map=0us TOTAL=3159us
[Stats] checked=169231 refined=6400
[Timing] coarse=316us fine=2193us merge=640us sort=4us map=0us TOTAL=3174us
[Stats] checked=194694 refined=6400
[Timing] coarse=410us fine=2326us merge=647us sort=5us map=0us TOTAL=3413us
[Stats] checked=174768 refined=6400
[Timing] coarse=439us fine=2518us merge=611us sort=4us map=0us TOTAL=3599us
[Stats] checked=175183 refined=6400
[Timing] coarse=372us fine=2287us merge=658us sort=5us map=0us TOTAL=3347us
[Stats] checked=169299 refined=6400
[Timing] coarse=321us fine=2199us merge=817us sort=4us map=0us TOTAL=3362us
[Stats] checked=169391 refined=6400
[Timing] coarse=357us fine=2281us merge=662us sort=5us map=0us TOTAL=3325us
[Stats] checked=180756 refined=6400
[Timing] coarse=488us fine=2258us merge=682us sort=4us map=0us TOTAL=3464us
[Stats] checked=173898 refined=6400
[Timing] coarse=428us fine=2130us merge=606us sort=5us map=0us TOTAL=3194us
[Stats] checked=180613 refined=6400
[Timing] coarse=471us fine=2337us merge=804us sort=4us map=1us TOTAL=3643us
[Stats] checked=174442 refined=6400
[Timing] coarse=358us fine=2213us merge=693us sort=5us map=0us TOTAL=3292us
[Stats] checked=168825 refined=6400
[Timing] coarse=513us fine=2284us merge=653us sort=5us map=0us TOTAL=3509us
[Stats] checked=178185 refined=6400
[Timing] coarse=446us fine=2228us merge=640us sort=5us map=0us TOTAL=3345us
[Stats] checked=192466 refined=6400
[Timing] coarse=382us fine=2146us merge=629us sort=4us map=0us TOTAL=3184us
[Stats] checked=180962 refined=6400
[Timing] coarse=343us fine=2127us merge=635us sort=5us map=0us TOTAL=3131us
[Stats] checked=155366 refined=6400
[Timing] coarse=518us fine=2621us merge=607us sort=5us map=0us TOTAL=3784us
[Stats] checked=182868 refined=6400
[Timing] coarse=485us fine=2159us merge=620us sort=4us map=0us TOTAL=3298us
[Stats] checked=192419 refined=6400
[Timing] coarse=512us fine=2238us merge=657us sort=5us map=0us TOTAL=3436us
[Stats] checked=178283 refined=6400
[Timing] coarse=339us fine=2045us merge=614us sort=5us map=0us TOTAL=3025us
[Stats] checked=174817 refined=6400
[Timing] coarse=359us fine=2089us merge=622us sort=4us map=0us TOTAL=3098us
[Stats] checked=203682 refined=6400
[Timing] coarse=355us fine=2472us merge=627us sort=5us map=0us TOTAL=3483us
[Stats] checked=199494 refined=6400
[Timing] coarse=314us fine=2123us merge=626us sort=5us map=0us TOTAL=3092us
[Stats] checked=163244 refined=6400
[Timing] coarse=284us fine=2053us merge=648us sort=5us map=0us TOTAL=3007us
[Stats] checked=182898 refined=6400
[Timing] coarse=317us fine=2312us merge=731us sort=4us map=0us TOTAL=3383us
[Stats] checked=158493 refined=6400
[Timing] coarse=384us fine=2057us merge=620us sort=5us map=0us TOTAL=3089us
[Stats] checked=184007 refined=6400
[Timing] coarse=329us fine=2084us merge=589us sort=4us map=0us TOTAL=3025us
[Stats] checked=195775 refined=6400
[Timing] coarse=286us fine=2099us merge=586us sort=4us map=0us TOTAL=2994us
[Stats] checked=181553 refined=6400
[Timing] coarse=345us fine=2066us merge=607us sort=4us map=0us TOTAL=3043us
[Stats] checked=170277 refined=6400
[Timing] coarse=303us fine=2124us merge=642us sort=4us map=0us TOTAL=3091us
[Stats] checked=163376 refined=6400
[Timing] coarse=292us fine=2121us merge=565us sort=5us map=0us TOTAL=3000us
[Stats] checked=194113 refined=6400
[Timing] coarse=279us fine=2450us merge=608us sort=5us map=0us TOTAL=3360us
[Stats] checked=204475 refined=6400
[Timing] coarse=432us fine=2121us merge=685us sort=5us map=0us TOTAL=3266us
[Stats] checked=172133 refined=6400
[Timing] coarse=485us fine=2180us merge=602us sort=5us map=0us TOTAL=3304us
[Stats] checked=189918 refined=6400
[Timing] coarse=387us fine=2409us merge=682us sort=4us map=0us TOTAL=3503us
[Stats] checked=177211 refined=6400
Processed 800 queries[Timing] coarse=382us fine=2425us merge=666us sort=4us map=0us TOTAL=3501us
[Stats] checked=157297 refined=6400
[Timing] coarse=409us fine=2087us merge=671us sort=5us map=0us TOTAL=3195us
[Stats] checked=173490 refined=6400
[Timing] coarse=369us fine=2124us merge=664us sort=5us map=0us TOTAL=3185us
[Stats] checked=183869 refined=6400
[Timing] coarse=335us fine=2345us merge=592us sort=5us map=0us TOTAL=3299us
[Stats] checked=179339 refined=6400
[Timing] coarse=334us fine=2032us merge=627us sort=4us map=0us TOTAL=3018us
[Stats] checked=169637 refined=6400
[Timing] coarse=403us fine=2052us merge=634us sort=16us map=0us TOTAL=3133us
[Stats] checked=167077 refined=6400
[Timing] coarse=352us fine=2181us merge=676us sort=4us map=0us TOTAL=3236us
[Stats] checked=172364 refined=6400
[Timing] coarse=519us fine=2603us merge=662us sort=4us map=0us TOTAL=3820us
[Stats] checked=194464 refined=6400
[Timing] coarse=493us fine=2139us merge=645us sort=5us map=0us TOTAL=3313us
[Stats] checked=162904 refined=6400
[Timing] coarse=461us fine=2185us merge=846us sort=5us map=1us TOTAL=3526us
[Stats] checked=165415 refined=6400
[Timing] coarse=564us fine=2430us merge=727us sort=5us map=0us TOTAL=3768us
[Stats] checked=175545 refined=6400
[Timing] coarse=462us fine=2252us merge=619us sort=4us map=0us TOTAL=3364us
[Stats] checked=165735 refined=6400
[Timing] coarse=457us fine=2450us merge=625us sort=5us map=0us TOTAL=3568us
[Stats] checked=191795 refined=6400
[Timing] coarse=460us fine=2706us merge=647us sort=5us map=0us TOTAL=3848us
[Stats] checked=160764 refined=6400
[Timing] coarse=529us fine=2604us merge=680us sort=5us map=0us TOTAL=3854us
[Stats] checked=201027 refined=6400
[Timing] coarse=421us fine=2293us merge=666us sort=4us map=0us TOTAL=3407us
[Stats] checked=219074 refined=6400
[Timing] coarse=705us fine=2186us merge=609us sort=5us map=0us TOTAL=3537us
[Stats] checked=197750 refined=6400
[Timing] coarse=359us fine=2060us merge=606us sort=5us map=0us TOTAL=3051us
[Stats] checked=161366 refined=6400
[Timing] coarse=319us fine=2376us merge=649us sort=5us map=0us TOTAL=3369us
[Stats] checked=185102 refined=6400
[Timing] coarse=332us fine=2221us merge=620us sort=5us map=0us TOTAL=3198us
[Stats] checked=202977 refined=6400
[Timing] coarse=366us fine=2168us merge=674us sort=4us map=0us TOTAL=3234us
[Stats] checked=187039 refined=6400
[Timing] coarse=332us fine=2412us merge=628us sort=5us map=0us TOTAL=3397us
[Stats] checked=183916 refined=6400
[Timing] coarse=338us fine=2119us merge=593us sort=4us map=0us TOTAL=3073us
[Stats] checked=202161 refined=6400
[Timing] coarse=318us fine=2065us merge=618us sort=4us map=0us TOTAL=3024us
[Stats] checked=170314 refined=6400
[Timing] coarse=361us fine=2017us merge=637us sort=5us map=0us TOTAL=3042us
[Stats] checked=173924 refined=6400
[Timing] coarse=342us fine=2038us merge=605us sort=5us map=0us TOTAL=3009us
[Stats] checked=191028 refined=6400
[Timing] coarse=399us fine=2440us merge=808us sort=4us map=0us TOTAL=3674us
[Stats] checked=210358 refined=6400
[Timing] coarse=388us fine=2087us merge=662us sort=5us map=0us TOTAL=3165us
[Stats] checked=174385 refined=6400
[Timing] coarse=353us fine=2078us merge=617us sort=5us map=0us TOTAL=3073us
[Stats] checked=203714 refined=6400
[Timing] coarse=353us fine=2116us merge=612us sort=5us map=0us TOTAL=3106us
[Stats] checked=183256 refined=6400
[Timing] coarse=313us fine=2247us merge=625us sort=5us map=0us TOTAL=3209us
[Stats] checked=181143 refined=6400
[Timing] coarse=367us fine=2080us merge=648us sort=5us map=0us TOTAL=3121us
[Stats] checked=169117 refined=6400
[Timing] coarse=335us fine=2178us merge=658us sort=5us map=0us TOTAL=3196us
[Stats] checked=174838 refined=6400
[Timing] coarse=339us fine=2125us merge=622us sort=4us map=0us TOTAL=3111us
[Stats] checked=182651 refined=6400
[Timing] coarse=304us fine=2101us merge=586us sort=5us map=0us TOTAL=3015us
[Stats] checked=198414 refined=6400
[Timing] coarse=382us fine=2045us merge=636us sort=5us map=0us TOTAL=3088us
[Stats] checked=165267 refined=6400
[Timing] coarse=341us fine=2120us merge=704us sort=5us map=0us TOTAL=3188us
[Stats] checked=157833 refined=6400
[Timing] coarse=354us fine=2177us merge=608us sort=5us map=0us TOTAL=3162us
[Stats] checked=198336 refined=6400
[Timing] coarse=363us fine=2097us merge=640us sort=5us map=0us TOTAL=3123us
[Stats] checked=197666 refined=6400
[Timing] coarse=294us fine=2504us merge=702us sort=5us map=0us TOTAL=3523us
[Stats] checked=165591 refined=6400
[Timing] coarse=356us fine=2028us merge=651us sort=5us map=0us TOTAL=3058us
[Stats] checked=158255 refined=6400
[Timing] coarse=328us fine=2172us merge=622us sort=5us map=0us TOTAL=3145us
[Stats] checked=191570 refined=6400
[Timing] coarse=325us fine=2113us merge=908us sort=5us map=0us TOTAL=3369us
[Stats] checked=158256 refined=6400
[Timing] coarse=359us fine=2876us merge=612us sort=4us map=0us TOTAL=3870us
[Stats] checked=180316 refined=6400
[Timing] coarse=386us fine=2214us merge=699us sort=5us map=0us TOTAL=3324us
[Stats] checked=163095 refined=6400
[Timing] coarse=379us fine=2074us merge=631us sort=5us map=0us TOTAL=3109us
[Stats] checked=162347 refined=6400
[Timing] coarse=376us fine=2100us merge=663us sort=5us map=0us TOTAL=3162us
[Stats] checked=164738 refined=6400
[Timing] coarse=357us fine=2122us merge=608us sort=4us map=0us TOTAL=3109us
[Stats] checked=180092 refined=6400
[Timing] coarse=377us fine=2348us merge=623us sort=5us map=0us TOTAL=3371us
[Stats] checked=191485 refined=6400
[Timing] coarse=406us fine=2131us merge=683us sort=5us map=0us TOTAL=3247us
[Stats] checked=159931 refined=6400
Processed 850 queries[Timing] coarse=375us fine=2088us merge=632us sort=5us map=0us TOTAL=3118us
[Stats] checked=171851 refined=6400
[Timing] coarse=338us fine=2190us merge=664us sort=5us map=0us TOTAL=3215us
[Stats] checked=177411 refined=6400
[Timing] coarse=344us fine=2418us merge=625us sort=4us map=0us TOTAL=3410us
[Stats] checked=166408 refined=6400
[Timing] coarse=399us fine=2212us merge=673us sort=5us map=0us TOTAL=3311us
[Stats] checked=172277 refined=6400
[Timing] coarse=360us fine=2032us merge=629us sort=5us map=0us TOTAL=3046us
[Stats] checked=174716 refined=6400
[Timing] coarse=340us fine=2073us merge=622us sort=5us map=0us TOTAL=3059us
[Stats] checked=159355 refined=6400
[Timing] coarse=409us fine=2592us merge=616us sort=5us map=0us TOTAL=3641us
[Stats] checked=195156 refined=6400
[Timing] coarse=387us fine=2098us merge=649us sort=5us map=0us TOTAL=3160us
[Stats] checked=199506 refined=6400
[Timing] coarse=334us fine=2395us merge=605us sort=5us map=0us TOTAL=3359us
[Stats] checked=189224 refined=6400
[Timing] coarse=368us fine=2145us merge=580us sort=4us map=0us TOTAL=3121us
[Stats] checked=190207 refined=6400
[Timing] coarse=318us fine=2064us merge=708us sort=4us map=0us TOTAL=3115us
[Stats] checked=173828 refined=6400
[Timing] coarse=293us fine=2098us merge=639us sort=4us map=0us TOTAL=3055us
[Stats] checked=179660 refined=6400
[Timing] coarse=360us fine=2048us merge=581us sort=4us map=0us TOTAL=3014us
[Stats] checked=192007 refined=6400
[Timing] coarse=323us fine=2037us merge=605us sort=4us map=0us TOTAL=2988us
[Stats] checked=170580 refined=6400
[Timing] coarse=290us fine=2138us merge=641us sort=4us map=0us TOTAL=3093us
[Stats] checked=162641 refined=6400
[Timing] coarse=322us fine=2501us merge=628us sort=5us map=0us TOTAL=3475us
[Stats] checked=159052 refined=6400
[Timing] coarse=316us fine=2294us merge=739us sort=5us map=0us TOTAL=3374us
[Stats] checked=171513 refined=6400
[Timing] coarse=401us fine=2109us merge=654us sort=5us map=0us TOTAL=3192us
[Stats] checked=183627 refined=6400
[Timing] coarse=349us fine=2112us merge=646us sort=4us map=0us TOTAL=3132us
[Stats] checked=165473 refined=6400
[Timing] coarse=382us fine=2124us merge=794us sort=5us map=0us TOTAL=3327us
[Stats] checked=178839 refined=6400
[Timing] coarse=526us fine=2763us merge=629us sort=5us map=0us TOTAL=3943us
[Stats] checked=203509 refined=6400
[Timing] coarse=380us fine=2146us merge=685us sort=5us map=0us TOTAL=3237us
[Stats] checked=184257 refined=6400
[Timing] coarse=325us fine=2506us merge=690us sort=4us map=0us TOTAL=3547us
[Stats] checked=176865 refined=6400
[Timing] coarse=331us fine=2298us merge=644us sort=5us map=0us TOTAL=3298us
[Stats] checked=195543 refined=6400
[Timing] coarse=326us fine=2087us merge=620us sort=4us map=0us TOTAL=3056us
[Stats] checked=162552 refined=6400
[Timing] coarse=720us fine=2079us merge=617us sort=5us map=0us TOTAL=3440us
[Stats] checked=158986 refined=6400
[Timing] coarse=379us fine=2158us merge=716us sort=5us map=0us TOTAL=3278us
[Stats] checked=175131 refined=6400
[Timing] coarse=469us fine=2176us merge=674us sort=5us map=0us TOTAL=3349us
[Stats] checked=168871 refined=6400
[Timing] coarse=506us fine=2130us merge=642us sort=5us map=0us TOTAL=3307us
[Stats] checked=165625 refined=6400
[Timing] coarse=341us fine=2335us merge=646us sort=5us map=0us TOTAL=3348us
[Stats] checked=184084 refined=6400
[Timing] coarse=378us fine=2139us merge=615us sort=5us map=0us TOTAL=3159us
[Stats] checked=187131 refined=6400
[Timing] coarse=413us fine=2032us merge=621us sort=4us map=0us TOTAL=3093us
[Stats] checked=176916 refined=6400
[Timing] coarse=368us fine=2209us merge=596us sort=5us map=0us TOTAL=3198us
[Stats] checked=199959 refined=6400
[Timing] coarse=432us fine=2149us merge=668us sort=5us map=0us TOTAL=3281us
[Stats] checked=169526 refined=6400
[Timing] coarse=458us fine=2041us merge=631us sort=4us map=0us TOTAL=3174us
[Stats] checked=174488 refined=6400
[Timing] coarse=308us fine=2155us merge=614us sort=4us map=0us TOTAL=3103us
[Stats] checked=181239 refined=6400
[Timing] coarse=392us fine=2252us merge=640us sort=4us map=0us TOTAL=3313us
[Stats] checked=158246 refined=6400
[Timing] coarse=334us fine=2133us merge=631us sort=5us map=0us TOTAL=3121us
[Stats] checked=155798 refined=6400
[Timing] coarse=374us fine=2505us merge=693us sort=4us map=0us TOTAL=3599us
[Stats] checked=182607 refined=6400
[Timing] coarse=386us fine=2237us merge=599us sort=5us map=0us TOTAL=3251us
[Stats] checked=172947 refined=6400
[Timing] coarse=358us fine=2152us merge=649us sort=4us map=0us TOTAL=3185us
[Stats] checked=161665 refined=6400
[Timing] coarse=326us fine=2133us merge=612us sort=4us map=0us TOTAL=3095us
[Stats] checked=194263 refined=6400
[Timing] coarse=313us fine=2623us merge=659us sort=5us map=0us TOTAL=3620us
[Stats] checked=190786 refined=6400
[Timing] coarse=421us fine=2141us merge=647us sort=5us map=0us TOTAL=3238us
[Stats] checked=171398 refined=6400
[Timing] coarse=348us fine=2064us merge=622us sort=4us map=0us TOTAL=3059us
[Stats] checked=165624 refined=6400
[Timing] coarse=348us fine=2123us merge=637us sort=5us map=0us TOTAL=3133us
[Stats] checked=187242 refined=6400
[Timing] coarse=463us fine=2601us merge=662us sort=5us map=0us TOTAL=3757us
[Stats] checked=186456 refined=6400
[Timing] coarse=381us fine=2186us merge=600us sort=4us map=0us TOTAL=3204us
[Stats] checked=197290 refined=6400
[Timing] coarse=319us fine=2138us merge=636us sort=5us map=0us TOTAL=3119us
[Stats] checked=169909 refined=6400
[Timing] coarse=329us fine=2521us merge=684us sort=5us map=0us TOTAL=3559us
[Stats] checked=167487 refined=6400
Processed 900 queries[Timing] coarse=323us fine=2247us merge=764us sort=5us map=0us TOTAL=3360us
[Stats] checked=181098 refined=6400
[Timing] coarse=339us fine=2170us merge=635us sort=5us map=0us TOTAL=3170us
[Stats] checked=196006 refined=6400
[Timing] coarse=341us fine=2198us merge=668us sort=5us map=0us TOTAL=3232us
[Stats] checked=182426 refined=6400
[Timing] coarse=338us fine=2116us merge=725us sort=4us map=0us TOTAL=3204us
[Stats] checked=170989 refined=6400
[Timing] coarse=322us fine=2033us merge=616us sort=5us map=0us TOTAL=2997us
[Stats] checked=156613 refined=6400
[Timing] coarse=306us fine=2090us merge=585us sort=5us map=0us TOTAL=3004us
[Stats] checked=189234 refined=6400
[Timing] coarse=329us fine=2180us merge=610us sort=5us map=0us TOTAL=3142us
[Stats] checked=187481 refined=6400
[Timing] coarse=310us fine=2195us merge=637us sort=5us map=0us TOTAL=3166us
[Stats] checked=162170 refined=6400
[Timing] coarse=420us fine=2242us merge=626us sort=5us map=0us TOTAL=3318us
[Stats] checked=179494 refined=6400
[Timing] coarse=364us fine=2231us merge=650us sort=5us map=0us TOTAL=3269us
[Stats] checked=162877 refined=6400
[Timing] coarse=371us fine=2095us merge=717us sort=5us map=0us TOTAL=3209us
[Stats] checked=176550 refined=6400
[Timing] coarse=399us fine=2188us merge=663us sort=5us map=0us TOTAL=3275us
[Stats] checked=163821 refined=6400
[Timing] coarse=457us fine=2107us merge=633us sort=5us map=0us TOTAL=3224us
[Stats] checked=174307 refined=6400
[Timing] coarse=368us fine=2111us merge=731us sort=5us map=0us TOTAL=3236us
[Stats] checked=185582 refined=6400
[Timing] coarse=387us fine=2217us merge=615us sort=5us map=0us TOTAL=3245us
[Stats] checked=162061 refined=6400
[Timing] coarse=368us fine=2079us merge=635us sort=5us map=0us TOTAL=3106us
[Stats] checked=175382 refined=6400
[Timing] coarse=347us fine=2297us merge=621us sort=5us map=0us TOTAL=3289us
[Stats] checked=165527 refined=6400
[Timing] coarse=349us fine=2272us merge=607us sort=4us map=0us TOTAL=3254us
[Stats] checked=183763 refined=6400
[Timing] coarse=386us fine=2018us merge=606us sort=5us map=0us TOTAL=3034us
[Stats] checked=175904 refined=6400
[Timing] coarse=371us fine=2050us merge=652us sort=5us map=0us TOTAL=3097us
[Stats] checked=155197 refined=6400
[Timing] coarse=363us fine=2027us merge=602us sort=4us map=0us TOTAL=3016us
[Stats] checked=199433 refined=6400
[Timing] coarse=332us fine=2084us merge=822us sort=13us map=1us TOTAL=3271us
[Stats] checked=185573 refined=6400
[Timing] coarse=378us fine=2589us merge=587us sort=5us map=0us TOTAL=3577us
[Stats] checked=188109 refined=6400
[Timing] coarse=381us fine=2241us merge=611us sort=5us map=0us TOTAL=3261us
[Stats] checked=175266 refined=6400
[Timing] coarse=368us fine=2050us merge=612us sort=5us map=0us TOTAL=3055us
[Stats] checked=178086 refined=6400
[Timing] coarse=308us fine=2002us merge=627us sort=4us map=0us TOTAL=2961us
[Stats] checked=172129 refined=6400
[Timing] coarse=341us fine=2200us merge=700us sort=5us map=0us TOTAL=3266us
[Stats] checked=171853 refined=6400
[Timing] coarse=310us fine=2029us merge=616us sort=5us map=0us TOTAL=3012us
[Stats] checked=153564 refined=6400
[Timing] coarse=298us fine=2060us merge=622us sort=5us map=0us TOTAL=3003us
[Stats] checked=186650 refined=6400
[Timing] coarse=362us fine=2085us merge=616us sort=4us map=0us TOTAL=3090us
[Stats] checked=211120 refined=6400
[Timing] coarse=307us fine=2394us merge=624us sort=5us map=0us TOTAL=3350us
[Stats] checked=193235 refined=6400
[Timing] coarse=429us fine=2534us merge=630us sort=5us map=0us TOTAL=3621us
[Stats] checked=207366 refined=6400
[Timing] coarse=408us fine=2337us merge=683us sort=5us map=0us TOTAL=3454us
[Stats] checked=168831 refined=6400
[Timing] coarse=384us fine=2580us merge=653us sort=5us map=0us TOTAL=3642us
[Stats] checked=174118 refined=6400
[Timing] coarse=424us fine=2200us merge=698us sort=5us map=0us TOTAL=3349us
[Stats] checked=165654 refined=6400
[Timing] coarse=331us fine=2081us merge=648us sort=5us map=0us TOTAL=3085us
[Stats] checked=180744 refined=6400
[Timing] coarse=327us fine=2103us merge=634us sort=5us map=0us TOTAL=3089us
[Stats] checked=186671 refined=6400
[Timing] coarse=331us fine=2135us merge=589us sort=5us map=1us TOTAL=3081us
[Stats] checked=177075 refined=6400
[Timing] coarse=302us fine=2231us merge=615us sort=4us map=0us TOTAL=3174us
[Stats] checked=175915 refined=6400
[Timing] coarse=402us fine=2111us merge=600us sort=5us map=0us TOTAL=3141us
[Stats] checked=165064 refined=6400
[Timing] coarse=371us fine=2134us merge=629us sort=4us map=0us TOTAL=3172us
[Stats] checked=179824 refined=6400
[Timing] coarse=336us fine=2490us merge=700us sort=5us map=0us TOTAL=3551us
[Stats] checked=170545 refined=6400
[Timing] coarse=359us fine=2095us merge=619us sort=5us map=0us TOTAL=3099us
[Stats] checked=162459 refined=6400
[Timing] coarse=339us fine=2066us merge=621us sort=5us map=0us TOTAL=3053us
[Stats] checked=174515 refined=6400
[Timing] coarse=350us fine=2022us merge=651us sort=5us map=0us TOTAL=3046us
[Stats] checked=161693 refined=6400
[Timing] coarse=337us fine=2128us merge=667us sort=5us map=0us TOTAL=3157us
[Stats] checked=188258 refined=6400
[Timing] coarse=362us fine=2209us merge=601us sort=5us map=0us TOTAL=3197us
[Stats] checked=193993 refined=6400
[Timing] coarse=355us fine=2450us merge=662us sort=4us map=0us TOTAL=3491us
[Stats] checked=188720 refined=6400
[Timing] coarse=386us fine=2137us merge=620us sort=5us map=0us TOTAL=3169us
[Stats] checked=176343 refined=6400
[Timing] coarse=329us fine=2285us merge=690us sort=4us map=0us TOTAL=3328us
[Stats] checked=184320 refined=6400
Processed 950 queries[Timing] coarse=347us fine=2163us merge=635us sort=5us map=0us TOTAL=3170us
[Stats] checked=173170 refined=6400
[Timing] coarse=355us fine=2147us merge=720us sort=4us map=0us TOTAL=3246us
[Stats] checked=169225 refined=6400
[Timing] coarse=317us fine=2145us merge=562us sort=4us map=0us TOTAL=3048us
[Stats] checked=195641 refined=6400
[Timing] coarse=373us fine=2386us merge=627us sort=5us map=0us TOTAL=3418us
[Stats] checked=156098 refined=6400
[Timing] coarse=354us fine=2036us merge=613us sort=5us map=0us TOTAL=3027us
[Stats] checked=164573 refined=6400
[Timing] coarse=320us fine=2145us merge=637us sort=5us map=0us TOTAL=3126us
[Stats] checked=171718 refined=6400
[Timing] coarse=323us fine=2313us merge=595us sort=5us map=0us TOTAL=3257us
[Stats] checked=195092 refined=6400
[Timing] coarse=356us fine=2196us merge=622us sort=5us map=0us TOTAL=3198us
[Stats] checked=177391 refined=6400
[Timing] coarse=330us fine=2122us merge=640us sort=5us map=0us TOTAL=3116us
[Stats] checked=160229 refined=6400
[Timing] coarse=322us fine=2143us merge=615us sort=4us map=0us TOTAL=3102us
[Stats] checked=215654 refined=6400
[Timing] coarse=389us fine=2077us merge=655us sort=4us map=0us TOTAL=3145us
[Stats] checked=178212 refined=6400
[Timing] coarse=355us fine=2248us merge=619us sort=4us map=0us TOTAL=3247us
[Stats] checked=176682 refined=6400
[Timing] coarse=383us fine=2018us merge=637us sort=5us map=0us TOTAL=3062us
[Stats] checked=154981 refined=6400
[Timing] coarse=307us fine=2380us merge=667us sort=5us map=0us TOTAL=3379us
[Stats] checked=180750 refined=6400
[Timing] coarse=315us fine=2083us merge=693us sort=5us map=0us TOTAL=3115us
[Stats] checked=166248 refined=6400
[Timing] coarse=587us fine=2129us merge=648us sort=5us map=0us TOTAL=3402us
[Stats] checked=162844 refined=6400
[Timing] coarse=410us fine=2082us merge=649us sort=5us map=0us TOTAL=3169us
[Stats] checked=172192 refined=6400
[Timing] coarse=345us fine=2186us merge=640us sort=5us map=0us TOTAL=3198us
[Stats] checked=151095 refined=6400
[Timing] coarse=343us fine=2202us merge=623us sort=5us map=0us TOTAL=3209us
[Stats] checked=189552 refined=6400
[Timing] coarse=331us fine=2329us merge=617us sort=5us map=0us TOTAL=3304us
[Stats] checked=188874 refined=6400
[Timing] coarse=356us fine=2094us merge=635us sort=5us map=0us TOTAL=3112us
[Stats] checked=177135 refined=6400
[Timing] coarse=318us fine=2049us merge=655us sort=5us map=0us TOTAL=3047us
[Stats] checked=171603 refined=6400
[Timing] coarse=343us fine=2046us merge=619us sort=4us map=0us TOTAL=3032us
[Stats] checked=179352 refined=6400
[Timing] coarse=337us fine=2071us merge=618us sort=5us map=0us TOTAL=3050us
[Stats] checked=190380 refined=6400
[Timing] coarse=348us fine=2564us merge=656us sort=4us map=0us TOTAL=3594us
[Stats] checked=168902 refined=6400
[Timing] coarse=337us fine=2111us merge=574us sort=5us map=0us TOTAL=3050us
[Stats] checked=197346 refined=6400
[Timing] coarse=332us fine=2002us merge=622us sort=5us map=0us TOTAL=2995us
[Stats] checked=171033 refined=6400
[Timing] coarse=307us fine=2328us merge=618us sort=5us map=0us TOTAL=3277us
[Stats] checked=181610 refined=6400
[Timing] coarse=313us fine=2171us merge=639us sort=5us map=0us TOTAL=3147us
[Stats] checked=194256 refined=6400
[Timing] coarse=344us fine=2088us merge=621us sort=5us map=0us TOTAL=3079us
[Stats] checked=180737 refined=6400
[Timing] coarse=323us fine=2262us merge=626us sort=5us map=0us TOTAL=3246us
[Stats] checked=161129 refined=6400
[Timing] coarse=329us fine=2073us merge=574us sort=5us map=0us TOTAL=2999us
[Stats] checked=199120 refined=6400
[Timing] coarse=340us fine=2053us merge=951us sort=5us map=0us TOTAL=3368us
[Stats] checked=206308 refined=6400
[Timing] coarse=313us fine=2149us merge=614us sort=5us map=0us TOTAL=3101us
[Stats] checked=184001 refined=6400
[Timing] coarse=367us fine=2356us merge=779us sort=7us map=0us TOTAL=3529us
[Stats] checked=175136 refined=6400
[Timing] coarse=456us fine=2530us merge=639us sort=5us map=0us TOTAL=3653us
[Stats] checked=166287 refined=6400
[Timing] coarse=308us fine=2091us merge=636us sort=5us map=0us TOTAL=3059us
[Stats] checked=181605 refined=6400
[Timing] coarse=299us fine=2984us merge=645us sort=5us map=0us TOTAL=3951us
[Stats] checked=168290 refined=6400
[Timing] coarse=435us fine=2232us merge=632us sort=4us map=0us TOTAL=3327us
[Stats] checked=175553 refined=6400
[Timing] coarse=373us fine=2210us merge=583us sort=4us map=0us TOTAL=3191us
[Stats] checked=207594 refined=6400
[Timing] coarse=350us fine=2087us merge=637us sort=5us map=0us TOTAL=3098us
[Stats] checked=173100 refined=6400
[Timing] coarse=341us fine=2197us merge=640us sort=5us map=0us TOTAL=3204us
[Stats] checked=164034 refined=6400
[Timing] coarse=384us fine=2365us merge=675us sort=5us map=0us TOTAL=3449us
[Stats] checked=170818 refined=6400
[Timing] coarse=371us fine=2120us merge=635us sort=5us map=0us TOTAL=3151us
[Stats] checked=167838 refined=6400
[Timing] coarse=415us fine=2100us merge=637us sort=5us map=0us TOTAL=3178us
[Stats] checked=177980 refined=6400
[Timing] coarse=345us fine=2298us merge=723us sort=5us map=0us TOTAL=3391us
[Stats] checked=167320 refined=6400
[Timing] coarse=357us fine=2102us merge=679us sort=4us map=0us TOTAL=3162us
[Stats] checked=161525 refined=6400
[Timing] coarse=341us fine=2231us merge=684us sort=5us map=0us TOTAL=3282us
[Stats] checked=158691 refined=6400
[Timing] coarse=343us fine=2133us merge=670us sort=5us map=0us TOTAL=3171us
[Stats] checked=179208 refined=6400
[Timing] coarse=352us fine=2007us merge=847us sort=5us map=0us TOTAL=3230us
[Stats] checked=163877 refined=6400
Processed 1000 queries
=== Results ===
Total queries: 1000
Average recall@10: 0.9809
Average query time: 4.14 ms
Index build time: 64 seconds
