[cache] loaded base vectors from data_o/glove/base.txt.bin
Building index...
[solution] threads=32, centroid=5422, iter=16, nprob=1024
[finalize_build] 61512 ms
Index built in 62 seconds
Loading queries and ground truth...
Loaded 1000 ground truth entries
Running queries...
[Timing] coarse=498us fine=2547us merge=628us sort=5us map=0us TOTAL=3757us
[Stats] checked=213379 refined=6400
[Timing] coarse=564us fine=2669us merge=635us sort=5us map=0us TOTAL=3905us
[Stats] checked=219750 refined=6400
[Timing] coarse=496us fine=2441us merge=604us sort=4us map=0us TOTAL=3574us
[Stats] checked=188038 refined=6400
[Timing] coarse=448us fine=2614us merge=634us sort=5us map=0us TOTAL=3728us
[Stats] checked=200173 refined=6400
[Timing] coarse=452us fine=2333us merge=642us sort=5us map=0us TOTAL=3461us
[Stats] checked=201015 refined=6400
[Timing] coarse=481us fine=2741us merge=726us sort=4us map=0us TOTAL=3986us
[Stats] checked=182056 refined=6400
[Timing] coarse=451us fine=2414us merge=675us sort=4us map=0us TOTAL=3571us
[Stats] checked=185918 refined=6400
[Timing] coarse=413us fine=2421us merge=643us sort=4us map=0us TOTAL=3506us
[Stats] checked=195554 refined=6400
[Timing] coarse=315us fine=2687us merge=658us sort=5us map=0us TOTAL=3687us
[Stats] checked=186547 refined=6400
[Timing] coarse=489us fine=2215us merge=670us sort=5us map=0us TOTAL=3413us
[Stats] checked=200387 refined=6400
[Timing] coarse=385us fine=2350us merge=685us sort=4us map=0us TOTAL=3456us
[Stats] checked=214251 refined=6400
[Timing] coarse=564us fine=2487us merge=852us sort=5us map=0us TOTAL=3943us
[Stats] checked=199062 refined=6400
[Timing] coarse=423us fine=2523us merge=720us sort=5us map=0us TOTAL=3696us
[Stats] checked=187573 refined=6400
[Timing] coarse=534us fine=2609us merge=616us sort=4us map=0us TOTAL=3798us
[Stats] checked=234427 refined=6400
[Timing] coarse=400us fine=2523us merge=761us sort=5us map=0us TOTAL=3716us
[Stats] checked=191114 refined=6400
[Timing] coarse=393us fine=2329us merge=619us sort=5us map=0us TOTAL=3428us
[Stats] checked=199537 refined=6400
[Timing] coarse=381us fine=2654us merge=655us sort=5us map=0us TOTAL=3719us
[Stats] checked=200055 refined=6400
[Timing] coarse=456us fine=2314us merge=654us sort=5us map=0us TOTAL=3470us
[Stats] checked=186340 refined=6400
[Timing] coarse=394us fine=2261us merge=665us sort=5us map=0us TOTAL=3347us
[Stats] checked=193150 refined=6400
[Timing] coarse=411us fine=2301us merge=688us sort=5us map=0us TOTAL=3429us
[Stats] checked=198049 refined=6400
[Timing] coarse=375us fine=2532us merge=728us sort=5us map=0us TOTAL=3662us
[Stats] checked=197877 refined=6400
[Timing] coarse=410us fine=2830us merge=662us sort=5us map=0us TOTAL=3933us
[Stats] checked=210159 refined=6400
[Timing] coarse=439us fine=2460us merge=660us sort=5us map=0us TOTAL=3588us
[Stats] checked=182750 refined=6400
[Timing] coarse=388us fine=2233us merge=649us sort=5us map=0us TOTAL=3297us
[Stats] checked=195739 refined=6400
[Timing] coarse=418us fine=2280us merge=664us sort=4us map=0us TOTAL=3390us
[Stats] checked=195695 refined=6400
[Timing] coarse=389us fine=2336us merge=601us sort=5us map=0us TOTAL=3355us
[Stats] checked=212496 refined=6400
[Timing] coarse=392us fine=2588us merge=643us sort=4us map=0us TOTAL=3648us
[Stats] checked=202209 refined=6400
[Timing] coarse=393us fine=2173us merge=611us sort=5us map=0us TOTAL=3203us
[Stats] checked=213493 refined=6400
[Timing] coarse=475us fine=2360us merge=687us sort=5us map=0us TOTAL=3558us
[Stats] checked=198912 refined=6400
[Timing] coarse=538us fine=2234us merge=632us sort=5us map=0us TOTAL=3444us
[Stats] checked=198476 refined=6400
[Timing] coarse=427us fine=2380us merge=649us sort=5us map=0us TOTAL=3488us
[Stats] checked=196604 refined=6400
[Timing] coarse=467us fine=2121us merge=653us sort=5us map=0us TOTAL=3276us
[Stats] checked=202756 refined=6400
[Timing] coarse=458us fine=2372us merge=651us sort=5us map=0us TOTAL=3510us
[Stats] checked=218951 refined=6400
[Timing] coarse=458us fine=2084us merge=621us sort=4us map=0us TOTAL=3192us
[Stats] checked=203266 refined=6400
[Timing] coarse=476us fine=2409us merge=688us sort=5us map=0us TOTAL=3602us
[Stats] checked=200276 refined=6400
[Timing] coarse=438us fine=2128us merge=632us sort=5us map=0us TOTAL=3227us
[Stats] checked=195262 refined=6400
[Timing] coarse=367us fine=2333us merge=695us sort=5us map=0us TOTAL=3421us
[Stats] checked=190890 refined=6400
[Timing] coarse=422us fine=2123us merge=637us sort=5us map=0us TOTAL=3209us
[Stats] checked=210345 refined=6400
[Timing] coarse=469us fine=2285us merge=692us sort=5us map=0us TOTAL=3480us
[Stats] checked=190501 refined=6400
[Timing] coarse=407us fine=2309us merge=1047us sort=7us map=0us TOTAL=3792us
[Stats] checked=203503 refined=6400
[Timing] coarse=447us fine=2654us merge=648us sort=5us map=0us TOTAL=3782us
[Stats] checked=189703 refined=6400
[Timing] coarse=436us fine=2298us merge=634us sort=5us map=0us TOTAL=3396us
[Stats] checked=211453 refined=6400
[Timing] coarse=488us fine=2233us merge=609us sort=5us map=0us TOTAL=3363us
[Stats] checked=211663 refined=6400
[Timing] coarse=331us fine=2925us merge=639us sort=4us map=0us TOTAL=3920us
[Stats] checked=199529 refined=6400
[Timing] coarse=391us fine=2286us merge=697us sort=5us map=1us TOTAL=3403us
[Stats] checked=193726 refined=6400
[Timing] coarse=439us fine=2131us merge=631us sort=5us map=0us TOTAL=3231us
[Stats] checked=194947 refined=6400
[Timing] coarse=369us fine=2109us merge=647us sort=5us map=0us TOTAL=3151us
[Stats] checked=187541 refined=6400
[Timing] coarse=385us fine=2541us merge=655us sort=4us map=0us TOTAL=3608us
[Stats] checked=182027 refined=6400
[Timing] coarse=341us fine=2156us merge=669us sort=4us map=0us TOTAL=3191us
[Stats] checked=210248 refined=6400
[Timing] coarse=395us fine=2132us merge=661us sort=4us map=0us TOTAL=3215us
[Stats] checked=192750 refined=6400
Processed 50 queries[Timing] coarse=389us fine=2068us merge=696us sort=4us map=0us TOTAL=3180us
[Stats] checked=197701 refined=6400
[Timing] coarse=367us fine=2126us merge=883us sort=4us map=0us TOTAL=3402us
[Stats] checked=215614 refined=6400
[Timing] coarse=345us fine=2111us merge=638us sort=4us map=0us TOTAL=3120us
[Stats] checked=214431 refined=6400
[Timing] coarse=309us fine=2287us merge=634us sort=5us map=0us TOTAL=3255us
[Stats] checked=222320 refined=6400
[Timing] coarse=395us fine=2000us merge=615us sort=5us map=0us TOTAL=3034us
[Stats] checked=192072 refined=6400
[Timing] coarse=351us fine=2119us merge=696us sort=4us map=0us TOTAL=3251us
[Stats] checked=208339 refined=6400
[Timing] coarse=396us fine=2135us merge=642us sort=4us map=0us TOTAL=3210us
[Stats] checked=197861 refined=6400
[Timing] coarse=399us fine=2232us merge=661us sort=5us map=0us TOTAL=3317us
[Stats] checked=179377 refined=6400
[Timing] coarse=388us fine=2175us merge=645us sort=5us map=0us TOTAL=3233us
[Stats] checked=213467 refined=6400
[Timing] coarse=357us fine=2188us merge=642us sort=5us map=0us TOTAL=3215us
[Stats] checked=195077 refined=6400
[Timing] coarse=342us fine=2128us merge=631us sort=5us map=0us TOTAL=3126us
[Stats] checked=185257 refined=6400
[Timing] coarse=346us fine=2109us merge=683us sort=4us map=0us TOTAL=3191us
[Stats] checked=185987 refined=6400
[Timing] coarse=333us fine=2136us merge=625us sort=4us map=0us TOTAL=3119us
[Stats] checked=196252 refined=6400
[Timing] coarse=335us fine=2224us merge=634us sort=5us map=0us TOTAL=3220us
[Stats] checked=193870 refined=6400
[Timing] coarse=342us fine=2184us merge=672us sort=4us map=0us TOTAL=3223us
[Stats] checked=189257 refined=6400
[Timing] coarse=409us fine=2466us merge=750us sort=4us map=0us TOTAL=3651us
[Stats] checked=203698 refined=6400
[Timing] coarse=380us fine=2323us merge=690us sort=5us map=1us TOTAL=3419us
[Stats] checked=206869 refined=6400
[Timing] coarse=473us fine=2303us merge=764us sort=5us map=0us TOTAL=3567us
[Stats] checked=181694 refined=6400
[Timing] coarse=421us fine=2143us merge=709us sort=4us map=0us TOTAL=3300us
[Stats] checked=199679 refined=6400
[Timing] coarse=394us fine=2110us merge=669us sort=5us map=0us TOTAL=3199us
[Stats] checked=188929 refined=6400
[Timing] coarse=377us fine=3125us merge=653us sort=5us map=0us TOTAL=4181us
[Stats] checked=221853 refined=6400
[Timing] coarse=394us fine=2209us merge=658us sort=5us map=0us TOTAL=3287us
[Stats] checked=212390 refined=6400
[Timing] coarse=393us fine=2190us merge=617us sort=5us map=0us TOTAL=3226us
[Stats] checked=215093 refined=6400
[Timing] coarse=353us fine=2083us merge=642us sort=5us map=0us TOTAL=3103us
[Stats] checked=184586 refined=6400
[Timing] coarse=322us fine=3038us merge=689us sort=4us map=0us TOTAL=4073us
[Stats] checked=188604 refined=6400
[Timing] coarse=485us fine=2476us merge=625us sort=5us map=0us TOTAL=3616us
[Stats] checked=211516 refined=6400
[Timing] coarse=412us fine=2333us merge=600us sort=5us map=0us TOTAL=3371us
[Stats] checked=225910 refined=6400
[Timing] coarse=382us fine=2067us merge=633us sort=5us map=0us TOTAL=3108us
[Stats] checked=189417 refined=6400
[Timing] coarse=354us fine=2529us merge=650us sort=5us map=0us TOTAL=3558us
[Stats] checked=211936 refined=6400
[Timing] coarse=407us fine=2264us merge=629us sort=4us map=0us TOTAL=3324us
[Stats] checked=219527 refined=6400
[Timing] coarse=391us fine=2220us merge=641us sort=4us map=0us TOTAL=3277us
[Stats] checked=208752 refined=6400
[Timing] coarse=375us fine=2940us merge=669us sort=5us map=0us TOTAL=4010us
[Stats] checked=191642 refined=6400
[Timing] coarse=480us fine=2745us merge=688us sort=4us map=0us TOTAL=3940us
[Stats] checked=202326 refined=6400
[Timing] coarse=581us fine=2178us merge=743us sort=5us map=0us TOTAL=3547us
[Stats] checked=198221 refined=6400
[Timing] coarse=509us fine=2262us merge=640us sort=5us map=0us TOTAL=3447us
[Stats] checked=219429 refined=6400
[Timing] coarse=362us fine=2103us merge=667us sort=5us map=0us TOTAL=3158us
[Stats] checked=182233 refined=6400
[Timing] coarse=328us fine=2710us merge=944us sort=4us map=0us TOTAL=4006us
[Stats] checked=194418 refined=6400
[Timing] coarse=493us fine=2329us merge=688us sort=5us map=0us TOTAL=3546us
[Stats] checked=202683 refined=6400
[Timing] coarse=588us fine=2283us merge=650us sort=5us map=0us TOTAL=3563us
[Stats] checked=205926 refined=6400
[Timing] coarse=517us fine=2725us merge=799us sort=5us map=1us TOTAL=4078us
[Stats] checked=210978 refined=6400
[Timing] coarse=494us fine=2264us merge=776us sort=5us map=0us TOTAL=3568us
[Stats] checked=194578 refined=6400
[Timing] coarse=463us fine=2296us merge=662us sort=4us map=0us TOTAL=3453us
[Stats] checked=211118 refined=6400
[Timing] coarse=413us fine=2167us merge=631us sort=7us map=1us TOTAL=3243us
[Stats] checked=216381 refined=6400
[Timing] coarse=387us fine=2002us merge=634us sort=5us map=0us TOTAL=3050us
[Stats] checked=182131 refined=6400
[Timing] coarse=540us fine=2391us merge=664us sort=5us map=1us TOTAL=3660us
[Stats] checked=193773 refined=6400
[Timing] coarse=551us fine=2447us merge=682us sort=5us map=0us TOTAL=3714us
[Stats] checked=203711 refined=6400
[Timing] coarse=546us fine=2502us merge=663us sort=5us map=0us TOTAL=3755us
[Stats] checked=191330 refined=6400
[Timing] coarse=425us fine=2664us merge=732us sort=5us map=0us TOTAL=3849us
[Stats] checked=214362 refined=6400
[Timing] coarse=508us fine=2548us merge=647us sort=4us map=0us TOTAL=3740us
[Stats] checked=244648 refined=6400
[Timing] coarse=529us fine=2266us merge=686us sort=5us map=0us TOTAL=3583us
[Stats] checked=207790 refined=6400
Processed 100 queries[Timing] coarse=457us fine=2204us merge=678us sort=5us map=0us TOTAL=3368us
[Stats] checked=193507 refined=6400
[Timing] coarse=462us fine=2574us merge=696us sort=5us map=0us TOTAL=3763us
[Stats] checked=195762 refined=6400
[Timing] coarse=449us fine=2285us merge=617us sort=5us map=0us TOTAL=3382us
[Stats] checked=216851 refined=6400
[Timing] coarse=499us fine=2445us merge=635us sort=5us map=0us TOTAL=3607us
[Stats] checked=187948 refined=6400
[Timing] coarse=479us fine=2250us merge=801us sort=4us map=0us TOTAL=3561us
[Stats] checked=225340 refined=6400
[Timing] coarse=571us fine=2154us merge=603us sort=5us map=0us TOTAL=3375us
[Stats] checked=205320 refined=6400
[Timing] coarse=446us fine=2304us merge=657us sort=5us map=0us TOTAL=3445us
[Stats] checked=212906 refined=6400
[Timing] coarse=479us fine=2099us merge=635us sort=4us map=0us TOTAL=3247us
[Stats] checked=183953 refined=6400
[Timing] coarse=409us fine=2722us merge=731us sort=5us map=0us TOTAL=3892us
[Stats] checked=221278 refined=6400
[Timing] coarse=494us fine=2203us merge=793us sort=5us map=1us TOTAL=3527us
[Stats] checked=180013 refined=6400
[Timing] coarse=451us fine=2185us merge=661us sort=5us map=0us TOTAL=3329us
[Stats] checked=202357 refined=6400
[Timing] coarse=444us fine=2156us merge=639us sort=4us map=0us TOTAL=3273us
[Stats] checked=236493 refined=6400
[Timing] coarse=427us fine=2565us merge=996us sort=4us map=0us TOTAL=4016us
[Stats] checked=189972 refined=6400
[Timing] coarse=483us fine=2648us merge=613us sort=5us map=0us TOTAL=3778us
[Stats] checked=239681 refined=6400
[Timing] coarse=425us fine=2464us merge=638us sort=5us map=0us TOTAL=3584us
[Stats] checked=198943 refined=6400
[Timing] coarse=370us fine=2154us merge=596us sort=5us map=0us TOTAL=3148us
[Stats] checked=207462 refined=6400
[Timing] coarse=369us fine=2299us merge=700us sort=4us map=0us TOTAL=3393us
[Stats] checked=217454 refined=6400
[Timing] coarse=414us fine=2244us merge=622us sort=4us map=0us TOTAL=3311us
[Stats] checked=207650 refined=6400
[Timing] coarse=350us fine=2142us merge=638us sort=4us map=0us TOTAL=3157us
[Stats] checked=209103 refined=6400
[Timing] coarse=359us fine=2235us merge=591us sort=4us map=0us TOTAL=3211us
[Stats] checked=219218 refined=6400
[Timing] coarse=436us fine=2209us merge=588us sort=4us map=0us TOTAL=3260us
[Stats] checked=246502 refined=6400
[Timing] coarse=365us fine=2691us merge=636us sort=4us map=0us TOTAL=3720us
[Stats] checked=212141 refined=6400
[Timing] coarse=475us fine=2158us merge=627us sort=4us map=0us TOTAL=3290us
[Stats] checked=215110 refined=6400
[Timing] coarse=403us fine=2081us merge=629us sort=5us map=0us TOTAL=3140us
[Stats] checked=201968 refined=6400
[Timing] coarse=483us fine=2214us merge=618us sort=4us map=0us TOTAL=3348us
[Stats] checked=207561 refined=6400
[Timing] coarse=458us fine=2520us merge=659us sort=4us map=0us TOTAL=3662us
[Stats] checked=202506 refined=6400
[Timing] coarse=442us fine=2055us merge=626us sort=5us map=0us TOTAL=3206us
[Stats] checked=187737 refined=6400
[Timing] coarse=491us fine=2416us merge=639us sort=4us map=0us TOTAL=3577us
[Stats] checked=221786 refined=6400
[Timing] coarse=466us fine=2865us merge=687us sort=5us map=0us TOTAL=4053us
[Stats] checked=203299 refined=6400
[Timing] coarse=478us fine=3065us merge=614us sort=5us map=0us TOTAL=4187us
[Stats] checked=234425 refined=6400
[Timing] coarse=455us fine=2032us merge=726us sort=4us map=0us TOTAL=3243us
[Stats] checked=206739 refined=6400
[Timing] coarse=465us fine=2700us merge=651us sort=4us map=0us TOTAL=3862us
[Stats] checked=187753 refined=6400
[Timing] coarse=492us fine=2240us merge=705us sort=5us map=1us TOTAL=3471us
[Stats] checked=190852 refined=6400
[Timing] coarse=622us fine=2262us merge=673us sort=5us map=0us TOTAL=3605us
[Stats] checked=198870 refined=6400
[Timing] coarse=623us fine=2274us merge=633us sort=5us map=0us TOTAL=3638us
[Stats] checked=205295 refined=6400
[Timing] coarse=480us fine=2169us merge=669us sort=5us map=0us TOTAL=3355us
[Stats] checked=180736 refined=6400
[Timing] coarse=472us fine=2134us merge=1451us sort=16us map=1us TOTAL=4100us
[Stats] checked=208129 refined=6400
[Timing] coarse=548us fine=2486us merge=655us sort=5us map=0us TOTAL=3734us
[Stats] checked=219427 refined=6400
[Timing] coarse=457us fine=2313us merge=753us sort=5us map=0us TOTAL=3556us
[Stats] checked=192459 refined=6400
[Timing] coarse=427us fine=2397us merge=627us sort=4us map=0us TOTAL=3482us
[Stats] checked=216806 refined=6400
[Timing] coarse=411us fine=2642us merge=631us sort=5us map=0us TOTAL=3715us
[Stats] checked=229605 refined=6400
[Timing] coarse=464us fine=2158us merge=657us sort=5us map=0us TOTAL=3313us
[Stats] checked=190013 refined=6400
[Timing] coarse=422us fine=2176us merge=640us sort=4us map=0us TOTAL=3268us
[Stats] checked=190101 refined=6400
[Timing] coarse=640us fine=2290us merge=603us sort=4us map=0us TOTAL=3568us
[Stats] checked=230163 refined=6400
[Timing] coarse=561us fine=2194us merge=630us sort=5us map=0us TOTAL=3426us
[Stats] checked=218041 refined=6400
[Timing] coarse=461us fine=2400us merge=648us sort=5us map=0us TOTAL=3544us
[Stats] checked=185771 refined=6400
[Timing] coarse=507us fine=2457us merge=667us sort=5us map=0us TOTAL=3671us
[Stats] checked=213092 refined=6400
[Timing] coarse=511us fine=2473us merge=635us sort=4us map=0us TOTAL=3658us
[Stats] checked=206114 refined=6400
[Timing] coarse=439us fine=2437us merge=621us sort=5us map=0us TOTAL=3528us
[Stats] checked=214394 refined=6400
[Timing] coarse=463us fine=2184us merge=636us sort=5us map=0us TOTAL=3315us
[Stats] checked=190958 refined=6400
Processed 150 queries[Timing] coarse=528us fine=2164us merge=639us sort=5us map=0us TOTAL=3364us
[Stats] checked=204112 refined=6400
[Timing] coarse=324us fine=2260us merge=634us sort=7us map=0us TOTAL=3247us
[Stats] checked=227402 refined=6400
[Timing] coarse=353us fine=2194us merge=605us sort=4us map=0us TOTAL=3177us
[Stats] checked=198859 refined=6400
[Timing] coarse=529us fine=2464us merge=750us sort=4us map=1us TOTAL=3786us
[Stats] checked=218699 refined=6400
[Timing] coarse=465us fine=2070us merge=620us sort=5us map=0us TOTAL=3191us
[Stats] checked=206630 refined=6400
[Timing] coarse=517us fine=2278us merge=673us sort=5us map=0us TOTAL=3504us
[Stats] checked=203926 refined=6400
[Timing] coarse=467us fine=2116us merge=619us sort=5us map=0us TOTAL=3236us
[Stats] checked=202319 refined=6400
[Timing] coarse=377us fine=2174us merge=681us sort=5us map=0us TOTAL=3260us
[Stats] checked=207928 refined=6400
[Timing] coarse=514us fine=2298us merge=678us sort=4us map=0us TOTAL=3531us
[Stats] checked=212391 refined=6400
[Timing] coarse=361us fine=2444us merge=990us sort=6us map=0us TOTAL=3819us
[Stats] checked=228707 refined=6400
[Timing] coarse=563us fine=2353us merge=659us sort=5us map=0us TOTAL=3620us
[Stats] checked=209120 refined=6400
[Timing] coarse=355us fine=2288us merge=664us sort=5us map=0us TOTAL=3331us
[Stats] checked=199061 refined=6400
[Timing] coarse=412us fine=2081us merge=635us sort=5us map=0us TOTAL=3154us
[Stats] checked=201450 refined=6400
[Timing] coarse=393us fine=2551us merge=645us sort=5us map=0us TOTAL=3615us
[Stats] checked=216146 refined=6400
[Timing] coarse=403us fine=2205us merge=649us sort=4us map=0us TOTAL=3285us
[Stats] checked=198535 refined=6400
[Timing] coarse=377us fine=2202us merge=626us sort=4us map=0us TOTAL=3231us
[Stats] checked=200500 refined=6400
[Timing] coarse=364us fine=2386us merge=635us sort=5us map=0us TOTAL=3411us
[Stats] checked=216502 refined=6400
[Timing] coarse=341us fine=2281us merge=647us sort=5us map=0us TOTAL=3294us
[Stats] checked=201060 refined=6400
[Timing] coarse=376us fine=2069us merge=619us sort=4us map=0us TOTAL=3102us
[Stats] checked=188469 refined=6400
[Timing] coarse=347us fine=2211us merge=648us sort=5us map=0us TOTAL=3230us
[Stats] checked=180360 refined=6400
[Timing] coarse=358us fine=2725us merge=638us sort=4us map=0us TOTAL=3745us
[Stats] checked=190277 refined=6400
[Timing] coarse=377us fine=2359us merge=703us sort=5us map=0us TOTAL=3582us
[Stats] checked=182469 refined=6400
[Timing] coarse=488us fine=2033us merge=657us sort=4us map=0us TOTAL=3211us
[Stats] checked=184394 refined=6400
[Timing] coarse=2140us fine=2116us merge=701us sort=4us map=0us TOTAL=4982us
[Stats] checked=215966 refined=6400
[Timing] coarse=385us fine=2610us merge=738us sort=4us map=1us TOTAL=3760us
[Stats] checked=225703 refined=6400
[Timing] coarse=488us fine=2195us merge=650us sort=5us map=0us TOTAL=3362us
[Stats] checked=206591 refined=6400
[Timing] coarse=343us fine=2112us merge=646us sort=4us map=0us TOTAL=3127us
[Stats] checked=203426 refined=6400
[Timing] coarse=425us fine=2182us merge=594us sort=4us map=0us TOTAL=3232us
[Stats] checked=208182 refined=6400
[Timing] coarse=453us fine=2485us merge=715us sort=5us map=1us TOTAL=3685us
[Stats] checked=177748 refined=6400
[Timing] coarse=484us fine=2259us merge=643us sort=5us map=0us TOTAL=3428us
[Stats] checked=206471 refined=6400
[Timing] coarse=460us fine=2106us merge=704us sort=4us map=0us TOTAL=3306us
[Stats] checked=186963 refined=6400
[Timing] coarse=419us fine=2081us merge=652us sort=5us map=0us TOTAL=3183us
[Stats] checked=206992 refined=6400
[Timing] coarse=523us fine=2276us merge=939us sort=4us map=0us TOTAL=3776us
[Stats] checked=212473 refined=6400
[Timing] coarse=415us fine=2159us merge=673us sort=4us map=0us TOTAL=3277us
[Stats] checked=225811 refined=6400
[Timing] coarse=445us fine=2064us merge=647us sort=4us map=0us TOTAL=3184us
[Stats] checked=190992 refined=6400
[Timing] coarse=464us fine=2619us merge=676us sort=5us map=0us TOTAL=3793us
[Stats] checked=202241 refined=6400
[Timing] coarse=459us fine=2432us merge=636us sort=4us map=0us TOTAL=3559us
[Stats] checked=245832 refined=6400
[Timing] coarse=361us fine=2216us merge=619us sort=4us map=0us TOTAL=3222us
[Stats] checked=200365 refined=6400
[Timing] coarse=505us fine=2244us merge=692us sort=5us map=0us TOTAL=3477us
[Stats] checked=197196 refined=6400
[Timing] coarse=492us fine=2330us merge=636us sort=5us map=1us TOTAL=3493us
[Stats] checked=197013 refined=6400
[Timing] coarse=421us fine=2395us merge=659us sort=4us map=0us TOTAL=3505us
[Stats] checked=208131 refined=6400
[Timing] coarse=401us fine=2175us merge=620us sort=5us map=0us TOTAL=3227us
[Stats] checked=222080 refined=6400
[Timing] coarse=359us fine=2198us merge=713us sort=5us map=1us TOTAL=3297us
[Stats] checked=190640 refined=6400
[Timing] coarse=496us fine=2560us merge=625us sort=5us map=0us TOTAL=3720us
[Stats] checked=214837 refined=6400
[Timing] coarse=364us fine=2184us merge=661us sort=5us map=0us TOTAL=3236us
[Stats] checked=203039 refined=6400
[Timing] coarse=466us fine=2303us merge=636us sort=5us map=1us TOTAL=3439us
[Stats] checked=198100 refined=6400
[Timing] coarse=474us fine=2700us merge=628us sort=5us map=0us TOTAL=3838us
[Stats] checked=195969 refined=6400
[Timing] coarse=408us fine=2210us merge=610us sort=4us map=0us TOTAL=3256us
[Stats] checked=204070 refined=6400
[Timing] coarse=502us fine=2321us merge=679us sort=5us map=1us TOTAL=3536us
[Stats] checked=181962 refined=6400
[Timing] coarse=463us fine=2155us merge=607us sort=4us map=0us TOTAL=3256us
[Stats] checked=226733 refined=6400
Processed 200 queries[Timing] coarse=456us fine=2130us merge=728us sort=5us map=0us TOTAL=3341us
[Stats] checked=183315 refined=6400
[Timing] coarse=365us fine=2202us merge=639us sort=5us map=1us TOTAL=3288us
[Stats] checked=197239 refined=6400
[Timing] coarse=413us fine=2450us merge=699us sort=5us map=0us TOTAL=3589us
[Stats] checked=230105 refined=6400
[Timing] coarse=456us fine=2383us merge=614us sort=4us map=0us TOTAL=3481us
[Stats] checked=221536 refined=6400
[Timing] coarse=450us fine=2278us merge=610us sort=5us map=0us TOTAL=3369us
[Stats] checked=212184 refined=6400
[Timing] coarse=457us fine=2137us merge=655us sort=4us map=0us TOTAL=3277us
[Stats] checked=189569 refined=6400
[Timing] coarse=418us fine=2247us merge=1214us sort=4us map=0us TOTAL=3908us
[Stats] checked=190428 refined=6400
[Timing] coarse=566us fine=2609us merge=638us sort=5us map=0us TOTAL=3855us
[Stats] checked=236015 refined=6400
[Timing] coarse=555us fine=2148us merge=611us sort=5us map=0us TOTAL=3350us
[Stats] checked=211932 refined=6400
[Timing] coarse=425us fine=2145us merge=688us sort=5us map=0us TOTAL=3288us
[Stats] checked=197943 refined=6400
[Timing] coarse=689us fine=2149us merge=657us sort=5us map=0us TOTAL=3524us
[Stats] checked=216182 refined=6400
[Timing] coarse=375us fine=2158us merge=652us sort=4us map=0us TOTAL=3213us
[Stats] checked=205414 refined=6400
[Timing] coarse=395us fine=2160us merge=657us sort=4us map=0us TOTAL=3239us
[Stats] checked=214208 refined=6400
[Timing] coarse=374us fine=2349us merge=1228us sort=5us map=1us TOTAL=3979us
[Stats] checked=197013 refined=6400
[Timing] coarse=495us fine=2735us merge=672us sort=5us map=0us TOTAL=3935us
[Stats] checked=217855 refined=6400
[Timing] coarse=494us fine=2351us merge=688us sort=5us map=0us TOTAL=3567us
[Stats] checked=198852 refined=6400
[Timing] coarse=453us fine=2180us merge=671us sort=5us map=1us TOTAL=3337us
[Stats] checked=209377 refined=6400
[Timing] coarse=397us fine=2287us merge=673us sort=5us map=1us TOTAL=3382us
[Stats] checked=190422 refined=6400
[Timing] coarse=531us fine=2221us merge=625us sort=5us map=0us TOTAL=3416us
[Stats] checked=189073 refined=6400
[Timing] coarse=471us fine=2150us merge=672us sort=4us map=0us TOTAL=3325us
[Stats] checked=202751 refined=6400
[Timing] coarse=379us fine=2094us merge=630us sort=5us map=0us TOTAL=3132us
[Stats] checked=212097 refined=6400
[Timing] coarse=400us fine=2355us merge=691us sort=5us map=1us TOTAL=3474us
[Stats] checked=203414 refined=6400
[Timing] coarse=387us fine=2084us merge=752us sort=5us map=0us TOTAL=3251us
[Stats] checked=192882 refined=6400
[Timing] coarse=347us fine=2152us merge=657us sort=4us map=0us TOTAL=3183us
[Stats] checked=195811 refined=6400
[Timing] coarse=336us fine=2191us merge=620us sort=5us map=1us TOTAL=3174us
[Stats] checked=192148 refined=6400
[Timing] coarse=358us fine=2652us merge=816us sort=5us map=1us TOTAL=3851us
[Stats] checked=209099 refined=6400
[Timing] coarse=419us fine=2227us merge=596us sort=5us map=0us TOTAL=3271us
[Stats] checked=201508 refined=6400
[Timing] coarse=377us fine=2179us merge=608us sort=4us map=0us TOTAL=3190us
[Stats] checked=212029 refined=6400
[Timing] coarse=371us fine=2432us merge=622us sort=4us map=0us TOTAL=3451us
[Stats] checked=183521 refined=6400
[Timing] coarse=347us fine=2155us merge=647us sort=4us map=1us TOTAL=3174us
[Stats] checked=200901 refined=6400
[Timing] coarse=357us fine=2395us merge=737us sort=4us map=0us TOTAL=3515us
[Stats] checked=216200 refined=6400
[Timing] coarse=357us fine=2192us merge=698us sort=5us map=0us TOTAL=3273us
[Stats] checked=203743 refined=6400
[Timing] coarse=332us fine=2231us merge=609us sort=5us map=0us TOTAL=3197us
[Stats] checked=204527 refined=6400
[Timing] coarse=329us fine=2223us merge=657us sort=4us map=0us TOTAL=3233us
[Stats] checked=204581 refined=6400
[Timing] coarse=361us fine=2448us merge=665us sort=4us map=0us TOTAL=3499us
[Stats] checked=182374 refined=6400
[Timing] coarse=368us fine=2479us merge=637us sort=5us map=0us TOTAL=3510us
[Stats] checked=212314 refined=6400
[Timing] coarse=322us fine=2352us merge=685us sort=5us map=1us TOTAL=3388us
[Stats] checked=187802 refined=6400
[Timing] coarse=444us fine=2192us merge=602us sort=5us map=1us TOTAL=3269us
[Stats] checked=224415 refined=6400
[Timing] coarse=350us fine=2256us merge=646us sort=4us map=0us TOTAL=3275us
[Stats] checked=195303 refined=6400
[Timing] coarse=328us fine=2119us merge=677us sort=4us map=0us TOTAL=3146us
[Stats] checked=197714 refined=6400
[Timing] coarse=359us fine=2091us merge=619us sort=5us map=0us TOTAL=3092us
[Stats] checked=225907 refined=6400
[Timing] coarse=524us fine=2229us merge=639us sort=5us map=0us TOTAL=3425us
[Stats] checked=224550 refined=6400
[Timing] coarse=345us fine=2148us merge=642us sort=5us map=0us TOTAL=3159us
[Stats] checked=195205 refined=6400
[Timing] coarse=466us fine=2193us merge=659us sort=5us map=0us TOTAL=3356us
[Stats] checked=195358 refined=6400
[Timing] coarse=446us fine=2182us merge=653us sort=5us map=1us TOTAL=3311us
[Stats] checked=218439 refined=6400
[Timing] coarse=309us fine=2182us merge=660us sort=5us map=0us TOTAL=3173us
[Stats] checked=237577 refined=6400
[Timing] coarse=398us fine=2276us merge=685us sort=4us map=0us TOTAL=3387us
[Stats] checked=191109 refined=6400
[Timing] coarse=323us fine=2192us merge=660us sort=5us map=0us TOTAL=3199us
[Stats] checked=193385 refined=6400
[Timing] coarse=335us fine=2176us merge=635us sort=5us map=0us TOTAL=3170us
[Stats] checked=204398 refined=6400
[Timing] coarse=387us fine=2485us merge=687us sort=5us map=0us TOTAL=3584us
[Stats] checked=209554 refined=6400
Processed 250 queries[Timing] coarse=412us fine=2267us merge=694us sort=4us map=0us TOTAL=3397us
[Stats] checked=211229 refined=6400
[Timing] coarse=750us fine=2468us merge=741us sort=5us map=0us TOTAL=3983us
[Stats] checked=202939 refined=6400
[Timing] coarse=449us fine=2321us merge=723us sort=5us map=0us TOTAL=3525us
[Stats] checked=206988 refined=6400
[Timing] coarse=375us fine=2550us merge=693us sort=4us map=1us TOTAL=3642us
[Stats] checked=200539 refined=6400
[Timing] coarse=363us fine=2247us merge=707us sort=5us map=1us TOTAL=3344us
[Stats] checked=191137 refined=6400
[Timing] coarse=410us fine=2680us merge=977us sort=5us map=0us TOTAL=4093us
[Stats] checked=214101 refined=6400
[Timing] coarse=506us fine=2561us merge=673us sort=4us map=0us TOTAL=3772us
[Stats] checked=189807 refined=6400
[Timing] coarse=440us fine=2227us merge=634us sort=5us map=0us TOTAL=3329us
[Stats] checked=218274 refined=6400
[Timing] coarse=453us fine=2871us merge=614us sort=5us map=1us TOTAL=3966us
[Stats] checked=218654 refined=6400
[Timing] coarse=402us fine=2624us merge=615us sort=4us map=0us TOTAL=3667us
[Stats] checked=223370 refined=6400
[Timing] coarse=444us fine=2411us merge=665us sort=4us map=0us TOTAL=3549us
[Stats] checked=192623 refined=6400
[Timing] coarse=374us fine=2446us merge=662us sort=5us map=1us TOTAL=3510us
[Stats] checked=198824 refined=6400
[Timing] coarse=434us fine=2201us merge=647us sort=5us map=0us TOTAL=3309us
[Stats] checked=184206 refined=6400
[Timing] coarse=434us fine=2915us merge=750us sort=5us map=0us TOTAL=4124us
[Stats] checked=209186 refined=6400
[Timing] coarse=466us fine=2261us merge=647us sort=5us map=0us TOTAL=3405us
[Stats] checked=208905 refined=6400
[Timing] coarse=391us fine=2282us merge=701us sort=4us map=1us TOTAL=3402us
[Stats] checked=208231 refined=6400
[Timing] coarse=431us fine=2277us merge=667us sort=5us map=0us TOTAL=3404us
[Stats] checked=179577 refined=6400
[Timing] coarse=516us fine=2560us merge=669us sort=5us map=1us TOTAL=3787us
[Stats] checked=211450 refined=6400
[Timing] coarse=561us fine=2172us merge=656us sort=5us map=0us TOTAL=3429us
[Stats] checked=208785 refined=6400
[Timing] coarse=488us fine=2297us merge=660us sort=5us map=1us TOTAL=3475us
[Stats] checked=209428 refined=6400
[Timing] coarse=432us fine=2189us merge=652us sort=5us map=0us TOTAL=3304us
[Stats] checked=188835 refined=6400
[Timing] coarse=536us fine=2555us merge=686us sort=5us map=0us TOTAL=3817us
[Stats] checked=209741 refined=6400
[Timing] coarse=554us fine=2551us merge=650us sort=5us map=0us TOTAL=3797us
[Stats] checked=198807 refined=6400
[Timing] coarse=489us fine=2319us merge=620us sort=5us map=0us TOTAL=3470us
[Stats] checked=196892 refined=6400
[Timing] coarse=360us fine=2413us merge=621us sort=5us map=0us TOTAL=3422us
[Stats] checked=202561 refined=6400
[Timing] coarse=897us fine=2243us merge=603us sort=5us map=0us TOTAL=3789us
[Stats] checked=228488 refined=6400
[Timing] coarse=491us fine=2125us merge=670us sort=4us map=0us TOTAL=3317us
[Stats] checked=211597 refined=6400
[Timing] coarse=562us fine=2343us merge=742us sort=5us map=1us TOTAL=3690us
[Stats] checked=187236 refined=6400
[Timing] coarse=467us fine=2496us merge=613us sort=5us map=0us TOTAL=3606us
[Stats] checked=233088 refined=6400
[Timing] coarse=478us fine=2472us merge=673us sort=4us map=0us TOTAL=3653us
[Stats] checked=190681 refined=6400
[Timing] coarse=343us fine=2323us merge=692us sort=5us map=0us TOTAL=3385us
[Stats] checked=177734 refined=6400
[Timing] coarse=518us fine=2284us merge=655us sort=5us map=0us TOTAL=3501us
[Stats] checked=198519 refined=6400
[Timing] coarse=450us fine=2237us merge=649us sort=5us map=0us TOTAL=3370us
[Stats] checked=197753 refined=6400
[Timing] coarse=410us fine=2073us merge=639us sort=5us map=0us TOTAL=3150us
[Stats] checked=196577 refined=6400
[Timing] coarse=414us fine=2242us merge=646us sort=9us map=1us TOTAL=3336us
[Stats] checked=217475 refined=6400
[Timing] coarse=472us fine=2322us merge=617us sort=4us map=0us TOTAL=3449us
[Stats] checked=230355 refined=6400
[Timing] coarse=367us fine=2254us merge=654us sort=4us map=0us TOTAL=3299us
[Stats] checked=185682 refined=6400
[Timing] coarse=330us fine=2064us merge=616us sort=5us map=0us TOTAL=3032us
[Stats] checked=182095 refined=6400
[Timing] coarse=339us fine=2224us merge=599us sort=5us map=0us TOTAL=3186us
[Stats] checked=211420 refined=6400
[Timing] coarse=320us fine=2148us merge=638us sort=4us map=0us TOTAL=3130us
[Stats] checked=189086 refined=6400
[Timing] coarse=350us fine=2109us merge=647us sort=4us map=0us TOTAL=3129us
[Stats] checked=204923 refined=6400
[Timing] coarse=338us fine=3166us merge=742us sort=5us map=0us TOTAL=4269us
[Stats] checked=221872 refined=6400
[Timing] coarse=357us fine=2292us merge=671us sort=5us map=0us TOTAL=3346us
[Stats] checked=209419 refined=6400
[Timing] coarse=390us fine=2165us merge=629us sort=5us map=1us TOTAL=3211us
[Stats] checked=203282 refined=6400
[Timing] coarse=337us fine=2115us merge=645us sort=5us map=0us TOTAL=3122us
[Stats] checked=192030 refined=6400
[Timing] coarse=358us fine=2283us merge=648us sort=5us map=0us TOTAL=3314us
[Stats] checked=197307 refined=6400
[Timing] coarse=403us fine=2716us merge=716us sort=5us map=1us TOTAL=3861us
[Stats] checked=197060 refined=6400
[Timing] coarse=402us fine=2193us merge=662us sort=5us map=0us TOTAL=3283us
[Stats] checked=199576 refined=6400
[Timing] coarse=344us fine=2042us merge=683us sort=5us map=1us TOTAL=3095us
[Stats] checked=188172 refined=6400
[Timing] coarse=342us fine=2165us merge=653us sort=5us map=0us TOTAL=3186us
[Stats] checked=185518 refined=6400
Processed 300 queries[Timing] coarse=357us fine=2172us merge=677us sort=5us map=0us TOTAL=3231us
[Stats] checked=186702 refined=6400
[Timing] coarse=371us fine=2167us merge=636us sort=5us map=0us TOTAL=3198us
[Stats] checked=191664 refined=6400
[Timing] coarse=358us fine=2105us merge=636us sort=5us map=0us TOTAL=3124us
[Stats] checked=195770 refined=6400
[Timing] coarse=335us fine=2473us merge=624us sort=5us map=0us TOTAL=3457us
[Stats] checked=198826 refined=6400
[Timing] coarse=390us fine=2221us merge=648us sort=5us map=1us TOTAL=3285us
[Stats] checked=183731 refined=6400
[Timing] coarse=379us fine=2593us merge=853us sort=4us map=1us TOTAL=3851us
[Stats] checked=190882 refined=6400
[Timing] coarse=383us fine=2155us merge=633us sort=4us map=0us TOTAL=3195us
[Stats] checked=185231 refined=6400
[Timing] coarse=376us fine=2678us merge=662us sort=5us map=2us TOTAL=3742us
[Stats] checked=207186 refined=6400
[Timing] coarse=478us fine=2378us merge=710us sort=5us map=0us TOTAL=3673us
[Stats] checked=196447 refined=6400
[Timing] coarse=493us fine=2194us merge=691us sort=5us map=0us TOTAL=3412us
[Stats] checked=181485 refined=6400
[Timing] coarse=469us fine=2125us merge=669us sort=5us map=0us TOTAL=3293us
[Stats] checked=195554 refined=6400
[Timing] coarse=557us fine=2337us merge=692us sort=4us map=0us TOTAL=3617us
[Stats] checked=206109 refined=6400
[Timing] coarse=485us fine=2400us merge=720us sort=7us map=0us TOTAL=3641us
[Stats] checked=187259 refined=6400
[Timing] coarse=497us fine=2190us merge=651us sort=5us map=0us TOTAL=3370us
[Stats] checked=184350 refined=6400
[Timing] coarse=494us fine=2291us merge=644us sort=5us map=0us TOTAL=3466us
[Stats] checked=212659 refined=6400
[Timing] coarse=420us fine=2364us merge=656us sort=5us map=0us TOTAL=3469us
[Stats] checked=207703 refined=6400
[Timing] coarse=560us fine=2320us merge=738us sort=4us map=0us TOTAL=3661us
[Stats] checked=185086 refined=6400
[Timing] coarse=530us fine=2357us merge=662us sort=5us map=0us TOTAL=3584us
[Stats] checked=204790 refined=6400
[Timing] coarse=419us fine=2169us merge=652us sort=5us map=0us TOTAL=3268us
[Stats] checked=180909 refined=6400
[Timing] coarse=423us fine=2203us merge=599us sort=4us map=0us TOTAL=3255us
[Stats] checked=198494 refined=6400
[Timing] coarse=364us fine=2174us merge=705us sort=5us map=0us TOTAL=3272us
[Stats] checked=200585 refined=6400
[Timing] coarse=414us fine=2195us merge=658us sort=5us map=0us TOTAL=3296us
[Stats] checked=190285 refined=6400
[Timing] coarse=357us fine=2407us merge=742us sort=5us map=1us TOTAL=3535us
[Stats] checked=201750 refined=6400
[Timing] coarse=545us fine=2305us merge=618us sort=4us map=0us TOTAL=3514us
[Stats] checked=229348 refined=6400
[Timing] coarse=311us fine=2130us merge=601us sort=5us map=0us TOTAL=3065us
[Stats] checked=212453 refined=6400
[Timing] coarse=368us fine=2155us merge=595us sort=5us map=0us TOTAL=3141us
[Stats] checked=216760 refined=6400
[Timing] coarse=475us fine=2471us merge=708us sort=5us map=0us TOTAL=3681us
[Stats] checked=206847 refined=6400
[Timing] coarse=330us fine=2283us merge=676us sort=5us map=0us TOTAL=3312us
[Stats] checked=216899 refined=6400
[Timing] coarse=342us fine=2064us merge=636us sort=5us map=0us TOTAL=3064us
[Stats] checked=204610 refined=6400
[Timing] coarse=327us fine=2613us merge=608us sort=5us map=0us TOTAL=3569us
[Stats] checked=212327 refined=6400
[Timing] coarse=305us fine=2588us merge=688us sort=4us map=0us TOTAL=3604us
[Stats] checked=208080 refined=6400
[Timing] coarse=351us fine=2256us merge=661us sort=5us map=0us TOTAL=3292us
[Stats] checked=206497 refined=6400
[Timing] coarse=328us fine=2144us merge=623us sort=5us map=0us TOTAL=3118us
[Stats] checked=208348 refined=6400
[Timing] coarse=491us fine=2275us merge=642us sort=5us map=0us TOTAL=3527us
[Stats] checked=199584 refined=6400
[Timing] coarse=366us fine=2214us merge=691us sort=5us map=0us TOTAL=3296us
[Stats] checked=188220 refined=6400
[Timing] coarse=360us fine=2319us merge=639us sort=4us map=0us TOTAL=3344us
[Stats] checked=189620 refined=6400
[Timing] coarse=348us fine=2377us merge=682us sort=4us map=0us TOTAL=3432us
[Stats] checked=194058 refined=6400
[Timing] coarse=378us fine=2221us merge=667us sort=5us map=0us TOTAL=3293us
[Stats] checked=188684 refined=6400
[Timing] coarse=391us fine=2224us merge=736us sort=5us map=9us TOTAL=3386us
[Stats] checked=188025 refined=6400
[Timing] coarse=376us fine=2161us merge=597us sort=5us map=0us TOTAL=3160us
[Stats] checked=215830 refined=6400
[Timing] coarse=345us fine=2317us merge=612us sort=5us map=0us TOTAL=3320us
[Stats] checked=207986 refined=6400
[Timing] coarse=346us fine=2274us merge=611us sort=5us map=0us TOTAL=3257us
[Stats] checked=199895 refined=6400
[Timing] coarse=430us fine=2101us merge=676us sort=5us map=0us TOTAL=3567us
[Stats] checked=208293 refined=6400
[Timing] coarse=335us fine=2175us merge=597us sort=4us map=0us TOTAL=3176us
[Stats] checked=215434 refined=6400
[Timing] coarse=321us fine=2390us merge=668us sort=5us map=0us TOTAL=3402us
[Stats] checked=199480 refined=6400
[Timing] coarse=344us fine=2189us merge=617us sort=4us map=0us TOTAL=3174us
[Stats] checked=192416 refined=6400
[Timing] coarse=329us fine=2169us merge=662us sort=4us map=0us TOTAL=3197us
[Stats] checked=213680 refined=6400
[Timing] coarse=331us fine=2349us merge=629us sort=5us map=0us TOTAL=3331us
[Stats] checked=205276 refined=6400
[Timing] coarse=395us fine=2207us merge=683us sort=4us map=1us TOTAL=3311us
[Stats] checked=244480 refined=6400
[Timing] coarse=347us fine=2249us merge=645us sort=4us map=0us TOTAL=3264us
[Stats] checked=210354 refined=6400
Processed 350 queries[Timing] coarse=475us fine=2167us merge=605us sort=5us map=0us TOTAL=3275us
[Stats] checked=206481 refined=6400
[Timing] coarse=360us fine=2284us merge=652us sort=5us map=0us TOTAL=3320us
[Stats] checked=193304 refined=6400
[Timing] coarse=395us fine=2120us merge=633us sort=5us map=1us TOTAL=3174us
[Stats] checked=203285 refined=6400
[Timing] coarse=365us fine=2364us merge=583us sort=4us map=0us TOTAL=3336us
[Stats] checked=212402 refined=6400
[Timing] coarse=350us fine=2121us merge=755us sort=5us map=0us TOTAL=3251us
[Stats] checked=217685 refined=6400
[Timing] coarse=353us fine=2168us merge=641us sort=5us map=0us TOTAL=3185us
[Stats] checked=194460 refined=6400
[Timing] coarse=452us fine=2303us merge=582us sort=5us map=0us TOTAL=3368us
[Stats] checked=228360 refined=6400
[Timing] coarse=400us fine=2194us merge=647us sort=5us map=0us TOTAL=3268us
[Stats] checked=194641 refined=6400
[Timing] coarse=386us fine=2080us merge=606us sort=4us map=0us TOTAL=3099us
[Stats] checked=214090 refined=6400
[Timing] coarse=326us fine=2140us merge=644us sort=5us map=0us TOTAL=3134us
[Stats] checked=205266 refined=6400
[Timing] coarse=578us fine=2215us merge=617us sort=5us map=0us TOTAL=3442us
[Stats] checked=205846 refined=6400
[Timing] coarse=413us fine=2109us merge=670us sort=5us map=0us TOTAL=3218us
[Stats] checked=189069 refined=6400
[Timing] coarse=339us fine=2200us merge=697us sort=5us map=0us TOTAL=3263us
[Stats] checked=213885 refined=6400
[Timing] coarse=374us fine=2242us merge=675us sort=5us map=0us TOTAL=3317us
[Stats] checked=197558 refined=6400
[Timing] coarse=421us fine=2587us merge=643us sort=4us map=1us TOTAL=3684us
[Stats] checked=225075 refined=6400
[Timing] coarse=464us fine=2137us merge=923us sort=5us map=0us TOTAL=3555us
[Stats] checked=208119 refined=6400
[Timing] coarse=433us fine=2214us merge=669us sort=5us map=0us TOTAL=3342us
[Stats] checked=196586 refined=6400
[Timing] coarse=389us fine=2267us merge=677us sort=5us map=0us TOTAL=3359us
[Stats] checked=194442 refined=6400
[Timing] coarse=353us fine=2329us merge=715us sort=5us map=0us TOTAL=3424us
[Stats] checked=198607 refined=6400
[Timing] coarse=477us fine=2249us merge=674us sort=4us map=0us TOTAL=3431us
[Stats] checked=211419 refined=6400
[Timing] coarse=448us fine=2616us merge=707us sort=5us map=1us TOTAL=3801us
[Stats] checked=210870 refined=6400
[Timing] coarse=586us fine=2247us merge=663us sort=5us map=0us TOTAL=3527us
[Stats] checked=199903 refined=6400
[Timing] coarse=429us fine=2342us merge=693us sort=5us map=1us TOTAL=3493us
[Stats] checked=207787 refined=6400
[Timing] coarse=471us fine=2160us merge=783us sort=4us map=1us TOTAL=3445us
[Stats] checked=205033 refined=6400
[Timing] coarse=446us fine=2408us merge=720us sort=4us map=0us TOTAL=3604us
[Stats] checked=216380 refined=6400
[Timing] coarse=477us fine=2576us merge=640us sort=5us map=0us TOTAL=3725us
[Stats] checked=207947 refined=6400
[Timing] coarse=446us fine=2578us merge=646us sort=5us map=0us TOTAL=3700us
[Stats] checked=183981 refined=6400
[Timing] coarse=491us fine=2220us merge=578us sort=4us map=0us TOTAL=3322us
[Stats] checked=214597 refined=6400
[Timing] coarse=412us fine=2282us merge=662us sort=5us map=0us TOTAL=3384us
[Stats] checked=201305 refined=6400
[Timing] coarse=362us fine=2144us merge=723us sort=5us map=1us TOTAL=3255us
[Stats] checked=203484 refined=6400
[Timing] coarse=402us fine=2371us merge=672us sort=4us map=0us TOTAL=3472us
[Stats] checked=211729 refined=6400
[Timing] coarse=429us fine=2264us merge=615us sort=5us map=0us TOTAL=3336us
[Stats] checked=214083 refined=6400
[Timing] coarse=382us fine=2231us merge=644us sort=5us map=0us TOTAL=3283us
[Stats] checked=198512 refined=6400
[Timing] coarse=401us fine=2190us merge=661us sort=4us map=0us TOTAL=3278us
[Stats] checked=209376 refined=6400
[Timing] coarse=357us fine=2098us merge=607us sort=4us map=0us TOTAL=3088us
[Stats] checked=209597 refined=6400
[Timing] coarse=376us fine=2195us merge=634us sort=5us map=0us TOTAL=3231us
[Stats] checked=188967 refined=6400
[Timing] coarse=359us fine=2203us merge=596us sort=4us map=0us TOTAL=3181us
[Stats] checked=219321 refined=6400
[Timing] coarse=338us fine=2399us merge=649us sort=5us map=0us TOTAL=3410us
[Stats] checked=202980 refined=6400
[Timing] coarse=361us fine=2186us merge=610us sort=5us map=0us TOTAL=3181us
[Stats] checked=204855 refined=6400
[Timing] coarse=350us fine=2348us merge=685us sort=5us map=0us TOTAL=3407us
[Stats] checked=204894 refined=6400
[Timing] coarse=553us fine=2177us merge=636us sort=5us map=0us TOTAL=3392us
[Stats] checked=199103 refined=6400
[Timing] coarse=385us fine=2234us merge=629us sort=4us map=0us TOTAL=3271us
[Stats] checked=182008 refined=6400
[Timing] coarse=349us fine=2273us merge=652us sort=5us map=1us TOTAL=3299us
[Stats] checked=202107 refined=6400
[Timing] coarse=384us fine=2092us merge=827us sort=5us map=0us TOTAL=3329us
[Stats] checked=188423 refined=6400
[Timing] coarse=390us fine=2109us merge=634us sort=4us map=0us TOTAL=3162us
[Stats] checked=213168 refined=6400
[Timing] coarse=363us fine=2188us merge=666us sort=4us map=0us TOTAL=3243us
[Stats] checked=236992 refined=6400
[Timing] coarse=408us fine=2085us merge=642us sort=4us map=0us TOTAL=3163us
[Stats] checked=192325 refined=6400
[Timing] coarse=366us fine=2185us merge=621us sort=4us map=0us TOTAL=3198us
[Stats] checked=189278 refined=6400
[Timing] coarse=335us fine=2194us merge=601us sort=4us map=0us TOTAL=3156us
[Stats] checked=197673 refined=6400
[Timing] coarse=375us fine=2331us merge=625us sort=27us map=0us TOTAL=3380us
[Stats] checked=221523 refined=6400
Processed 400 queries[Timing] coarse=504us fine=2309us merge=716us sort=5us map=0us TOTAL=3560us
[Stats] checked=220082 refined=6400
[Timing] coarse=463us fine=2168us merge=684us sort=4us map=0us TOTAL=3343us
[Stats] checked=212002 refined=6400
[Timing] coarse=439us fine=2137us merge=627us sort=5us map=0us TOTAL=3229us
[Stats] checked=195746 refined=6400
[Timing] coarse=395us fine=2128us merge=742us sort=5us map=0us TOTAL=3292us
[Stats] checked=190365 refined=6400
[Timing] coarse=372us fine=2134us merge=841us sort=5us map=0us TOTAL=3374us
[Stats] checked=194732 refined=6400
[Timing] coarse=411us fine=2110us merge=690us sort=5us map=0us TOTAL=3237us
[Stats] checked=201861 refined=6400
[Timing] coarse=398us fine=2119us merge=647us sort=4us map=0us TOTAL=3189us
[Stats] checked=182800 refined=6400
[Timing] coarse=381us fine=2216us merge=873us sort=5us map=0us TOTAL=3495us
[Stats] checked=195853 refined=6400
[Timing] coarse=381us fine=2254us merge=623us sort=5us map=0us TOTAL=3285us
[Stats] checked=209070 refined=6400
[Timing] coarse=368us fine=2110us merge=662us sort=5us map=0us TOTAL=3178us
[Stats] checked=213030 refined=6400
[Timing] coarse=353us fine=2099us merge=652us sort=4us map=0us TOTAL=3127us
[Stats] checked=192268 refined=6400
[Timing] coarse=439us fine=2100us merge=628us sort=5us map=0us TOTAL=3191us
[Stats] checked=207932 refined=6400
[Timing] coarse=355us fine=2204us merge=640us sort=5us map=0us TOTAL=3225us
[Stats] checked=204697 refined=6400
[Timing] coarse=372us fine=2149us merge=624us sort=5us map=0us TOTAL=3346us
[Stats] checked=220927 refined=6400
[Timing] coarse=332us fine=2370us merge=606us sort=5us map=0us TOTAL=3332us
[Stats] checked=211030 refined=6400
[Timing] coarse=375us fine=2105us merge=642us sort=4us map=0us TOTAL=3145us
[Stats] checked=216682 refined=6400
[Timing] coarse=345us fine=2452us merge=595us sort=4us map=0us TOTAL=3415us
[Stats] checked=191232 refined=6400
[Timing] coarse=397us fine=2275us merge=685us sort=6us map=0us TOTAL=3383us
[Stats] checked=193152 refined=6400
[Timing] coarse=428us fine=2346us merge=721us sort=4us map=0us TOTAL=3521us
[Stats] checked=190295 refined=6400
[Timing] coarse=489us fine=2176us merge=651us sort=4us map=0us TOTAL=3341us
[Stats] checked=205926 refined=6400
[Timing] coarse=412us fine=2222us merge=755us sort=4us map=0us TOTAL=3413us
[Stats] checked=194454 refined=6400
[Timing] coarse=394us fine=2378us merge=793us sort=5us map=0us TOTAL=3590us
[Stats] checked=197329 refined=6400
[Timing] coarse=394us fine=2151us merge=655us sort=5us map=0us TOTAL=3225us
[Stats] checked=200258 refined=6400
[Timing] coarse=479us fine=2160us merge=660us sort=4us map=0us TOTAL=3330us
[Stats] checked=194808 refined=6400
[Timing] coarse=388us fine=2229us merge=676us sort=5us map=0us TOTAL=3321us
[Stats] checked=216296 refined=6400
[Timing] coarse=407us fine=2380us merge=643us sort=5us map=0us TOTAL=3457us
[Stats] checked=205853 refined=6400
[Timing] coarse=388us fine=2155us merge=634us sort=5us map=0us TOTAL=3204us
[Stats] checked=190404 refined=6400
[Timing] coarse=330us fine=2290us merge=633us sort=4us map=0us TOTAL=3278us
[Stats] checked=193927 refined=6400
[Timing] coarse=396us fine=2265us merge=624us sort=5us map=0us TOTAL=3312us
[Stats] checked=198724 refined=6400
[Timing] coarse=378us fine=2449us merge=654us sort=4us map=0us TOTAL=3509us
[Stats] checked=189432 refined=6400
[Timing] coarse=398us fine=2119us merge=854us sort=4us map=0us TOTAL=3395us
[Stats] checked=187748 refined=6400
[Timing] coarse=375us fine=2502us merge=775us sort=4us map=1us TOTAL=3678us
[Stats] checked=215623 refined=6400
[Timing] coarse=491us fine=2185us merge=625us sort=4us map=0us TOTAL=3330us
[Stats] checked=220853 refined=6400
[Timing] coarse=387us fine=2556us merge=664us sort=5us map=0us TOTAL=3630us
[Stats] checked=209531 refined=6400
[Timing] coarse=360us fine=2171us merge=637us sort=5us map=0us TOTAL=3192us
[Stats] checked=196464 refined=6400
[Timing] coarse=329us fine=2254us merge=670us sort=4us map=0us TOTAL=3277us
[Stats] checked=212143 refined=6400
[Timing] coarse=399us fine=2202us merge=643us sort=4us map=0us TOTAL=3270us
[Stats] checked=215161 refined=6400
[Timing] coarse=371us fine=2158us merge=642us sort=5us map=0us TOTAL=3195us
[Stats] checked=210396 refined=6400
[Timing] coarse=382us fine=2180us merge=602us sort=5us map=0us TOTAL=3189us
[Stats] checked=213771 refined=6400
[Timing] coarse=389us fine=2146us merge=592us sort=4us map=0us TOTAL=3154us
[Stats] checked=218616 refined=6400
[Timing] coarse=440us fine=2338us merge=644us sort=4us map=0us TOTAL=3454us
[Stats] checked=198355 refined=6400
[Timing] coarse=520us fine=2461us merge=648us sort=5us map=0us TOTAL=3668us
[Stats] checked=182013 refined=6400
[Timing] coarse=464us fine=2305us merge=657us sort=5us map=0us TOTAL=3459us
[Stats] checked=185118 refined=6400
[Timing] coarse=477us fine=2173us merge=604us sort=4us map=0us TOTAL=3287us
[Stats] checked=217850 refined=6400
[Timing] coarse=427us fine=2206us merge=634us sort=5us map=0us TOTAL=3295us
[Stats] checked=204744 refined=6400
[Timing] coarse=803us fine=2058us merge=625us sort=4us map=0us TOTAL=3513us
[Stats] checked=202683 refined=6400
[Timing] coarse=534us fine=2168us merge=836us sort=5us map=0us TOTAL=3578us
[Stats] checked=190579 refined=6400
[Timing] coarse=420us fine=2484us merge=727us sort=4us map=0us TOTAL=3658us
[Stats] checked=211406 refined=6400
[Timing] coarse=425us fine=2142us merge=574us sort=4us map=1us TOTAL=3169us
[Stats] checked=220643 refined=6400
[Timing] coarse=397us fine=2188us merge=678us sort=4us map=0us TOTAL=3293us
[Stats] checked=179802 refined=6400
Processed 450 queries[Timing] coarse=403us fine=2758us merge=692us sort=5us map=1us TOTAL=3879us
[Stats] checked=191512 refined=6400
[Timing] coarse=340us fine=2635us merge=631us sort=5us map=0us TOTAL=3634us
[Stats] checked=229080 refined=6400
[Timing] coarse=503us fine=2126us merge=669us sort=5us map=0us TOTAL=3330us
[Stats] checked=193217 refined=6400
[Timing] coarse=452us fine=2378us merge=644us sort=5us map=0us TOTAL=3502us
[Stats] checked=184847 refined=6400
[Timing] coarse=424us fine=3057us merge=709us sort=5us map=0us TOTAL=4220us
[Stats] checked=215076 refined=6400
[Timing] coarse=535us fine=2385us merge=735us sort=5us map=0us TOTAL=4005us
[Stats] checked=189643 refined=6400
[Timing] coarse=497us fine=2186us merge=647us sort=5us map=0us TOTAL=3406us
[Stats] checked=212467 refined=6400
[Timing] coarse=383us fine=2277us merge=657us sort=5us map=0us TOTAL=3345us
[Stats] checked=217037 refined=6400
[Timing] coarse=334us fine=2183us merge=666us sort=5us map=0us TOTAL=3209us
[Stats] checked=229302 refined=6400
[Timing] coarse=474us fine=2382us merge=646us sort=4us map=0us TOTAL=3538us
[Stats] checked=211530 refined=6400
[Timing] coarse=475us fine=2294us merge=630us sort=4us map=0us TOTAL=3430us
[Stats] checked=225924 refined=6400
[Timing] coarse=361us fine=2245us merge=640us sort=4us map=0us TOTAL=3274us
[Stats] checked=202478 refined=6400
[Timing] coarse=355us fine=2209us merge=689us sort=4us map=0us TOTAL=3279us
[Stats] checked=202560 refined=6400
[Timing] coarse=388us fine=2145us merge=660us sort=4us map=0us TOTAL=3220us
[Stats] checked=207674 refined=6400
[Timing] coarse=390us fine=2072us merge=683us sort=5us map=0us TOTAL=3172us
[Stats] checked=220394 refined=6400
[Timing] coarse=357us fine=2476us merge=636us sort=5us map=0us TOTAL=3494us
[Stats] checked=211160 refined=6400
[Timing] coarse=354us fine=2107us merge=638us sort=5us map=0us TOTAL=3123us
[Stats] checked=219268 refined=6400
[Timing] coarse=349us fine=2235us merge=577us sort=4us map=0us TOTAL=3185us
[Stats] checked=222893 refined=6400
[Timing] coarse=350us fine=2262us merge=585us sort=4us map=0us TOTAL=3221us
[Stats] checked=207292 refined=6400
[Timing] coarse=324us fine=2161us merge=631us sort=4us map=0us TOTAL=3140us
[Stats] checked=186874 refined=6400
[Timing] coarse=327us fine=2478us merge=684us sort=5us map=0us TOTAL=3514us
[Stats] checked=202036 refined=6400
[Timing] coarse=335us fine=2045us merge=602us sort=5us map=0us TOTAL=3006us
[Stats] checked=195232 refined=6400
[Timing] coarse=329us fine=2201us merge=611us sort=5us map=0us TOTAL=3165us
[Stats] checked=218077 refined=6400
[Timing] coarse=347us fine=2150us merge=682us sort=5us map=0us TOTAL=3203us
[Stats] checked=197235 refined=6400
[Timing] coarse=335us fine=2116us merge=621us sort=5us map=0us TOTAL=3096us
[Stats] checked=207353 refined=6400
[Timing] coarse=375us fine=2332us merge=598us sort=4us map=0us TOTAL=3327us
[Stats] checked=194993 refined=6400
[Timing] coarse=390us fine=2069us merge=643us sort=4us map=0us TOTAL=3129us
[Stats] checked=223490 refined=6400
[Timing] coarse=401us fine=2010us merge=634us sort=5us map=0us TOTAL=3071us
[Stats] checked=181988 refined=6400
[Timing] coarse=365us fine=2085us merge=619us sort=4us map=0us TOTAL=3095us
[Stats] checked=206350 refined=6400
[Timing] coarse=373us fine=2103us merge=657us sort=5us map=0us TOTAL=3159us
[Stats] checked=182687 refined=6400
[Timing] coarse=406us fine=2351us merge=704us sort=5us map=0us TOTAL=3488us
[Stats] checked=201550 refined=6400
[Timing] coarse=386us fine=2208us merge=603us sort=4us map=0us TOTAL=3221us
[Stats] checked=217864 refined=6400
[Timing] coarse=305us fine=2149us merge=605us sort=4us map=0us TOTAL=3083us
[Stats] checked=209834 refined=6400
[Timing] coarse=308us fine=2228us merge=627us sort=4us map=0us TOTAL=3188us
[Stats] checked=188573 refined=6400
[Timing] coarse=402us fine=2141us merge=604us sort=5us map=0us TOTAL=3172us
[Stats] checked=209441 refined=6400
[Timing] coarse=323us fine=2147us merge=784us sort=5us map=0us TOTAL=3278us
[Stats] checked=213725 refined=6400
[Timing] coarse=360us fine=2135us merge=632us sort=4us map=0us TOTAL=3151us
[Stats] checked=201316 refined=6400
[Timing] coarse=318us fine=2128us merge=702us sort=5us map=0us TOTAL=3172us
[Stats] checked=180263 refined=6400
[Timing] coarse=329us fine=2286us merge=609us sort=4us map=0us TOTAL=3247us
[Stats] checked=204341 refined=6400
[Timing] coarse=339us fine=2098us merge=620us sort=5us map=0us TOTAL=3150us
[Stats] checked=210652 refined=6400
[Timing] coarse=366us fine=2142us merge=623us sort=4us map=0us TOTAL=3154us
[Stats] checked=201711 refined=6400
[Timing] coarse=340us fine=2176us merge=662us sort=5us map=0us TOTAL=3201us
[Stats] checked=196204 refined=6400
[Timing] coarse=400us fine=2233us merge=614us sort=4us map=0us TOTAL=3269us
[Stats] checked=232346 refined=6400
[Timing] coarse=351us fine=2071us merge=682us sort=5us map=0us TOTAL=3151us
[Stats] checked=181313 refined=6400
[Timing] coarse=333us fine=2112us merge=695us sort=5us map=0us TOTAL=3163us
[Stats] checked=208961 refined=6400
[Timing] coarse=350us fine=2024us merge=615us sort=4us map=0us TOTAL=3011us
[Stats] checked=189378 refined=6400
[Timing] coarse=352us fine=2024us merge=679us sort=5us map=0us TOTAL=3077us
[Stats] checked=189493 refined=6400
[Timing] coarse=315us fine=2538us merge=657us sort=4us map=0us TOTAL=3533us
[Stats] checked=207547 refined=6400
[Timing] coarse=331us fine=2142us merge=668us sort=4us map=0us TOTAL=3162us
[Stats] checked=223962 refined=6400
[Timing] coarse=424us fine=2954us merge=647us sort=4us map=0us TOTAL=4055us
[Stats] checked=218082 refined=6400
Processed 500 queries[Timing] coarse=524us fine=2282us merge=617us sort=5us map=0us TOTAL=3459us
[Stats] checked=230404 refined=6400
[Timing] coarse=537us fine=2156us merge=607us sort=4us map=0us TOTAL=3330us
[Stats] checked=210111 refined=6400
[Timing] coarse=399us fine=2097us merge=677us sort=5us map=0us TOTAL=3202us
[Stats] checked=203026 refined=6400
[Timing] coarse=406us fine=2130us merge=640us sort=5us map=0us TOTAL=3204us
[Stats] checked=194382 refined=6400
[Timing] coarse=386us fine=2089us merge=662us sort=5us map=0us TOTAL=3166us
[Stats] checked=193256 refined=6400
[Timing] coarse=419us fine=2211us merge=639us sort=5us map=0us TOTAL=3297us
[Stats] checked=214098 refined=6400
[Timing] coarse=379us fine=2333us merge=863us sort=5us map=0us TOTAL=3601us
[Stats] checked=209109 refined=6400
[Timing] coarse=367us fine=2184us merge=662us sort=5us map=0us TOTAL=3240us
[Stats] checked=221733 refined=6400
[Timing] coarse=382us fine=2320us merge=729us sort=5us map=0us TOTAL=3458us
[Stats] checked=187189 refined=6400
[Timing] coarse=351us fine=2303us merge=621us sort=5us map=0us TOTAL=3301us
[Stats] checked=206907 refined=6400
[Timing] coarse=358us fine=2135us merge=659us sort=5us map=0us TOTAL=3177us
[Stats] checked=208804 refined=6400
[Timing] coarse=421us fine=2554us merge=685us sort=5us map=0us TOTAL=3685us
[Stats] checked=187820 refined=6400
[Timing] coarse=395us fine=2161us merge=685us sort=5us map=0us TOTAL=3267us
[Stats] checked=196387 refined=6400
[Timing] coarse=370us fine=2361us merge=764us sort=5us map=0us TOTAL=3519us
[Stats] checked=204320 refined=6400
[Timing] coarse=461us fine=2268us merge=626us sort=5us map=0us TOTAL=3382us
[Stats] checked=228930 refined=6400
[Timing] coarse=397us fine=2192us merge=647us sort=5us map=0us TOTAL=3263us
[Stats] checked=191884 refined=6400
[Timing] coarse=421us fine=2050us merge=619us sort=5us map=0us TOTAL=3126us
[Stats] checked=217496 refined=6400
[Timing] coarse=387us fine=2103us merge=684us sort=5us map=0us TOTAL=3200us
[Stats] checked=187861 refined=6400
[Timing] coarse=370us fine=2327us merge=652us sort=4us map=0us TOTAL=3374us
[Stats] checked=222834 refined=6400
[Timing] coarse=320us fine=2105us merge=664us sort=4us map=0us TOTAL=3114us
[Stats] checked=195860 refined=6400
[Timing] coarse=343us fine=2032us merge=638us sort=5us map=0us TOTAL=3038us
[Stats] checked=179315 refined=6400
[Timing] coarse=321us fine=2158us merge=624us sort=5us map=0us TOTAL=3126us
[Stats] checked=227195 refined=6400
[Timing] coarse=351us fine=2136us merge=635us sort=4us map=0us TOTAL=3197us
[Stats] checked=174730 refined=6400
[Timing] coarse=328us fine=2543us merge=740us sort=5us map=0us TOTAL=3634us
[Stats] checked=192755 refined=6400
[Timing] coarse=381us fine=2110us merge=682us sort=5us map=0us TOTAL=3200us
[Stats] checked=191306 refined=6400
[Timing] coarse=335us fine=2076us merge=687us sort=5us map=1us TOTAL=3124us
[Stats] checked=183599 refined=6400
[Timing] coarse=343us fine=2271us merge=594us sort=5us map=0us TOTAL=3329us
[Stats] checked=195581 refined=6400
[Timing] coarse=397us fine=2111us merge=631us sort=4us map=0us TOTAL=3165us
[Stats] checked=198288 refined=6400
[Timing] coarse=400us fine=2497us merge=745us sort=4us map=0us TOTAL=3714us
[Stats] checked=197596 refined=6400
[Timing] coarse=499us fine=2681us merge=892us sort=9us map=1us TOTAL=4114us
[Stats] checked=193304 refined=6400
[Timing] coarse=476us fine=2846us merge=993us sort=5us map=0us TOTAL=4349us
[Stats] checked=204920 refined=6400
[Timing] coarse=807us fine=3769us merge=906us sort=5us map=0us TOTAL=5532us
[Stats] checked=224320 refined=6400
[Timing] coarse=696us fine=3204us merge=900us sort=5us map=0us TOTAL=4840us
[Stats] checked=192295 refined=6400
[Timing] coarse=592us fine=2876us merge=711us sort=5us map=0us TOTAL=4215us
[Stats] checked=216625 refined=6400
[Timing] coarse=543us fine=2848us merge=664us sort=5us map=0us TOTAL=4115us
[Stats] checked=233823 refined=6400
[Timing] coarse=546us fine=2267us merge=805us sort=5us map=1us TOTAL=3657us
[Stats] checked=189248 refined=6400
[Timing] coarse=689us fine=2477us merge=878us sort=5us map=0us TOTAL=4091us
[Stats] checked=194469 refined=6400
[Timing] coarse=689us fine=2331us merge=679us sort=4us map=0us TOTAL=3756us
[Stats] checked=220028 refined=6400
[Timing] coarse=541us fine=2187us merge=744us sort=4us map=0us TOTAL=3507us
[Stats] checked=171654 refined=6400
[Timing] coarse=487us fine=2283us merge=670us sort=4us map=0us TOTAL=3475us
[Stats] checked=214625 refined=6400
[Timing] coarse=385us fine=3055us merge=1047us sort=5us map=1us TOTAL=4515us
[Stats] checked=205554 refined=6400
[Timing] coarse=570us fine=2623us merge=709us sort=5us map=1us TOTAL=3956us
[Stats] checked=209147 refined=6400
[Timing] coarse=560us fine=2476us merge=644us sort=5us map=0us TOTAL=3725us
[Stats] checked=199897 refined=6400
[Timing] coarse=520us fine=2527us merge=749us sort=5us map=0us TOTAL=3834us
[Stats] checked=210309 refined=6400
[Timing] coarse=652us fine=2717us merge=891us sort=4us map=0us TOTAL=4302us
[Stats] checked=192595 refined=6400
[Timing] coarse=566us fine=2760us merge=1026us sort=5us map=1us TOTAL=4404us
[Stats] checked=196848 refined=6400
[Timing] coarse=632us fine=2455us merge=957us sort=6us map=1us TOTAL=4099us
[Stats] checked=222251 refined=6400
[Timing] coarse=606us fine=2847us merge=741us sort=5us map=0us TOTAL=4243us
[Stats] checked=232690 refined=6400
[Timing] coarse=483us fine=3717us merge=1213us sort=7us map=1us TOTAL=5464us
[Stats] checked=204130 refined=6400
[Timing] coarse=612us fine=2567us merge=955us sort=29us map=1us TOTAL=4198us
[Stats] checked=196043 refined=6400
Processed 550 queries[Timing] coarse=554us fine=2839us merge=1018us sort=6us map=0us TOTAL=4450us
[Stats] checked=226675 refined=6400
[Timing] coarse=834us fine=3203us merge=756us sort=5us map=1us TOTAL=4856us
[Stats] checked=198485 refined=6400
[Timing] coarse=515us fine=2530us merge=1032us sort=5us map=0us TOTAL=4116us
[Stats] checked=191686 refined=6400
[Timing] coarse=624us fine=2708us merge=774us sort=5us map=0us TOTAL=4175us
[Stats] checked=191742 refined=6400
[Timing] coarse=524us fine=2867us merge=708us sort=5us map=1us TOTAL=4137us
[Stats] checked=212905 refined=6400
[Timing] coarse=550us fine=2334us merge=650us sort=5us map=0us TOTAL=3571us
[Stats] checked=236883 refined=6400
[Timing] coarse=842us fine=2542us merge=660us sort=4us map=0us TOTAL=4076us
[Stats] checked=196034 refined=6400
[Timing] coarse=644us fine=2357us merge=724us sort=5us map=0us TOTAL=3775us
[Stats] checked=185153 refined=6400
[Timing] coarse=539us fine=2714us merge=768us sort=5us map=1us TOTAL=4073us
[Stats] checked=193069 refined=6400
[Timing] coarse=468us fine=2376us merge=664us sort=5us map=0us TOTAL=3542us
[Stats] checked=185224 refined=6400
[Timing] coarse=442us fine=2114us merge=643us sort=5us map=0us TOTAL=3230us
[Stats] checked=192404 refined=6400
[Timing] coarse=364us fine=2148us merge=632us sort=5us map=1us TOTAL=3175us
[Stats] checked=194464 refined=6400
[Timing] coarse=348us fine=2111us merge=626us sort=5us map=0us TOTAL=3113us
[Stats] checked=205529 refined=6400
[Timing] coarse=424us fine=2199us merge=739us sort=5us map=0us TOTAL=3393us
[Stats] checked=223512 refined=6400
[Timing] coarse=370us fine=2201us merge=713us sort=5us map=0us TOTAL=3313us
[Stats] checked=199421 refined=6400
[Timing] coarse=426us fine=2290us merge=684us sort=4us map=0us TOTAL=3440us
[Stats] checked=210322 refined=6400
[Timing] coarse=360us fine=2218us merge=640us sort=4us map=0us TOTAL=3244us
[Stats] checked=202072 refined=6400
[Timing] coarse=354us fine=2123us merge=588us sort=4us map=0us TOTAL=3092us
[Stats] checked=242053 refined=6400
[Timing] coarse=343us fine=2149us merge=683us sort=4us map=0us TOTAL=3200us
[Stats] checked=184806 refined=6400
[Timing] coarse=398us fine=2437us merge=636us sort=5us map=0us TOTAL=3501us
[Stats] checked=204191 refined=6400
[Timing] coarse=388us fine=2178us merge=647us sort=5us map=0us TOTAL=3239us
[Stats] checked=204432 refined=6400
[Timing] coarse=386us fine=2107us merge=596us sort=4us map=0us TOTAL=3115us
[Stats] checked=218448 refined=6400
[Timing] coarse=368us fine=2922us merge=653us sort=5us map=0us TOTAL=3974us
[Stats] checked=211750 refined=6400
[Timing] coarse=382us fine=2291us merge=673us sort=5us map=0us TOTAL=3373us
[Stats] checked=199560 refined=6400
[Timing] coarse=381us fine=2013us merge=631us sort=4us map=0us TOTAL=3053us
[Stats] checked=199104 refined=6400
[Timing] coarse=384us fine=2126us merge=769us sort=5us map=0us TOTAL=3308us
[Stats] checked=196807 refined=6400
[Timing] coarse=353us fine=2182us merge=618us sort=5us map=0us TOTAL=3179us
[Stats] checked=219575 refined=6400
[Timing] coarse=680us fine=2258us merge=727us sort=5us map=0us TOTAL=3709us
[Stats] checked=219359 refined=6400
[Timing] coarse=418us fine=2154us merge=636us sort=5us map=0us TOTAL=3235us
[Stats] checked=219607 refined=6400
[Timing] coarse=381us fine=2316us merge=685us sort=5us map=0us TOTAL=3410us
[Stats] checked=199429 refined=6400
[Timing] coarse=455us fine=2129us merge=621us sort=4us map=0us TOTAL=3235us
[Stats] checked=207855 refined=6400
[Timing] coarse=425us fine=2124us merge=666us sort=4us map=0us TOTAL=3242us
[Stats] checked=203313 refined=6400
[Timing] coarse=397us fine=2069us merge=657us sort=5us map=0us TOTAL=3149us
[Stats] checked=184373 refined=6400
[Timing] coarse=360us fine=2073us merge=633us sort=5us map=0us TOTAL=3091us
[Stats] checked=188770 refined=6400
[Timing] coarse=352us fine=2149us merge=776us sort=4us map=0us TOTAL=3301us
[Stats] checked=208453 refined=6400
[Timing] coarse=392us fine=2266us merge=586us sort=5us map=0us TOTAL=3272us
[Stats] checked=221162 refined=6400
[Timing] coarse=375us fine=2199us merge=601us sort=5us map=0us TOTAL=3201us
[Stats] checked=216684 refined=6400
[Timing] coarse=320us fine=2238us merge=591us sort=5us map=0us TOTAL=3173us
[Stats] checked=228921 refined=6400
[Timing] coarse=309us fine=2028us merge=635us sort=5us map=0us TOTAL=2995us
[Stats] checked=209772 refined=6400
[Timing] coarse=348us fine=2589us merge=612us sort=5us map=0us TOTAL=3574us
[Stats] checked=218411 refined=6400
[Timing] coarse=356us fine=2099us merge=657us sort=5us map=0us TOTAL=3136us
[Stats] checked=204848 refined=6400
[Timing] coarse=333us fine=2281us merge=604us sort=4us map=0us TOTAL=3242us
[Stats] checked=223765 refined=6400
[Timing] coarse=358us fine=2081us merge=612us sort=4us map=0us TOTAL=3075us
[Stats] checked=199566 refined=6400
[Timing] coarse=303us fine=2454us merge=625us sort=5us map=0us TOTAL=3407us
[Stats] checked=203175 refined=6400
[Timing] coarse=325us fine=2107us merge=574us sort=4us map=0us TOTAL=3030us
[Stats] checked=227056 refined=6400
[Timing] coarse=319us fine=2334us merge=776us sort=4us map=0us TOTAL=3453us
[Stats] checked=200966 refined=6400
[Timing] coarse=393us fine=2123us merge=597us sort=5us map=0us TOTAL=3138us
[Stats] checked=215961 refined=6400
[Timing] coarse=410us fine=2407us merge=720us sort=4us map=1us TOTAL=3636us
[Stats] checked=192838 refined=6400
[Timing] coarse=441us fine=2383us merge=951us sort=7us map=1us TOTAL=3805us
[Stats] checked=194717 refined=6400
[Timing] coarse=382us fine=2231us merge=678us sort=5us map=0us TOTAL=3314us
[Stats] checked=197392 refined=6400
Processed 600 queries[Timing] coarse=388us fine=2073us merge=654us sort=4us map=0us TOTAL=3140us
[Stats] checked=191871 refined=6400
[Timing] coarse=359us fine=2484us merge=672us sort=5us map=1us TOTAL=3541us
[Stats] checked=196679 refined=6400
[Timing] coarse=369us fine=2145us merge=598us sort=5us map=0us TOTAL=3136us
[Stats] checked=223901 refined=6400
[Timing] coarse=337us fine=2099us merge=642us sort=4us map=0us TOTAL=3101us
[Stats] checked=198449 refined=6400
[Timing] coarse=358us fine=2084us merge=614us sort=5us map=0us TOTAL=3080us
[Stats] checked=196774 refined=6400
[Timing] coarse=326us fine=2126us merge=673us sort=5us map=0us TOTAL=3148us
[Stats] checked=212732 refined=6400
[Timing] coarse=345us fine=2783us merge=688us sort=7us map=0us TOTAL=3887us
[Stats] checked=204761 refined=6400
[Timing] coarse=391us fine=2291us merge=658us sort=5us map=0us TOTAL=3366us
[Stats] checked=216487 refined=6400
[Timing] coarse=392us fine=2426us merge=665us sort=5us map=0us TOTAL=3509us
[Stats] checked=225489 refined=6400
[Timing] coarse=391us fine=2174us merge=715us sort=4us map=0us TOTAL=3304us
[Stats] checked=188681 refined=6400
[Timing] coarse=363us fine=2394us merge=657us sort=5us map=1us TOTAL=3471us
[Stats] checked=214394 refined=6400
[Timing] coarse=365us fine=2302us merge=662us sort=4us map=0us TOTAL=3355us
[Stats] checked=204517 refined=6400
[Timing] coarse=326us fine=2337us merge=651us sort=4us map=0us TOTAL=3339us
[Stats] checked=201042 refined=6400
[Timing] coarse=326us fine=2105us merge=644us sort=4us map=0us TOTAL=3098us
[Stats] checked=200088 refined=6400
[Timing] coarse=364us fine=2169us merge=655us sort=4us map=0us TOTAL=3212us
[Stats] checked=230678 refined=6400
[Timing] coarse=413us fine=2063us merge=639us sort=5us map=0us TOTAL=3138us
[Stats] checked=181733 refined=6400
[Timing] coarse=327us fine=2176us merge=640us sort=5us map=0us TOTAL=3165us
[Stats] checked=190292 refined=6400
[Timing] coarse=402us fine=2088us merge=632us sort=5us map=0us TOTAL=3146us
[Stats] checked=193571 refined=6400
[Timing] coarse=731us fine=2432us merge=839us sort=4us map=0us TOTAL=4044us
[Stats] checked=207774 refined=6400
[Timing] coarse=437us fine=2118us merge=693us sort=5us map=0us TOTAL=3280us
[Stats] checked=195063 refined=6400
[Timing] coarse=385us fine=2105us merge=612us sort=17us map=0us TOTAL=3140us
[Stats] checked=213996 refined=6400
[Timing] coarse=361us fine=2200us merge=694us sort=4us map=0us TOTAL=3281us
[Stats] checked=187851 refined=6400
[Timing] coarse=336us fine=2029us merge=868us sort=4us map=0us TOTAL=3258us
[Stats] checked=200836 refined=6400
[Timing] coarse=496us fine=2593us merge=652us sort=5us map=0us TOTAL=3776us
[Stats] checked=197771 refined=6400
[Timing] coarse=410us fine=2247us merge=617us sort=4us map=0us TOTAL=3300us
[Stats] checked=207185 refined=6400
[Timing] coarse=397us fine=2176us merge=663us sort=5us map=0us TOTAL=3263us
[Stats] checked=186605 refined=6400
[Timing] coarse=345us fine=2265us merge=762us sort=5us map=0us TOTAL=3396us
[Stats] checked=199925 refined=6400
[Timing] coarse=335us fine=2331us merge=759us sort=5us map=0us TOTAL=3451us
[Stats] checked=201222 refined=6400
[Timing] coarse=384us fine=2014us merge=691us sort=5us map=0us TOTAL=3116us
[Stats] checked=177072 refined=6400
[Timing] coarse=358us fine=2217us merge=638us sort=5us map=0us TOTAL=3239us
[Stats] checked=196857 refined=6400
[Timing] coarse=355us fine=2096us merge=659us sort=5us map=0us TOTAL=3135us
[Stats] checked=209566 refined=6400
[Timing] coarse=362us fine=2244us merge=596us sort=4us map=0us TOTAL=3226us
[Stats] checked=207265 refined=6400
[Timing] coarse=372us fine=2060us merge=632us sort=5us map=0us TOTAL=3089us
[Stats] checked=212266 refined=6400
[Timing] coarse=349us fine=2271us merge=620us sort=4us map=0us TOTAL=3264us
[Stats] checked=197198 refined=6400
[Timing] coarse=371us fine=2110us merge=601us sort=5us map=0us TOTAL=3108us
[Stats] checked=219373 refined=6400
[Timing] coarse=371us fine=2211us merge=676us sort=5us map=0us TOTAL=3283us
[Stats] checked=192720 refined=6400
[Timing] coarse=376us fine=2856us merge=626us sort=5us map=0us TOTAL=3883us
[Stats] checked=211362 refined=6400
[Timing] coarse=354us fine=2054us merge=665us sort=5us map=0us TOTAL=3100us
[Stats] checked=188965 refined=6400
[Timing] coarse=426us fine=2229us merge=704us sort=5us map=0us TOTAL=3385us
[Stats] checked=210014 refined=6400
[Timing] coarse=374us fine=2268us merge=834us sort=5us map=0us TOTAL=3501us
[Stats] checked=196600 refined=6400
[Timing] coarse=411us fine=2154us merge=679us sort=4us map=0us TOTAL=3271us
[Stats] checked=190609 refined=6400
[Timing] coarse=346us fine=2152us merge=763us sort=5us map=0us TOTAL=3288us
[Stats] checked=192499 refined=6400
[Timing] coarse=375us fine=2239us merge=642us sort=5us map=0us TOTAL=3283us
[Stats] checked=208459 refined=6400
[Timing] coarse=352us fine=2221us merge=686us sort=5us map=0us TOTAL=3284us
[Stats] checked=205212 refined=6400
[Timing] coarse=400us fine=2236us merge=637us sort=4us map=0us TOTAL=3303us
[Stats] checked=226074 refined=6400
[Timing] coarse=383us fine=2122us merge=644us sort=5us map=0us TOTAL=3174us
[Stats] checked=195770 refined=6400
[Timing] coarse=361us fine=2377us merge=646us sort=4us map=0us TOTAL=3411us
[Stats] checked=208671 refined=6400
[Timing] coarse=653us fine=2303us merge=755us sort=5us map=0us TOTAL=3755us
[Stats] checked=195706 refined=6400
[Timing] coarse=427us fine=2408us merge=946us sort=5us map=1us TOTAL=3814us
[Stats] checked=195475 refined=6400
[Timing] coarse=504us fine=2705us merge=685us sort=4us map=0us TOTAL=3923us
[Stats] checked=233237 refined=6400
Processed 650 queries[Timing] coarse=398us fine=2254us merge=623us sort=4us map=0us TOTAL=3302us
[Stats] checked=230169 refined=6400
[Timing] coarse=429us fine=2348us merge=643us sort=4us map=0us TOTAL=3448us
[Stats] checked=192023 refined=6400
[Timing] coarse=359us fine=2107us merge=644us sort=5us map=0us TOTAL=3136us
[Stats] checked=200697 refined=6400
[Timing] coarse=323us fine=2361us merge=634us sort=5us map=0us TOTAL=3345us
[Stats] checked=204526 refined=6400
[Timing] coarse=364us fine=2075us merge=614us sort=4us map=0us TOTAL=3078us
[Stats] checked=214024 refined=6400
[Timing] coarse=359us fine=2212us merge=703us sort=5us map=0us TOTAL=3301us
[Stats] checked=189302 refined=6400
[Timing] coarse=342us fine=2139us merge=595us sort=5us map=0us TOTAL=3102us
[Stats] checked=197296 refined=6400
[Timing] coarse=354us fine=2172us merge=624us sort=5us map=0us TOTAL=3174us
[Stats] checked=214369 refined=6400
[Timing] coarse=339us fine=2158us merge=834us sort=5us map=0us TOTAL=3358us
[Stats] checked=201299 refined=6400
[Timing] coarse=324us fine=2253us merge=642us sort=5us map=0us TOTAL=3244us
[Stats] checked=201479 refined=6400
[Timing] coarse=360us fine=2107us merge=667us sort=4us map=0us TOTAL=3160us
[Stats] checked=185877 refined=6400
[Timing] coarse=360us fine=2205us merge=709us sort=4us map=0us TOTAL=3308us
[Stats] checked=188467 refined=6400
[Timing] coarse=349us fine=2096us merge=1281us sort=5us map=0us TOTAL=3750us
[Stats] checked=197140 refined=6400
[Timing] coarse=348us fine=2198us merge=620us sort=5us map=0us TOTAL=3190us
[Stats] checked=217060 refined=6400
[Timing] coarse=385us fine=2042us merge=712us sort=5us map=1us TOTAL=3163us
[Stats] checked=182138 refined=6400
[Timing] coarse=557us fine=2152us merge=639us sort=4us map=0us TOTAL=3373us
[Stats] checked=206121 refined=6400
[Timing] coarse=344us fine=2177us merge=631us sort=5us map=0us TOTAL=3175us
[Stats] checked=211058 refined=6400
[Timing] coarse=371us fine=2244us merge=634us sort=5us map=0us TOTAL=3274us
[Stats] checked=196818 refined=6400
[Timing] coarse=399us fine=2182us merge=707us sort=5us map=1us TOTAL=3315us
[Stats] checked=198895 refined=6400
[Timing] coarse=652us fine=2141us merge=632us sort=5us map=0us TOTAL=3450us
[Stats] checked=215649 refined=6400
[Timing] coarse=380us fine=2258us merge=669us sort=4us map=0us TOTAL=3330us
[Stats] checked=181689 refined=6400
[Timing] coarse=399us fine=2307us merge=601us sort=4us map=0us TOTAL=3332us
[Stats] checked=224937 refined=6400
[Timing] coarse=357us fine=2292us merge=902us sort=4us map=0us TOTAL=3575us
[Stats] checked=222514 refined=6400
[Timing] coarse=371us fine=2849us merge=753us sort=5us map=0us TOTAL=3998us
[Stats] checked=183638 refined=6400
[Timing] coarse=422us fine=2404us merge=636us sort=4us map=0us TOTAL=3488us
[Stats] checked=193512 refined=6400
[Timing] coarse=421us fine=2355us merge=697us sort=5us map=0us TOTAL=3500us
[Stats] checked=198430 refined=6400
[Timing] coarse=374us fine=2160us merge=712us sort=5us map=0us TOTAL=3272us
[Stats] checked=212861 refined=6400
[Timing] coarse=366us fine=2152us merge=647us sort=5us map=0us TOTAL=3191us
[Stats] checked=199180 refined=6400
[Timing] coarse=379us fine=2140us merge=663us sort=4us map=0us TOTAL=3207us
[Stats] checked=212952 refined=6400
[Timing] coarse=352us fine=2174us merge=646us sort=5us map=0us TOTAL=3197us
[Stats] checked=192647 refined=6400
[Timing] coarse=341us fine=2038us merge=757us sort=5us map=0us TOTAL=3162us
[Stats] checked=212238 refined=6400
[Timing] coarse=325us fine=2135us merge=614us sort=4us map=0us TOTAL=3098us
[Stats] checked=209136 refined=6400
[Timing] coarse=354us fine=2082us merge=636us sort=5us map=0us TOTAL=3097us
[Stats] checked=234945 refined=6400
[Timing] coarse=354us fine=1965us merge=658us sort=5us map=0us TOTAL=3003us
[Stats] checked=176961 refined=6400
[Timing] coarse=325us fine=2199us merge=671us sort=5us map=0us TOTAL=3219us
[Stats] checked=208281 refined=6400
[Timing] coarse=403us fine=2359us merge=597us sort=5us map=0us TOTAL=3386us
[Stats] checked=234832 refined=6400
[Timing] coarse=364us fine=2133us merge=652us sort=4us map=0us TOTAL=3173us
[Stats] checked=224244 refined=6400
[Timing] coarse=415us fine=2238us merge=657us sort=5us map=0us TOTAL=3335us
[Stats] checked=229911 refined=6400
[Timing] coarse=364us fine=2104us merge=688us sort=5us map=0us TOTAL=3181us
[Stats] checked=182526 refined=6400
[Timing] coarse=337us fine=2801us merge=688us sort=5us map=0us TOTAL=3851us
[Stats] checked=229114 refined=6400
[Timing] coarse=403us fine=2271us merge=673us sort=5us map=0us TOTAL=3373us
[Stats] checked=219882 refined=6400
[Timing] coarse=355us fine=2365us merge=600us sort=5us map=0us TOTAL=3345us
[Stats] checked=221499 refined=6400
[Timing] coarse=359us fine=2118us merge=620us sort=4us map=0us TOTAL=3123us
[Stats] checked=228023 refined=6400
[Timing] coarse=369us fine=2331us merge=633us sort=5us map=0us TOTAL=3358us
[Stats] checked=198274 refined=6400
[Timing] coarse=352us fine=2150us merge=575us sort=5us map=0us TOTAL=3101us
[Stats] checked=221202 refined=6400
[Timing] coarse=328us fine=2174us merge=661us sort=4us map=1us TOTAL=3190us
[Stats] checked=201680 refined=6400
[Timing] coarse=349us fine=2253us merge=652us sort=5us map=0us TOTAL=3279us
[Stats] checked=215725 refined=6400
[Timing] coarse=315us fine=2035us merge=690us sort=5us map=0us TOTAL=3064us
[Stats] checked=225922 refined=6400
[Timing] coarse=313us fine=2137us merge=820us sort=6us map=2us TOTAL=3295us
[Stats] checked=217279 refined=6400
[Timing] coarse=407us fine=2143us merge=787us sort=4us map=0us TOTAL=3361us
[Stats] checked=179803 refined=6400
Processed 700 queries[Timing] coarse=414us fine=2231us merge=665us sort=4us map=0us TOTAL=3334us
[Stats] checked=191553 refined=6400
[Timing] coarse=362us fine=2129us merge=824us sort=8us map=1us TOTAL=3354us
[Stats] checked=207337 refined=6400
[Timing] coarse=346us fine=2486us merge=643us sort=5us map=0us TOTAL=3502us
[Stats] checked=221458 refined=6400
[Timing] coarse=330us fine=2260us merge=649us sort=4us map=0us TOTAL=3265us
[Stats] checked=188734 refined=6400
[Timing] coarse=396us fine=2112us merge=668us sort=5us map=0us TOTAL=3200us
[Stats] checked=212979 refined=6400
[Timing] coarse=368us fine=2049us merge=647us sort=5us map=0us TOTAL=3090us
[Stats] checked=196290 refined=6400
[Timing] coarse=318us fine=2071us merge=649us sort=5us map=0us TOTAL=3061us
[Stats] checked=208077 refined=6400
[Timing] coarse=323us fine=2132us merge=600us sort=4us map=0us TOTAL=3079us
[Stats] checked=221819 refined=6400
[Timing] coarse=418us fine=2113us merge=607us sort=4us map=0us TOTAL=3164us
[Stats] checked=215885 refined=6400
[Timing] coarse=386us fine=2083us merge=621us sort=4us map=0us TOTAL=3115us
[Stats] checked=218338 refined=6400
[Timing] coarse=330us fine=2058us merge=639us sort=5us map=0us TOTAL=3053us
[Stats] checked=183505 refined=6400
[Timing] coarse=408us fine=2710us merge=825us sort=6us map=0us TOTAL=3971us
[Stats] checked=226199 refined=6400
[Timing] coarse=386us fine=2301us merge=787us sort=6us map=0us TOTAL=3543us
[Stats] checked=193666 refined=6400
[Timing] coarse=383us fine=2122us merge=632us sort=5us map=0us TOTAL=3161us
[Stats] checked=188011 refined=6400
[Timing] coarse=348us fine=2295us merge=611us sort=5us map=0us TOTAL=3277us
[Stats] checked=207344 refined=6400
[Timing] coarse=441us fine=2187us merge=662us sort=5us map=0us TOTAL=3319us
[Stats] checked=208917 refined=6400
[Timing] coarse=403us fine=2440us merge=672us sort=4us map=0us TOTAL=3540us
[Stats] checked=209276 refined=6400
[Timing] coarse=432us fine=2168us merge=615us sort=4us map=0us TOTAL=3241us
[Stats] checked=218220 refined=6400
[Timing] coarse=415us fine=2241us merge=689us sort=5us map=0us TOTAL=3373us
[Stats] checked=189714 refined=6400
[Timing] coarse=429us fine=2457us merge=588us sort=4us map=0us TOTAL=3500us
[Stats] checked=231355 refined=6400
[Timing] coarse=401us fine=2155us merge=599us sort=5us map=0us TOTAL=3181us
[Stats] checked=216789 refined=6400
[Timing] coarse=363us fine=2144us merge=645us sort=5us map=0us TOTAL=3178us
[Stats] checked=180739 refined=6400
[Timing] coarse=392us fine=2317us merge=636us sort=4us map=0us TOTAL=3372us
[Stats] checked=201110 refined=6400
[Timing] coarse=442us fine=2454us merge=730us sort=4us map=0us TOTAL=3670us
[Stats] checked=209550 refined=6400
[Timing] coarse=361us fine=2173us merge=662us sort=5us map=0us TOTAL=3223us
[Stats] checked=203288 refined=6400
[Timing] coarse=367us fine=2225us merge=645us sort=5us map=0us TOTAL=3262us
[Stats] checked=206189 refined=6400
[Timing] coarse=350us fine=2209us merge=644us sort=5us map=0us TOTAL=3228us
[Stats] checked=214968 refined=6400
[Timing] coarse=344us fine=2175us merge=708us sort=5us map=1us TOTAL=3254us
[Stats] checked=190087 refined=6400
[Timing] coarse=333us fine=2194us merge=664us sort=4us map=0us TOTAL=3217us
[Stats] checked=208405 refined=6400
[Timing] coarse=413us fine=2076us merge=731us sort=5us map=0us TOTAL=3248us
[Stats] checked=186144 refined=6400
[Timing] coarse=365us fine=2498us merge=699us sort=4us map=0us TOTAL=3587us
[Stats] checked=204374 refined=6400
[Timing] coarse=373us fine=2237us merge=722us sort=4us map=0us TOTAL=3360us
[Stats] checked=226008 refined=6400
[Timing] coarse=373us fine=2165us merge=689us sort=4us map=0us TOTAL=3252us
[Stats] checked=211840 refined=6400
[Timing] coarse=339us fine=2122us merge=650us sort=5us map=0us TOTAL=3136us
[Stats] checked=196254 refined=6400
[Timing] coarse=367us fine=2241us merge=568us sort=5us map=0us TOTAL=3201us
[Stats] checked=214846 refined=6400
[Timing] coarse=360us fine=2341us merge=680us sort=5us map=0us TOTAL=3406us
[Stats] checked=194615 refined=6400
[Timing] coarse=377us fine=2098us merge=624us sort=5us map=0us TOTAL=3125us
[Stats] checked=207869 refined=6400
[Timing] coarse=346us fine=2348us merge=704us sort=4us map=0us TOTAL=3424us
[Stats] checked=210111 refined=6400
[Timing] coarse=366us fine=2100us merge=623us sort=4us map=0us TOTAL=3113us
[Stats] checked=216780 refined=6400
[Timing] coarse=338us fine=2346us merge=821us sort=4us map=0us TOTAL=3529us
[Stats] checked=188501 refined=6400
[Timing] coarse=387us fine=2165us merge=629us sort=4us map=0us TOTAL=3206us
[Stats] checked=208177 refined=6400
[Timing] coarse=364us fine=2215us merge=728us sort=5us map=0us TOTAL=3333us
[Stats] checked=196586 refined=6400
[Timing] coarse=369us fine=2139us merge=669us sort=4us map=0us TOTAL=3201us
[Stats] checked=181466 refined=6400
[Timing] coarse=374us fine=2303us merge=774us sort=4us map=0us TOTAL=3476us
[Stats] checked=218895 refined=6400
[Timing] coarse=395us fine=2127us merge=640us sort=4us map=0us TOTAL=3188us
[Stats] checked=188837 refined=6400
[Timing] coarse=361us fine=2177us merge=677us sort=4us map=0us TOTAL=3239us
[Stats] checked=210448 refined=6400
[Timing] coarse=395us fine=2205us merge=626us sort=5us map=0us TOTAL=3251us
[Stats] checked=218260 refined=6400
[Timing] coarse=368us fine=2193us merge=647us sort=4us map=0us TOTAL=3232us
[Stats] checked=211064 refined=6400
[Timing] coarse=339us fine=2808us merge=726us sort=5us map=0us TOTAL=3989us
[Stats] checked=206303 refined=6400
[Timing] coarse=477us fine=2660us merge=735us sort=5us map=0us TOTAL=3900us
[Stats] checked=179839 refined=6400
Processed 750 queries[Timing] coarse=394us fine=2469us merge=735us sort=5us map=0us TOTAL=3624us
[Stats] checked=191809 refined=6400
[Timing] coarse=447us fine=2675us merge=693us sort=5us map=0us TOTAL=3843us
[Stats] checked=213998 refined=6400
[Timing] coarse=603us fine=2885us merge=676us sort=5us map=0us TOTAL=4213us
[Stats] checked=203319 refined=6400
[Timing] coarse=419us fine=2214us merge=695us sort=5us map=0us TOTAL=3357us
[Stats] checked=193466 refined=6400
[Timing] coarse=429us fine=2191us merge=662us sort=4us map=0us TOTAL=3313us
[Stats] checked=210111 refined=6400
[Timing] coarse=409us fine=2420us merge=752us sort=4us map=0us TOTAL=3612us
[Stats] checked=221611 refined=6400
[Timing] coarse=467us fine=2169us merge=644us sort=5us map=0us TOTAL=3312us
[Stats] checked=187087 refined=6400
[Timing] coarse=434us fine=2380us merge=702us sort=5us map=0us TOTAL=3544us
[Stats] checked=192668 refined=6400
[Timing] coarse=377us fine=2364us merge=688us sort=5us map=0us TOTAL=3457us
[Stats] checked=221750 refined=6400
[Timing] coarse=378us fine=2348us merge=736us sort=5us map=0us TOTAL=3490us
[Stats] checked=193703 refined=6400
[Timing] coarse=407us fine=2283us merge=846us sort=7us map=1us TOTAL=3573us
[Stats] checked=204513 refined=6400
[Timing] coarse=457us fine=2273us merge=606us sort=5us map=0us TOTAL=3364us
[Stats] checked=183637 refined=6400
[Timing] coarse=403us fine=2137us merge=886us sort=5us map=1us TOTAL=3455us
[Stats] checked=199340 refined=6400
[Timing] coarse=366us fine=2270us merge=614us sort=4us map=0us TOTAL=3276us
[Stats] checked=211493 refined=6400
[Timing] coarse=344us fine=2147us merge=676us sort=4us map=0us TOTAL=3194us
[Stats] checked=182145 refined=6400
[Timing] coarse=305us fine=2253us merge=942us sort=4us map=0us TOTAL=3525us
[Stats] checked=189742 refined=6400
[Timing] coarse=345us fine=2145us merge=716us sort=4us map=0us TOTAL=3233us
[Stats] checked=195152 refined=6400
[Timing] coarse=304us fine=2115us merge=648us sort=4us map=0us TOTAL=3091us
[Stats] checked=220295 refined=6400
[Timing] coarse=349us fine=1999us merge=635us sort=4us map=0us TOTAL=3009us
[Stats] checked=198910 refined=6400
[Timing] coarse=338us fine=2195us merge=611us sort=5us map=0us TOTAL=3170us
[Stats] checked=200440 refined=6400
[Timing] coarse=342us fine=2115us merge=632us sort=5us map=0us TOTAL=3113us
[Stats] checked=194740 refined=6400
[Timing] coarse=336us fine=2082us merge=640us sort=4us map=0us TOTAL=3083us
[Stats] checked=194298 refined=6400
[Timing] coarse=346us fine=2689us merge=664us sort=5us map=0us TOTAL=3722us
[Stats] checked=206584 refined=6400
[Timing] coarse=451us fine=2415us merge=1028us sort=4us map=0us TOTAL=4023us
[Stats] checked=197289 refined=6400
[Timing] coarse=489us fine=2206us merge=638us sort=5us map=0us TOTAL=3360us
[Stats] checked=205781 refined=6400
[Timing] coarse=422us fine=2570us merge=633us sort=4us map=0us TOTAL=3651us
[Stats] checked=198194 refined=6400
[Timing] coarse=386us fine=2782us merge=645us sort=5us map=0us TOTAL=3837us
[Stats] checked=194967 refined=6400
[Timing] coarse=438us fine=2121us merge=700us sort=5us map=0us TOTAL=3289us
[Stats] checked=202539 refined=6400
[Timing] coarse=393us fine=2081us merge=654us sort=5us map=0us TOTAL=3256us
[Stats] checked=218430 refined=6400
[Timing] coarse=378us fine=2144us merge=616us sort=16us map=0us TOTAL=3175us
[Stats] checked=207439 refined=6400
[Timing] coarse=361us fine=2234us merge=623us sort=5us map=0us TOTAL=3241us
[Stats] checked=179334 refined=6400
[Timing] coarse=500us fine=2175us merge=646us sort=5us map=0us TOTAL=3354us
[Stats] checked=209222 refined=6400
[Timing] coarse=441us fine=2091us merge=621us sort=4us map=0us TOTAL=3182us
[Stats] checked=220145 refined=6400
[Timing] coarse=458us fine=2157us merge=685us sort=5us map=0us TOTAL=3332us
[Stats] checked=202942 refined=6400
[Timing] coarse=308us fine=2454us merge=618us sort=5us map=0us TOTAL=3403us
[Stats] checked=199429 refined=6400
[Timing] coarse=351us fine=2088us merge=660us sort=5us map=0us TOTAL=3123us
[Stats] checked=228738 refined=6400
[Timing] coarse=314us fine=2103us merge=575us sort=5us map=0us TOTAL=3015us
[Stats] checked=225687 refined=6400
[Timing] coarse=337us fine=2290us merge=642us sort=5us map=0us TOTAL=3292us
[Stats] checked=188541 refined=6400
[Timing] coarse=333us fine=2164us merge=710us sort=4us map=0us TOTAL=3230us
[Stats] checked=209126 refined=6400
[Timing] coarse=376us fine=2113us merge=668us sort=4us map=0us TOTAL=3182us
[Stats] checked=182000 refined=6400
[Timing] coarse=329us fine=2415us merge=669us sort=5us map=0us TOTAL=3437us
[Stats] checked=211435 refined=6400
[Timing] coarse=303us fine=2164us merge=616us sort=4us map=0us TOTAL=3105us
[Stats] checked=224373 refined=6400
[Timing] coarse=311us fine=2267us merge=589us sort=4us map=0us TOTAL=3191us
[Stats] checked=207132 refined=6400
[Timing] coarse=342us fine=2380us merge=711us sort=4us map=0us TOTAL=3456us
[Stats] checked=194207 refined=6400
[Timing] coarse=382us fine=2088us merge=629us sort=4us map=0us TOTAL=3124us
[Stats] checked=186957 refined=6400
[Timing] coarse=363us fine=2187us merge=707us sort=5us map=0us TOTAL=3279us
[Stats] checked=220271 refined=6400
[Timing] coarse=357us fine=2162us merge=624us sort=4us map=0us TOTAL=3168us
[Stats] checked=231312 refined=6400
[Timing] coarse=334us fine=2073us merge=716us sort=5us map=0us TOTAL=3147us
[Stats] checked=198025 refined=6400
[Timing] coarse=364us fine=2084us merge=640us sort=4us map=0us TOTAL=3114us
[Stats] checked=216008 refined=6400
[Timing] coarse=334us fine=2328us merge=846us sort=5us map=0us TOTAL=3533us
[Stats] checked=202122 refined=6400
Processed 800 queries[Timing] coarse=415us fine=2150us merge=645us sort=4us map=0us TOTAL=3238us
[Stats] checked=181951 refined=6400
[Timing] coarse=395us fine=2121us merge=784us sort=5us map=0us TOTAL=3325us
[Stats] checked=196818 refined=6400
[Timing] coarse=390us fine=2099us merge=643us sort=5us map=0us TOTAL=3158us
[Stats] checked=208302 refined=6400
[Timing] coarse=370us fine=2085us merge=753us sort=5us map=0us TOTAL=3232us
[Stats] checked=204804 refined=6400
[Timing] coarse=420us fine=2031us merge=643us sort=5us map=0us TOTAL=3119us
[Stats] checked=196745 refined=6400
[Timing] coarse=398us fine=2080us merge=707us sort=5us map=0us TOTAL=3210us
[Stats] checked=192289 refined=6400
[Timing] coarse=312us fine=2323us merge=640us sort=4us map=0us TOTAL=3299us
[Stats] checked=197325 refined=6400
[Timing] coarse=412us fine=2109us merge=635us sort=4us map=0us TOTAL=3180us
[Stats] checked=219073 refined=6400
[Timing] coarse=352us fine=2091us merge=617us sort=4us map=0us TOTAL=3083us
[Stats] checked=189173 refined=6400
[Timing] coarse=352us fine=2053us merge=642us sort=5us map=0us TOTAL=3072us
[Stats] checked=190139 refined=6400
[Timing] coarse=351us fine=2345us merge=647us sort=4us map=0us TOTAL=3368us
[Stats] checked=202347 refined=6400
[Timing] coarse=384us fine=2058us merge=587us sort=4us map=0us TOTAL=3053us
[Stats] checked=191130 refined=6400
[Timing] coarse=318us fine=2130us merge=606us sort=5us map=0us TOTAL=3078us
[Stats] checked=215695 refined=6400
[Timing] coarse=388us fine=2024us merge=639us sort=5us map=0us TOTAL=3076us
[Stats] checked=183874 refined=6400
[Timing] coarse=435us fine=2251us merge=611us sort=4us map=0us TOTAL=3320us
[Stats] checked=226794 refined=6400
[Timing] coarse=378us fine=2188us merge=600us sort=5us map=0us TOTAL=3191us
[Stats] checked=246816 refined=6400
[Timing] coarse=364us fine=2367us merge=618us sort=5us map=0us TOTAL=3373us
[Stats] checked=227310 refined=6400
[Timing] coarse=359us fine=2286us merge=700us sort=5us map=0us TOTAL=3373us
[Stats] checked=186412 refined=6400
[Timing] coarse=380us fine=2373us merge=640us sort=4us map=0us TOTAL=3417us
[Stats] checked=212860 refined=6400
[Timing] coarse=321us fine=2612us merge=653us sort=5us map=0us TOTAL=3608us
[Stats] checked=230358 refined=6400
[Timing] coarse=384us fine=2376us merge=727us sort=4us map=0us TOTAL=3514us
[Stats] checked=214024 refined=6400
[Timing] coarse=342us fine=2203us merge=589us sort=5us map=0us TOTAL=3159us
[Stats] checked=209536 refined=6400
[Timing] coarse=352us fine=2160us merge=600us sort=4us map=0us TOTAL=3138us
[Stats] checked=228611 refined=6400
[Timing] coarse=319us fine=2074us merge=695us sort=5us map=0us TOTAL=3114us
[Stats] checked=194237 refined=6400
[Timing] coarse=363us fine=2013us merge=662us sort=5us map=0us TOTAL=3065us
[Stats] checked=200291 refined=6400
[Timing] coarse=359us fine=2395us merge=721us sort=5us map=0us TOTAL=3500us
[Stats] checked=218599 refined=6400
[Timing] coarse=358us fine=2318us merge=585us sort=4us map=0us TOTAL=3311us
[Stats] checked=240379 refined=6400
[Timing] coarse=344us fine=2113us merge=665us sort=4us map=0us TOTAL=3145us
[Stats] checked=200246 refined=6400
[Timing] coarse=340us fine=2229us merge=622us sort=4us map=0us TOTAL=3216us
[Stats] checked=233658 refined=6400
[Timing] coarse=403us fine=2045us merge=662us sort=5us map=0us TOTAL=3134us
[Stats] checked=208847 refined=6400
[Timing] coarse=356us fine=2028us merge=644us sort=5us map=0us TOTAL=3052us
[Stats] checked=208005 refined=6400
[Timing] coarse=478us fine=2451us merge=654us sort=5us map=0us TOTAL=3623us
[Stats] checked=192353 refined=6400
[Timing] coarse=395us fine=2348us merge=661us sort=5us map=0us TOTAL=3434us
[Stats] checked=201325 refined=6400
[Timing] coarse=396us fine=2375us merge=639us sort=4us map=0us TOTAL=3437us
[Stats] checked=205441 refined=6400
[Timing] coarse=412us fine=2188us merge=598us sort=5us map=0us TOTAL=3226us
[Stats] checked=226270 refined=6400
[Timing] coarse=416us fine=2138us merge=633us sort=5us map=0us TOTAL=3214us
[Stats] checked=191610 refined=6400
[Timing] coarse=345us fine=2245us merge=734us sort=5us map=0us TOTAL=3350us
[Stats] checked=182836 refined=6400
[Timing] coarse=377us fine=2203us merge=629us sort=5us map=0us TOTAL=3234us
[Stats] checked=226369 refined=6400
[Timing] coarse=385us fine=2232us merge=598us sort=4us map=0us TOTAL=3240us
[Stats] checked=223187 refined=6400
[Timing] coarse=325us fine=2402us merge=665us sort=5us map=0us TOTAL=3415us
[Stats] checked=193549 refined=6400
[Timing] coarse=378us fine=2316us merge=744us sort=4us map=0us TOTAL=3462us
[Stats] checked=181189 refined=6400
[Timing] coarse=376us fine=2328us merge=637us sort=5us map=0us TOTAL=3367us
[Stats] checked=217693 refined=6400
[Timing] coarse=365us fine=2564us merge=655us sort=5us map=1us TOTAL=3609us
[Stats] checked=185728 refined=6400
[Timing] coarse=380us fine=2144us merge=645us sort=4us map=0us TOTAL=3192us
[Stats] checked=205844 refined=6400
[Timing] coarse=343us fine=2153us merge=636us sort=5us map=0us TOTAL=3157us
[Stats] checked=189173 refined=6400
[Timing] coarse=352us fine=2390us merge=648us sort=5us map=0us TOTAL=3414us
[Stats] checked=188504 refined=6400
[Timing] coarse=426us fine=2427us merge=665us sort=4us map=0us TOTAL=3543us
[Stats] checked=188267 refined=6400
[Timing] coarse=377us fine=2229us merge=618us sort=5us map=0us TOTAL=3248us
[Stats] checked=206746 refined=6400
[Timing] coarse=384us fine=2194us merge=716us sort=4us map=0us TOTAL=3319us
[Stats] checked=216331 refined=6400
[Timing] coarse=353us fine=2210us merge=679us sort=5us map=0us TOTAL=3267us
[Stats] checked=183884 refined=6400
Processed 850 queries[Timing] coarse=370us fine=2261us merge=773us sort=4us map=0us TOTAL=3428us
[Stats] checked=197240 refined=6400
[Timing] coarse=577us fine=2796us merge=702us sort=4us map=0us TOTAL=4104us
[Stats] checked=203245 refined=6400
[Timing] coarse=456us fine=2233us merge=684us sort=4us map=0us TOTAL=3399us
[Stats] checked=190257 refined=6400
[Timing] coarse=457us fine=2173us merge=724us sort=5us map=0us TOTAL=3381us
[Stats] checked=198844 refined=6400
[Timing] coarse=462us fine=2277us merge=728us sort=4us map=0us TOTAL=3494us
[Stats] checked=197747 refined=6400
[Timing] coarse=560us fine=2385us merge=689us sort=5us map=1us TOTAL=3662us
[Stats] checked=183256 refined=6400
[Timing] coarse=467us fine=2585us merge=703us sort=5us map=0us TOTAL=3782us
[Stats] checked=220494 refined=6400
[Timing] coarse=452us fine=2636us merge=702us sort=5us map=0us TOTAL=3819us
[Stats] checked=227124 refined=6400
[Timing] coarse=399us fine=2902us merge=689us sort=5us map=0us TOTAL=4018us
[Stats] checked=214017 refined=6400
[Timing] coarse=447us fine=2444us merge=646us sort=4us map=0us TOTAL=3566us
[Stats] checked=215551 refined=6400
[Timing] coarse=442us fine=2936us merge=1082us sort=7us map=2us TOTAL=4491us
[Stats] checked=197637 refined=6400
[Timing] coarse=702us fine=2818us merge=739us sort=5us map=0us TOTAL=4305us
[Stats] checked=206541 refined=6400
[Timing] coarse=577us fine=2594us merge=684us sort=4us map=0us TOTAL=3891us
[Stats] checked=217568 refined=6400
[Timing] coarse=608us fine=2716us merge=826us sort=5us map=0us TOTAL=4181us
[Stats] checked=196409 refined=6400
[Timing] coarse=499us fine=2921us merge=1013us sort=7us map=1us TOTAL=4468us
[Stats] checked=189410 refined=6400
[Timing] coarse=661us fine=2569us merge=889us sort=5us map=0us TOTAL=4227us
[Stats] checked=182870 refined=6400
[Timing] coarse=385us fine=2312us merge=733us sort=5us map=0us TOTAL=3460us
[Stats] checked=196106 refined=6400
[Timing] coarse=460us fine=2198us merge=694us sort=5us map=0us TOTAL=3387us
[Stats] checked=211210 refined=6400
[Timing] coarse=556us fine=2675us merge=738us sort=5us map=0us TOTAL=4023us
[Stats] checked=190976 refined=6400
[Timing] coarse=629us fine=2342us merge=685us sort=5us map=0us TOTAL=3704us
[Stats] checked=203620 refined=6400
[Timing] coarse=529us fine=2402us merge=660us sort=4us map=0us TOTAL=3631us
[Stats] checked=229806 refined=6400
[Timing] coarse=540us fine=2443us merge=813us sort=6us map=0us TOTAL=3825us
[Stats] checked=210739 refined=6400
[Timing] coarse=620us fine=2616us merge=947us sort=6us map=1us TOTAL=4222us
[Stats] checked=202625 refined=6400
[Timing] coarse=617us fine=2982us merge=940us sort=7us map=1us TOTAL=4579us
[Stats] checked=223429 refined=6400
[Timing] coarse=538us fine=2595us merge=699us sort=4us map=0us TOTAL=3867us
[Stats] checked=186288 refined=6400
[Timing] coarse=463us fine=2512us merge=675us sort=5us map=0us TOTAL=3680us
[Stats] checked=183878 refined=6400
[Timing] coarse=407us fine=2282us merge=845us sort=5us map=0us TOTAL=3561us
[Stats] checked=201532 refined=6400
[Timing] coarse=554us fine=3135us merge=909us sort=5us map=0us TOTAL=4650us
[Stats] checked=193718 refined=6400
[Timing] coarse=521us fine=2451us merge=720us sort=5us map=0us TOTAL=3723us
[Stats] checked=191077 refined=6400
[Timing] coarse=695us fine=2333us merge=709us sort=5us map=0us TOTAL=3769us
[Stats] checked=209937 refined=6400
[Timing] coarse=539us fine=2695us merge=811us sort=5us map=0us TOTAL=4086us
[Stats] checked=212517 refined=6400
[Timing] coarse=544us fine=2782us merge=745us sort=4us map=0us TOTAL=4111us
[Stats] checked=203964 refined=6400
[Timing] coarse=431us fine=2598us merge=784us sort=5us map=0us TOTAL=3843us
[Stats] checked=226294 refined=6400
[Timing] coarse=542us fine=2495us merge=776us sort=4us map=1us TOTAL=3855us
[Stats] checked=195308 refined=6400
[Timing] coarse=529us fine=2488us merge=742us sort=4us map=1us TOTAL=3801us
[Stats] checked=200207 refined=6400
[Timing] coarse=454us fine=2637us merge=1396us sort=6us map=0us TOTAL=4526us
[Stats] checked=206013 refined=6400
[Timing] coarse=777us fine=2777us merge=918us sort=8us map=0us TOTAL=4530us
[Stats] checked=181661 refined=6400
[Timing] coarse=805us fine=2949us merge=783us sort=5us map=0us TOTAL=4576us
[Stats] checked=179520 refined=6400
[Timing] coarse=473us fine=3119us merge=850us sort=5us map=0us TOTAL=4477us
[Stats] checked=209580 refined=6400
[Timing] coarse=602us fine=3048us merge=972us sort=5us map=1us TOTAL=4667us
[Stats] checked=195702 refined=6400
[Timing] coarse=611us fine=2788us merge=753us sort=4us map=0us TOTAL=4200us
[Stats] checked=186590 refined=6400
[Timing] coarse=727us fine=2903us merge=652us sort=4us map=0us TOTAL=4337us
[Stats] checked=220525 refined=6400
[Timing] coarse=520us fine=2313us merge=649us sort=5us map=0us TOTAL=3521us
[Stats] checked=218163 refined=6400
[Timing] coarse=482us fine=2162us merge=833us sort=5us map=0us TOTAL=3512us
[Stats] checked=196813 refined=6400
[Timing] coarse=453us fine=2518us merge=721us sort=4us map=0us TOTAL=3725us
[Stats] checked=188028 refined=6400
[Timing] coarse=431us fine=2825us merge=730us sort=5us map=0us TOTAL=4026us
[Stats] checked=214150 refined=6400
[Timing] coarse=553us fine=2499us merge=662us sort=5us map=0us TOTAL=3758us
[Stats] checked=214408 refined=6400
[Timing] coarse=495us fine=2192us merge=639us sort=4us map=0us TOTAL=3362us
[Stats] checked=223938 refined=6400
[Timing] coarse=434us fine=2114us merge=702us sort=5us map=0us TOTAL=3279us
[Stats] checked=193882 refined=6400
[Timing] coarse=526us fine=2334us merge=642us sort=5us map=0us TOTAL=3543us
[Stats] checked=192105 refined=6400
Processed 900 queries[Timing] coarse=499us fine=2197us merge=746us sort=4us map=0us TOTAL=3479us
[Stats] checked=209123 refined=6400
[Timing] coarse=368us fine=2430us merge=656us sort=5us map=0us TOTAL=3482us
[Stats] checked=223911 refined=6400
[Timing] coarse=402us fine=2339us merge=754us sort=4us map=1us TOTAL=3522us
[Stats] checked=209610 refined=6400
[Timing] coarse=693us fine=3321us merge=1034us sort=7us map=1us TOTAL=5098us
[Stats] checked=197323 refined=6400
[Timing] coarse=866us fine=2501us merge=739us sort=5us map=0us TOTAL=4160us
[Stats] checked=181867 refined=6400
[Timing] coarse=550us fine=2552us merge=768us sort=5us map=0us TOTAL=3912us
[Stats] checked=215470 refined=6400
[Timing] coarse=662us fine=3072us merge=709us sort=5us map=0us TOTAL=4486us
[Stats] checked=214733 refined=6400
[Timing] coarse=561us fine=2657us merge=710us sort=5us map=0us TOTAL=3967us
[Stats] checked=186459 refined=6400
[Timing] coarse=603us fine=2358us merge=674us sort=5us map=0us TOTAL=3680us
[Stats] checked=206509 refined=6400
[Timing] coarse=590us fine=2551us merge=696us sort=5us map=0us TOTAL=3887us
[Stats] checked=188928 refined=6400
[Timing] coarse=516us fine=2306us merge=747us sort=5us map=0us TOTAL=3605us
[Stats] checked=202070 refined=6400
[Timing] coarse=631us fine=2283us merge=707us sort=5us map=0us TOTAL=3670us
[Stats] checked=189632 refined=6400
[Timing] coarse=519us fine=2250us merge=874us sort=6us map=1us TOTAL=3684us
[Stats] checked=199502 refined=6400
[Timing] coarse=527us fine=2540us merge=724us sort=5us map=0us TOTAL=3829us
[Stats] checked=209745 refined=6400
[Timing] coarse=548us fine=2301us merge=658us sort=5us map=0us TOTAL=3545us
[Stats] checked=185712 refined=6400
[Timing] coarse=551us fine=3222us merge=753us sort=5us map=1us TOTAL=4565us
[Stats] checked=200140 refined=6400
[Timing] coarse=483us fine=2399us merge=641us sort=5us map=0us TOTAL=3558us
[Stats] checked=190141 refined=6400
[Timing] coarse=503us fine=2162us merge=638us sort=4us map=0us TOTAL=3337us
[Stats] checked=209602 refined=6400
[Timing] coarse=470us fine=2122us merge=656us sort=4us map=0us TOTAL=3330us
[Stats] checked=201189 refined=6400
[Timing] coarse=401us fine=2053us merge=619us sort=5us map=0us TOTAL=3101us
[Stats] checked=179172 refined=6400
[Timing] coarse=365us fine=2325us merge=654us sort=5us map=0us TOTAL=3374us
[Stats] checked=225915 refined=6400
[Timing] coarse=406us fine=2127us merge=748us sort=4us map=0us TOTAL=3322us
[Stats] checked=212349 refined=6400
[Timing] coarse=459us fine=2151us merge=616us sort=4us map=0us TOTAL=3254us
[Stats] checked=217807 refined=6400
[Timing] coarse=408us fine=2214us merge=676us sort=5us map=0us TOTAL=3325us
[Stats] checked=200564 refined=6400
[Timing] coarse=449us fine=2341us merge=649us sort=4us map=0us TOTAL=3467us
[Stats] checked=203054 refined=6400
[Timing] coarse=377us fine=2228us merge=724us sort=4us map=0us TOTAL=3356us
[Stats] checked=197989 refined=6400
[Timing] coarse=378us fine=2081us merge=641us sort=5us map=0us TOTAL=3126us
[Stats] checked=197081 refined=6400
[Timing] coarse=333us fine=2038us merge=806us sort=4us map=0us TOTAL=3203us
[Stats] checked=178723 refined=6400
[Timing] coarse=327us fine=2284us merge=842us sort=5us map=0us TOTAL=3478us
[Stats] checked=213635 refined=6400
[Timing] coarse=464us fine=2471us merge=670us sort=5us map=0us TOTAL=3643us
[Stats] checked=238818 refined=6400
[Timing] coarse=482us fine=2323us merge=652us sort=5us map=0us TOTAL=3493us
[Stats] checked=219211 refined=6400
[Timing] coarse=506us fine=2587us merge=894us sort=6us map=1us TOTAL=4026us
[Stats] checked=236182 refined=6400
[Timing] coarse=615us fine=2591us merge=737us sort=4us map=0us TOTAL=3987us
[Stats] checked=193539 refined=6400
[Timing] coarse=525us fine=2618us merge=641us sort=4us map=0us TOTAL=3824us
[Stats] checked=198790 refined=6400
[Timing] coarse=597us fine=2229us merge=649us sort=5us map=0us TOTAL=3518us
[Stats] checked=189926 refined=6400
[Timing] coarse=433us fine=2306us merge=699us sort=5us map=0us TOTAL=3470us
[Stats] checked=207190 refined=6400
[Timing] coarse=584us fine=2147us merge=664us sort=5us map=0us TOTAL=3437us
[Stats] checked=212453 refined=6400
[Timing] coarse=584us fine=2382us merge=1036us sort=5us map=1us TOTAL=4049us
[Stats] checked=202624 refined=6400
[Timing] coarse=478us fine=2504us merge=746us sort=4us map=0us TOTAL=3759us
[Stats] checked=200003 refined=6400
[Timing] coarse=537us fine=2207us merge=671us sort=5us map=0us TOTAL=3465us
[Stats] checked=189197 refined=6400
[Timing] coarse=483us fine=2327us merge=679us sort=4us map=0us TOTAL=3520us
[Stats] checked=205656 refined=6400
[Timing] coarse=513us fine=2311us merge=697us sort=5us map=0us TOTAL=3553us
[Stats] checked=194705 refined=6400
[Timing] coarse=545us fine=2512us merge=728us sort=5us map=0us TOTAL=3842us
[Stats] checked=186629 refined=6400
[Timing] coarse=574us fine=2578us merge=688us sort=5us map=1us TOTAL=3893us
[Stats] checked=201126 refined=6400
[Timing] coarse=487us fine=2491us merge=714us sort=4us map=0us TOTAL=3724us
[Stats] checked=187775 refined=6400
[Timing] coarse=461us fine=2238us merge=712us sort=5us map=0us TOTAL=3444us
[Stats] checked=215960 refined=6400
[Timing] coarse=537us fine=2187us merge=617us sort=5us map=0us TOTAL=3382us
[Stats] checked=222261 refined=6400
[Timing] coarse=436us fine=2678us merge=813us sort=7us map=0us TOTAL=3955us
[Stats] checked=214245 refined=6400
[Timing] coarse=860us fine=2285us merge=701us sort=5us map=0us TOTAL=3885us
[Stats] checked=199869 refined=6400
[Timing] coarse=438us fine=2315us merge=696us sort=4us map=0us TOTAL=3476us
[Stats] checked=210769 refined=6400
Processed 950 queries[Timing] coarse=506us fine=2233us merge=886us sort=4us map=0us TOTAL=3664us
[Stats] checked=198309 refined=6400
[Timing] coarse=544us fine=2405us merge=672us sort=4us map=0us TOTAL=3661us
[Stats] checked=194953 refined=6400
[Timing] coarse=465us fine=2223us merge=592us sort=5us map=0us TOTAL=3314us
[Stats] checked=222031 refined=6400
[Timing] coarse=552us fine=2120us merge=808us sort=5us map=1us TOTAL=3521us
[Stats] checked=182407 refined=6400
[Timing] coarse=445us fine=2552us merge=672us sort=5us map=0us TOTAL=3701us
[Stats] checked=188110 refined=6400
[Timing] coarse=515us fine=2184us merge=659us sort=4us map=0us TOTAL=3398us
[Stats] checked=196707 refined=6400
[Timing] coarse=442us fine=2116us merge=748us sort=4us map=0us TOTAL=3337us
[Stats] checked=220562 refined=6400
[Timing] coarse=488us fine=2219us merge=833us sort=4us map=0us TOTAL=3573us
[Stats] checked=204543 refined=6400
[Timing] coarse=458us fine=2230us merge=697us sort=4us map=0us TOTAL=3415us
[Stats] checked=183159 refined=6400
[Timing] coarse=413us fine=2184us merge=870us sort=4us map=0us TOTAL=3506us
[Stats] checked=242156 refined=6400
[Timing] coarse=579us fine=2228us merge=1121us sort=4us map=0us TOTAL=3959us
[Stats] checked=203643 refined=6400
[Timing] coarse=440us fine=2359us merge=635us sort=4us map=0us TOTAL=3466us
[Stats] checked=202831 refined=6400
[Timing] coarse=513us fine=2420us merge=681us sort=5us map=0us TOTAL=3657us
[Stats] checked=178001 refined=6400
[Timing] coarse=333us fine=2194us merge=645us sort=5us map=0us TOTAL=3201us
[Stats] checked=206201 refined=6400
[Timing] coarse=349us fine=2319us merge=717us sort=5us map=0us TOTAL=3410us
[Stats] checked=191079 refined=6400
[Timing] coarse=378us fine=2187us merge=646us sort=5us map=0us TOTAL=3240us
[Stats] checked=186936 refined=6400
[Timing] coarse=346us fine=2014us merge=629us sort=4us map=0us TOTAL=3014us
[Stats] checked=197412 refined=6400
[Timing] coarse=349us fine=2001us merge=639us sort=4us map=0us TOTAL=3013us
[Stats] checked=174226 refined=6400
[Timing] coarse=329us fine=2168us merge=625us sort=5us map=0us TOTAL=3147us
[Stats] checked=216684 refined=6400
[Timing] coarse=413us fine=2293us merge=642us sort=5us map=0us TOTAL=3380us
[Stats] checked=214572 refined=6400
[Timing] coarse=416us fine=2118us merge=885us sort=5us map=0us TOTAL=3447us
[Stats] checked=206118 refined=6400
[Timing] coarse=328us fine=2074us merge=633us sort=4us map=0us TOTAL=3057us
[Stats] checked=195517 refined=6400
[Timing] coarse=429us fine=2086us merge=652us sort=4us map=0us TOTAL=3195us
[Stats] checked=204495 refined=6400
[Timing] coarse=286us fine=2095us merge=700us sort=5us map=0us TOTAL=3101us
[Stats] checked=216050 refined=6400
[Timing] coarse=392us fine=2192us merge=666us sort=4us map=0us TOTAL=3279us
[Stats] checked=193611 refined=6400
[Timing] coarse=613us fine=2138us merge=569us sort=5us map=0us TOTAL=3349us
[Stats] checked=223111 refined=6400
[Timing] coarse=487us fine=2210us merge=619us sort=5us map=0us TOTAL=3354us
[Stats] checked=196695 refined=6400
[Timing] coarse=801us fine=2134us merge=688us sort=5us map=0us TOTAL=3650us
[Stats] checked=207039 refined=6400
[Timing] coarse=481us fine=2286us merge=673us sort=5us map=0us TOTAL=3469us
[Stats] checked=220721 refined=6400
[Timing] coarse=472us fine=2394us merge=698us sort=5us map=0us TOTAL=3598us
[Stats] checked=210618 refined=6400
[Timing] coarse=480us fine=2807us merge=768us sort=5us map=0us TOTAL=4094us
[Stats] checked=187247 refined=6400
[Timing] coarse=505us fine=2612us merge=675us sort=5us map=0us TOTAL=4044us
[Stats] checked=225540 refined=6400
[Timing] coarse=502us fine=2395us merge=642us sort=5us map=0us TOTAL=3569us
[Stats] checked=234755 refined=6400
[Timing] coarse=359us fine=2325us merge=658us sort=5us map=1us TOTAL=3369us
[Stats] checked=208536 refined=6400
[Timing] coarse=507us fine=2619us merge=652us sort=5us map=0us TOTAL=3850us
[Stats] checked=199607 refined=6400
[Timing] coarse=551us fine=2411us merge=662us sort=5us map=0us TOTAL=3664us
[Stats] checked=189824 refined=6400
[Timing] coarse=458us fine=2181us merge=689us sort=5us map=0us TOTAL=3360us
[Stats] checked=208481 refined=6400
[Timing] coarse=525us fine=2231us merge=705us sort=5us map=0us TOTAL=3495us
[Stats] checked=194603 refined=6400
[Timing] coarse=503us fine=2372us merge=756us sort=5us map=1us TOTAL=3669us
[Stats] checked=198947 refined=6400
[Timing] coarse=491us fine=2270us merge=621us sort=5us map=0us TOTAL=3423us
[Stats] checked=234705 refined=6400
[Timing] coarse=329us fine=2510us merge=668us sort=4us map=0us TOTAL=3529us
[Stats] checked=199516 refined=6400
[Timing] coarse=439us fine=2242us merge=678us sort=5us map=0us TOTAL=3392us
[Stats] checked=187778 refined=6400
[Timing] coarse=501us fine=2245us merge=668us sort=5us map=0us TOTAL=3448us
[Stats] checked=195813 refined=6400
[Timing] coarse=410us fine=2032us merge=630us sort=5us map=0us TOTAL=3102us
[Stats] checked=192541 refined=6400
[Timing] coarse=458us fine=2268us merge=645us sort=5us map=0us TOTAL=3403us
[Stats] checked=204299 refined=6400
[Timing] coarse=494us fine=2301us merge=714us sort=5us map=0us TOTAL=3545us
[Stats] checked=192322 refined=6400
[Timing] coarse=414us fine=2381us merge=786us sort=4us map=0us TOTAL=3609us
[Stats] checked=185757 refined=6400
[Timing] coarse=524us fine=2292us merge=661us sort=5us map=1us TOTAL=3519us
[Stats] checked=183891 refined=6400
[Timing] coarse=369us fine=2134us merge=661us sort=4us map=0us TOTAL=3189us
[Stats] checked=205340 refined=6400
[Timing] coarse=408us fine=2148us merge=681us sort=5us map=0us TOTAL=3264us
[Stats] checked=187709 refined=6400
Processed 1000 queries
=== Results ===
Total queries: 1000
Average recall@10: 0.9841
Average query time: 4.17 ms
Index build time: 62 seconds
