[cache] loaded base vectors from data_o/glove/base.txt.bin
Building index...
[solution] threads=32, centroid=5422, iter=16, nprob=1152
[finalize_build] 61381 ms
Index built in 62 seconds
Loading queries and ground truth...
Loaded 1000 ground truth entries
Running queries...
[Timing] coarse=483us fine=2402us merge=900us sort=5us map=1us TOTAL=3848us
[Stats] checked=241795 refined=6400
[Timing] coarse=566us fine=2344us merge=660us sort=5us map=0us TOTAL=3606us
[Stats] checked=248200 refined=6400
[Timing] coarse=473us fine=2358us merge=635us sort=5us map=0us TOTAL=3497us
[Stats] checked=212038 refined=6400
[Timing] coarse=488us fine=2569us merge=645us sort=5us map=0us TOTAL=3754us
[Stats] checked=224203 refined=6400
[Timing] coarse=531us fine=2432us merge=714us sort=5us map=0us TOTAL=3715us
[Stats] checked=228374 refined=6400
[Timing] coarse=550us fine=2469us merge=658us sort=5us map=0us TOTAL=3758us
[Stats] checked=204310 refined=6400
[Timing] coarse=484us fine=2288us merge=662us sort=5us map=0us TOTAL=3463us
[Stats] checked=209957 refined=6400
[Timing] coarse=462us fine=2337us merge=697us sort=5us map=0us TOTAL=3528us
[Stats] checked=219530 refined=6400
[Timing] coarse=409us fine=2693us merge=710us sort=5us map=0us TOTAL=3842us
[Stats] checked=211477 refined=6400
[Timing] coarse=520us fine=2198us merge=666us sort=5us map=0us TOTAL=3447us
[Stats] checked=225524 refined=6400
[Timing] coarse=436us fine=2066us merge=640us sort=4us map=0us TOTAL=3169us
[Stats] checked=239867 refined=6400
[Timing] coarse=406us fine=2163us merge=668us sort=5us map=0us TOTAL=3264us
[Stats] checked=222799 refined=6400
[Timing] coarse=395us fine=2305us merge=635us sort=5us map=0us TOTAL=3362us
[Stats] checked=213360 refined=6400
[Timing] coarse=526us fine=2250us merge=640us sort=5us map=0us TOTAL=3453us
[Stats] checked=261975 refined=6400
[Timing] coarse=472us fine=2395us merge=669us sort=5us map=0us TOTAL=3570us
[Stats] checked=214901 refined=6400
[Timing] coarse=491us fine=2742us merge=667us sort=5us map=1us TOTAL=3937us
[Stats] checked=226425 refined=6400
[Timing] coarse=505us fine=2419us merge=680us sort=4us map=0us TOTAL=3646us
[Stats] checked=226766 refined=6400
[Timing] coarse=534us fine=2439us merge=724us sort=5us map=0us TOTAL=3736us
[Stats] checked=211097 refined=6400
[Timing] coarse=403us fine=2207us merge=695us sort=4us map=1us TOTAL=3357us
[Stats] checked=217342 refined=6400
[Timing] coarse=395us fine=2501us merge=712us sort=5us map=1us TOTAL=3636us
[Stats] checked=221883 refined=6400
[Timing] coarse=537us fine=2795us merge=649us sort=5us map=0us TOTAL=4015us
[Stats] checked=224293 refined=6400
[Timing] coarse=515us fine=2333us merge=658us sort=5us map=1us TOTAL=3542us
[Stats] checked=238084 refined=6400
[Timing] coarse=417us fine=2174us merge=694us sort=5us map=0us TOTAL=3314us
[Stats] checked=205909 refined=6400
[Timing] coarse=442us fine=2174us merge=630us sort=5us map=0us TOTAL=3276us
[Stats] checked=221304 refined=6400
[Timing] coarse=468us fine=2443us merge=704us sort=5us map=0us TOTAL=3644us
[Stats] checked=220137 refined=6400
[Timing] coarse=659us fine=2250us merge=611us sort=5us map=0us TOTAL=3563us
[Stats] checked=238619 refined=6400
[Timing] coarse=694us fine=2300us merge=706us sort=5us map=0us TOTAL=3740us
[Stats] checked=228248 refined=6400
[Timing] coarse=462us fine=2633us merge=798us sort=5us map=0us TOTAL=3925us
[Stats] checked=240671 refined=6400
[Timing] coarse=652us fine=2682us merge=836us sort=5us map=0us TOTAL=4223us
[Stats] checked=223670 refined=6400
[Timing] coarse=633us fine=2532us merge=698us sort=5us map=0us TOTAL=3906us
[Stats] checked=225335 refined=6400
[Timing] coarse=570us fine=2364us merge=732us sort=5us map=0us TOTAL=3761us
[Stats] checked=224018 refined=6400
[Timing] coarse=578us fine=2440us merge=731us sort=5us map=0us TOTAL=3829us
[Stats] checked=228202 refined=6400
[Timing] coarse=656us fine=2336us merge=647us sort=5us map=1us TOTAL=3682us
[Stats] checked=245258 refined=6400
[Timing] coarse=513us fine=2260us merge=748us sort=5us map=0us TOTAL=3557us
[Stats] checked=228212 refined=6400
[Timing] coarse=515us fine=2265us merge=722us sort=5us map=1us TOTAL=3539us
[Stats] checked=225821 refined=6400
[Timing] coarse=524us fine=2306us merge=759us sort=5us map=0us TOTAL=3630us
[Stats] checked=218970 refined=6400
[Timing] coarse=565us fine=2186us merge=636us sort=5us map=0us TOTAL=3436us
[Stats] checked=213060 refined=6400
[Timing] coarse=403us fine=2296us merge=640us sort=5us map=0us TOTAL=3364us
[Stats] checked=235738 refined=6400
[Timing] coarse=507us fine=2344us merge=849us sort=4us map=0us TOTAL=3734us
[Stats] checked=215130 refined=6400
[Timing] coarse=415us fine=2220us merge=708us sort=5us map=0us TOTAL=3373us
[Stats] checked=229806 refined=6400
[Timing] coarse=402us fine=2119us merge=671us sort=5us map=0us TOTAL=3223us
[Stats] checked=213784 refined=6400
[Timing] coarse=376us fine=2137us merge=687us sort=5us map=1us TOTAL=3229us
[Stats] checked=237613 refined=6400
[Timing] coarse=538us fine=2943us merge=800us sort=5us map=1us TOTAL=4348us
[Stats] checked=236565 refined=6400
[Timing] coarse=412us fine=2044us merge=661us sort=4us map=0us TOTAL=3146us
[Stats] checked=223833 refined=6400
[Timing] coarse=439us fine=2232us merge=658us sort=5us map=0us TOTAL=3359us
[Stats] checked=218594 refined=6400
[Timing] coarse=458us fine=2323us merge=666us sort=5us map=0us TOTAL=3479us
[Stats] checked=220601 refined=6400
[Timing] coarse=387us fine=2392us merge=749us sort=5us map=0us TOTAL=3554us
[Stats] checked=211441 refined=6400
[Timing] coarse=533us fine=2305us merge=677us sort=5us map=1us TOTAL=3555us
[Stats] checked=207956 refined=6400
[Timing] coarse=365us fine=2067us merge=602us sort=4us map=0us TOTAL=3060us
[Stats] checked=234068 refined=6400
[Timing] coarse=344us fine=2123us merge=676us sort=4us map=0us TOTAL=3165us
[Stats] checked=216856 refined=6400
Processed 50 queries[Timing] coarse=387us fine=2254us merge=752us sort=5us map=0us TOTAL=3417us
[Stats] checked=222679 refined=6400
[Timing] coarse=506us fine=2316us merge=640us sort=4us map=0us TOTAL=3499us
[Stats] checked=242311 refined=6400
[Timing] coarse=430us fine=2238us merge=681us sort=4us map=0us TOTAL=3378us
[Stats] checked=241964 refined=6400
[Timing] coarse=376us fine=2202us merge=677us sort=5us map=1us TOTAL=3284us
[Stats] checked=248429 refined=6400
[Timing] coarse=550us fine=2150us merge=748us sort=5us map=0us TOTAL=3483us
[Stats] checked=215610 refined=6400
[Timing] coarse=400us fine=2311us merge=642us sort=5us map=0us TOTAL=3382us
[Stats] checked=234351 refined=6400
[Timing] coarse=444us fine=2216us merge=612us sort=5us map=0us TOTAL=3302us
[Stats] checked=221735 refined=6400
[Timing] coarse=467us fine=2184us merge=835us sort=5us map=1us TOTAL=3515us
[Stats] checked=204475 refined=6400
[Timing] coarse=477us fine=2150us merge=697us sort=5us map=1us TOTAL=3357us
[Stats] checked=237440 refined=6400
[Timing] coarse=513us fine=2209us merge=678us sort=5us map=0us TOTAL=3437us
[Stats] checked=220086 refined=6400
[Timing] coarse=471us fine=2205us merge=685us sort=5us map=0us TOTAL=3395us
[Stats] checked=209819 refined=6400
[Timing] coarse=338us fine=2383us merge=653us sort=4us map=0us TOTAL=3396us
[Stats] checked=210922 refined=6400
[Timing] coarse=296us fine=2132us merge=628us sort=5us map=0us TOTAL=3078us
[Stats] checked=222656 refined=6400
[Timing] coarse=453us fine=2266us merge=680us sort=5us map=0us TOTAL=3433us
[Stats] checked=219813 refined=6400
[Timing] coarse=443us fine=2286us merge=665us sort=5us map=0us TOTAL=3424us
[Stats] checked=213510 refined=6400
[Timing] coarse=400us fine=2306us merge=684us sort=5us map=0us TOTAL=3418us
[Stats] checked=228401 refined=6400
[Timing] coarse=365us fine=2134us merge=674us sort=5us map=1us TOTAL=3202us
[Stats] checked=232561 refined=6400
[Timing] coarse=416us fine=2392us merge=746us sort=5us map=1us TOTAL=3583us
[Stats] checked=205225 refined=6400
[Timing] coarse=379us fine=2916us merge=704us sort=4us map=1us TOTAL=4026us
[Stats] checked=225828 refined=6400
[Timing] coarse=507us fine=2294us merge=1212us sort=5us map=1us TOTAL=4047us
[Stats] checked=214836 refined=6400
[Timing] coarse=512us fine=2443us merge=647us sort=5us map=0us TOTAL=3636us
[Stats] checked=248017 refined=6400
[Timing] coarse=474us fine=2530us merge=625us sort=5us map=1us TOTAL=3661us
[Stats] checked=238613 refined=6400
[Timing] coarse=468us fine=2260us merge=629us sort=4us map=0us TOTAL=3389us
[Stats] checked=242263 refined=6400
[Timing] coarse=444us fine=2072us merge=642us sort=6us map=0us TOTAL=3186us
[Stats] checked=210029 refined=6400
[Timing] coarse=355us fine=2278us merge=682us sort=4us map=0us TOTAL=3339us
[Stats] checked=211698 refined=6400
[Timing] coarse=365us fine=2093us merge=1036us sort=4us map=0us TOTAL=3518us
[Stats] checked=237718 refined=6400
[Timing] coarse=448us fine=2152us merge=628us sort=5us map=0us TOTAL=3259us
[Stats] checked=252258 refined=6400
[Timing] coarse=446us fine=2162us merge=726us sort=5us map=0us TOTAL=3361us
[Stats] checked=213874 refined=6400
[Timing] coarse=384us fine=2221us merge=709us sort=5us map=0us TOTAL=3341us
[Stats] checked=237881 refined=6400
[Timing] coarse=535us fine=2269us merge=675us sort=5us map=0us TOTAL=3515us
[Stats] checked=244601 refined=6400
[Timing] coarse=451us fine=2188us merge=656us sort=4us map=0us TOTAL=3325us
[Stats] checked=233908 refined=6400
[Timing] coarse=450us fine=2089us merge=655us sort=5us map=1us TOTAL=3225us
[Stats] checked=217039 refined=6400
[Timing] coarse=322us fine=2116us merge=1056us sort=4us map=0us TOTAL=3518us
[Stats] checked=227923 refined=6400
[Timing] coarse=570us fine=2302us merge=793us sort=5us map=1us TOTAL=3705us
[Stats] checked=223154 refined=6400
[Timing] coarse=531us fine=2208us merge=670us sort=5us map=0us TOTAL=3446us
[Stats] checked=244478 refined=6400
[Timing] coarse=427us fine=2333us merge=653us sort=4us map=0us TOTAL=3442us
[Stats] checked=207718 refined=6400
[Timing] coarse=383us fine=2204us merge=658us sort=4us map=0us TOTAL=3272us
[Stats] checked=221560 refined=6400
[Timing] coarse=570us fine=2371us merge=751us sort=5us map=0us TOTAL=3731us
[Stats] checked=229841 refined=6400
[Timing] coarse=580us fine=2263us merge=662us sort=5us map=1us TOTAL=3578us
[Stats] checked=230205 refined=6400
[Timing] coarse=502us fine=2300us merge=649us sort=5us map=0us TOTAL=3484us
[Stats] checked=237011 refined=6400
[Timing] coarse=484us fine=2566us merge=720us sort=5us map=0us TOTAL=3804us
[Stats] checked=220040 refined=6400
[Timing] coarse=498us fine=2751us merge=736us sort=4us map=0us TOTAL=4019us
[Stats] checked=238013 refined=6400
[Timing] coarse=422us fine=2150us merge=838us sort=6us map=0us TOTAL=3440us
[Stats] checked=243761 refined=6400
[Timing] coarse=409us fine=2190us merge=684us sort=4us map=0us TOTAL=3309us
[Stats] checked=206633 refined=6400
[Timing] coarse=492us fine=2247us merge=667us sort=5us map=1us TOTAL=3446us
[Stats] checked=217981 refined=6400
[Timing] coarse=461us fine=2585us merge=618us sort=5us map=0us TOTAL=3692us
[Stats] checked=230924 refined=6400
[Timing] coarse=522us fine=2334us merge=686us sort=4us map=0us TOTAL=3583us
[Stats] checked=215984 refined=6400
[Timing] coarse=365us fine=2264us merge=632us sort=5us map=0us TOTAL=3285us
[Stats] checked=240139 refined=6400
[Timing] coarse=495us fine=2405us merge=661us sort=4us map=0us TOTAL=3599us
[Stats] checked=272672 refined=6400
[Timing] coarse=659us fine=2377us merge=801us sort=9us map=1us TOTAL=3886us
[Stats] checked=235129 refined=6400
Processed 100 queries[Timing] coarse=504us fine=2111us merge=673us sort=5us map=0us TOTAL=3317us
[Stats] checked=220067 refined=6400
[Timing] coarse=529us fine=2147us merge=735us sort=5us map=0us TOTAL=3448us
[Stats] checked=218153 refined=6400
[Timing] coarse=414us fine=2113us merge=580us sort=5us map=0us TOTAL=3135us
[Stats] checked=242969 refined=6400
[Timing] coarse=502us fine=2134us merge=637us sort=5us map=0us TOTAL=3306us
[Stats] checked=214587 refined=6400
[Timing] coarse=518us fine=2114us merge=801us sort=4us map=0us TOTAL=3469us
[Stats] checked=252918 refined=6400
[Timing] coarse=417us fine=2027us merge=700us sort=5us map=0us TOTAL=3172us
[Stats] checked=230535 refined=6400
[Timing] coarse=452us fine=2246us merge=654us sort=5us map=0us TOTAL=3384us
[Stats] checked=239644 refined=6400
[Timing] coarse=508us fine=2205us merge=681us sort=5us map=0us TOTAL=3427us
[Stats] checked=209254 refined=6400
[Timing] coarse=513us fine=2637us merge=645us sort=4us map=0us TOTAL=3833us
[Stats] checked=246935 refined=6400
[Timing] coarse=402us fine=2184us merge=685us sort=4us map=0us TOTAL=3299us
[Stats] checked=204376 refined=6400
[Timing] coarse=325us fine=2325us merge=638us sort=5us map=1us TOTAL=3314us
[Stats] checked=228103 refined=6400
[Timing] coarse=441us fine=2794us merge=681us sort=4us map=0us TOTAL=3952us
[Stats] checked=262950 refined=6400
[Timing] coarse=404us fine=2108us merge=647us sort=4us map=0us TOTAL=3187us
[Stats] checked=214956 refined=6400
[Timing] coarse=492us fine=2368us merge=660us sort=5us map=0us TOTAL=3553us
[Stats] checked=266677 refined=6400
[Timing] coarse=484us fine=2674us merge=1167us sort=10us map=1us TOTAL=4366us
[Stats] checked=223004 refined=6400
[Timing] coarse=481us fine=2249us merge=667us sort=5us map=0us TOTAL=3436us
[Stats] checked=235715 refined=6400
[Timing] coarse=475us fine=2207us merge=619us sort=4us map=0us TOTAL=3329us
[Stats] checked=247075 refined=6400
[Timing] coarse=383us fine=2153us merge=648us sort=4us map=0us TOTAL=3209us
[Stats] checked=233216 refined=6400
[Timing] coarse=309us fine=2205us merge=713us sort=5us map=0us TOTAL=3250us
[Stats] checked=237205 refined=6400
[Timing] coarse=337us fine=2656us merge=633us sort=5us map=0us TOTAL=3650us
[Stats] checked=244491 refined=6400
[Timing] coarse=483us fine=2542us merge=657us sort=4us map=0us TOTAL=3710us
[Stats] checked=271784 refined=6400
[Timing] coarse=400us fine=2187us merge=667us sort=4us map=0us TOTAL=3279us
[Stats] checked=237421 refined=6400
[Timing] coarse=452us fine=2404us merge=659us sort=4us map=0us TOTAL=3547us
[Stats] checked=240229 refined=6400
[Timing] coarse=435us fine=2516us merge=914us sort=10us map=1us TOTAL=3900us
[Stats] checked=226739 refined=6400
[Timing] coarse=652us fine=2745us merge=738us sort=5us map=0us TOTAL=4183us
[Stats] checked=233043 refined=6400
[Timing] coarse=503us fine=3006us merge=801us sort=5us map=1us TOTAL=4349us
[Stats] checked=227811 refined=6400
[Timing] coarse=570us fine=2888us merge=775us sort=5us map=1us TOTAL=4276us
[Stats] checked=213892 refined=6400
[Timing] coarse=612us fine=2394us merge=700us sort=5us map=1us TOTAL=3745us
[Stats] checked=248565 refined=6400
[Timing] coarse=643us fine=3030us merge=962us sort=5us map=1us TOTAL=4682us
[Stats] checked=230445 refined=6400
[Timing] coarse=596us fine=2717us merge=719us sort=5us map=1us TOTAL=4073us
[Stats] checked=263569 refined=6400
[Timing] coarse=496us fine=2159us merge=649us sort=4us map=0us TOTAL=3338us
[Stats] checked=231235 refined=6400
[Timing] coarse=498us fine=2172us merge=673us sort=5us map=1us TOTAL=3381us
[Stats] checked=210894 refined=6400
[Timing] coarse=505us fine=2210us merge=732us sort=5us map=0us TOTAL=3482us
[Stats] checked=216435 refined=6400
[Timing] coarse=580us fine=2447us merge=755us sort=5us map=0us TOTAL=3825us
[Stats] checked=226100 refined=6400
[Timing] coarse=544us fine=2200us merge=696us sort=5us map=0us TOTAL=3476us
[Stats] checked=230311 refined=6400
[Timing] coarse=589us fine=2198us merge=675us sort=4us map=1us TOTAL=3497us
[Stats] checked=206335 refined=6400
[Timing] coarse=444us fine=2139us merge=707us sort=5us map=0us TOTAL=3319us
[Stats] checked=233732 refined=6400
[Timing] coarse=478us fine=2809us merge=656us sort=5us map=1us TOTAL=3981us
[Stats] checked=245232 refined=6400
[Timing] coarse=505us fine=2324us merge=647us sort=5us map=0us TOTAL=3514us
[Stats] checked=219198 refined=6400
[Timing] coarse=433us fine=2408us merge=626us sort=4us map=0us TOTAL=3497us
[Stats] checked=244003 refined=6400
[Timing] coarse=508us fine=2588us merge=699us sort=5us map=0us TOTAL=3832us
[Stats] checked=257446 refined=6400
[Timing] coarse=455us fine=2192us merge=681us sort=5us map=1us TOTAL=3360us
[Stats] checked=213776 refined=6400
[Timing] coarse=470us fine=2526us merge=708us sort=5us map=0us TOTAL=3733us
[Stats] checked=215594 refined=6400
[Timing] coarse=523us fine=2291us merge=716us sort=5us map=1us TOTAL=3572us
[Stats] checked=258206 refined=6400
[Timing] coarse=597us fine=2519us merge=732us sort=5us map=1us TOTAL=3888us
[Stats] checked=244752 refined=6400
[Timing] coarse=647us fine=2338us merge=695us sort=4us map=0us TOTAL=3728us
[Stats] checked=209696 refined=6400
[Timing] coarse=611us fine=2284us merge=720us sort=5us map=0us TOTAL=3657us
[Stats] checked=240566 refined=6400
[Timing] coarse=608us fine=2492us merge=760us sort=5us map=0us TOTAL=3904us
[Stats] checked=231795 refined=6400
[Timing] coarse=465us fine=2329us merge=667us sort=5us map=0us TOTAL=3491us
[Stats] checked=240784 refined=6400
[Timing] coarse=406us fine=2292us merge=737us sort=17us map=0us TOTAL=3478us
[Stats] checked=217075 refined=6400
Processed 150 queries[Timing] coarse=511us fine=2182us merge=635us sort=5us map=0us TOTAL=3374us
[Stats] checked=229028 refined=6400
[Timing] coarse=394us fine=2361us merge=663us sort=5us map=0us TOTAL=3446us
[Stats] checked=253976 refined=6400
[Timing] coarse=426us fine=2296us merge=657us sort=4us map=0us TOTAL=3407us
[Stats] checked=224751 refined=6400
[Timing] coarse=513us fine=2128us merge=660us sort=5us map=0us TOTAL=3338us
[Stats] checked=245932 refined=6400
[Timing] coarse=393us fine=2176us merge=632us sort=5us map=0us TOTAL=3229us
[Stats] checked=234016 refined=6400
[Timing] coarse=459us fine=2167us merge=640us sort=5us map=0us TOTAL=3296us
[Stats] checked=229259 refined=6400
[Timing] coarse=625us fine=2196us merge=617us sort=5us map=1us TOTAL=3475us
[Stats] checked=226210 refined=6400
[Timing] coarse=324us fine=2238us merge=665us sort=5us map=0us TOTAL=3293us
[Stats] checked=233218 refined=6400
[Timing] coarse=396us fine=2112us merge=608us sort=4us map=0us TOTAL=3143us
[Stats] checked=238957 refined=6400
[Timing] coarse=362us fine=2362us merge=654us sort=4us map=0us TOTAL=3404us
[Stats] checked=256377 refined=6400
[Timing] coarse=451us fine=2297us merge=613us sort=5us map=0us TOTAL=3439us
[Stats] checked=235408 refined=6400
[Timing] coarse=431us fine=2355us merge=653us sort=5us map=0us TOTAL=3465us
[Stats] checked=227244 refined=6400
[Timing] coarse=365us fine=2109us merge=698us sort=5us map=0us TOTAL=3197us
[Stats] checked=226385 refined=6400
[Timing] coarse=412us fine=2105us merge=699us sort=5us map=0us TOTAL=3242us
[Stats] checked=242702 refined=6400
[Timing] coarse=364us fine=2087us merge=669us sort=4us map=0us TOTAL=3146us
[Stats] checked=222386 refined=6400
[Timing] coarse=379us fine=2145us merge=623us sort=4us map=0us TOTAL=3172us
[Stats] checked=224517 refined=6400
[Timing] coarse=343us fine=2216us merge=660us sort=4us map=0us TOTAL=3245us
[Stats] checked=242719 refined=6400
[Timing] coarse=356us fine=2406us merge=661us sort=5us map=0us TOTAL=3447us
[Stats] checked=225825 refined=6400
[Timing] coarse=403us fine=2134us merge=638us sort=4us map=0us TOTAL=3201us
[Stats] checked=211936 refined=6400
[Timing] coarse=428us fine=2382us merge=653us sort=5us map=0us TOTAL=3487us
[Stats] checked=204423 refined=6400
[Timing] coarse=347us fine=2070us merge=771us sort=4us map=0us TOTAL=3214us
[Stats] checked=213973 refined=6400
[Timing] coarse=467us fine=2152us merge=697us sort=5us map=0us TOTAL=3346us
[Stats] checked=208373 refined=6400
[Timing] coarse=477us fine=2148us merge=682us sort=5us map=0us TOTAL=3337us
[Stats] checked=209782 refined=6400
[Timing] coarse=416us fine=2238us merge=630us sort=5us map=0us TOTAL=3310us
[Stats] checked=243078 refined=6400
[Timing] coarse=412us fine=2276us merge=740us sort=5us map=0us TOTAL=3458us
[Stats] checked=253382 refined=6400
[Timing] coarse=419us fine=2121us merge=660us sort=4us map=0us TOTAL=3228us
[Stats] checked=233887 refined=6400
[Timing] coarse=408us fine=2160us merge=618us sort=5us map=0us TOTAL=3214us
[Stats] checked=228343 refined=6400
[Timing] coarse=534us fine=2277us merge=637us sort=4us map=0us TOTAL=3489us
[Stats] checked=233403 refined=6400
[Timing] coarse=461us fine=2278us merge=709us sort=5us map=0us TOTAL=3490us
[Stats] checked=202323 refined=6400
[Timing] coarse=442us fine=2263us merge=719us sort=5us map=0us TOTAL=3459us
[Stats] checked=231288 refined=6400
[Timing] coarse=484us fine=2195us merge=708us sort=4us map=0us TOTAL=3424us
[Stats] checked=210610 refined=6400
[Timing] coarse=411us fine=2479us merge=691us sort=5us map=0us TOTAL=3612us
[Stats] checked=234720 refined=6400
[Timing] coarse=512us fine=2212us merge=631us sort=4us map=0us TOTAL=3390us
[Stats] checked=237643 refined=6400
[Timing] coarse=356us fine=2148us merge=621us sort=5us map=0us TOTAL=3149us
[Stats] checked=252020 refined=6400
[Timing] coarse=349us fine=2802us merge=693us sort=4us map=0us TOTAL=3871us
[Stats] checked=215756 refined=6400
[Timing] coarse=405us fine=2211us merge=636us sort=5us map=0us TOTAL=3280us
[Stats] checked=227033 refined=6400
[Timing] coarse=376us fine=2173us merge=600us sort=4us map=0us TOTAL=3175us
[Stats] checked=274007 refined=6400
[Timing] coarse=350us fine=2198us merge=704us sort=5us map=0us TOTAL=3278us
[Stats] checked=225903 refined=6400
[Timing] coarse=434us fine=2172us merge=578us sort=5us map=0us TOTAL=3214us
[Stats] checked=219945 refined=6400
[Timing] coarse=407us fine=2333us merge=642us sort=4us map=0us TOTAL=3408us
[Stats] checked=221720 refined=6400
[Timing] coarse=385us fine=2151us merge=640us sort=5us map=0us TOTAL=3202us
[Stats] checked=234011 refined=6400
[Timing] coarse=351us fine=2191us merge=668us sort=5us map=0us TOTAL=3236us
[Stats] checked=249918 refined=6400
[Timing] coarse=358us fine=2098us merge=661us sort=5us map=0us TOTAL=3144us
[Stats] checked=216339 refined=6400
[Timing] coarse=436us fine=3030us merge=638us sort=5us map=0us TOTAL=4132us
[Stats] checked=241772 refined=6400
[Timing] coarse=388us fine=2289us merge=643us sort=5us map=0us TOTAL=3407us
[Stats] checked=228172 refined=6400
[Timing] coarse=458us fine=2381us merge=694us sort=5us map=0us TOTAL=3563us
[Stats] checked=223457 refined=6400
[Timing] coarse=524us fine=2326us merge=700us sort=5us map=0us TOTAL=3587us
[Stats] checked=221375 refined=6400
[Timing] coarse=499us fine=2384us merge=653us sort=4us map=1us TOTAL=3573us
[Stats] checked=229127 refined=6400
[Timing] coarse=514us fine=2174us merge=811us sort=5us map=1us TOTAL=3535us
[Stats] checked=206560 refined=6400
[Timing] coarse=477us fine=2305us merge=687us sort=4us map=0us TOTAL=3504us
[Stats] checked=253059 refined=6400
Processed 200 queries[Timing] coarse=580us fine=2343us merge=696us sort=5us map=1us TOTAL=3659us
[Stats] checked=209025 refined=6400
[Timing] coarse=487us fine=2241us merge=655us sort=5us map=0us TOTAL=3416us
[Stats] checked=222897 refined=6400
[Timing] coarse=457us fine=2193us merge=626us sort=5us map=0us TOTAL=3378us
[Stats] checked=258419 refined=6400
[Timing] coarse=388us fine=2096us merge=606us sort=4us map=1us TOTAL=3115us
[Stats] checked=246097 refined=6400
[Timing] coarse=617us fine=2415us merge=628us sort=4us map=0us TOTAL=3748us
[Stats] checked=238066 refined=6400
[Timing] coarse=528us fine=2169us merge=724us sort=5us map=0us TOTAL=3459us
[Stats] checked=214152 refined=6400
[Timing] coarse=482us fine=2200us merge=717us sort=5us map=0us TOTAL=3433us
[Stats] checked=215624 refined=6400
[Timing] coarse=591us fine=2205us merge=661us sort=5us map=0us TOTAL=3495us
[Stats] checked=261894 refined=6400
[Timing] coarse=769us fine=2472us merge=779us sort=7us map=1us TOTAL=4085us
[Stats] checked=239388 refined=6400
[Timing] coarse=589us fine=2341us merge=703us sort=5us map=0us TOTAL=3676us
[Stats] checked=221389 refined=6400
[Timing] coarse=506us fine=2390us merge=702us sort=4us map=1us TOTAL=3637us
[Stats] checked=244161 refined=6400
[Timing] coarse=574us fine=2331us merge=717us sort=4us map=0us TOTAL=3661us
[Stats] checked=231062 refined=6400
[Timing] coarse=550us fine=2322us merge=862us sort=4us map=0us TOTAL=3770us
[Stats] checked=241079 refined=6400
[Timing] coarse=486us fine=2131us merge=732us sort=5us map=0us TOTAL=3384us
[Stats] checked=221957 refined=6400
[Timing] coarse=509us fine=2320us merge=649us sort=4us map=0us TOTAL=3515us
[Stats] checked=246000 refined=6400
[Timing] coarse=532us fine=2234us merge=660us sort=5us map=0us TOTAL=3468us
[Stats] checked=225237 refined=6400
[Timing] coarse=455us fine=2178us merge=681us sort=5us map=0us TOTAL=3348us
[Stats] checked=236801 refined=6400
[Timing] coarse=405us fine=2088us merge=673us sort=5us map=0us TOTAL=3192us
[Stats] checked=215679 refined=6400
[Timing] coarse=454us fine=2329us merge=699us sort=5us map=0us TOTAL=3516us
[Stats] checked=214414 refined=6400
[Timing] coarse=550us fine=2191us merge=693us sort=4us map=0us TOTAL=3809us
[Stats] checked=230292 refined=6400
[Timing] coarse=432us fine=2284us merge=724us sort=5us map=1us TOTAL=3472us
[Stats] checked=238927 refined=6400
[Timing] coarse=453us fine=2525us merge=744us sort=5us map=1us TOTAL=3759us
[Stats] checked=229276 refined=6400
[Timing] coarse=606us fine=2392us merge=710us sort=5us map=0us TOTAL=3752us
[Stats] checked=216601 refined=6400
[Timing] coarse=493us fine=2662us merge=661us sort=4us map=0us TOTAL=3847us
[Stats] checked=219448 refined=6400
[Timing] coarse=427us fine=2529us merge=879us sort=5us map=1us TOTAL=3865us
[Stats] checked=217580 refined=6400
[Timing] coarse=539us fine=2290us merge=754us sort=5us map=1us TOTAL=3626us
[Stats] checked=234250 refined=6400
[Timing] coarse=529us fine=3038us merge=949us sort=9us map=1us TOTAL=4558us
[Stats] checked=228207 refined=6400
[Timing] coarse=840us fine=2411us merge=756us sort=5us map=0us TOTAL=4048us
[Stats] checked=236840 refined=6400
[Timing] coarse=508us fine=2410us merge=739us sort=4us map=0us TOTAL=3694us
[Stats] checked=208105 refined=6400
[Timing] coarse=430us fine=2643us merge=827us sort=5us map=1us TOTAL=3932us
[Stats] checked=226091 refined=6400
[Timing] coarse=704us fine=2913us merge=685us sort=4us map=1us TOTAL=4347us
[Stats] checked=243084 refined=6400
[Timing] coarse=497us fine=2474us merge=811us sort=5us map=1us TOTAL=3814us
[Stats] checked=229167 refined=6400
[Timing] coarse=493us fine=2810us merge=852us sort=8us map=1us TOTAL=4204us
[Stats] checked=230782 refined=6400
[Timing] coarse=575us fine=2803us merge=738us sort=5us map=0us TOTAL=4151us
[Stats] checked=231017 refined=6400
[Timing] coarse=560us fine=2396us merge=701us sort=4us map=0us TOTAL=3696us
[Stats] checked=205092 refined=6400
[Timing] coarse=464us fine=2667us merge=745us sort=7us map=1us TOTAL=3906us
[Stats] checked=238080 refined=6400
[Timing] coarse=514us fine=2703us merge=784us sort=5us map=1us TOTAL=4036us
[Stats] checked=214008 refined=6400
[Timing] coarse=575us fine=2575us merge=775us sort=5us map=0us TOTAL=3984us
[Stats] checked=248259 refined=6400
[Timing] coarse=547us fine=2170us merge=685us sort=4us map=0us TOTAL=3437us
[Stats] checked=220505 refined=6400
[Timing] coarse=466us fine=2235us merge=652us sort=5us map=0us TOTAL=3383us
[Stats] checked=224470 refined=6400
[Timing] coarse=568us fine=2323us merge=654us sort=5us map=1us TOTAL=3579us
[Stats] checked=253094 refined=6400
[Timing] coarse=545us fine=2247us merge=648us sort=36us map=1us TOTAL=3511us
[Stats] checked=251986 refined=6400
[Timing] coarse=439us fine=2196us merge=664us sort=4us map=0us TOTAL=3327us
[Stats] checked=220589 refined=6400
[Timing] coarse=494us fine=2389us merge=684us sort=5us map=1us TOTAL=3605us
[Stats] checked=221283 refined=6400
[Timing] coarse=604us fine=2177us merge=685us sort=5us map=1us TOTAL=3508us
[Stats] checked=243390 refined=6400
[Timing] coarse=464us fine=2121us merge=625us sort=4us map=0us TOTAL=3244us
[Stats] checked=265857 refined=6400
[Timing] coarse=484us fine=2079us merge=697us sort=4us map=0us TOTAL=3295us
[Stats] checked=215904 refined=6400
[Timing] coarse=415us fine=2352us merge=710us sort=5us map=1us TOTAL=3509us
[Stats] checked=218162 refined=6400
[Timing] coarse=519us fine=2354us merge=686us sort=5us map=1us TOTAL=3593us
[Stats] checked=229970 refined=6400
[Timing] coarse=598us fine=2135us merge=693us sort=4us map=0us TOTAL=3466us
[Stats] checked=234247 refined=6400
Processed 250 queries[Timing] coarse=491us fine=2083us merge=657us sort=4us map=0us TOTAL=3262us
[Stats] checked=237325 refined=6400
[Timing] coarse=473us fine=2330us merge=634us sort=5us map=0us TOTAL=3472us
[Stats] checked=228060 refined=6400
[Timing] coarse=527us fine=2461us merge=702us sort=5us map=1us TOTAL=3731us
[Stats] checked=232759 refined=6400
[Timing] coarse=458us fine=2168us merge=713us sort=4us map=0us TOTAL=3372us
[Stats] checked=226043 refined=6400
[Timing] coarse=447us fine=2192us merge=698us sort=5us map=0us TOTAL=3371us
[Stats] checked=215611 refined=6400
[Timing] coarse=500us fine=2997us merge=651us sort=5us map=0us TOTAL=4179us
[Stats] checked=240485 refined=6400
[Timing] coarse=570us fine=2760us merge=724us sort=5us map=0us TOTAL=4100us
[Stats] checked=213795 refined=6400
[Timing] coarse=556us fine=2588us merge=659us sort=4us map=0us TOTAL=3842us
[Stats] checked=246524 refined=6400
[Timing] coarse=499us fine=2277us merge=647us sort=5us map=0us TOTAL=3460us
[Stats] checked=247081 refined=6400
[Timing] coarse=449us fine=2393us merge=717us sort=4us map=0us TOTAL=3592us
[Stats] checked=249029 refined=6400
[Timing] coarse=459us fine=2268us merge=670us sort=4us map=0us TOTAL=3428us
[Stats] checked=218422 refined=6400
[Timing] coarse=494us fine=2198us merge=668us sort=5us map=0us TOTAL=3394us
[Stats] checked=224744 refined=6400
[Timing] coarse=438us fine=2228us merge=650us sort=5us map=0us TOTAL=3347us
[Stats] checked=209644 refined=6400
[Timing] coarse=660us fine=2320us merge=674us sort=5us map=0us TOTAL=3694us
[Stats] checked=235807 refined=6400
[Timing] coarse=560us fine=2323us merge=699us sort=5us map=0us TOTAL=3622us
[Stats] checked=234782 refined=6400
[Timing] coarse=453us fine=2352us merge=676us sort=5us map=0us TOTAL=3511us
[Stats] checked=234360 refined=6400
[Timing] coarse=467us fine=2183us merge=699us sort=5us map=0us TOTAL=3383us
[Stats] checked=204006 refined=6400
[Timing] coarse=523us fine=2464us merge=685us sort=5us map=1us TOTAL=3709us
[Stats] checked=237394 refined=6400
[Timing] coarse=488us fine=2239us merge=672us sort=5us map=0us TOTAL=3436us
[Stats] checked=237511 refined=6400
[Timing] coarse=402us fine=2100us merge=667us sort=5us map=0us TOTAL=3198us
[Stats] checked=234384 refined=6400
[Timing] coarse=429us fine=2187us merge=639us sort=5us map=0us TOTAL=3283us
[Stats] checked=211757 refined=6400
[Timing] coarse=483us fine=2166us merge=620us sort=5us map=0us TOTAL=3302us
[Stats] checked=236175 refined=6400
[Timing] coarse=581us fine=2192us merge=662us sort=5us map=0us TOTAL=3473us
[Stats] checked=225992 refined=6400
[Timing] coarse=527us fine=2201us merge=630us sort=5us map=1us TOTAL=3396us
[Stats] checked=221722 refined=6400
[Timing] coarse=371us fine=2179us merge=837us sort=5us map=0us TOTAL=3414us
[Stats] checked=230281 refined=6400
[Timing] coarse=556us fine=2256us merge=616us sort=4us map=0us TOTAL=3470us
[Stats] checked=254218 refined=6400
[Timing] coarse=476us fine=2188us merge=653us sort=5us map=0us TOTAL=3347us
[Stats] checked=237551 refined=6400
[Timing] coarse=561us fine=2170us merge=654us sort=5us map=1us TOTAL=3492us
[Stats] checked=212985 refined=6400
[Timing] coarse=457us fine=2272us merge=629us sort=5us map=0us TOTAL=3387us
[Stats] checked=260092 refined=6400
[Timing] coarse=394us fine=2548us merge=717us sort=4us map=0us TOTAL=3693us
[Stats] checked=217317 refined=6400
[Timing] coarse=366us fine=2201us merge=675us sort=5us map=1us TOTAL=3276us
[Stats] checked=203116 refined=6400
[Timing] coarse=441us fine=2168us merge=687us sort=5us map=1us TOTAL=3325us
[Stats] checked=224618 refined=6400
[Timing] coarse=529us fine=2141us merge=674us sort=4us map=0us TOTAL=3387us
[Stats] checked=223704 refined=6400
[Timing] coarse=371us fine=2156us merge=668us sort=5us map=1us TOTAL=3233us
[Stats] checked=221640 refined=6400
[Timing] coarse=376us fine=2341us merge=672us sort=4us map=0us TOTAL=3422us
[Stats] checked=245346 refined=6400
[Timing] coarse=480us fine=2113us merge=631us sort=4us map=0us TOTAL=3254us
[Stats] checked=258453 refined=6400
[Timing] coarse=387us fine=2287us merge=658us sort=4us map=1us TOTAL=3358us
[Stats] checked=212079 refined=6400
[Timing] coarse=376us fine=2151us merge=658us sort=5us map=0us TOTAL=3213us
[Stats] checked=207269 refined=6400
[Timing] coarse=436us fine=2521us merge=647us sort=5us map=1us TOTAL=3633us
[Stats] checked=237440 refined=6400
[Timing] coarse=482us fine=2123us merge=659us sort=5us map=0us TOTAL=3295us
[Stats] checked=214807 refined=6400
[Timing] coarse=407us fine=2432us merge=629us sort=5us map=0us TOTAL=3497us
[Stats] checked=233176 refined=6400
[Timing] coarse=425us fine=2304us merge=605us sort=4us map=0us TOTAL=3362us
[Stats] checked=246116 refined=6400
[Timing] coarse=379us fine=2416us merge=686us sort=5us map=0us TOTAL=3509us
[Stats] checked=237115 refined=6400
[Timing] coarse=426us fine=2202us merge=671us sort=5us map=0us TOTAL=3328us
[Stats] checked=229928 refined=6400
[Timing] coarse=422us fine=2198us merge=649us sort=5us map=0us TOTAL=3297us
[Stats] checked=216130 refined=6400
[Timing] coarse=381us fine=2221us merge=638us sort=4us map=0us TOTAL=3268us
[Stats] checked=222029 refined=6400
[Timing] coarse=454us fine=2667us merge=718us sort=5us map=0us TOTAL=3866us
[Stats] checked=220819 refined=6400
[Timing] coarse=526us fine=2198us merge=685us sort=5us map=0us TOTAL=3448us
[Stats] checked=224747 refined=6400
[Timing] coarse=487us fine=2176us merge=712us sort=5us map=0us TOTAL=3408us
[Stats] checked=213884 refined=6400
[Timing] coarse=413us fine=2158us merge=1051us sort=5us map=0us TOTAL=3652us
[Stats] checked=209663 refined=6400
Processed 300 queries[Timing] coarse=440us fine=2598us merge=715us sort=5us map=0us TOTAL=3783us
[Stats] checked=210274 refined=6400
[Timing] coarse=541us fine=2316us merge=648us sort=5us map=0us TOTAL=3536us
[Stats] checked=217071 refined=6400
[Timing] coarse=495us fine=2201us merge=662us sort=5us map=0us TOTAL=3387us
[Stats] checked=221578 refined=6400
[Timing] coarse=417us fine=2503us merge=895us sort=5us map=0us TOTAL=3853us
[Stats] checked=224993 refined=6400
[Timing] coarse=491us fine=2412us merge=664us sort=5us map=0us TOTAL=3600us
[Stats] checked=207304 refined=6400
[Timing] coarse=624us fine=2148us merge=653us sort=4us map=0us TOTAL=3461us
[Stats] checked=215480 refined=6400
[Timing] coarse=344us fine=2183us merge=683us sort=4us map=0us TOTAL=3234us
[Stats] checked=208555 refined=6400
[Timing] coarse=823us fine=2499us merge=713us sort=5us map=0us TOTAL=4083us
[Stats] checked=232537 refined=6400
[Timing] coarse=489us fine=2187us merge=680us sort=5us map=0us TOTAL=3394us
[Stats] checked=224538 refined=6400
[Timing] coarse=442us fine=2290us merge=679us sort=4us map=0us TOTAL=3443us
[Stats] checked=205396 refined=6400
[Timing] coarse=417us fine=2117us merge=714us sort=5us map=1us TOTAL=3278us
[Stats] checked=221274 refined=6400
[Timing] coarse=486us fine=2174us merge=695us sort=5us map=0us TOTAL=3393us
[Stats] checked=232571 refined=6400
[Timing] coarse=509us fine=2348us merge=712us sort=5us map=1us TOTAL=3617us
[Stats] checked=211632 refined=6400
[Timing] coarse=460us fine=2436us merge=854us sort=5us map=1us TOTAL=3785us
[Stats] checked=210489 refined=6400
[Timing] coarse=491us fine=2424us merge=633us sort=5us map=0us TOTAL=3577us
[Stats] checked=238855 refined=6400
[Timing] coarse=394us fine=2330us merge=696us sort=4us map=0us TOTAL=3447us
[Stats] checked=234023 refined=6400
[Timing] coarse=549us fine=2165us merge=670us sort=5us map=0us TOTAL=3420us
[Stats] checked=211172 refined=6400
[Timing] coarse=458us fine=2089us merge=652us sort=4us map=0us TOTAL=3230us
[Stats] checked=230991 refined=6400
[Timing] coarse=566us fine=2409us merge=719us sort=5us map=1us TOTAL=3734us
[Stats] checked=204598 refined=6400
[Timing] coarse=532us fine=2301us merge=680us sort=5us map=0us TOTAL=3550us
[Stats] checked=223913 refined=6400
[Timing] coarse=575us fine=2383us merge=695us sort=4us map=0us TOTAL=3703us
[Stats] checked=225646 refined=6400
[Timing] coarse=433us fine=2265us merge=658us sort=5us map=1us TOTAL=3385us
[Stats] checked=216133 refined=6400
[Timing] coarse=354us fine=2200us merge=639us sort=5us map=0us TOTAL=3220us
[Stats] checked=228297 refined=6400
[Timing] coarse=514us fine=2499us merge=623us sort=4us map=0us TOTAL=3678us
[Stats] checked=256011 refined=6400
[Timing] coarse=385us fine=2260us merge=596us sort=5us map=0us TOTAL=3266us
[Stats] checked=237298 refined=6400
[Timing] coarse=374us fine=2080us merge=637us sort=4us map=0us TOTAL=3116us
[Stats] checked=243582 refined=6400
[Timing] coarse=355us fine=2288us merge=870us sort=9us map=2us TOTAL=3547us
[Stats] checked=233093 refined=6400
[Timing] coarse=643us fine=2607us merge=702us sort=5us map=0us TOTAL=4008us
[Stats] checked=244343 refined=6400
[Timing] coarse=528us fine=2634us merge=678us sort=5us map=0us TOTAL=3872us
[Stats] checked=232448 refined=6400
[Timing] coarse=494us fine=2183us merge=629us sort=5us map=0us TOTAL=3336us
[Stats] checked=240921 refined=6400
[Timing] coarse=382us fine=2319us merge=804us sort=5us map=0us TOTAL=3532us
[Stats] checked=234245 refined=6400
[Timing] coarse=530us fine=2360us merge=673us sort=5us map=0us TOTAL=3606us
[Stats] checked=232070 refined=6400
[Timing] coarse=454us fine=2504us merge=629us sort=4us map=1us TOTAL=3635us
[Stats] checked=234065 refined=6400
[Timing] coarse=565us fine=2228us merge=693us sort=5us map=0us TOTAL=3525us
[Stats] checked=228040 refined=6400
[Timing] coarse=471us fine=2142us merge=661us sort=4us map=0us TOTAL=3307us
[Stats] checked=211532 refined=6400
[Timing] coarse=503us fine=2368us merge=656us sort=4us map=0us TOTAL=3568us
[Stats] checked=215682 refined=6400
[Timing] coarse=416us fine=2291us merge=604us sort=4us map=0us TOTAL=3376us
[Stats] checked=220109 refined=6400
[Timing] coarse=348us fine=2303us merge=715us sort=5us map=0us TOTAL=3412us
[Stats] checked=214369 refined=6400
[Timing] coarse=393us fine=2280us merge=677us sort=4us map=0us TOTAL=3377us
[Stats] checked=211963 refined=6400
[Timing] coarse=582us fine=2445us merge=630us sort=5us map=0us TOTAL=3703us
[Stats] checked=240709 refined=6400
[Timing] coarse=484us fine=2245us merge=612us sort=5us map=1us TOTAL=3373us
[Stats] checked=233530 refined=6400
[Timing] coarse=448us fine=2124us merge=651us sort=5us map=0us TOTAL=3255us
[Stats] checked=226345 refined=6400
[Timing] coarse=520us fine=2271us merge=718us sort=5us map=1us TOTAL=3548us
[Stats] checked=235540 refined=6400
[Timing] coarse=419us fine=2104us merge=601us sort=4us map=0us TOTAL=3152us
[Stats] checked=242000 refined=6400
[Timing] coarse=394us fine=2174us merge=638us sort=5us map=0us TOTAL=3234us
[Stats] checked=223446 refined=6400
[Timing] coarse=474us fine=2188us merge=669us sort=4us map=0us TOTAL=3366us
[Stats] checked=218330 refined=6400
[Timing] coarse=363us fine=2262us merge=655us sort=5us map=0us TOTAL=3306us
[Stats] checked=238375 refined=6400
[Timing] coarse=551us fine=2380us merge=665us sort=5us map=0us TOTAL=3637us
[Stats] checked=231463 refined=6400
[Timing] coarse=502us fine=2683us merge=625us sort=4us map=0us TOTAL=3841us
[Stats] checked=271061 refined=6400
[Timing] coarse=440us fine=2254us merge=694us sort=17us map=0us TOTAL=3431us
[Stats] checked=237982 refined=6400
Processed 350 queries[Timing] coarse=438us fine=2688us merge=754us sort=8us map=1us TOTAL=3915us
[Stats] checked=231560 refined=6400
[Timing] coarse=464us fine=2222us merge=775us sort=5us map=0us TOTAL=3492us
[Stats] checked=219829 refined=6400
[Timing] coarse=453us fine=3182us merge=744us sort=5us map=0us TOTAL=4410us
[Stats] checked=228899 refined=6400
[Timing] coarse=571us fine=2783us merge=697us sort=5us map=1us TOTAL=4083us
[Stats] checked=238819 refined=6400
[Timing] coarse=572us fine=2642us merge=746us sort=5us map=1us TOTAL=4002us
[Stats] checked=245271 refined=6400
[Timing] coarse=572us fine=2764us merge=752us sort=5us map=0us TOTAL=4128us
[Stats] checked=220928 refined=6400
[Timing] coarse=505us fine=2826us merge=712us sort=9us map=1us TOTAL=4087us
[Stats] checked=255461 refined=6400
[Timing] coarse=526us fine=2694us merge=797us sort=5us map=0us TOTAL=4051us
[Stats] checked=218280 refined=6400
[Timing] coarse=668us fine=3200us merge=798us sort=8us map=1us TOTAL=4713us
[Stats] checked=238676 refined=6400
[Timing] coarse=558us fine=2951us merge=825us sort=8us map=1us TOTAL=4374us
[Stats] checked=231257 refined=6400
[Timing] coarse=644us fine=3002us merge=931us sort=8us map=1us TOTAL=4646us
[Stats] checked=232770 refined=6400
[Timing] coarse=839us fine=2512us merge=671us sort=5us map=0us TOTAL=4078us
[Stats] checked=214716 refined=6400
[Timing] coarse=511us fine=2237us merge=631us sort=5us map=0us TOTAL=3417us
[Stats] checked=238983 refined=6400
[Timing] coarse=491us fine=2176us merge=692us sort=4us map=0us TOTAL=3394us
[Stats] checked=222423 refined=6400
[Timing] coarse=602us fine=2461us merge=632us sort=4us map=1us TOTAL=3738us
[Stats] checked=252404 refined=6400
[Timing] coarse=537us fine=2109us merge=682us sort=5us map=1us TOTAL=3367us
[Stats] checked=234360 refined=6400
[Timing] coarse=533us fine=2155us merge=662us sort=5us map=0us TOTAL=3383us
[Stats] checked=222086 refined=6400
[Timing] coarse=425us fine=2257us merge=681us sort=4us map=0us TOTAL=3392us
[Stats] checked=219853 refined=6400
[Timing] coarse=468us fine=2111us merge=729us sort=5us map=0us TOTAL=3341us
[Stats] checked=223148 refined=6400
[Timing] coarse=571us fine=2396us merge=704us sort=4us map=1us TOTAL=3709us
[Stats] checked=237568 refined=6400
[Timing] coarse=542us fine=2201us merge=661us sort=5us map=0us TOTAL=3443us
[Stats] checked=235214 refined=6400
[Timing] coarse=542us fine=2103us merge=682us sort=5us map=1us TOTAL=3359us
[Stats] checked=224926 refined=6400
[Timing] coarse=435us fine=2497us merge=775us sort=5us map=0us TOTAL=3741us
[Stats] checked=232762 refined=6400
[Timing] coarse=599us fine=2282us merge=767us sort=5us map=1us TOTAL=3692us
[Stats] checked=232406 refined=6400
[Timing] coarse=582us fine=2733us merge=652us sort=5us map=0us TOTAL=4040us
[Stats] checked=242657 refined=6400
[Timing] coarse=583us fine=2348us merge=781us sort=5us map=0us TOTAL=3750us
[Stats] checked=232314 refined=6400
[Timing] coarse=557us fine=2487us merge=675us sort=5us map=1us TOTAL=3758us
[Stats] checked=208581 refined=6400
[Timing] coarse=546us fine=2460us merge=623us sort=4us map=0us TOTAL=3662us
[Stats] checked=239674 refined=6400
[Timing] coarse=453us fine=2178us merge=681us sort=4us map=0us TOTAL=3342us
[Stats] checked=226572 refined=6400
[Timing] coarse=414us fine=2116us merge=665us sort=5us map=1us TOTAL=3227us
[Stats] checked=228613 refined=6400
[Timing] coarse=514us fine=2568us merge=641us sort=4us map=0us TOTAL=3759us
[Stats] checked=235428 refined=6400
[Timing] coarse=509us fine=2210us merge=642us sort=5us map=1us TOTAL=3398us
[Stats] checked=239247 refined=6400
[Timing] coarse=508us fine=2178us merge=651us sort=4us map=1us TOTAL=3375us
[Stats] checked=223104 refined=6400
[Timing] coarse=467us fine=2221us merge=659us sort=5us map=0us TOTAL=3382us
[Stats] checked=235764 refined=6400
[Timing] coarse=434us fine=2221us merge=694us sort=5us map=0us TOTAL=3378us
[Stats] checked=235390 refined=6400
[Timing] coarse=495us fine=2295us merge=807us sort=5us map=0us TOTAL=3635us
[Stats] checked=214949 refined=6400
[Timing] coarse=430us fine=2173us merge=631us sort=5us map=0us TOTAL=3263us
[Stats] checked=245003 refined=6400
[Timing] coarse=364us fine=2224us merge=765us sort=5us map=0us TOTAL=3378us
[Stats] checked=227927 refined=6400
[Timing] coarse=543us fine=2660us merge=826us sort=5us map=1us TOTAL=4069us
[Stats] checked=230186 refined=6400
[Timing] coarse=601us fine=2263us merge=690us sort=5us map=0us TOTAL=3598us
[Stats] checked=229174 refined=6400
[Timing] coarse=437us fine=2188us merge=1120us sort=5us map=0us TOTAL=3774us
[Stats] checked=225147 refined=6400
[Timing] coarse=435us fine=2176us merge=684us sort=4us map=0us TOTAL=3322us
[Stats] checked=205721 refined=6400
[Timing] coarse=419us fine=2293us merge=695us sort=5us map=1us TOTAL=3436us
[Stats] checked=229482 refined=6400
[Timing] coarse=455us fine=2255us merge=647us sort=5us map=1us TOTAL=3390us
[Stats] checked=212775 refined=6400
[Timing] coarse=448us fine=2214us merge=797us sort=6us map=3us TOTAL=3495us
[Stats] checked=238156 refined=6400
[Timing] coarse=581us fine=2386us merge=692us sort=5us map=1us TOTAL=3739us
[Stats] checked=264678 refined=6400
[Timing] coarse=463us fine=2795us merge=790us sort=5us map=0us TOTAL=4081us
[Stats] checked=216677 refined=6400
[Timing] coarse=438us fine=2362us merge=761us sort=4us map=0us TOTAL=3590us
[Stats] checked=215669 refined=6400
[Timing] coarse=575us fine=2327us merge=622us sort=5us map=1us TOTAL=3571us
[Stats] checked=222372 refined=6400
[Timing] coarse=557us fine=2261us merge=632us sort=5us map=0us TOTAL=3488us
[Stats] checked=248648 refined=6400
Processed 400 queries[Timing] coarse=591us fine=2149us merge=703us sort=5us map=0us TOTAL=3485us
[Stats] checked=247774 refined=6400
[Timing] coarse=489us fine=2283us merge=645us sort=5us map=0us TOTAL=3456us
[Stats] checked=237543 refined=6400
[Timing] coarse=432us fine=2327us merge=688us sort=5us map=1us TOTAL=3477us
[Stats] checked=221793 refined=6400
[Timing] coarse=545us fine=2466us merge=716us sort=5us map=1us TOTAL=3787us
[Stats] checked=215674 refined=6400
[Timing] coarse=796us fine=2286us merge=676us sort=5us map=0us TOTAL=3801us
[Stats] checked=217857 refined=6400
[Timing] coarse=486us fine=2176us merge=704us sort=4us map=0us TOTAL=3399us
[Stats] checked=228131 refined=6400
[Timing] coarse=461us fine=2205us merge=671us sort=5us map=0us TOTAL=3370us
[Stats] checked=208320 refined=6400
[Timing] coarse=497us fine=2284us merge=649us sort=5us map=0us TOTAL=3466us
[Stats] checked=223603 refined=6400
[Timing] coarse=432us fine=2291us merge=661us sort=5us map=0us TOTAL=3419us
[Stats] checked=234934 refined=6400
[Timing] coarse=358us fine=2794us merge=704us sort=4us map=0us TOTAL=3883us
[Stats] checked=238987 refined=6400
[Timing] coarse=463us fine=2407us merge=738us sort=4us map=0us TOTAL=3639us
[Stats] checked=217047 refined=6400
[Timing] coarse=527us fine=2457us merge=770us sort=5us map=0us TOTAL=3793us
[Stats] checked=233182 refined=6400
[Timing] coarse=518us fine=2184us merge=667us sort=5us map=0us TOTAL=3407us
[Stats] checked=229528 refined=6400
[Timing] coarse=475us fine=2397us merge=725us sort=4us map=0us TOTAL=3631us
[Stats] checked=246211 refined=6400
[Timing] coarse=486us fine=2627us merge=735us sort=5us map=1us TOTAL=3881us
[Stats] checked=235944 refined=6400
[Timing] coarse=593us fine=2256us merge=702us sort=5us map=0us TOTAL=3593us
[Stats] checked=242810 refined=6400
[Timing] coarse=782us fine=2411us merge=700us sort=4us map=0us TOTAL=4007us
[Stats] checked=216211 refined=6400
[Timing] coarse=508us fine=2342us merge=723us sort=5us map=0us TOTAL=3608us
[Stats] checked=221139 refined=6400
[Timing] coarse=526us fine=2229us merge=910us sort=5us map=1us TOTAL=3723us
[Stats] checked=212664 refined=6400
[Timing] coarse=531us fine=2270us merge=652us sort=4us map=0us TOTAL=3486us
[Stats] checked=232015 refined=6400
[Timing] coarse=461us fine=2438us merge=672us sort=4us map=0us TOTAL=3602us
[Stats] checked=220715 refined=6400
[Timing] coarse=437us fine=2203us merge=669us sort=5us map=0us TOTAL=3338us
[Stats] checked=223695 refined=6400
[Timing] coarse=402us fine=2482us merge=704us sort=5us map=0us TOTAL=3615us
[Stats] checked=225752 refined=6400
[Timing] coarse=480us fine=2261us merge=656us sort=5us map=0us TOTAL=3432us
[Stats] checked=220742 refined=6400
[Timing] coarse=489us fine=2299us merge=695us sort=4us map=0us TOTAL=3512us
[Stats] checked=240922 refined=6400
[Timing] coarse=413us fine=2195us merge=666us sort=5us map=0us TOTAL=3311us
[Stats] checked=231398 refined=6400
[Timing] coarse=405us fine=2160us merge=744us sort=5us map=0us TOTAL=3338us
[Stats] checked=217243 refined=6400
[Timing] coarse=386us fine=2216us merge=602us sort=5us map=0us TOTAL=3233us
[Stats] checked=218790 refined=6400
[Timing] coarse=369us fine=2193us merge=679us sort=5us map=0us TOTAL=3268us
[Stats] checked=225195 refined=6400
[Timing] coarse=365us fine=2067us merge=665us sort=16us map=0us TOTAL=3135us
[Stats] checked=213617 refined=6400
[Timing] coarse=390us fine=2089us merge=695us sort=4us map=0us TOTAL=3200us
[Stats] checked=213612 refined=6400
[Timing] coarse=381us fine=2222us merge=628us sort=4us map=0us TOTAL=3258us
[Stats] checked=240799 refined=6400
[Timing] coarse=372us fine=2216us merge=610us sort=4us map=0us TOTAL=3224us
[Stats] checked=246122 refined=6400
[Timing] coarse=427us fine=2148us merge=601us sort=5us map=0us TOTAL=3201us
[Stats] checked=236283 refined=6400
[Timing] coarse=330us fine=2106us merge=593us sort=5us map=0us TOTAL=3053us
[Stats] checked=221079 refined=6400
[Timing] coarse=322us fine=2124us merge=650us sort=5us map=0us TOTAL=3121us
[Stats] checked=236400 refined=6400
[Timing] coarse=425us fine=2513us merge=735us sort=4us map=0us TOTAL=3703us
[Stats] checked=240732 refined=6400
[Timing] coarse=349us fine=2130us merge=659us sort=5us map=0us TOTAL=3160us
[Stats] checked=237568 refined=6400
[Timing] coarse=432us fine=2247us merge=668us sort=5us map=0us TOTAL=3377us
[Stats] checked=241019 refined=6400
[Timing] coarse=467us fine=2774us merge=762us sort=5us map=1us TOTAL=4038us
[Stats] checked=242570 refined=6400
[Timing] coarse=554us fine=2338us merge=692us sort=5us map=0us TOTAL=3628us
[Stats] checked=225599 refined=6400
[Timing] coarse=512us fine=2416us merge=664us sort=5us map=0us TOTAL=3627us
[Stats] checked=206100 refined=6400
[Timing] coarse=426us fine=2303us merge=670us sort=5us map=0us TOTAL=3429us
[Stats] checked=208940 refined=6400
[Timing] coarse=478us fine=2361us merge=803us sort=5us map=0us TOTAL=3677us
[Stats] checked=243681 refined=6400
[Timing] coarse=513us fine=2652us merge=678us sort=5us map=0us TOTAL=3876us
[Stats] checked=231939 refined=6400
[Timing] coarse=380us fine=2202us merge=695us sort=5us map=0us TOTAL=3300us
[Stats] checked=228472 refined=6400
[Timing] coarse=355us fine=2120us merge=685us sort=5us map=0us TOTAL=3185us
[Stats] checked=213359 refined=6400
[Timing] coarse=371us fine=2207us merge=663us sort=5us map=0us TOTAL=3264us
[Stats] checked=236926 refined=6400
[Timing] coarse=757us fine=2157us merge=603us sort=5us map=0us TOTAL=3540us
[Stats] checked=245960 refined=6400
[Timing] coarse=337us fine=2125us merge=689us sort=5us map=0us TOTAL=3174us
[Stats] checked=203930 refined=6400
Processed 450 queries[Timing] coarse=344us fine=2160us merge=722us sort=4us map=0us TOTAL=3250us
[Stats] checked=216731 refined=6400
[Timing] coarse=355us fine=2570us merge=662us sort=5us map=0us TOTAL=3612us
[Stats] checked=255166 refined=6400
[Timing] coarse=407us fine=2578us merge=660us sort=5us map=0us TOTAL=3669us
[Stats] checked=219024 refined=6400
[Timing] coarse=341us fine=2385us merge=1083us sort=5us map=0us TOTAL=3833us
[Stats] checked=208857 refined=6400
[Timing] coarse=453us fine=2570us merge=749us sort=4us map=0us TOTAL=3800us
[Stats] checked=242673 refined=6400
[Timing] coarse=378us fine=2430us merge=687us sort=4us map=0us TOTAL=3521us
[Stats] checked=215799 refined=6400
[Timing] coarse=376us fine=2121us merge=669us sort=5us map=0us TOTAL=3259us
[Stats] checked=236164 refined=6400
[Timing] coarse=342us fine=2253us merge=658us sort=5us map=0us TOTAL=3278us
[Stats] checked=242928 refined=6400
[Timing] coarse=353us fine=2156us merge=598us sort=4us map=0us TOTAL=3131us
[Stats] checked=256930 refined=6400
[Timing] coarse=402us fine=2163us merge=633us sort=4us map=0us TOTAL=3223us
[Stats] checked=237220 refined=6400
[Timing] coarse=385us fine=2201us merge=650us sort=5us map=0us TOTAL=3261us
[Stats] checked=252227 refined=6400
[Timing] coarse=344us fine=2466us merge=668us sort=4us map=0us TOTAL=3503us
[Stats] checked=227994 refined=6400
[Timing] coarse=362us fine=2158us merge=653us sort=5us map=0us TOTAL=3198us
[Stats] checked=228458 refined=6400
[Timing] coarse=365us fine=2605us merge=660us sort=4us map=0us TOTAL=3653us
[Stats] checked=234725 refined=6400
[Timing] coarse=387us fine=2207us merge=680us sort=5us map=0us TOTAL=3299us
[Stats] checked=246874 refined=6400
[Timing] coarse=354us fine=2159us merge=638us sort=5us map=0us TOTAL=3175us
[Stats] checked=237436 refined=6400
[Timing] coarse=334us fine=2227us merge=654us sort=4us map=0us TOTAL=3238us
[Stats] checked=248334 refined=6400
[Timing] coarse=362us fine=2793us merge=634us sort=4us map=0us TOTAL=3813us
[Stats] checked=250862 refined=6400
[Timing] coarse=364us fine=2485us merge=997us sort=5us map=0us TOTAL=3870us
[Stats] checked=234500 refined=6400
[Timing] coarse=357us fine=2389us merge=770us sort=4us map=0us TOTAL=3542us
[Stats] checked=212537 refined=6400
[Timing] coarse=344us fine=2247us merge=692us sort=5us map=0us TOTAL=3308us
[Stats] checked=227552 refined=6400
[Timing] coarse=330us fine=2262us merge=644us sort=5us map=0us TOTAL=3260us
[Stats] checked=219720 refined=6400
[Timing] coarse=363us fine=2336us merge=647us sort=4us map=0us TOTAL=3372us
[Stats] checked=245562 refined=6400
[Timing] coarse=362us fine=2180us merge=724us sort=5us map=0us TOTAL=3291us
[Stats] checked=223053 refined=6400
[Timing] coarse=371us fine=2126us merge=694us sort=5us map=0us TOTAL=3217us
[Stats] checked=231554 refined=6400
[Timing] coarse=429us fine=2144us merge=627us sort=4us map=0us TOTAL=3224us
[Stats] checked=219465 refined=6400
[Timing] coarse=344us fine=2240us merge=646us sort=4us map=0us TOTAL=3254us
[Stats] checked=249633 refined=6400
[Timing] coarse=400us fine=2082us merge=649us sort=5us map=0us TOTAL=3156us
[Stats] checked=206995 refined=6400
[Timing] coarse=366us fine=2175us merge=611us sort=4us map=0us TOTAL=3175us
[Stats] checked=233323 refined=6400
[Timing] coarse=375us fine=2153us merge=652us sort=5us map=0us TOTAL=3203us
[Stats] checked=206923 refined=6400
[Timing] coarse=336us fine=2207us merge=655us sort=5us map=0us TOTAL=3221us
[Stats] checked=227736 refined=6400
[Timing] coarse=360us fine=2170us merge=643us sort=4us map=0us TOTAL=3196us
[Stats] checked=245002 refined=6400
[Timing] coarse=348us fine=2425us merge=637us sort=4us map=0us TOTAL=3432us
[Stats] checked=236832 refined=6400
[Timing] coarse=395us fine=2300us merge=712us sort=4us map=0us TOTAL=3432us
[Stats] checked=212099 refined=6400
[Timing] coarse=390us fine=2292us merge=635us sort=5us map=0us TOTAL=3341us
[Stats] checked=235746 refined=6400
[Timing] coarse=526us fine=2375us merge=673us sort=5us map=0us TOTAL=3611us
[Stats] checked=241103 refined=6400
[Timing] coarse=534us fine=2237us merge=658us sort=4us map=0us TOTAL=3461us
[Stats] checked=227213 refined=6400
[Timing] coarse=846us fine=2178us merge=674us sort=5us map=0us TOTAL=3730us
[Stats] checked=204882 refined=6400
[Timing] coarse=411us fine=2093us merge=628us sort=4us map=0us TOTAL=3169us
[Stats] checked=228798 refined=6400
[Timing] coarse=367us fine=2207us merge=642us sort=5us map=0us TOTAL=3243us
[Stats] checked=236503 refined=6400
[Timing] coarse=513us fine=2191us merge=655us sort=4us map=0us TOTAL=3392us
[Stats] checked=226987 refined=6400
[Timing] coarse=387us fine=2535us merge=717us sort=5us map=0us TOTAL=3664us
[Stats] checked=222178 refined=6400
[Timing] coarse=368us fine=2168us merge=604us sort=4us map=0us TOTAL=3166us
[Stats] checked=261001 refined=6400
[Timing] coarse=408us fine=2553us merge=676us sort=5us map=0us TOTAL=3664us
[Stats] checked=205701 refined=6400
[Timing] coarse=392us fine=2369us merge=862us sort=5us map=0us TOTAL=3650us
[Stats] checked=234415 refined=6400
[Timing] coarse=366us fine=2091us merge=622us sort=4us map=0us TOTAL=3106us
[Stats] checked=213477 refined=6400
[Timing] coarse=388us fine=2176us merge=646us sort=5us map=0us TOTAL=3235us
[Stats] checked=214205 refined=6400
[Timing] coarse=351us fine=2836us merge=660us sort=5us map=0us TOTAL=3873us
[Stats] checked=235186 refined=6400
[Timing] coarse=581us fine=2228us merge=664us sort=5us map=0us TOTAL=3504us
[Stats] checked=249521 refined=6400
[Timing] coarse=631us fine=2437us merge=647us sort=5us map=0us TOTAL=3751us
[Stats] checked=246026 refined=6400
Processed 500 queries[Timing] coarse=575us fine=2282us merge=794us sort=5us map=0us TOTAL=3690us
[Stats] checked=256761 refined=6400
[Timing] coarse=603us fine=2409us merge=656us sort=5us map=0us TOTAL=3705us
[Stats] checked=234881 refined=6400
[Timing] coarse=495us fine=2303us merge=680us sort=5us map=0us TOTAL=3516us
[Stats] checked=228080 refined=6400
[Timing] coarse=576us fine=2502us merge=691us sort=5us map=0us TOTAL=3811us
[Stats] checked=220367 refined=6400
[Timing] coarse=454us fine=3078us merge=729us sort=5us map=0us TOTAL=4291us
[Stats] checked=220216 refined=6400
[Timing] coarse=507us fine=2275us merge=736us sort=5us map=1us TOTAL=3549us
[Stats] checked=241542 refined=6400
[Timing] coarse=592us fine=2193us merge=779us sort=4us map=0us TOTAL=3609us
[Stats] checked=234005 refined=6400
[Timing] coarse=569us fine=2670us merge=636us sort=5us map=0us TOTAL=3913us
[Stats] checked=247741 refined=6400
[Timing] coarse=583us fine=2292us merge=683us sort=5us map=0us TOTAL=3602us
[Stats] checked=211720 refined=6400
[Timing] coarse=384us fine=2170us merge=649us sort=5us map=0us TOTAL=3229us
[Stats] checked=234306 refined=6400
[Timing] coarse=403us fine=2218us merge=629us sort=5us map=0us TOTAL=3276us
[Stats] checked=234682 refined=6400
[Timing] coarse=343us fine=2264us merge=945us sort=4us map=0us TOTAL=3576us
[Stats] checked=214918 refined=6400
[Timing] coarse=464us fine=2328us merge=667us sort=4us map=0us TOTAL=3490us
[Stats] checked=222317 refined=6400
[Timing] coarse=381us fine=2172us merge=689us sort=4us map=0us TOTAL=3269us
[Stats] checked=227879 refined=6400
[Timing] coarse=508us fine=2460us merge=614us sort=5us map=1us TOTAL=3618us
[Stats] checked=257282 refined=6400
[Timing] coarse=525us fine=2302us merge=662us sort=17us map=0us TOTAL=3537us
[Stats] checked=217534 refined=6400
[Timing] coarse=464us fine=2318us merge=645us sort=5us map=1us TOTAL=3460us
[Stats] checked=242703 refined=6400
[Timing] coarse=989us fine=2440us merge=908us sort=5us map=0us TOTAL=4386us
[Stats] checked=214807 refined=6400
[Timing] coarse=495us fine=2292us merge=816us sort=4us map=0us TOTAL=3635us
[Stats] checked=249305 refined=6400
[Timing] coarse=352us fine=2157us merge=694us sort=5us map=0us TOTAL=3228us
[Stats] checked=220854 refined=6400
[Timing] coarse=410us fine=2130us merge=702us sort=4us map=1us TOTAL=3269us
[Stats] checked=205258 refined=6400
[Timing] coarse=409us fine=2220us merge=733us sort=5us map=1us TOTAL=3392us
[Stats] checked=254060 refined=6400
[Timing] coarse=432us fine=2089us merge=685us sort=4us map=0us TOTAL=3234us
[Stats] checked=198094 refined=6400
[Timing] coarse=383us fine=2178us merge=628us sort=5us map=0us TOTAL=3215us
[Stats] checked=217375 refined=6400
[Timing] coarse=510us fine=2194us merge=687us sort=5us map=0us TOTAL=3427us
[Stats] checked=216492 refined=6400
[Timing] coarse=422us fine=2133us merge=678us sort=5us map=0us TOTAL=3263us
[Stats] checked=208187 refined=6400
[Timing] coarse=383us fine=2056us merge=618us sort=5us map=1us TOTAL=3087us
[Stats] checked=220750 refined=6400
[Timing] coarse=409us fine=2202us merge=675us sort=5us map=0us TOTAL=3314us
[Stats] checked=223852 refined=6400
[Timing] coarse=513us fine=2411us merge=679us sort=4us map=0us TOTAL=3639us
[Stats] checked=223049 refined=6400
[Timing] coarse=572us fine=2153us merge=672us sort=5us map=0us TOTAL=3433us
[Stats] checked=218436 refined=6400
[Timing] coarse=406us fine=2156us merge=720us sort=4us map=0us TOTAL=3312us
[Stats] checked=229958 refined=6400
[Timing] coarse=437us fine=2188us merge=741us sort=5us map=0us TOTAL=3398us
[Stats] checked=249993 refined=6400
[Timing] coarse=447us fine=2228us merge=765us sort=4us map=0us TOTAL=3470us
[Stats] checked=215675 refined=6400
[Timing] coarse=435us fine=2179us merge=617us sort=4us map=0us TOTAL=3258us
[Stats] checked=241729 refined=6400
[Timing] coarse=510us fine=2219us merge=628us sort=4us map=0us TOTAL=3391us
[Stats] checked=260205 refined=6400
[Timing] coarse=405us fine=2169us merge=717us sort=5us map=1us TOTAL=3318us
[Stats] checked=214197 refined=6400
[Timing] coarse=684us fine=2525us merge=681us sort=4us map=0us TOTAL=3938us
[Stats] checked=218232 refined=6400
[Timing] coarse=465us fine=2251us merge=622us sort=4us map=0us TOTAL=3367us
[Stats] checked=246515 refined=6400
[Timing] coarse=810us fine=2263us merge=773us sort=4us map=0us TOTAL=3877us
[Stats] checked=195694 refined=6400
[Timing] coarse=500us fine=2198us merge=658us sort=4us map=0us TOTAL=3390us
[Stats] checked=240416 refined=6400
[Timing] coarse=414us fine=2112us merge=635us sort=5us map=0us TOTAL=3191us
[Stats] checked=231293 refined=6400
[Timing] coarse=577us fine=2589us merge=679us sort=5us map=0us TOTAL=3888us
[Stats] checked=235887 refined=6400
[Timing] coarse=474us fine=2316us merge=738us sort=5us map=0us TOTAL=3562us
[Stats] checked=227241 refined=6400
[Timing] coarse=433us fine=2285us merge=657us sort=5us map=0us TOTAL=3407us
[Stats] checked=236932 refined=6400
[Timing] coarse=423us fine=2428us merge=669us sort=4us map=0us TOTAL=3549us
[Stats] checked=218296 refined=6400
[Timing] coarse=436us fine=2256us merge=652us sort=5us map=0us TOTAL=3375us
[Stats] checked=222696 refined=6400
[Timing] coarse=519us fine=2244us merge=642us sort=5us map=0us TOTAL=3441us
[Stats] checked=250035 refined=6400
[Timing] coarse=480us fine=2471us merge=610us sort=5us map=0us TOTAL=3593us
[Stats] checked=258513 refined=6400
[Timing] coarse=673us fine=2117us merge=640us sort=5us map=0us TOTAL=3460us
[Stats] checked=231631 refined=6400
[Timing] coarse=371us fine=2094us merge=653us sort=5us map=0us TOTAL=3145us
[Stats] checked=220337 refined=6400
Processed 550 queries[Timing] coarse=340us fine=2246us merge=588us sort=4us map=0us TOTAL=3198us
[Stats] checked=255156 refined=6400
[Timing] coarse=497us fine=2523us merge=682us sort=4us map=0us TOTAL=3737us
[Stats] checked=224434 refined=6400
[Timing] coarse=423us fine=2159us merge=673us sort=4us map=0us TOTAL=3314us
[Stats] checked=215880 refined=6400
[Timing] coarse=745us fine=2017us merge=636us sort=5us map=0us TOTAL=3424us
[Stats] checked=217294 refined=6400
[Timing] coarse=318us fine=2123us merge=641us sort=5us map=0us TOTAL=3105us
[Stats] checked=239515 refined=6400
[Timing] coarse=323us fine=2229us merge=635us sort=5us map=0us TOTAL=3210us
[Stats] checked=262109 refined=6400
[Timing] coarse=357us fine=2134us merge=651us sort=4us map=0us TOTAL=3164us
[Stats] checked=220514 refined=6400
[Timing] coarse=349us fine=2260us merge=641us sort=5us map=1us TOTAL=3337us
[Stats] checked=212037 refined=6400
[Timing] coarse=342us fine=2170us merge=655us sort=4us map=1us TOTAL=3190us
[Stats] checked=217819 refined=6400
[Timing] coarse=340us fine=2258us merge=651us sort=5us map=0us TOTAL=3272us
[Stats] checked=209737 refined=6400
[Timing] coarse=358us fine=2660us merge=650us sort=5us map=0us TOTAL=3690us
[Stats] checked=216787 refined=6400
[Timing] coarse=464us fine=2222us merge=633us sort=5us map=0us TOTAL=3349us
[Stats] checked=221479 refined=6400
[Timing] coarse=394us fine=2030us merge=601us sort=5us map=0us TOTAL=3050us
[Stats] checked=231428 refined=6400
[Timing] coarse=472us fine=2677us merge=620us sort=16us map=0us TOTAL=3811us
[Stats] checked=248141 refined=6400
[Timing] coarse=428us fine=2157us merge=649us sort=5us map=0us TOTAL=3263us
[Stats] checked=224986 refined=6400
[Timing] coarse=402us fine=2262us merge=772us sort=4us map=1us TOTAL=3463us
[Stats] checked=236282 refined=6400
[Timing] coarse=412us fine=2414us merge=656us sort=5us map=0us TOTAL=3509us
[Stats] checked=225724 refined=6400
[Timing] coarse=390us fine=2224us merge=632us sort=5us map=0us TOTAL=3273us
[Stats] checked=267684 refined=6400
[Timing] coarse=330us fine=2379us merge=726us sort=27us map=0us TOTAL=3479us
[Stats] checked=208073 refined=6400
[Timing] coarse=331us fine=2423us merge=649us sort=5us map=0us TOTAL=3428us
[Stats] checked=229884 refined=6400
[Timing] coarse=366us fine=2240us merge=652us sort=5us map=0us TOTAL=3281us
[Stats] checked=231493 refined=6400
[Timing] coarse=341us fine=2231us merge=623us sort=4us map=0us TOTAL=3216us
[Stats] checked=241563 refined=6400
[Timing] coarse=380us fine=2481us merge=691us sort=5us map=0us TOTAL=3575us
[Stats] checked=240044 refined=6400
[Timing] coarse=536us fine=2222us merge=647us sort=5us map=0us TOTAL=3444us
[Stats] checked=227749 refined=6400
[Timing] coarse=457us fine=2199us merge=723us sort=4us map=0us TOTAL=3410us
[Stats] checked=223804 refined=6400
[Timing] coarse=459us fine=2211us merge=706us sort=5us map=0us TOTAL=3407us
[Stats] checked=222138 refined=6400
[Timing] coarse=454us fine=2355us merge=608us sort=5us map=0us TOTAL=3448us
[Stats] checked=244339 refined=6400
[Timing] coarse=448us fine=2119us merge=664us sort=4us map=0us TOTAL=3259us
[Stats] checked=244807 refined=6400
[Timing] coarse=348us fine=2066us merge=592us sort=5us map=0us TOTAL=3029us
[Stats] checked=245672 refined=6400
[Timing] coarse=411us fine=2197us merge=717us sort=5us map=0us TOTAL=3353us
[Stats] checked=226020 refined=6400
[Timing] coarse=396us fine=2256us merge=660us sort=4us map=0us TOTAL=3336us
[Stats] checked=233708 refined=6400
[Timing] coarse=551us fine=2146us merge=669us sort=4us map=0us TOTAL=3404us
[Stats] checked=228854 refined=6400
[Timing] coarse=415us fine=2132us merge=672us sort=5us map=0us TOTAL=3245us
[Stats] checked=210034 refined=6400
[Timing] coarse=308us fine=2099us merge=644us sort=5us map=0us TOTAL=3073us
[Stats] checked=214045 refined=6400
[Timing] coarse=336us fine=2338us merge=640us sort=4us map=0us TOTAL=3335us
[Stats] checked=235038 refined=6400
[Timing] coarse=522us fine=2198us merge=595us sort=5us map=0us TOTAL=3351us
[Stats] checked=246076 refined=6400
[Timing] coarse=419us fine=2058us merge=601us sort=4us map=0us TOTAL=3105us
[Stats] checked=243236 refined=6400
[Timing] coarse=329us fine=2248us merge=700us sort=5us map=0us TOTAL=3299us
[Stats] checked=256212 refined=6400
[Timing] coarse=315us fine=2421us merge=636us sort=5us map=0us TOTAL=3407us
[Stats] checked=235264 refined=6400
[Timing] coarse=535us fine=2191us merge=625us sort=4us map=0us TOTAL=3386us
[Stats] checked=244428 refined=6400
[Timing] coarse=439us fine=2073us merge=771us sort=5us map=1us TOTAL=3308us
[Stats] checked=230401 refined=6400
[Timing] coarse=623us fine=2159us merge=677us sort=5us map=0us TOTAL=3491us
[Stats] checked=248878 refined=6400
[Timing] coarse=451us fine=2140us merge=628us sort=5us map=0us TOTAL=3246us
[Stats] checked=226630 refined=6400
[Timing] coarse=342us fine=2214us merge=634us sort=5us map=0us TOTAL=3215us
[Stats] checked=228677 refined=6400
[Timing] coarse=390us fine=2117us merge=603us sort=4us map=0us TOTAL=3134us
[Stats] checked=255452 refined=6400
[Timing] coarse=373us fine=2194us merge=639us sort=4us map=0us TOTAL=3231us
[Stats] checked=225869 refined=6400
[Timing] coarse=341us fine=2539us merge=640us sort=5us map=0us TOTAL=3544us
[Stats] checked=242889 refined=6400
[Timing] coarse=349us fine=2089us merge=657us sort=4us map=0us TOTAL=3120us
[Stats] checked=217736 refined=6400
[Timing] coarse=346us fine=2109us merge=644us sort=5us map=0us TOTAL=3125us
[Stats] checked=222052 refined=6400
[Timing] coarse=363us fine=2244us merge=689us sort=5us map=0us TOTAL=3322us
[Stats] checked=223394 refined=6400
Processed 600 queries[Timing] coarse=442us fine=2284us merge=699us sort=5us map=0us TOTAL=3454us
[Stats] checked=216046 refined=6400
[Timing] coarse=450us fine=2334us merge=742us sort=5us map=0us TOTAL=3554us
[Stats] checked=223430 refined=6400
[Timing] coarse=472us fine=2259us merge=664us sort=5us map=0us TOTAL=3424us
[Stats] checked=251201 refined=6400
[Timing] coarse=424us fine=2160us merge=668us sort=5us map=0us TOTAL=3278us
[Stats] checked=224779 refined=6400
[Timing] coarse=389us fine=2409us merge=706us sort=5us map=0us TOTAL=3531us
[Stats] checked=224637 refined=6400
[Timing] coarse=465us fine=2376us merge=662us sort=5us map=0us TOTAL=3533us
[Stats] checked=236868 refined=6400
[Timing] coarse=460us fine=2428us merge=666us sort=5us map=0us TOTAL=3581us
[Stats] checked=231955 refined=6400
[Timing] coarse=473us fine=2514us merge=643us sort=5us map=0us TOTAL=3657us
[Stats] checked=245008 refined=6400
[Timing] coarse=442us fine=2437us merge=650us sort=5us map=0us TOTAL=3556us
[Stats] checked=252772 refined=6400
[Timing] coarse=417us fine=2236us merge=840us sort=5us map=0us TOTAL=3520us
[Stats] checked=211582 refined=6400
[Timing] coarse=428us fine=2286us merge=645us sort=4us map=0us TOTAL=3387us
[Stats] checked=242852 refined=6400
[Timing] coarse=395us fine=2156us merge=664us sort=4us map=0us TOTAL=3241us
[Stats] checked=231806 refined=6400
[Timing] coarse=395us fine=2083us merge=666us sort=5us map=0us TOTAL=3170us
[Stats] checked=227509 refined=6400
[Timing] coarse=364us fine=2223us merge=686us sort=4us map=0us TOTAL=3298us
[Stats] checked=224989 refined=6400
[Timing] coarse=424us fine=2650us merge=643us sort=5us map=0us TOTAL=3747us
[Stats] checked=260646 refined=6400
[Timing] coarse=624us fine=2195us merge=675us sort=5us map=0us TOTAL=3534us
[Stats] checked=207733 refined=6400
[Timing] coarse=793us fine=2238us merge=701us sort=4us map=0us TOTAL=3774us
[Stats] checked=217663 refined=6400
[Timing] coarse=377us fine=2169us merge=909us sort=8us map=1us TOTAL=3487us
[Stats] checked=219081 refined=6400
[Timing] coarse=417us fine=2234us merge=649us sort=5us map=0us TOTAL=3329us
[Stats] checked=232567 refined=6400
[Timing] coarse=514us fine=2499us merge=665us sort=5us map=0us TOTAL=3713us
[Stats] checked=220133 refined=6400
[Timing] coarse=425us fine=2227us merge=632us sort=4us map=0us TOTAL=3312us
[Stats] checked=240715 refined=6400
[Timing] coarse=487us fine=2329us merge=663us sort=4us map=0us TOTAL=3518us
[Stats] checked=210579 refined=6400
[Timing] coarse=419us fine=2177us merge=641us sort=4us map=0us TOTAL=3267us
[Stats] checked=226397 refined=6400
[Timing] coarse=503us fine=2462us merge=634us sort=5us map=1us TOTAL=3635us
[Stats] checked=224070 refined=6400
[Timing] coarse=420us fine=2415us merge=616us sort=5us map=0us TOTAL=3481us
[Stats] checked=233884 refined=6400
[Timing] coarse=358us fine=2218us merge=691us sort=5us map=0us TOTAL=3292us
[Stats] checked=211629 refined=6400
[Timing] coarse=372us fine=2136us merge=637us sort=5us map=1us TOTAL=3170us
[Stats] checked=225617 refined=6400
[Timing] coarse=336us fine=2128us merge=650us sort=5us map=0us TOTAL=3138us
[Stats] checked=225303 refined=6400
[Timing] coarse=381us fine=2086us merge=669us sort=5us map=0us TOTAL=3161us
[Stats] checked=198906 refined=6400
[Timing] coarse=380us fine=2216us merge=690us sort=5us map=0us TOTAL=3313us
[Stats] checked=223107 refined=6400
[Timing] coarse=347us fine=2217us merge=687us sort=5us map=0us TOTAL=3275us
[Stats] checked=236376 refined=6400
[Timing] coarse=447us fine=2429us merge=640us sort=5us map=0us TOTAL=3547us
[Stats] checked=233478 refined=6400
[Timing] coarse=508us fine=2228us merge=698us sort=5us map=0us TOTAL=3474us
[Stats] checked=238345 refined=6400
[Timing] coarse=388us fine=2366us merge=665us sort=5us map=0us TOTAL=3445us
[Stats] checked=223762 refined=6400
[Timing] coarse=385us fine=2479us merge=628us sort=5us map=0us TOTAL=3522us
[Stats] checked=245855 refined=6400
[Timing] coarse=498us fine=2128us merge=626us sort=16us map=0us TOTAL=3298us
[Stats] checked=219332 refined=6400
[Timing] coarse=508us fine=2180us merge=653us sort=5us map=0us TOTAL=3374us
[Stats] checked=239582 refined=6400
[Timing] coarse=493us fine=2521us merge=687us sort=5us map=1us TOTAL=3734us
[Stats] checked=214242 refined=6400
[Timing] coarse=456us fine=2228us merge=695us sort=5us map=0us TOTAL=3411us
[Stats] checked=237257 refined=6400
[Timing] coarse=393us fine=2141us merge=612us sort=5us map=0us TOTAL=3172us
[Stats] checked=220261 refined=6400
[Timing] coarse=480us fine=2379us merge=719us sort=4us map=1us TOTAL=3609us
[Stats] checked=215986 refined=6400
[Timing] coarse=515us fine=2264us merge=649us sort=5us map=0us TOTAL=3465us
[Stats] checked=218461 refined=6400
[Timing] coarse=443us fine=2194us merge=631us sort=4us map=0us TOTAL=3296us
[Stats] checked=234652 refined=6400
[Timing] coarse=375us fine=2281us merge=715us sort=5us map=0us TOTAL=3397us
[Stats] checked=232302 refined=6400
[Timing] coarse=533us fine=2410us merge=670us sort=4us map=0us TOTAL=3652us
[Stats] checked=251329 refined=6400
[Timing] coarse=452us fine=2234us merge=695us sort=5us map=0us TOTAL=3410us
[Stats] checked=220708 refined=6400
[Timing] coarse=358us fine=2180us merge=650us sort=4us map=0us TOTAL=3285us
[Stats] checked=234904 refined=6400
[Timing] coarse=373us fine=2250us merge=659us sort=5us map=0us TOTAL=3308us
[Stats] checked=218513 refined=6400
[Timing] coarse=346us fine=2092us merge=678us sort=5us map=0us TOTAL=3140us
[Stats] checked=221685 refined=6400
[Timing] coarse=374us fine=2183us merge=753us sort=4us map=0us TOTAL=3336us
[Stats] checked=260977 refined=6400
Processed 650 queries[Timing] coarse=417us fine=2305us merge=691us sort=4us map=0us TOTAL=3442us
[Stats] checked=256309 refined=6400
[Timing] coarse=497us fine=2482us merge=719us sort=5us map=0us TOTAL=3741us
[Stats] checked=216296 refined=6400
[Timing] coarse=411us fine=2236us merge=672us sort=4us map=0us TOTAL=3346us
[Stats] checked=226616 refined=6400
[Timing] coarse=442us fine=2673us merge=700us sort=4us map=0us TOTAL=3846us
[Stats] checked=229957 refined=6400
[Timing] coarse=586us fine=2291us merge=656us sort=5us map=0us TOTAL=3579us
[Stats] checked=241496 refined=6400
[Timing] coarse=508us fine=2153us merge=662us sort=5us map=0us TOTAL=3358us
[Stats] checked=215225 refined=6400
[Timing] coarse=401us fine=2169us merge=648us sort=5us map=0us TOTAL=3247us
[Stats] checked=223804 refined=6400
[Timing] coarse=400us fine=2798us merge=616us sort=5us map=0us TOTAL=3844us
[Stats] checked=239066 refined=6400
[Timing] coarse=571us fine=2308us merge=658us sort=5us map=1us TOTAL=3578us
[Stats] checked=227079 refined=6400
[Timing] coarse=454us fine=2106us merge=645us sort=5us map=0us TOTAL=3239us
[Stats] checked=227310 refined=6400
[Timing] coarse=536us fine=2363us merge=856us sort=4us map=1us TOTAL=3789us
[Stats] checked=209249 refined=6400
[Timing] coarse=519us fine=2427us merge=729us sort=4us map=1us TOTAL=3716us
[Stats] checked=212482 refined=6400
[Timing] coarse=533us fine=2247us merge=718us sort=4us map=0us TOTAL=3564us
[Stats] checked=223829 refined=6400
[Timing] coarse=410us fine=2123us merge=737us sort=5us map=0us TOTAL=3296us
[Stats] checked=240734 refined=6400
[Timing] coarse=364us fine=2591us merge=768us sort=5us map=0us TOTAL=3746us
[Stats] checked=208652 refined=6400
[Timing] coarse=432us fine=2641us merge=753us sort=5us map=1us TOTAL=3850us
[Stats] checked=230928 refined=6400
[Timing] coarse=501us fine=2382us merge=617us sort=5us map=0us TOTAL=3566us
[Stats] checked=237233 refined=6400
[Timing] coarse=431us fine=2240us merge=650us sort=5us map=0us TOTAL=3348us
[Stats] checked=221890 refined=6400
[Timing] coarse=570us fine=2377us merge=688us sort=5us map=0us TOTAL=3677us
[Stats] checked=225704 refined=6400
[Timing] coarse=499us fine=2385us merge=651us sort=5us map=0us TOTAL=3572us
[Stats] checked=241720 refined=6400
[Timing] coarse=506us fine=2335us merge=641us sort=4us map=0us TOTAL=3517us
[Stats] checked=204519 refined=6400
[Timing] coarse=475us fine=2134us merge=582us sort=4us map=0us TOTAL=3221us
[Stats] checked=250522 refined=6400
[Timing] coarse=417us fine=2490us merge=653us sort=5us map=0us TOTAL=3590us
[Stats] checked=248526 refined=6400
[Timing] coarse=365us fine=2347us merge=738us sort=4us map=0us TOTAL=3478us
[Stats] checked=209576 refined=6400
[Timing] coarse=479us fine=2347us merge=729us sort=5us map=0us TOTAL=3588us
[Stats] checked=218439 refined=6400
[Timing] coarse=460us fine=2095us merge=661us sort=4us map=0us TOTAL=3244us
[Stats] checked=223146 refined=6400
[Timing] coarse=421us fine=2329us merge=627us sort=5us map=0us TOTAL=3405us
[Stats] checked=239056 refined=6400
[Timing] coarse=488us fine=2307us merge=742us sort=5us map=0us TOTAL=3566us
[Stats] checked=226151 refined=6400
[Timing] coarse=535us fine=2184us merge=704us sort=4us map=0us TOTAL=3461us
[Stats] checked=238333 refined=6400
[Timing] coarse=496us fine=2221us merge=695us sort=4us map=0us TOTAL=3446us
[Stats] checked=216188 refined=6400
[Timing] coarse=441us fine=2377us merge=635us sort=4us map=0us TOTAL=3483us
[Stats] checked=236210 refined=6400
[Timing] coarse=581us fine=2424us merge=644us sort=5us map=0us TOTAL=3693us
[Stats] checked=236356 refined=6400
[Timing] coarse=483us fine=2348us merge=623us sort=5us map=0us TOTAL=3487us
[Stats] checked=262189 refined=6400
[Timing] coarse=802us fine=2505us merge=659us sort=4us map=0us TOTAL=4022us
[Stats] checked=199456 refined=6400
[Timing] coarse=457us fine=2280us merge=768us sort=5us map=0us TOTAL=3541us
[Stats] checked=233635 refined=6400
[Timing] coarse=466us fine=2147us merge=611us sort=5us map=0us TOTAL=3257us
[Stats] checked=262480 refined=6400
[Timing] coarse=405us fine=2149us merge=627us sort=4us map=0us TOTAL=3210us
[Stats] checked=250742 refined=6400
[Timing] coarse=456us fine=2323us merge=719us sort=5us map=0us TOTAL=3535us
[Stats] checked=255696 refined=6400
[Timing] coarse=421us fine=2232us merge=769us sort=5us map=0us TOTAL=3454us
[Stats] checked=207862 refined=6400
[Timing] coarse=425us fine=2869us merge=863us sort=5us map=0us TOTAL=4188us
[Stats] checked=254118 refined=6400
[Timing] coarse=507us fine=2261us merge=670us sort=5us map=1us TOTAL=3475us
[Stats] checked=247399 refined=6400
[Timing] coarse=379us fine=3109us merge=660us sort=5us map=0us TOTAL=4174us
[Stats] checked=249113 refined=6400
[Timing] coarse=372us fine=2571us merge=655us sort=4us map=0us TOTAL=3624us
[Stats] checked=255315 refined=6400
[Timing] coarse=380us fine=2238us merge=673us sort=5us map=0us TOTAL=3317us
[Stats] checked=223959 refined=6400
[Timing] coarse=347us fine=2307us merge=604us sort=4us map=0us TOTAL=3282us
[Stats] checked=245847 refined=6400
[Timing] coarse=454us fine=2631us merge=670us sort=5us map=0us TOTAL=3788us
[Stats] checked=226166 refined=6400
[Timing] coarse=856us fine=2266us merge=637us sort=5us map=0us TOTAL=3791us
[Stats] checked=242641 refined=6400
[Timing] coarse=447us fine=2115us merge=630us sort=5us map=0us TOTAL=3221us
[Stats] checked=252739 refined=6400
[Timing] coarse=383us fine=2169us merge=595us sort=5us map=0us TOTAL=3176us
[Stats] checked=244092 refined=6400
[Timing] coarse=362us fine=2136us merge=692us sort=4us map=0us TOTAL=3215us
[Stats] checked=202901 refined=6400
Processed 700 queries[Timing] coarse=492us fine=2184us merge=689us sort=5us map=0us TOTAL=3395us
[Stats] checked=217466 refined=6400
[Timing] coarse=802us fine=2118us merge=648us sort=5us map=0us TOTAL=3595us
[Stats] checked=231586 refined=6400
[Timing] coarse=396us fine=2202us merge=632us sort=4us map=0us TOTAL=3258us
[Stats] checked=246137 refined=6400
[Timing] coarse=362us fine=2134us merge=667us sort=5us map=0us TOTAL=3190us
[Stats] checked=214508 refined=6400
[Timing] coarse=417us fine=2190us merge=691us sort=5us map=0us TOTAL=3325us
[Stats] checked=236885 refined=6400
[Timing] coarse=452us fine=2158us merge=643us sort=5us map=0us TOTAL=3283us
[Stats] checked=222682 refined=6400
[Timing] coarse=358us fine=2240us merge=640us sort=5us map=0us TOTAL=3265us
[Stats] checked=232755 refined=6400
[Timing] coarse=352us fine=2093us merge=644us sort=4us map=0us TOTAL=3116us
[Stats] checked=248553 refined=6400
[Timing] coarse=499us fine=2134us merge=636us sort=4us map=1us TOTAL=3299us
[Stats] checked=240901 refined=6400
[Timing] coarse=502us fine=2177us merge=713us sort=5us map=0us TOTAL=3426us
[Stats] checked=244345 refined=6400
[Timing] coarse=524us fine=2154us merge=660us sort=5us map=0us TOTAL=3377us
[Stats] checked=207878 refined=6400
[Timing] coarse=462us fine=2728us merge=888us sort=5us map=0us TOTAL=4113us
[Stats] checked=252041 refined=6400
[Timing] coarse=470us fine=2531us merge=757us sort=5us map=0us TOTAL=3789us
[Stats] checked=217967 refined=6400
[Timing] coarse=529us fine=2269us merge=670us sort=5us map=1us TOTAL=3510us
[Stats] checked=211560 refined=6400
[Timing] coarse=475us fine=2210us merge=619us sort=5us map=0us TOTAL=3338us
[Stats] checked=232861 refined=6400
[Timing] coarse=519us fine=2185us merge=1091us sort=5us map=0us TOTAL=3832us
[Stats] checked=234136 refined=6400
[Timing] coarse=573us fine=2316us merge=654us sort=5us map=0us TOTAL=3592us
[Stats] checked=234425 refined=6400
[Timing] coarse=484us fine=2215us merge=618us sort=4us map=0us TOTAL=3345us
[Stats] checked=245532 refined=6400
[Timing] coarse=400us fine=2305us merge=737us sort=5us map=1us TOTAL=3470us
[Stats] checked=213986 refined=6400
[Timing] coarse=383us fine=2250us merge=622us sort=4us map=0us TOTAL=3279us
[Stats] checked=257282 refined=6400
[Timing] coarse=394us fine=2379us merge=907us sort=5us map=0us TOTAL=3708us
[Stats] checked=243302 refined=6400
[Timing] coarse=498us fine=2143us merge=695us sort=5us map=0us TOTAL=3368us
[Stats] checked=205236 refined=6400
[Timing] coarse=482us fine=2248us merge=675us sort=5us map=0us TOTAL=3440us
[Stats] checked=227170 refined=6400
[Timing] coarse=420us fine=2438us merge=731us sort=5us map=0us TOTAL=3618us
[Stats] checked=236822 refined=6400
[Timing] coarse=623us fine=2332us merge=735us sort=5us map=0us TOTAL=3736us
[Stats] checked=227196 refined=6400
[Timing] coarse=468us fine=2149us merge=659us sort=4us map=0us TOTAL=3380us
[Stats] checked=231656 refined=6400
[Timing] coarse=385us fine=2159us merge=705us sort=5us map=0us TOTAL=3276us
[Stats] checked=243905 refined=6400
[Timing] coarse=449us fine=2508us merge=740us sort=5us map=0us TOTAL=3729us
[Stats] checked=216219 refined=6400
[Timing] coarse=398us fine=2161us merge=649us sort=5us map=1us TOTAL=3239us
[Stats] checked=234806 refined=6400
[Timing] coarse=620us fine=2165us merge=658us sort=5us map=0us TOTAL=3500us
[Stats] checked=211506 refined=6400
[Timing] coarse=396us fine=2383us merge=683us sort=5us map=0us TOTAL=3489us
[Stats] checked=232148 refined=6400
[Timing] coarse=451us fine=2392us merge=649us sort=5us map=0us TOTAL=3526us
[Stats] checked=249285 refined=6400
[Timing] coarse=494us fine=2351us merge=668us sort=5us map=0us TOTAL=3548us
[Stats] checked=238133 refined=6400
[Timing] coarse=380us fine=2909us merge=686us sort=5us map=0us TOTAL=4002us
[Stats] checked=223274 refined=6400
[Timing] coarse=542us fine=2322us merge=716us sort=5us map=0us TOTAL=3614us
[Stats] checked=239647 refined=6400
[Timing] coarse=537us fine=2203us merge=742us sort=19us map=1us TOTAL=3533us
[Stats] checked=222122 refined=6400
[Timing] coarse=905us fine=2785us merge=722us sort=5us map=1us TOTAL=4466us
[Stats] checked=235938 refined=6400
[Timing] coarse=535us fine=2260us merge=664us sort=4us map=0us TOTAL=3497us
[Stats] checked=236448 refined=6400
[Timing] coarse=499us fine=2414us merge=642us sort=5us map=0us TOTAL=3590us
[Stats] checked=241713 refined=6400
[Timing] coarse=634us fine=2735us merge=816us sort=5us map=1us TOTAL=4235us
[Stats] checked=212769 refined=6400
[Timing] coarse=533us fine=2334us merge=645us sort=4us map=0us TOTAL=3556us
[Stats] checked=233564 refined=6400
[Timing] coarse=457us fine=2160us merge=945us sort=5us map=1us TOTAL=3592us
[Stats] checked=221879 refined=6400
[Timing] coarse=481us fine=2238us merge=673us sort=5us map=0us TOTAL=3424us
[Stats] checked=208006 refined=6400
[Timing] coarse=456us fine=2284us merge=682us sort=4us map=0us TOTAL=3455us
[Stats] checked=245040 refined=6400
[Timing] coarse=496us fine=2097us merge=690us sort=4us map=0us TOTAL=3313us
[Stats] checked=213725 refined=6400
[Timing] coarse=487us fine=2114us merge=748us sort=13us map=1us TOTAL=3393us
[Stats] checked=234366 refined=6400
[Timing] coarse=443us fine=2230us merge=623us sort=5us map=0us TOTAL=3327us
[Stats] checked=245937 refined=6400
[Timing] coarse=363us fine=2641us merge=653us sort=4us map=0us TOTAL=3684us
[Stats] checked=236404 refined=6400
[Timing] coarse=423us fine=2155us merge=690us sort=4us map=0us TOTAL=3301us
[Stats] checked=232155 refined=6400
[Timing] coarse=467us fine=2142us merge=741us sort=4us map=0us TOTAL=3380us
[Stats] checked=204179 refined=6400
Processed 750 queries[Timing] coarse=335us fine=2255us merge=725us sort=5us map=0us TOTAL=3340us
[Stats] checked=217264 refined=6400
[Timing] coarse=432us fine=2446us merge=699us sort=5us map=1us TOTAL=3604us
[Stats] checked=239349 refined=6400
[Timing] coarse=511us fine=2238us merge=682us sort=4us map=0us TOTAL=3466us
[Stats] checked=230094 refined=6400
[Timing] coarse=483us fine=2299us merge=657us sort=5us map=0us TOTAL=3472us
[Stats] checked=219387 refined=6400
[Timing] coarse=493us fine=2470us merge=728us sort=4us map=0us TOTAL=3727us
[Stats] checked=236566 refined=6400
[Timing] coarse=480us fine=2154us merge=647us sort=4us map=0us TOTAL=3314us
[Stats] checked=248226 refined=6400
[Timing] coarse=453us fine=2233us merge=664us sort=4us map=0us TOTAL=3382us
[Stats] checked=211849 refined=6400
[Timing] coarse=580us fine=2493us merge=665us sort=5us map=0us TOTAL=3782us
[Stats] checked=217056 refined=6400
[Timing] coarse=466us fine=2234us merge=668us sort=5us map=0us TOTAL=3398us
[Stats] checked=246936 refined=6400
[Timing] coarse=395us fine=2365us merge=838us sort=4us map=0us TOTAL=3624us
[Stats] checked=219410 refined=6400
[Timing] coarse=579us fine=2205us merge=661us sort=4us map=0us TOTAL=3486us
[Stats] checked=229445 refined=6400
[Timing] coarse=389us fine=2054us merge=618us sort=5us map=0us TOTAL=3087us
[Stats] checked=205958 refined=6400
[Timing] coarse=410us fine=2120us merge=663us sort=4us map=0us TOTAL=3221us
[Stats] checked=224423 refined=6400
[Timing] coarse=483us fine=2160us merge=667us sort=5us map=0us TOTAL=3341us
[Stats] checked=238217 refined=6400
[Timing] coarse=415us fine=2240us merge=670us sort=4us map=0us TOTAL=3351us
[Stats] checked=206394 refined=6400
[Timing] coarse=368us fine=2201us merge=603us sort=4us map=0us TOTAL=3199us
[Stats] checked=215166 refined=6400
[Timing] coarse=432us fine=2141us merge=658us sort=4us map=0us TOTAL=3260us
[Stats] checked=219961 refined=6400
[Timing] coarse=336us fine=2060us merge=665us sort=4us map=0us TOTAL=3086us
[Stats] checked=245162 refined=6400
[Timing] coarse=506us fine=2228us merge=718us sort=5us map=0us TOTAL=3489us
[Stats] checked=223508 refined=6400
[Timing] coarse=529us fine=2298us merge=649us sort=4us map=0us TOTAL=3566us
[Stats] checked=227724 refined=6400
[Timing] coarse=496us fine=2209us merge=661us sort=5us map=0us TOTAL=3400us
[Stats] checked=220598 refined=6400
[Timing] coarse=401us fine=2154us merge=755us sort=4us map=0us TOTAL=3333us
[Stats] checked=221376 refined=6400
[Timing] coarse=403us fine=3206us merge=662us sort=5us map=1us TOTAL=4298us
[Stats] checked=231485 refined=6400
[Timing] coarse=534us fine=2298us merge=652us sort=4us map=0us TOTAL=3523us
[Stats] checked=221825 refined=6400
[Timing] coarse=479us fine=2138us merge=623us sort=5us map=0us TOTAL=3268us
[Stats] checked=231507 refined=6400
[Timing] coarse=535us fine=2156us merge=690us sort=4us map=0us TOTAL=3412us
[Stats] checked=223448 refined=6400
[Timing] coarse=404us fine=2079us merge=644us sort=5us map=0us TOTAL=3152us
[Stats] checked=220752 refined=6400
[Timing] coarse=517us fine=2109us merge=639us sort=5us map=0us TOTAL=3301us
[Stats] checked=228624 refined=6400
[Timing] coarse=439us fine=2154us merge=671us sort=5us map=0us TOTAL=3292us
[Stats] checked=244949 refined=6400
[Timing] coarse=393us fine=2162us merge=662us sort=4us map=0us TOTAL=3241us
[Stats] checked=233400 refined=6400
[Timing] coarse=486us fine=2169us merge=723us sort=5us map=0us TOTAL=3419us
[Stats] checked=203949 refined=6400
[Timing] coarse=577us fine=2349us merge=668us sort=5us map=0us TOTAL=3634us
[Stats] checked=235236 refined=6400
[Timing] coarse=479us fine=2103us merge=685us sort=4us map=0us TOTAL=3297us
[Stats] checked=246810 refined=6400
[Timing] coarse=486us fine=2520us merge=698us sort=4us map=0us TOTAL=3736us
[Stats] checked=227483 refined=6400
[Timing] coarse=379us fine=2282us merge=883us sort=5us map=1us TOTAL=3570us
[Stats] checked=223588 refined=6400
[Timing] coarse=395us fine=2045us merge=655us sort=5us map=0us TOTAL=3122us
[Stats] checked=255498 refined=6400
[Timing] coarse=341us fine=2081us merge=617us sort=5us map=0us TOTAL=3065us
[Stats] checked=252313 refined=6400
[Timing] coarse=330us fine=2042us merge=640us sort=4us map=0us TOTAL=3034us
[Stats] checked=213469 refined=6400
[Timing] coarse=317us fine=2349us merge=645us sort=4us map=0us TOTAL=3332us
[Stats] checked=237827 refined=6400
[Timing] coarse=412us fine=2610us merge=641us sort=4us map=0us TOTAL=3690us
[Stats] checked=207618 refined=6400
[Timing] coarse=449us fine=2131us merge=650us sort=5us map=0us TOTAL=3256us
[Stats] checked=238013 refined=6400
[Timing] coarse=310us fine=2268us merge=630us sort=4us map=0us TOTAL=3229us
[Stats] checked=251477 refined=6400
[Timing] coarse=391us fine=2232us merge=630us sort=5us map=0us TOTAL=3279us
[Stats] checked=233159 refined=6400
[Timing] coarse=511us fine=2243us merge=698us sort=4us map=0us TOTAL=3487us
[Stats] checked=218852 refined=6400
[Timing] coarse=379us fine=2351us merge=650us sort=5us map=0us TOTAL=3407us
[Stats] checked=210728 refined=6400
[Timing] coarse=360us fine=2390us merge=631us sort=5us map=0us TOTAL=3448us
[Stats] checked=244799 refined=6400
[Timing] coarse=424us fine=2239us merge=675us sort=5us map=0us TOTAL=3366us
[Stats] checked=256771 refined=6400
[Timing] coarse=384us fine=2455us merge=624us sort=4us map=0us TOTAL=3491us
[Stats] checked=223536 refined=6400
[Timing] coarse=386us fine=2096us merge=622us sort=5us map=0us TOTAL=3130us
[Stats] checked=242944 refined=6400
[Timing] coarse=344us fine=2198us merge=678us sort=5us map=0us TOTAL=3245us
[Stats] checked=228859 refined=6400
Processed 800 queries[Timing] coarse=414us fine=2133us merge=656us sort=4us map=0us TOTAL=3231us
[Stats] checked=205900 refined=6400
[Timing] coarse=393us fine=2202us merge=636us sort=4us map=0us TOTAL=3257us
[Stats] checked=221160 refined=6400
[Timing] coarse=367us fine=2427us merge=644us sort=5us map=0us TOTAL=3465us
[Stats] checked=233684 refined=6400
[Timing] coarse=346us fine=2178us merge=616us sort=5us map=0us TOTAL=3165us
[Stats] checked=230259 refined=6400
[Timing] coarse=392us fine=2143us merge=650us sort=4us map=0us TOTAL=3209us
[Stats] checked=224011 refined=6400
[Timing] coarse=347us fine=2109us merge=737us sort=5us map=0us TOTAL=3218us
[Stats] checked=217862 refined=6400
[Timing] coarse=392us fine=2170us merge=832us sort=5us map=0us TOTAL=3419us
[Stats] checked=223805 refined=6400
[Timing] coarse=493us fine=2540us merge=611us sort=4us map=0us TOTAL=3678us
[Stats] checked=242024 refined=6400
[Timing] coarse=419us fine=2243us merge=626us sort=5us map=0us TOTAL=3315us
[Stats] checked=214296 refined=6400
[Timing] coarse=402us fine=2317us merge=672us sort=5us map=0us TOTAL=3417us
[Stats] checked=214452 refined=6400
[Timing] coarse=476us fine=2615us merge=708us sort=5us map=0us TOTAL=3829us
[Stats] checked=227959 refined=6400
[Timing] coarse=432us fine=2475us merge=689us sort=5us map=0us TOTAL=3622us
[Stats] checked=214858 refined=6400
[Timing] coarse=461us fine=2224us merge=714us sort=5us map=0us TOTAL=3430us
[Stats] checked=240473 refined=6400
[Timing] coarse=566us fine=2257us merge=667us sort=5us map=0us TOTAL=3527us
[Stats] checked=208929 refined=6400
[Timing] coarse=423us fine=2470us merge=599us sort=4us map=0us TOTAL=3530us
[Stats] checked=256379 refined=6400
[Timing] coarse=414us fine=2263us merge=635us sort=4us map=0us TOTAL=3339us
[Stats] checked=272273 refined=6400
[Timing] coarse=499us fine=2107us merge=634us sort=5us map=0us TOTAL=3277us
[Stats] checked=254960 refined=6400
[Timing] coarse=418us fine=2125us merge=676us sort=4us map=0us TOTAL=3246us
[Stats] checked=210841 refined=6400
[Timing] coarse=354us fine=2264us merge=783us sort=4us map=0us TOTAL=3427us
[Stats] checked=240373 refined=6400
[Timing] coarse=339us fine=2088us merge=608us sort=5us map=0us TOTAL=3059us
[Stats] checked=256891 refined=6400
[Timing] coarse=400us fine=2065us merge=643us sort=5us map=0us TOTAL=3135us
[Stats] checked=240143 refined=6400
[Timing] coarse=409us fine=2142us merge=622us sort=5us map=0us TOTAL=3200us
[Stats] checked=237060 refined=6400
[Timing] coarse=358us fine=2140us merge=600us sort=4us map=0us TOTAL=3122us
[Stats] checked=255113 refined=6400
[Timing] coarse=339us fine=2092us merge=635us sort=4us map=0us TOTAL=3090us
[Stats] checked=217862 refined=6400
[Timing] coarse=394us fine=2321us merge=682us sort=5us map=0us TOTAL=3425us
[Stats] checked=226843 refined=6400
[Timing] coarse=419us fine=2181us merge=623us sort=5us map=0us TOTAL=3251us
[Stats] checked=243801 refined=6400
[Timing] coarse=629us fine=2194us merge=621us sort=4us map=0us TOTAL=3485us
[Stats] checked=267870 refined=6400
[Timing] coarse=381us fine=2116us merge=644us sort=4us map=0us TOTAL=3168us
[Stats] checked=226642 refined=6400
[Timing] coarse=348us fine=2176us merge=633us sort=5us map=0us TOTAL=3182us
[Stats] checked=261497 refined=6400
[Timing] coarse=564us fine=2635us merge=719us sort=5us map=0us TOTAL=3959us
[Stats] checked=236288 refined=6400
[Timing] coarse=395us fine=2254us merge=641us sort=4us map=0us TOTAL=3322us
[Stats] checked=233660 refined=6400
[Timing] coarse=394us fine=2177us merge=645us sort=5us map=0us TOTAL=3245us
[Stats] checked=217693 refined=6400
[Timing] coarse=361us fine=2316us merge=598us sort=4us map=0us TOTAL=3302us
[Stats] checked=226493 refined=6400
[Timing] coarse=355us fine=2301us merge=638us sort=4us map=0us TOTAL=3322us
[Stats] checked=229278 refined=6400
[Timing] coarse=473us fine=2312us merge=614us sort=5us map=0us TOTAL=3434us
[Stats] checked=254283 refined=6400
[Timing] coarse=506us fine=2473us merge=902us sort=5us map=0us TOTAL=3917us
[Stats] checked=218855 refined=6400
[Timing] coarse=324us fine=2262us merge=646us sort=13us map=0us TOTAL=3262us
[Stats] checked=210006 refined=6400
[Timing] coarse=337us fine=2187us merge=619us sort=4us map=0us TOTAL=3163us
[Stats] checked=253911 refined=6400
[Timing] coarse=356us fine=2343us merge=605us sort=4us map=0us TOTAL=3325us
[Stats] checked=247951 refined=6400
[Timing] coarse=334us fine=2108us merge=710us sort=5us map=0us TOTAL=3189us
[Stats] checked=220092 refined=6400
[Timing] coarse=349us fine=2152us merge=659us sort=4us map=0us TOTAL=3185us
[Stats] checked=205631 refined=6400
[Timing] coarse=364us fine=2131us merge=688us sort=5us map=0us TOTAL=3208us
[Stats] checked=244628 refined=6400
[Timing] coarse=349us fine=2227us merge=675us sort=5us map=0us TOTAL=3274us
[Stats] checked=210137 refined=6400
[Timing] coarse=383us fine=2157us merge=652us sort=4us map=0us TOTAL=3216us
[Stats] checked=233038 refined=6400
[Timing] coarse=416us fine=2201us merge=716us sort=5us map=0us TOTAL=3358us
[Stats] checked=215332 refined=6400
[Timing] coarse=384us fine=2123us merge=651us sort=5us map=0us TOTAL=3184us
[Stats] checked=212976 refined=6400
[Timing] coarse=387us fine=2126us merge=655us sort=4us map=0us TOTAL=3195us
[Stats] checked=212399 refined=6400
[Timing] coarse=381us fine=2236us merge=630us sort=4us map=0us TOTAL=3272us
[Stats] checked=232472 refined=6400
[Timing] coarse=454us fine=2121us merge=646us sort=4us map=0us TOTAL=3250us
[Stats] checked=242636 refined=6400
[Timing] coarse=456us fine=2182us merge=667us sort=5us map=0us TOTAL=3332us
[Stats] checked=208042 refined=6400
Processed 850 queries[Timing] coarse=350us fine=2144us merge=633us sort=4us map=0us TOTAL=3151us
[Stats] checked=224097 refined=6400
[Timing] coarse=349us fine=2185us merge=654us sort=4us map=0us TOTAL=3213us
[Stats] checked=229373 refined=6400
[Timing] coarse=372us fine=2055us merge=650us sort=4us map=0us TOTAL=3101us
[Stats] checked=213408 refined=6400
[Timing] coarse=327us fine=2281us merge=732us sort=5us map=0us TOTAL=3364us
[Stats] checked=224128 refined=6400
[Timing] coarse=351us fine=2574us merge=673us sort=5us map=0us TOTAL=3622us
[Stats] checked=221107 refined=6400
[Timing] coarse=402us fine=2079us merge=784us sort=5us map=0us TOTAL=3289us
[Stats] checked=207844 refined=6400
[Timing] coarse=420us fine=2169us merge=613us sort=5us map=0us TOTAL=3227us
[Stats] checked=247206 refined=6400
[Timing] coarse=385us fine=2108us merge=654us sort=4us map=0us TOTAL=3170us
[Stats] checked=253530 refined=6400
[Timing] coarse=348us fine=2140us merge=647us sort=4us map=0us TOTAL=3157us
[Stats] checked=238167 refined=6400
[Timing] coarse=327us fine=2507us merge=596us sort=4us map=0us TOTAL=3453us
[Stats] checked=240429 refined=6400
[Timing] coarse=373us fine=2178us merge=631us sort=4us map=0us TOTAL=3205us
[Stats] checked=223429 refined=6400
[Timing] coarse=371us fine=2094us merge=626us sort=4us map=0us TOTAL=3114us
[Stats] checked=231620 refined=6400
[Timing] coarse=360us fine=2442us merge=626us sort=4us map=0us TOTAL=3453us
[Stats] checked=242705 refined=6400
[Timing] coarse=319us fine=1948us merge=611us sort=4us map=0us TOTAL=2900us
[Stats] checked=221744 refined=6400
[Timing] coarse=300us fine=2304us merge=635us sort=5us map=0us TOTAL=3260us
[Stats] checked=215031 refined=6400
[Timing] coarse=324us fine=2805us merge=673us sort=5us map=0us TOTAL=3824us
[Stats] checked=206992 refined=6400
[Timing] coarse=363us fine=2152us merge=647us sort=5us map=0us TOTAL=3185us
[Stats] checked=220618 refined=6400
[Timing] coarse=338us fine=2166us merge=636us sort=5us map=0us TOTAL=3162us
[Stats] checked=238090 refined=6400
[Timing] coarse=349us fine=2723us merge=638us sort=4us map=0us TOTAL=3733us
[Stats] checked=216438 refined=6400
[Timing] coarse=565us fine=2263us merge=637us sort=5us map=0us TOTAL=3501us
[Stats] checked=230196 refined=6400
[Timing] coarse=457us fine=2076us merge=607us sort=4us map=0us TOTAL=3168us
[Stats] checked=256657 refined=6400
[Timing] coarse=325us fine=2128us merge=641us sort=5us map=0us TOTAL=3116us
[Stats] checked=235976 refined=6400
[Timing] coarse=337us fine=2123us merge=681us sort=4us map=0us TOTAL=3163us
[Stats] checked=228319 refined=6400
[Timing] coarse=335us fine=2192us merge=672us sort=5us map=0us TOTAL=3221us
[Stats] checked=251501 refined=6400
[Timing] coarse=340us fine=2278us merge=782us sort=4us map=1us TOTAL=3422us
[Stats] checked=212080 refined=6400
[Timing] coarse=423us fine=2219us merge=702us sort=4us map=0us TOTAL=3373us
[Stats] checked=209095 refined=6400
[Timing] coarse=374us fine=2118us merge=738us sort=5us map=0us TOTAL=3254us
[Stats] checked=228028 refined=6400
[Timing] coarse=424us fine=2120us merge=666us sort=4us map=0us TOTAL=3240us
[Stats] checked=220824 refined=6400
[Timing] coarse=396us fine=2221us merge=670us sort=5us map=0us TOTAL=3314us
[Stats] checked=216458 refined=6400
[Timing] coarse=356us fine=2031us merge=635us sort=4us map=0us TOTAL=3055us
[Stats] checked=236885 refined=6400
[Timing] coarse=493us fine=2100us merge=629us sort=5us map=0us TOTAL=3253us
[Stats] checked=238062 refined=6400
[Timing] coarse=567us fine=2131us merge=683us sort=4us map=0us TOTAL=3408us
[Stats] checked=229377 refined=6400
[Timing] coarse=423us fine=2192us merge=623us sort=4us map=0us TOTAL=3264us
[Stats] checked=252640 refined=6400
[Timing] coarse=552us fine=2169us merge=653us sort=5us map=0us TOTAL=3411us
[Stats] checked=220827 refined=6400
[Timing] coarse=485us fine=2080us merge=635us sort=5us map=0us TOTAL=3233us
[Stats] checked=226458 refined=6400
[Timing] coarse=952us fine=2058us merge=651us sort=4us map=0us TOTAL=3686us
[Stats] checked=230582 refined=6400
[Timing] coarse=466us fine=2124us merge=656us sort=4us map=0us TOTAL=3275us
[Stats] checked=205924 refined=6400
[Timing] coarse=469us fine=2100us merge=712us sort=5us map=0us TOTAL=3312us
[Stats] checked=205015 refined=6400
[Timing] coarse=379us fine=2155us merge=695us sort=4us map=1us TOTAL=3258us
[Stats] checked=238034 refined=6400
[Timing] coarse=371us fine=2083us merge=576us sort=4us map=0us TOTAL=3057us
[Stats] checked=220130 refined=6400
[Timing] coarse=418us fine=2474us merge=666us sort=4us map=0us TOTAL=3588us
[Stats] checked=211294 refined=6400
[Timing] coarse=442us fine=2142us merge=612us sort=4us map=0us TOTAL=3222us
[Stats] checked=246985 refined=6400
[Timing] coarse=373us fine=2117us merge=645us sort=5us map=0us TOTAL=3162us
[Stats] checked=243462 refined=6400
[Timing] coarse=395us fine=2098us merge=650us sort=5us map=0us TOTAL=3170us
[Stats] checked=222115 refined=6400
[Timing] coarse=373us fine=2129us merge=653us sort=4us map=0us TOTAL=3182us
[Stats] checked=211451 refined=6400
[Timing] coarse=366us fine=2311us merge=655us sort=5us map=1us TOTAL=3358us
[Stats] checked=241341 refined=6400
[Timing] coarse=504us fine=2174us merge=675us sort=5us map=0us TOTAL=3395us
[Stats] checked=242085 refined=6400
[Timing] coarse=429us fine=2112us merge=604us sort=4us map=0us TOTAL=3171us
[Stats] checked=251647 refined=6400
[Timing] coarse=390us fine=2268us merge=674us sort=5us map=0us TOTAL=3356us
[Stats] checked=219063 refined=6400
[Timing] coarse=479us fine=2225us merge=719us sort=5us map=0us TOTAL=3453us
[Stats] checked=215618 refined=6400
Processed 900 queries[Timing] coarse=479us fine=2221us merge=669us sort=4us map=0us TOTAL=3398us
[Stats] checked=234309 refined=6400
[Timing] coarse=410us fine=2235us merge=620us sort=5us map=0us TOTAL=3292us
[Stats] checked=249964 refined=6400
[Timing] coarse=480us fine=2353us merge=714us sort=4us map=0us TOTAL=3577us
[Stats] checked=236831 refined=6400
[Timing] coarse=570us fine=2222us merge=647us sort=4us map=0us TOTAL=3479us
[Stats] checked=222701 refined=6400
[Timing] coarse=486us fine=2321us merge=659us sort=5us map=0us TOTAL=3501us
[Stats] checked=208089 refined=6400
[Timing] coarse=510us fine=2212us merge=649us sort=5us map=0us TOTAL=3407us
[Stats] checked=241980 refined=6400
[Timing] coarse=433us fine=2810us merge=684us sort=5us map=0us TOTAL=3954us
[Stats] checked=240446 refined=6400
[Timing] coarse=445us fine=2218us merge=662us sort=5us map=0us TOTAL=3354us
[Stats] checked=211090 refined=6400
[Timing] coarse=609us fine=2249us merge=677us sort=5us map=0us TOTAL=3580us
[Stats] checked=233715 refined=6400
[Timing] coarse=491us fine=2276us merge=657us sort=5us map=0us TOTAL=3459us
[Stats] checked=214876 refined=6400
[Timing] coarse=442us fine=2206us merge=724us sort=5us map=0us TOTAL=3402us
[Stats] checked=228157 refined=6400
[Timing] coarse=560us fine=2313us merge=721us sort=5us map=0us TOTAL=3634us
[Stats] checked=214526 refined=6400
[Timing] coarse=533us fine=2384us merge=696us sort=5us map=1us TOTAL=3655us
[Stats] checked=225604 refined=6400
[Timing] coarse=517us fine=2190us merge=673us sort=4us map=0us TOTAL=3415us
[Stats] checked=234666 refined=6400
[Timing] coarse=502us fine=2464us merge=997us sort=5us map=0us TOTAL=4000us
[Stats] checked=209768 refined=6400
[Timing] coarse=576us fine=2599us merge=701us sort=5us map=0us TOTAL=3914us
[Stats] checked=228266 refined=6400
[Timing] coarse=505us fine=2334us merge=673us sort=5us map=0us TOTAL=3545us
[Stats] checked=214442 refined=6400
[Timing] coarse=527us fine=2488us merge=643us sort=4us map=0us TOTAL=3696us
[Stats] checked=235178 refined=6400
[Timing] coarse=513us fine=2404us merge=733us sort=4us map=1us TOTAL=3688us
[Stats] checked=226756 refined=6400
[Timing] coarse=417us fine=2285us merge=696us sort=5us map=0us TOTAL=3430us
[Stats] checked=204170 refined=6400
[Timing] coarse=569us fine=2288us merge=689us sort=5us map=0us TOTAL=3588us
[Stats] checked=255396 refined=6400
[Timing] coarse=520us fine=2199us merge=636us sort=4us map=0us TOTAL=3393us
[Stats] checked=238082 refined=6400
[Timing] coarse=490us fine=2203us merge=645us sort=17us map=0us TOTAL=3383us
[Stats] checked=243446 refined=6400
[Timing] coarse=455us fine=2207us merge=658us sort=5us map=0us TOTAL=3352us
[Stats] checked=226792 refined=6400
[Timing] coarse=538us fine=1994us merge=699us sort=5us map=0us TOTAL=3265us
[Stats] checked=232270 refined=6400
[Timing] coarse=392us fine=2294us merge=645us sort=5us map=0us TOTAL=3359us
[Stats] checked=223902 refined=6400
[Timing] coarse=454us fine=2387us merge=695us sort=5us map=1us TOTAL=3567us
[Stats] checked=223298 refined=6400
[Timing] coarse=368us fine=2344us merge=669us sort=5us map=0us TOTAL=3408us
[Stats] checked=204623 refined=6400
[Timing] coarse=436us fine=2102us merge=672us sort=5us map=0us TOTAL=3237us
[Stats] checked=239526 refined=6400
[Timing] coarse=480us fine=2158us merge=656us sort=4us map=0us TOTAL=3330us
[Stats] checked=265925 refined=6400
[Timing] coarse=467us fine=2421us merge=612us sort=5us map=0us TOTAL=3596us
[Stats] checked=243684 refined=6400
[Timing] coarse=477us fine=2225us merge=643us sort=4us map=0us TOTAL=3375us
[Stats] checked=264553 refined=6400
[Timing] coarse=455us fine=2738us merge=705us sort=5us map=1us TOTAL=3929us
[Stats] checked=219230 refined=6400
[Timing] coarse=403us fine=2466us merge=858us sort=4us map=0us TOTAL=3757us
[Stats] checked=224523 refined=6400
[Timing] coarse=591us fine=2306us merge=703us sort=5us map=1us TOTAL=3639us
[Stats] checked=214459 refined=6400
[Timing] coarse=440us fine=2316us merge=676us sort=5us map=0us TOTAL=3462us
[Stats] checked=232249 refined=6400
[Timing] coarse=517us fine=2141us merge=752us sort=5us map=0us TOTAL=3448us
[Stats] checked=237958 refined=6400
[Timing] coarse=654us fine=2716us merge=684us sort=5us map=0us TOTAL=4100us
[Stats] checked=227925 refined=6400
[Timing] coarse=447us fine=2422us merge=617us sort=5us map=0us TOTAL=3516us
[Stats] checked=225241 refined=6400
[Timing] coarse=465us fine=2079us merge=643us sort=5us map=0us TOTAL=3216us
[Stats] checked=214365 refined=6400
[Timing] coarse=439us fine=2318us merge=692us sort=5us map=1us TOTAL=3480us
[Stats] checked=232286 refined=6400
[Timing] coarse=445us fine=2271us merge=676us sort=5us map=0us TOTAL=3421us
[Stats] checked=220422 refined=6400
[Timing] coarse=536us fine=2153us merge=693us sort=5us map=1us TOTAL=3421us
[Stats] checked=211853 refined=6400
[Timing] coarse=485us fine=2268us merge=653us sort=5us map=0us TOTAL=3441us
[Stats] checked=227079 refined=6400
[Timing] coarse=364us fine=2168us merge=734us sort=4us map=0us TOTAL=3291us
[Stats] checked=214237 refined=6400
[Timing] coarse=445us fine=2275us merge=798us sort=5us map=1us TOTAL=3549us
[Stats] checked=240319 refined=6400
[Timing] coarse=511us fine=2153us merge=620us sort=5us map=0us TOTAL=3318us
[Stats] checked=249305 refined=6400
[Timing] coarse=412us fine=2102us merge=610us sort=5us map=0us TOTAL=3147us
[Stats] checked=240128 refined=6400
[Timing] coarse=416us fine=2089us merge=695us sort=15us map=1us TOTAL=3237us
[Stats] checked=223919 refined=6400
[Timing] coarse=412us fine=2129us merge=638us sort=5us map=0us TOTAL=3205us
[Stats] checked=236315 refined=6400
Processed 950 queries[Timing] coarse=469us fine=2115us merge=1141us sort=4us map=0us TOTAL=3759us
[Stats] checked=222846 refined=6400
[Timing] coarse=469us fine=2162us merge=705us sort=4us map=0us TOTAL=3367us
[Stats] checked=220169 refined=6400
[Timing] coarse=359us fine=2368us merge=588us sort=4us map=0us TOTAL=3344us
[Stats] checked=246765 refined=6400
[Timing] coarse=408us fine=2199us merge=655us sort=5us map=0us TOTAL=3290us
[Stats] checked=209517 refined=6400
[Timing] coarse=403us fine=2135us merge=626us sort=5us map=0us TOTAL=3190us
[Stats] checked=211462 refined=6400
[Timing] coarse=357us fine=2568us merge=719us sort=5us map=0us TOTAL=3670us
[Stats] checked=221636 refined=6400
[Timing] coarse=335us fine=2142us merge=606us sort=5us map=0us TOTAL=3109us
[Stats] checked=244360 refined=6400
[Timing] coarse=362us fine=2326us merge=698us sort=4us map=0us TOTAL=3411us
[Stats] checked=230695 refined=6400
[Timing] coarse=388us fine=2190us merge=657us sort=4us map=0us TOTAL=3261us
[Stats] checked=206348 refined=6400
[Timing] coarse=375us fine=2212us merge=724us sort=4us map=0us TOTAL=3336us
[Stats] checked=269238 refined=6400
[Timing] coarse=401us fine=2192us merge=667us sort=4us map=0us TOTAL=3285us
[Stats] checked=228524 refined=6400
[Timing] coarse=393us fine=2652us merge=692us sort=5us map=0us TOTAL=3764us
[Stats] checked=227948 refined=6400
[Timing] coarse=463us fine=2389us merge=711us sort=4us map=0us TOTAL=3595us
[Stats] checked=201843 refined=6400
[Timing] coarse=405us fine=2283us merge=668us sort=5us map=0us TOTAL=3383us
[Stats] checked=232881 refined=6400
[Timing] coarse=413us fine=2560us merge=703us sort=5us map=0us TOTAL=3703us
[Stats] checked=214897 refined=6400
[Timing] coarse=440us fine=2293us merge=769us sort=5us map=0us TOTAL=3531us
[Stats] checked=211273 refined=6400
[Timing] coarse=430us fine=2447us merge=744us sort=5us map=0us TOTAL=3647us
[Stats] checked=221591 refined=6400
[Timing] coarse=421us fine=2319us merge=715us sort=4us map=0us TOTAL=3484us
[Stats] checked=199220 refined=6400
[Timing] coarse=440us fine=2350us merge=729us sort=5us map=0us TOTAL=3546us
[Stats] checked=242392 refined=6400
[Timing] coarse=588us fine=2642us merge=787us sort=5us map=0us TOTAL=4050us
[Stats] checked=241237 refined=6400
[Timing] coarse=617us fine=2235us merge=664us sort=5us map=0us TOTAL=3550us
[Stats] checked=233443 refined=6400
[Timing] coarse=363us fine=2176us merge=668us sort=4us map=0us TOTAL=3231us
[Stats] checked=220182 refined=6400
[Timing] coarse=468us fine=2850us merge=668us sort=5us map=0us TOTAL=4015us
[Stats] checked=231520 refined=6400
[Timing] coarse=350us fine=2343us merge=762us sort=5us map=1us TOTAL=3483us
[Stats] checked=241134 refined=6400
[Timing] coarse=466us fine=2469us merge=731us sort=5us map=0us TOTAL=3694us
[Stats] checked=218165 refined=6400
[Timing] coarse=569us fine=2307us merge=657us sort=5us map=0us TOTAL=3577us
[Stats] checked=249603 refined=6400
[Timing] coarse=603us fine=2418us merge=666us sort=5us map=0us TOTAL=3731us
[Stats] checked=224281 refined=6400
[Timing] coarse=561us fine=2314us merge=668us sort=5us map=0us TOTAL=3580us
[Stats] checked=232471 refined=6400
[Timing] coarse=464us fine=2405us merge=645us sort=5us map=0us TOTAL=3546us
[Stats] checked=246535 refined=6400
[Timing] coarse=453us fine=2570us merge=739us sort=6us map=0us TOTAL=3798us
[Stats] checked=236458 refined=6400
[Timing] coarse=507us fine=2638us merge=724us sort=5us map=1us TOTAL=3910us
[Stats] checked=213233 refined=6400
[Timing] coarse=649us fine=2573us merge=714us sort=5us map=0us TOTAL=3981us
[Stats] checked=251352 refined=6400
[Timing] coarse=533us fine=2332us merge=641us sort=5us map=0us TOTAL=3541us
[Stats] checked=262765 refined=6400
[Timing] coarse=403us fine=2363us merge=680us sort=5us map=1us TOTAL=3473us
[Stats] checked=234244 refined=6400
[Timing] coarse=582us fine=2767us merge=901us sort=7us map=0us TOTAL=4298us
[Stats] checked=223109 refined=6400
[Timing] coarse=583us fine=2464us merge=714us sort=5us map=0us TOTAL=3806us
[Stats] checked=215502 refined=6400
[Timing] coarse=510us fine=2264us merge=684us sort=5us map=0us TOTAL=3494us
[Stats] checked=233594 refined=6400
[Timing] coarse=446us fine=2462us merge=664us sort=5us map=1us TOTAL=3605us
[Stats] checked=219469 refined=6400
[Timing] coarse=487us fine=2671us merge=699us sort=5us map=1us TOTAL=3887us
[Stats] checked=222760 refined=6400
[Timing] coarse=483us fine=2522us merge=624us sort=5us map=0us TOTAL=3663us
[Stats] checked=261444 refined=6400
[Timing] coarse=423us fine=2192us merge=653us sort=5us map=0us TOTAL=3300us
[Stats] checked=225881 refined=6400
[Timing] coarse=420us fine=2120us merge=663us sort=5us map=0us TOTAL=3233us
[Stats] checked=213018 refined=6400
[Timing] coarse=375us fine=2222us merge=651us sort=5us map=0us TOTAL=3276us
[Stats] checked=221620 refined=6400
[Timing] coarse=415us fine=2135us merge=722us sort=5us map=1us TOTAL=3299us
[Stats] checked=217573 refined=6400
[Timing] coarse=507us fine=2170us merge=696us sort=5us map=1us TOTAL=3402us
[Stats] checked=228441 refined=6400
[Timing] coarse=477us fine=2112us merge=668us sort=5us map=0us TOTAL=3290us
[Stats] checked=217046 refined=6400
[Timing] coarse=381us fine=2625us merge=674us sort=4us map=0us TOTAL=3710us
[Stats] checked=211052 refined=6400
[Timing] coarse=358us fine=2097us merge=669us sort=5us map=1us TOTAL=3150us
[Stats] checked=209126 refined=6400
[Timing] coarse=376us fine=2109us merge=629us sort=4us map=0us TOTAL=3137us
[Stats] checked=229989 refined=6400
[Timing] coarse=357us fine=2159us merge=679us sort=5us map=0us TOTAL=3219us
[Stats] checked=213505 refined=6400
Processed 1000 queries
=== Results ===
Total queries: 1000
Average recall@10: 0.9888
Average query time: 4.20 ms
Index build time: 62 seconds
