   [START] m=64, efc=843, efs=1306
   [LOG] Log/trial_m64_efc843_efs1306_20251125_185731.log
   [RUN 1/1] Executing: ./hng --m 64 --efc 843 --efs 1306

============================================================
Trial: m=64, efc=843, efs=1306, Run 1/1
Timestamp: 2025-11-25T18:57:31.715992
Command: ./hng --m 64 --efc 843 --efs 1306
============================================================

[OUT] ========== HNSW Search Test ==========
[ERR] Loaded base from binary cache: data_o/glove/base.txt.bin
[OUT] 
[OUT] Timestamp: Tue Nov 25 18:57:31 2025
[OUT] 
[OUT] Command line arguments:
[OUT]   argv[0]: ./hng
[OUT]   argv[1]: --m
[OUT]   argv[2]: 64
[OUT]   argv[3]: --efc
[OUT]   argv[4]: 843
[OUT]   argv[5]: --efs
[OUT]   argv[6]: 1306
[OUT] 
[OUT] Configuration:
[OUT]   Base file: data_o/glove/base.txt
[OUT]   Query file: data_o/glove/query.txt
[OUT]   Truth file: data_o/glove/truth.txt
[OUT]   K: 10
[OUT]   M: 64
[OUT]   Max layer: -1
[OUT]   EFC: 843
[OUT]   EFS: 1306
[OUT]   Threads: -1
[OUT]   Debug: -1
[OUT] 
[OUT] HNSW parameters set.
[OUT] 
[OUT] Loading base vectors...
[OUT] ✓ Base loaded in 1988.450565 ms
[ERR] Loaded queries from binary cache: data_o/glove/query.txt.bin
[OUT] 
[OUT] Loading query vectors...
[OUT] ✓ Queries loaded in 70.141335 ms
[ERR] Loaded truth from binary cache: data_o/glove/truth.txt.bin
[OUT] 
[OUT] Loading ground truth...
[OUT] ✓ Truth loaded in 66.175853 ms
[OUT] 
[OUT] Data Summary:
[OUT]   Dimension d=100, Base vectors=1183514, Queries=10000
[OUT] 
[OUT] 
[OUT] Building HNSW index...
[OUT] [Progress] 122001/1183514 (10.3%) Time: 18018.98 ms
[OUT] [Progress] 241001/1183514 (20.4%) Time: 81903.86 ms
[OUT] [Progress] 360001/1183514 (30.4%) Time: 178235.54 ms
[OUT] [Progress] 479001/1183514 (40.5%) Time: 283073.62 ms
[OUT] [Progress] 598001/1183514 (50.5%) Time: 390389.80 ms
[OUT] [Progress] 717001/1183514 (60.6%) Time: 514652.78 ms
[OUT] [Progress] 836001/1183514 (70.6%) Time: 636413.72 ms
[OUT] [Progress] 955001/1183514 (80.7%) Time: 764210.21 ms
[OUT] [Progress] 1075001/1183514 (90.8%) Time: 900784.08 ms
[OUT] [Timing] Parallel Build: 1011632.03 ms for 1183514 points.
[OUT] ✓ Index built.
[OUT]   build_time(local)=935284.345650 ms
[OUT]   build_time(internal)=1011632.028744 ms
[OUT] 
[OUT] 
[OUT] Executing queries...
[OUT] 
[OUT] [Timing] Search: 24.47 ms, dist_count=68902
[OUT] [Timing] Search: 11.47 ms, dist_count=50992
[OUT] [Timing] Search: 9.96 ms, dist_count=35315
[OUT] [Timing] Search: 13.12 ms, dist_count=72591
[OUT] [Timing] Search: 12.34 ms, dist_count=71130
[OUT] [Timing] Search: 15.82 ms, dist_count=100515
[OUT] [Timing] Search: 10.41 ms, dist_count=49943
[OUT] [Timing] Search: 15.16 ms, dist_count=90802
[OUT] [Timing] Search: 13.76 ms, dist_count=77831
[OUT] [Timing] Search: 13.25 ms, dist_count=69724
[OUT] [Timing] Search: 8.78 ms, dist_count=28276
[OUT] [Timing] Search: 13.65 ms, dist_count=77445
[OUT] [Timing] Search: 7.54 ms, dist_count=23565
[OUT] [Timing] Search: 12.42 ms, dist_count=65935
[OUT] [Timing] Search: 7.79 ms, dist_count=26189
[OUT] [Timing] Search: 6.79 ms, dist_count=32935
[OUT] [Timing] Search: 9.25 ms, dist_count=55624
[OUT] [Timing] Search: 6.99 ms, dist_count=36643
[OUT] [Timing] Search: 10.06 ms, dist_count=57506
[OUT] [Timing] Search: 3.85 ms, dist_count=7778
[OUT] [Timing] Search: 10.17 ms, dist_count=61735
[OUT] [Timing] Search: 8.53 ms, dist_count=46800
[OUT] [Timing] Search: 9.92 ms, dist_count=63659
[OUT] [Timing] Search: 4.90 ms, dist_count=10631
[OUT] [Timing] Search: 12.06 ms, dist_count=69783
[OUT] [Timing] Search: 9.95 ms, dist_count=58138
[OUT] [Timing] Search: 4.58 ms, dist_count=13458
[OUT] [Timing] Search: 10.11 ms, dist_count=61537
[OUT] [Timing] Search: 9.44 ms, dist_count=59669
[OUT] [Timing] Search: 12.51 ms, dist_count=88552
[OUT] [Timing] Search: 9.16 ms, dist_count=54179
[OUT] [Timing] Search: 9.34 ms, dist_count=56725
[OUT] [Timing] Search: 7.21 ms, dist_count=33805
[OUT] [Timing] Search: 8.40 ms, dist_count=34449
[OUT] [Timing] Search: 7.82 ms, dist_count=39994
[OUT] [Timing] Search: 7.03 ms, dist_count=35734
[OUT] [Timing] Search: 10.75 ms, dist_count=70294
[OUT] [Timing] Search: 7.40 ms, dist_count=36597
[OUT] [Timing] Search: 8.25 ms, dist_count=47016
[OUT] [Timing] Search: 12.55 ms, dist_count=82728
[OUT] [Timing] Search: 12.50 ms, dist_count=78349
[OUT] [Timing] Search: 11.83 ms, dist_count=74534
[OUT] [Timing] Search: 7.82 ms, dist_count=43493
[OUT] [Timing] Search: 5.76 ms, dist_count=23081
[OUT] [Timing] Search: 7.75 ms, dist_count=41689
[OUT] [Timing] Search: 6.04 ms, dist_count=24213
[OUT] [Timing] Search: 11.85 ms, dist_count=84965
[OUT] [Timing] Search: 8.33 ms, dist_count=42758
[OUT] [Timing] Search: 9.78 ms, dist_count=61940
[OUT] [Timing] Search: 3.95 ms, dist_count=10174
[OUT] [Timing] Search: 7.56 ms, dist_count=38549
[OUT] [Timing] Search: 4.94 ms, dist_count=14139
[OUT] [Timing] Search: 8.70 ms, dist_count=45352
[OUT] [Timing] Search: 8.79 ms, dist_count=51288
[OUT] [Timing] Search: 5.45 ms, dist_count=19356
[OUT] [Timing] Search: 13.43 ms, dist_count=86831
[OUT] [Timing] Search: 7.85 ms, dist_count=39818
[OUT] [Timing] Search: 4.58 ms, dist_count=12484
[OUT] [Timing] Search: 9.44 ms, dist_count=57747
[OUT] [Timing] Search: 10.24 ms, dist_count=63679
[OUT] [Timing] Search: 6.60 ms, dist_count=32487
[OUT] [Timing] Search: 6.29 ms, dist_count=26781
[OUT] [Timing] Search: 12.50 ms, dist_count=92616
[OUT] [Timing] Search: 6.78 ms, dist_count=25104
[OUT] [Timing] Search: 11.07 ms, dist_count=72887
[OUT] [Timing] Search: 9.37 ms, dist_count=61359
[OUT] [Timing] Search: 3.59 ms, dist_count=7944
[OUT] [Timing] Search: 6.73 ms, dist_count=26247
[OUT] [Timing] Search: 5.83 ms, dist_count=23972
[OUT] [Timing] Search: 11.85 ms, dist_count=80889
[OUT] [Timing] Search: 11.98 ms, dist_count=80806
[OUT] [Timing] Search: 3.36 ms, dist_count=6313
[OUT] [Timing] Search: 5.79 ms, dist_count=19898
[OUT] [Timing] Search: 5.92 ms, dist_count=24376
[OUT] [Timing] Search: 5.18 ms, dist_count=20893
[OUT] [Timing] Search: 8.16 ms, dist_count=44120
[OUT] [Timing] Search: 6.93 ms, dist_count=31202
[OUT] [Timing] Search: 7.85 ms, dist_count=37922
[OUT] [Timing] Search: 11.10 ms, dist_count=75540
[OUT] [Timing] Search: 9.96 ms, dist_count=60784
[OUT] [Timing] Search: 9.88 ms, dist_count=52659
[OUT] [Timing] Search: 6.69 ms, dist_count=30013
[OUT] [Timing] Search: 10.97 ms, dist_count=72255
[OUT] [Timing] Search: 4.10 ms, dist_count=12688
[OUT] [Timing] Search: 7.98 ms, dist_count=39965
[OUT] [Timing] Search: 5.30 ms, dist_count=17801
[OUT] [Timing] Search: 7.29 ms, dist_count=36802
[OUT] [Timing] Search: 7.42 ms, dist_count=35193
[OUT] [Timing] Search: 7.80 ms, dist_count=37512
[OUT] [Timing] Search: 8.80 ms, dist_count=51934
[OUT] [Timing] Search: 11.99 ms, dist_count=82045
[OUT] [Timing] Search: 6.17 ms, dist_count=26140
[OUT] [Timing] Search: 9.37 ms, dist_count=55282
[OUT] [Timing] Search: 8.97 ms, dist_count=51694
[OUT] [Timing] Search: 11.84 ms, dist_count=86636
[OUT] [Timing] Search: 8.33 ms, dist_count=44126
[OUT] [Timing] Search: 10.13 ms, dist_count=63819
[OUT] [Timing] Search: 9.71 ms, dist_count=61676
[OUT] [Timing] Search: 12.58 ms, dist_count=82824
[OUT] [Timing] Search: 6.32 ms, dist_count=25224
[OUT] [Timing] Search: 10.09 ms, dist_count=66579
[OUT] [Timing] Search: 13.00 ms, dist_count=87525
[OUT] [Timing] Search: 11.85 ms, dist_count=76249
[OUT] [Timing] Search: 8.97 ms, dist_count=51110
[OUT] [Timing] Search: 10.20 ms, dist_count=66761
[OUT] [Timing] Search: 9.37 ms, dist_count=56801
[OUT] [Timing] Search: 10.53 ms, dist_count=66698
[OUT] [Timing] Search: 7.38 ms, dist_count=37141
[OUT] [Timing] Search: 8.61 ms, dist_count=48686
[OUT] [Timing] Search: 5.87 ms, dist_count=25541
[OUT] [Timing] Search: 10.51 ms, dist_count=68126
[OUT] [Timing] Search: 6.14 ms, dist_count=25313
[OUT] [Timing] Search: 7.22 ms, dist_count=33823
[OUT] [Timing] Search: 12.19 ms, dist_count=82387
[OUT] [Timing] Search: 10.94 ms, dist_count=68510
[OUT] [Timing] Search: 11.52 ms, dist_count=80150
[OUT] [Timing] Search: 9.58 ms, dist_count=56803
[OUT] [Timing] Search: 8.86 ms, dist_count=48843
[OUT] [Timing] Search: 4.54 ms, dist_count=13810
[OUT] [Timing] Search: 10.70 ms, dist_count=69238
[OUT] [Timing] Search: 4.45 ms, dist_count=15197
[OUT] [Timing] Search: 9.29 ms, dist_count=50731
[OUT] [Timing] Search: 8.12 ms, dist_count=46453
[OUT] [Timing] Search: 11.36 ms, dist_count=76405
[OUT] [Timing] Search: 7.51 ms, dist_count=35351
[OUT] [Timing] Search: 7.93 ms, dist_count=42415
[OUT] [Timing] Search: 10.70 ms, dist_count=69062
[OUT] [Timing] Search: 12.49 ms, dist_count=86004
[OUT] [Timing] Search: 4.19 ms, dist_count=10356
[OUT] [Timing] Search: 6.47 ms, dist_count=32147
[OUT] [Timing] Search: 3.11 ms, dist_count=7120
[OUT] [Timing] Search: 6.85 ms, dist_count=32016
[OUT] [Timing] Search: 7.12 ms, dist_count=37264
[OUT] [Timing] Search: 3.77 ms, dist_count=7296
[OUT] [Timing] Search: 9.34 ms, dist_count=55308
[OUT] [Timing] Search: 9.96 ms, dist_count=61269
[OUT] [Timing] Search: 10.21 ms, dist_count=69843
[OUT] [Timing] Search: 11.87 ms, dist_count=81369
[OUT] [Timing] Search: 5.80 ms, dist_count=27907
[OUT] [Timing] Search: 11.22 ms, dist_count=71695
[OUT] [Timing] Search: 5.56 ms, dist_count=20812
[OUT] [Timing] Search: 4.76 ms, dist_count=17055
[OUT] [Timing] Search: 9.84 ms, dist_count=58029
[OUT] [Timing] Search: 5.09 ms, dist_count=12654
[OUT] [Timing] Search: 9.29 ms, dist_count=38173
[OUT] [Timing] Search: 11.78 ms, dist_count=83176
[OUT] [Timing] Search: 9.42 ms, dist_count=54709
[OUT] [Timing] Search: 6.27 ms, dist_count=26972
[OUT] [Timing] Search: 8.72 ms, dist_count=51696
[OUT] [Timing] Search: 7.20 ms, dist_count=33848
[OUT] [Timing] Search: 4.85 ms, dist_count=14371
[OUT] [Timing] Search: 6.56 ms, dist_count=27262
[OUT] [Timing] Search: 7.46 ms, dist_count=33451
[OUT] [Timing] Search: 12.63 ms, dist_count=87143
[OUT] [Timing] Search: 9.12 ms, dist_count=55487
[OUT] [Timing] Search: 8.55 ms, dist_count=50255
[OUT] [Timing] Search: 9.89 ms, dist_count=61921
[OUT] [Timing] Search: 5.68 ms, dist_count=22131
[OUT] [Timing] Search: 7.26 ms, dist_count=34168
[OUT] [Timing] Search: 9.11 ms, dist_count=53472
[OUT] [Timing] Search: 7.11 ms, dist_count=33543
[OUT] [Timing] Search: 5.62 ms, dist_count=20665
[OUT] [Timing] Search: 13.77 ms, dist_count=82298
[OUT] [Timing] Search: 11.63 ms, dist_count=74702
[OUT] [Timing] Search: 5.29 ms, dist_count=20567
[OUT] [Timing] Search: 9.10 ms, dist_count=51832
[OUT] [Timing] Search: 6.35 ms, dist_count=26699
[OUT] [Timing] Search: 11.08 ms, dist_count=76294
[OUT] [Timing] Search: 14.17 ms, dist_count=107808
[OUT] [Timing] Search: 8.30 ms, dist_count=42479
[OUT] [Timing] Search: 10.09 ms, dist_count=63319
[OUT] [Timing] Search: 6.18 ms, dist_count=24907
[OUT] [Timing] Search: 15.62 ms, dist_count=106619
[OUT] [Timing] Search: 9.69 ms, dist_count=57363
[OUT] [Timing] Search: 11.95 ms, dist_count=83220
[OUT] [Timing] Search: 7.40 ms, dist_count=35484
[OUT] [Timing] Search: 13.52 ms, dist_count=99879
[OUT] [Timing] Search: 10.11 ms, dist_count=65978
[OUT] [Timing] Search: 8.43 ms, dist_count=51040
[OUT] [Timing] Search: 3.75 ms, dist_count=9222
[OUT] [Timing] Search: 10.09 ms, dist_count=65435
[OUT] [Timing] Search: 9.66 ms, dist_count=48921
[OUT] [Timing] Search: 4.92 ms, dist_count=17131
[OUT] [Timing] Search: 11.68 ms, dist_count=81301
[OUT] [Timing] Search: 7.11 ms, dist_count=34792
[OUT] [Timing] Search: 6.64 ms, dist_count=29271
[OUT] [Timing] Search: 11.21 ms, dist_count=78804
[OUT] [Timing] Search: 5.20 ms, dist_count=21108
[OUT] [Timing] Search: 9.19 ms, dist_count=54083
[OUT] [Timing] Search: 12.19 ms, dist_count=85907
[OUT] [Timing] Search: 11.77 ms, dist_count=77155
[OUT] [Timing] Search: 11.55 ms, dist_count=73948
[OUT] [Timing] Search: 8.42 ms, dist_count=49678
[OUT] [Timing] Search: 9.74 ms, dist_count=58626
[OUT] [Timing] Search: 6.11 ms, dist_count=28423
[OUT] [Timing] Search: 4.45 ms, dist_count=12171
[OUT] [Timing] Search: 6.66 ms, dist_count=28615
[OUT] [Timing] Search: 5.27 ms, dist_count=20699
[OUT] [Timing] Search: 11.51 ms, dist_count=80890
[OUT] [Timing] Search: 6.79 ms, dist_count=29620
[OUT] [Timing] Search: 10.27 ms, dist_count=66685
[OUT] [Timing] Search: 11.04 ms, dist_count=73182
[OUT] [Timing] Search: 7.79 ms, dist_count=31417
[OUT] [Timing] Search: 12.16 ms, dist_count=81585
[OUT] [Timing] Search: 7.94 ms, dist_count=37141
[OUT] [Timing] Search: 3.79 ms, dist_count=13921
[OUT] [Timing] Search: 8.87 ms, dist_count=47994
[OUT] [Timing] Search: 6.82 ms, dist_count=33839
[OUT] [Timing] Search: 11.45 ms, dist_count=70487
[OUT] [Timing] Search: 7.57 ms, dist_count=43190
[OUT] [Timing] Search: 10.14 ms, dist_count=64394
[OUT] [Timing] Search: 10.78 ms, dist_count=73282
[OUT] [Timing] Search: 8.91 ms, dist_count=50695
[OUT] [Timing] Search: 4.99 ms, dist_count=13770
[OUT] [Timing] Search: 10.66 ms, dist_count=69635
[OUT] [Timing] Search: 8.62 ms, dist_count=49677
[OUT] [Timing] Search: 10.86 ms, dist_count=72509
[OUT] [Timing] Search: 8.79 ms, dist_count=52116
[OUT] [Timing] Search: 4.66 ms, dist_count=14302
[OUT] [Timing] Search: 9.53 ms, dist_count=60323
[OUT] [Timing] Search: 7.29 ms, dist_count=36257
[OUT] [Timing] Search: 8.08 ms, dist_count=47124
[OUT] [Timing] Search: 13.06 ms, dist_count=95311
[OUT] [Timing] Search: 7.62 ms, dist_count=36416
[OUT] [Timing] Search: 12.00 ms, dist_count=79601
[OUT] [Timing] Search: 13.39 ms, dist_count=97367
[OUT] [Timing] Search: 5.75 ms, dist_count=17888
[OUT] [Timing] Search: 7.44 ms, dist_count=35883
[OUT] [Timing] Search: 13.41 ms, dist_count=96855
[OUT] [Timing] Search: 6.61 ms, dist_count=31296
[OUT] [Timing] Search: 7.68 ms, dist_count=41640
[OUT] [Timing] Search: 10.46 ms, dist_count=65011
[OUT] [Timing] Search: 10.85 ms, dist_count=74453
[OUT] [Timing] Search: 8.82 ms, dist_count=45073
[OUT] [Timing] Search: 9.50 ms, dist_count=61716
[OUT] [Timing] Search: 10.34 ms, dist_count=65779
[OUT] [Timing] Search: 10.94 ms, dist_count=72125
[OUT] [Timing] Search: 6.78 ms, dist_count=35513
[OUT] [Timing] Search: 11.01 ms, dist_count=76404
[OUT] [Timing] Search: 11.72 ms, dist_count=81547
[OUT] [Timing] Search: 7.83 ms, dist_count=45220
[OUT] [Timing] Search: 15.90 ms, dist_count=99930
[OUT] [Timing] Search: 7.11 ms, dist_count=28028
[OUT] [Timing] Search: 4.65 ms, dist_count=12901
[OUT] [Timing] Search: 8.72 ms, dist_count=44932
[OUT] [Timing] Search: 3.80 ms, dist_count=9131
[OUT] [Timing] Search: 5.70 ms, dist_count=14462
[OUT] [Timing] Search: 15.45 ms, dist_count=73856
[OUT] [Timing] Search: 8.25 ms, dist_count=25037
[OUT] [Timing] Search: 12.08 ms, dist_count=53360
[OUT] [Timing] Search: 11.55 ms, dist_count=58202
[OUT] [Timing] Search: 6.50 ms, dist_count=26545
[OUT] [Timing] Search: 5.24 ms, dist_count=21641
[OUT] [Timing] Search: 13.37 ms, dist_count=88549
[OUT] [Timing] Search: 7.70 ms, dist_count=35755
[OUT] [Timing] Search: 6.98 ms, dist_count=36008
[OUT] [Timing] Search: 5.87 ms, dist_count=23228
[OUT] [Timing] Search: 8.77 ms, dist_count=49008
[OUT] [Timing] Search: 6.54 ms, dist_count=28845
[OUT] [Timing] Search: 7.67 ms, dist_count=39207
[OUT] [Timing] Search: 9.61 ms, dist_count=62951
[OUT] [Timing] Search: 9.87 ms, dist_count=66242
[OUT] [Timing] Search: 8.75 ms, dist_count=44748
[OUT] [Timing] Search: 5.39 ms, dist_count=21667
[OUT] [Timing] Search: 8.43 ms, dist_count=40037
[OUT] [Timing] Search: 7.74 ms, dist_count=44975
[OUT] [Timing] Search: 10.01 ms, dist_count=57555
[OUT] [Timing] Search: 6.38 ms, dist_count=30389
[OUT] [Timing] Search: 6.07 ms, dist_count=24887
[OUT] [Timing] Search: 10.24 ms, dist_count=69515
[OUT] [Timing] Search: 9.41 ms, dist_count=54638
[OUT] [Timing] Search: 10.43 ms, dist_count=52931
[OUT] [Timing] Search: 7.43 ms, dist_count=29397
[OUT] [Timing] Search: 11.84 ms, dist_count=58036
[OUT] [Timing] Search: 12.05 ms, dist_count=62187
[OUT] [Timing] Search: 9.70 ms, dist_count=62288
[OUT] [Timing] Search: 8.47 ms, dist_count=48547
[OUT] [Timing] Search: 9.07 ms, dist_count=50217
[OUT] [Timing] Search: 4.44 ms, dist_count=12989
[OUT] [Timing] Search: 6.85 ms, dist_count=29915
[OUT] [Timing] Search: 5.63 ms, dist_count=21709
[OUT] [Timing] Search: 5.27 ms, dist_count=21486
[OUT] [Timing] Search: 10.91 ms, dist_count=64601
[OUT] [Timing] Search: 8.66 ms, dist_count=43723
[OUT] [Timing] Search: 6.54 ms, dist_count=24330
[OUT] [Timing] Search: 7.26 ms, dist_count=33092
[OUT] [Timing] Search: 11.10 ms, dist_count=62756
[OUT] [Timing] Search: 8.24 ms, dist_count=43901
[OUT] [Timing] Search: 7.11 ms, dist_count=35714
[OUT] [Timing] Search: 3.63 ms, dist_count=8798
[OUT] [Timing] Search: 5.64 ms, dist_count=19131
[OUT] [Timing] Search: 8.81 ms, dist_count=52263
[OUT] [Timing] Search: 11.36 ms, dist_count=69398
[OUT] [Timing] Search: 9.31 ms, dist_count=56576
[OUT] [Timing] Search: 11.55 ms, dist_count=80619
[OUT] [Timing] Search: 9.32 ms, dist_count=51966
[OUT] [Timing] Search: 3.10 ms, dist_count=6039
[OUT] [Timing] Search: 15.73 ms, dist_count=99553
[OUT] [Timing] Search: 12.85 ms, dist_count=89917
[OUT] [Timing] Search: 8.32 ms, dist_count=45922
[OUT] [Timing] Search: 7.11 ms, dist_count=35059
[OUT] [Timing] Search: 10.99 ms, dist_count=74267
[OUT] [Timing] Search: 4.32 ms, dist_count=11383
[OUT] [Timing] Search: 5.29 ms, dist_count=18378
[OUT] [Timing] Search: 9.92 ms, dist_count=57760
[OUT] [Timing] Search: 4.29 ms, dist_count=11808
[OUT] [Timing] Search: 6.13 ms, dist_count=25166
[OUT] [Timing] Search: 10.62 ms, dist_count=68937
[OUT] [Timing] Search: 11.30 ms, dist_count=70697
[OUT] [Timing] Search: 5.02 ms, dist_count=17753
[OUT] [Timing] Search: 9.18 ms, dist_count=52531
[OUT] [Timing] Search: 8.38 ms, dist_count=48178
[OUT] [Timing] Search: 9.77 ms, dist_count=63313
[OUT] [Timing] Search: 7.54 ms, dist_count=36634
[OUT] [Timing] Search: 7.05 ms, dist_count=37767
[OUT] [Timing] Search: 9.20 ms, dist_count=51978
[OUT] [Timing] Search: 5.44 ms, dist_count=18608
[OUT] [Timing] Search: 6.54 ms, dist_count=25611
[OUT] [Timing] Search: 10.22 ms, dist_count=61354
[OUT] [Timing] Search: 10.93 ms, dist_count=65208
[OUT] [Timing] Search: 4.11 ms, dist_count=13642
[OUT] [Timing] Search: 5.01 ms, dist_count=15941
[OUT] [Timing] Search: 10.09 ms, dist_count=62751
[OUT] [Timing] Search: 8.32 ms, dist_count=47402
[OUT] [Timing] Search: 9.20 ms, dist_count=61626
[OUT] [Timing] Search: 10.76 ms, dist_count=73537
[OUT] [Timing] Search: 11.29 ms, dist_count=78738
[OUT] [Timing] Search: 5.15 ms, dist_count=20601
[OUT] [Timing] Search: 6.89 ms, dist_count=31346
[OUT] [Timing] Search: 7.31 ms, dist_count=39339
[OUT] [Timing] Search: 8.43 ms, dist_count=40916
[OUT] [Timing] Search: 10.22 ms, dist_count=60683
[OUT] [Timing] Search: 5.17 ms, dist_count=13238
[OUT] [Timing] Search: 9.98 ms, dist_count=61298
[OUT] [Timing] Search: 5.87 ms, dist_count=22177
[OUT] [Timing] Search: 11.30 ms, dist_count=77045
[OUT] [Timing] Search: 6.76 ms, dist_count=34544
[OUT] [Timing] Search: 12.49 ms, dist_count=92886
[OUT] [Timing] Search: 11.55 ms, dist_count=84642
[OUT] [Timing] Search: 8.67 ms, dist_count=48412
[OUT] [Timing] Search: 6.98 ms, dist_count=32817
[OUT] [Timing] Search: 13.54 ms, dist_count=93176
[OUT] [Timing] Search: 10.81 ms, dist_count=64376
[OUT] [Timing] Search: 12.36 ms, dist_count=85345
[OUT] [Timing] Search: 8.82 ms, dist_count=52227
[OUT] [Timing] Search: 9.59 ms, dist_count=61076
[OUT] [Timing] Search: 11.84 ms, dist_count=80206
[OUT] [Timing] Search: 6.36 ms, dist_count=30960
[OUT] [Timing] Search: 7.26 ms, dist_count=37988
[OUT] [Timing] Search: 5.89 ms, dist_count=25484
[OUT] [Timing] Search: 7.63 ms, dist_count=35726
[OUT] [Timing] Search: 7.06 ms, dist_count=32319
[OUT] [Timing] Search: 10.03 ms, dist_count=59415
[OUT] [Timing] Search: 10.28 ms, dist_count=65704
[OUT] [Timing] Search: 8.30 ms, dist_count=44554
[OUT] [Timing] Search: 14.73 ms, dist_count=80917
[OUT] [Timing] Search: 4.75 ms, dist_count=10365
[OUT] [Timing] Search: 10.63 ms, dist_count=52432
[OUT] [Timing] Search: 13.55 ms, dist_count=83352
[OUT] [Timing] Search: 7.20 ms, dist_count=36035
[OUT] [Timing] Search: 9.05 ms, dist_count=50548
[OUT] [Timing] Search: 9.10 ms, dist_count=55712
[OUT] [Timing] Search: 8.39 ms, dist_count=45192
[OUT] [Timing] Search: 11.56 ms, dist_count=76658
[OUT] [Timing] Search: 8.84 ms, dist_count=54715
[OUT] [Timing] Search: 6.62 ms, dist_count=26211
[OUT] [Timing] Search: 12.10 ms, dist_count=84531
[OUT] [Timing] Search: 3.71 ms, dist_count=10349
[OUT] [Timing] Search: 13.98 ms, dist_count=95763
[OUT] [Timing] Search: 7.31 ms, dist_count=36070
[OUT] [Timing] Search: 6.95 ms, dist_count=29346
[OUT] [Timing] Search: 8.65 ms, dist_count=50637
[OUT] [Timing] Search: 5.33 ms, dist_count=17742
[OUT] [Timing] Search: 12.03 ms, dist_count=82742
[OUT] [Timing] Search: 3.99 ms, dist_count=7999
[OUT] [Timing] Search: 5.60 ms, dist_count=20082
[OUT] [Timing] Search: 13.04 ms, dist_count=94064
[OUT] [Timing] Search: 12.76 ms, dist_count=87146
[OUT] [Timing] Search: 10.45 ms, dist_count=69639
[OUT] [Timing] Search: 10.44 ms, dist_count=71054
[OUT] [Timing] Search: 8.59 ms, dist_count=46375
[OUT] [Timing] Search: 8.96 ms, dist_count=54003
[OUT] [Timing] Search: 10.97 ms, dist_count=76565
[OUT] [Timing] Search: 8.74 ms, dist_count=48923
[OUT] [Timing] Search: 11.11 ms, dist_count=76065
[OUT] [Timing] Search: 5.97 ms, dist_count=22502
[OUT] [Timing] Search: 8.04 ms, dist_count=45498
[OUT] [Timing] Search: 8.18 ms, dist_count=44719
[OUT] [Timing] Search: 10.05 ms, dist_count=63612
[OUT] [Timing] Search: 10.46 ms, dist_count=74341
[OUT] [Timing] Search: 9.19 ms, dist_count=50525
[OUT] [Timing] Search: 7.92 ms, dist_count=47112
[OUT] [Timing] Search: 12.69 ms, dist_count=94060
[OUT] [Timing] Search: 4.89 ms, dist_count=17061
[OUT] [Timing] Search: 4.81 ms, dist_count=17279
[OUT] [Timing] Search: 4.88 ms, dist_count=17197
[OUT] [Timing] Search: 8.94 ms, dist_count=50990
[OUT] [Timing] Search: 6.54 ms, dist_count=30519
[OUT] [Timing] Search: 5.40 ms, dist_count=19720
[OUT] [Timing] Search: 6.81 ms, dist_count=34710
[OUT] [Timing] Search: 9.19 ms, dist_count=51850
[OUT] [Timing] Search: 4.60 ms, dist_count=14052
[OUT] [Timing] Search: 5.79 ms, dist_count=23725
[OUT] [Timing] Search: 9.24 ms, dist_count=53138
[OUT] [Timing] Search: 9.64 ms, dist_count=59235
[OUT] [Timing] Search: 7.24 ms, dist_count=30792
[OUT] [Timing] Search: 7.52 ms, dist_count=37874
[OUT] [Timing] Search: 5.17 ms, dist_count=18110
[OUT] [Timing] Search: 10.44 ms, dist_count=70626
[OUT] [Timing] Search: 11.31 ms, dist_count=78854
[OUT] [Timing] Search: 5.52 ms, dist_count=20861
[OUT] [Timing] Search: 6.63 ms, dist_count=29264
[OUT] [Timing] Search: 12.24 ms, dist_count=83034
[OUT] [Timing] Search: 10.40 ms, dist_count=67242
[OUT] [Timing] Search: 9.76 ms, dist_count=57583
[OUT] [Timing] Search: 12.07 ms, dist_count=76377
[OUT] [Timing] Search: 11.11 ms, dist_count=72351
[OUT] [Timing] Search: 6.91 ms, dist_count=36882
[OUT] [Timing] Search: 9.01 ms, dist_count=49248
[OUT] [Timing] Search: 10.03 ms, dist_count=62486
[OUT] [Timing] Search: 7.89 ms, dist_count=45845
[OUT] [Timing] Search: 11.39 ms, dist_count=74495
[OUT] [Timing] Search: 7.09 ms, dist_count=36557
[OUT] [Timing] Search: 7.04 ms, dist_count=31393
[OUT] [Timing] Search: 11.46 ms, dist_count=72105
[OUT] [Timing] Search: 8.71 ms, dist_count=51044
[OUT] [Timing] Search: 4.73 ms, dist_count=18057
[OUT] [Timing] Search: 12.99 ms, dist_count=96001
[OUT] [Timing] Search: 6.11 ms, dist_count=27056
[OUT] [Timing] Search: 9.28 ms, dist_count=57713
[OUT] [Timing] Search: 9.96 ms, dist_count=67565
[OUT] [Timing] Search: 8.52 ms, dist_count=51331
[OUT] [Timing] Search: 9.03 ms, dist_count=52110
[OUT] [Timing] Search: 8.62 ms, dist_count=49702
[OUT] [Timing] Search: 13.67 ms, dist_count=90679
[OUT] [Timing] Search: 8.83 ms, dist_count=53271
[OUT] [Timing] Search: 7.90 ms, dist_count=42092
[OUT] [Timing] Search: 7.96 ms, dist_count=42520
[OUT] [Timing] Search: 5.91 ms, dist_count=21104
[OUT] [Timing] Search: 11.14 ms, dist_count=77174
[OUT] [Timing] Search: 9.03 ms, dist_count=56175
[OUT] [Timing] Search: 9.25 ms, dist_count=61392
[OUT] [Timing] Search: 11.04 ms, dist_count=77702
[OUT] [Timing] Search: 10.83 ms, dist_count=69080
[OUT] [Timing] Search: 8.76 ms, dist_count=49784
[OUT] [Timing] Search: 7.09 ms, dist_count=34774
[OUT] [Timing] Search: 10.44 ms, dist_count=69391
[OUT] [Timing] Search: 9.75 ms, dist_count=63104
[OUT] [Timing] Search: 8.22 ms, dist_count=48702
[OUT] [Timing] Search: 11.76 ms, dist_count=86146
[OUT] [Timing] Search: 11.09 ms, dist_count=77566
[OUT] [Timing] Search: 11.07 ms, dist_count=77877
[OUT] [Timing] Search: 6.34 ms, dist_count=33547
[OUT] [Timing] Search: 9.79 ms, dist_count=59718
[OUT] [Timing] Search: 11.35 ms, dist_count=77084
[OUT] [Timing] Search: 5.94 ms, dist_count=23112
[OUT] [Timing] Search: 9.26 ms, dist_count=53183
[OUT] [Timing] Search: 7.34 ms, dist_count=35807
[OUT] [Timing] Search: 9.96 ms, dist_count=52969
[OUT] [Timing] Search: 12.52 ms, dist_count=61150
[OUT] [Timing] Search: 9.68 ms, dist_count=45982
[OUT] [Timing] Search: 13.32 ms, dist_count=76120
[OUT] [Timing] Search: 13.89 ms, dist_count=95974
[OUT] [Timing] Search: 12.86 ms, dist_count=92562
[OUT] [Timing] Search: 8.52 ms, dist_count=46064
[OUT] [Timing] Search: 4.95 ms, dist_count=18298
[OUT] [Timing] Search: 12.96 ms, dist_count=91638
[OUT] [Timing] Search: 7.65 ms, dist_count=41071
[OUT] [Timing] Search: 9.24 ms, dist_count=55175
[OUT] [Timing] Search: 3.21 ms, dist_count=5038
[OUT] [Timing] Search: 12.99 ms, dist_count=81799
[OUT] [Timing] Search: 10.30 ms, dist_count=58597
[OUT] [Timing] Search: 12.27 ms, dist_count=76981
[OUT] [Timing] Search: 9.32 ms, dist_count=52792
[OUT] [Timing] Search: 8.70 ms, dist_count=51951
[OUT] [Timing] Search: 12.70 ms, dist_count=89574
[OUT] [Timing] Search: 11.43 ms, dist_count=74414
[OUT] [Timing] Search: 4.36 ms, dist_count=10318
[OUT] [Timing] Search: 11.63 ms, dist_count=79534
[OUT] [Timing] Search: 11.35 ms, dist_count=75959
[OUT] [Timing] Search: 10.60 ms, dist_count=73597
[OUT] [Timing] Search: 7.38 ms, dist_count=35265
[OUT] [Timing] Search: 10.72 ms, dist_count=70611
[OUT] [Timing] Search: 8.91 ms, dist_count=56107
[OUT] [Timing] Search: 4.82 ms, dist_count=15594
[OUT] [Timing] Search: 10.57 ms, dist_count=68648
[OUT] [Timing] Search: 5.20 ms, dist_count=16814
[OUT] [Timing] Search: 5.32 ms, dist_count=19576
[OUT] [Timing] Search: 11.75 ms, dist_count=76526
[OUT] [Timing] Search: 3.76 ms, dist_count=9201
[OUT] [Timing] Search: 6.99 ms, dist_count=24802
[OUT] [Timing] Search: 11.42 ms, dist_count=67458
[OUT] [Timing] Search: 10.87 ms, dist_count=66959
[OUT] [Timing] Search: 8.42 ms, dist_count=40290
[OUT] [Timing] Search: 9.59 ms, dist_count=57386
[OUT] [Timing] Search: 10.95 ms, dist_count=66803
[OUT] [Timing] Search: 7.96 ms, dist_count=37841
[OUT] [Timing] Search: 8.57 ms, dist_count=43308
[OUT] [Timing] Search: 10.73 ms, dist_count=71558
[OUT] [Timing] Search: 12.20 ms, dist_count=85852
[OUT] [Timing] Search: 5.27 ms, dist_count=17092
[OUT] [Timing] Search: 6.11 ms, dist_count=27572
[OUT] [Timing] Search: 11.92 ms, dist_count=82157
[OUT] [Timing] Search: 13.23 ms, dist_count=95260
[OUT] [Timing] Search: 11.02 ms, dist_count=73208
[OUT] [Timing] Search: 7.51 ms, dist_count=37787
[OUT] [Timing] Search: 11.51 ms, dist_count=78496
[OUT] [Timing] Search: 9.79 ms, dist_count=64084
[OUT] [Timing] Search: 10.13 ms, dist_count=65346
[OUT] [Timing] Search: 12.04 ms, dist_count=76091
[OUT] [Timing] Search: 10.23 ms, dist_count=64375
[OUT] [Timing] Search: 9.64 ms, dist_count=55378
[OUT] [Timing] Search: 8.27 ms, dist_count=44546
[OUT] [Timing] Search: 5.71 ms, dist_count=23206
[OUT] [Timing] Search: 9.13 ms, dist_count=55944
[OUT] [Timing] Search: 5.18 ms, dist_count=17113
[OUT] [Timing] Search: 9.47 ms, dist_count=54733
[OUT] [Timing] Search: 6.56 ms, dist_count=30934
[OUT] [Timing] Search: 10.09 ms, dist_count=62037
[OUT] [Timing] Search: 6.44 ms, dist_count=32246
[OUT] [Timing] Search: 11.75 ms, dist_count=81482
[OUT] [Timing] Search: 10.80 ms, dist_count=63822
[OUT] [Timing] Search: 8.46 ms, dist_count=46326
[OUT] [Timing] Search: 10.92 ms, dist_count=74369
[OUT] [Timing] Search: 4.90 ms, dist_count=15946
[OUT] [Timing] Search: 7.49 ms, dist_count=37122
[OUT] [Timing] Search: 7.25 ms, dist_count=38625
[OUT] [Timing] Search: 5.31 ms, dist_count=21469
[OUT] [Timing] Search: 3.72 ms, dist_count=10424
[OUT] [Timing] Search: 6.75 ms, dist_count=27036
[OUT] [Timing] Search: 7.80 ms, dist_count=36962
[OUT] [Timing] Search: 5.83 ms, dist_count=22685
[OUT] [Timing] Search: 11.92 ms, dist_count=75442
[OUT] [Timing] Search: 12.65 ms, dist_count=80124
[OUT] [Timing] Search: 11.24 ms, dist_count=65804
[OUT] [Timing] Search: 8.41 ms, dist_count=50908
[OUT] [Timing] Search: 5.57 ms, dist_count=11951
[OUT] [Timing] Search: 13.12 ms, dist_count=61524
[OUT] [Timing] Search: 8.53 ms, dist_count=33469
[OUT] [Timing] Search: 7.35 ms, dist_count=29686
[OUT] [Timing] Search: 3.94 ms, dist_count=8592
[OUT] [Timing] Search: 8.69 ms, dist_count=51969
[OUT] [Timing] Search: 11.46 ms, dist_count=79242
[OUT] [Timing] Search: 10.08 ms, dist_count=63921
[OUT] [Timing] Search: 8.30 ms, dist_count=42807
[OUT] [Timing] Search: 9.23 ms, dist_count=55936
[OUT] [Timing] Search: 9.77 ms, dist_count=58391
[OUT] [Timing] Search: 7.11 ms, dist_count=36070
[OUT] [Timing] Search: 4.16 ms, dist_count=13558
[OUT] [Timing] Search: 9.61 ms, dist_count=59432
[OUT] [Timing] Search: 12.04 ms, dist_count=87865
[OUT] [Timing] Search: 4.74 ms, dist_count=16470
[OUT] [Timing] Search: 9.99 ms, dist_count=64878
[OUT] [Timing] Search: 11.95 ms, dist_count=86922
[OUT] [Timing] Search: 5.38 ms, dist_count=18792
[OUT] [Timing] Search: 6.74 ms, dist_count=29697
[OUT] [Timing] Search: 6.73 ms, dist_count=36329
[OUT] [Timing] Search: 9.66 ms, dist_count=63914
[OUT] [Timing] Search: 5.86 ms, dist_count=23681
[OUT] [Timing] Search: 9.16 ms, dist_count=60403
[OUT] [Timing] Search: 9.58 ms, dist_count=53738
[OUT] [Timing] Search: 7.26 ms, dist_count=34048
[OUT] [Timing] Search: 7.12 ms, dist_count=22329
[OUT] [Timing] Search: 11.14 ms, dist_count=47839
[OUT] [Timing] Search: 9.75 ms, dist_count=42639
[OUT] [Timing] Search: 9.86 ms, dist_count=43431
[OUT] [Timing] Search: 10.16 ms, dist_count=55845
[OUT] [Timing] Search: 6.37 ms, dist_count=29139
[OUT] [Timing] Search: 7.70 ms, dist_count=42462
[OUT] [Timing] Search: 5.68 ms, dist_count=22341
[OUT] [Timing] Search: 11.83 ms, dist_count=81759
[OUT] [Timing] Search: 2.35 ms, dist_count=3046
[OUT] [Timing] Search: 6.40 ms, dist_count=28800
[OUT] [Timing] Search: 8.12 ms, dist_count=43062
[OUT] [Timing] Search: 6.11 ms, dist_count=25066
[OUT] [Timing] Search: 12.18 ms, dist_count=79310
[OUT] [Timing] Search: 7.71 ms, dist_count=43375
[OUT] [Timing] Search: 3.45 ms, dist_count=7971
[OUT] [Timing] Search: 11.32 ms, dist_count=71265
[OUT] [Timing] Search: 7.02 ms, dist_count=32770
[OUT] [Timing] Search: 5.73 ms, dist_count=23840
[OUT] [Timing] Search: 12.09 ms, dist_count=83556
[OUT] [Timing] Search: 11.61 ms, dist_count=78500
[OUT] [Timing] Search: 4.75 ms, dist_count=15043
[OUT] [Timing] Search: 6.88 ms, dist_count=35088
[OUT] [Timing] Search: 5.35 ms, dist_count=17227
[OUT] [Timing] Search: 8.29 ms, dist_count=47966
[OUT] [Timing] Search: 5.24 ms, dist_count=18940
[OUT] [Timing] Search: 3.87 ms, dist_count=10298
[OUT] [Timing] Search: 8.77 ms, dist_count=53542
[OUT] [Timing] Search: 10.85 ms, dist_count=72049
[OUT] [Timing] Search: 9.97 ms, dist_count=64957
[OUT] [Timing] Search: 9.94 ms, dist_count=60130
[OUT] [Timing] Search: 8.83 ms, dist_count=55382
[OUT] [Timing] Search: 12.40 ms, dist_count=93056
[OUT] [Timing] Search: 5.65 ms, dist_count=22527
[OUT] [Timing] Search: 11.55 ms, dist_count=79741
[OUT] [Timing] Search: 10.12 ms, dist_count=63210
[OUT] [Timing] Search: 7.31 ms, dist_count=34293
[OUT] [Timing] Search: 5.06 ms, dist_count=16718
[OUT] [Timing] Search: 10.14 ms, dist_count=61666
[OUT] [Timing] Search: 12.69 ms, dist_count=87611
[OUT] [Timing] Search: 9.45 ms, dist_count=52979
[OUT] [Timing] Search: 7.61 ms, dist_count=41001
[OUT] [Timing] Search: 5.23 ms, dist_count=17429
[OUT] [Timing] Search: 13.25 ms, dist_count=96472
[OUT] [Timing] Search: 8.93 ms, dist_count=53799
[OUT] [Timing] Search: 6.28 ms, dist_count=24547
[OUT] [Timing] Search: 11.34 ms, dist_count=72351
[OUT] [Timing] Search: 7.84 ms, dist_count=41883
[OUT] [Timing] Search: 5.70 ms, dist_count=24520
[OUT] [Timing] Search: 11.24 ms, dist_count=64981
[OUT] [Timing] Search: 12.49 ms, dist_count=77201
[OUT] [Timing] Search: 6.63 ms, dist_count=28616
[OUT] [Timing] Search: 8.40 ms, dist_count=46100
[OUT] [Timing] Search: 8.63 ms, dist_count=53966
[OUT] [Timing] Search: 11.89 ms, dist_count=84993
[OUT] [Timing] Search: 7.09 ms, dist_count=33118
[OUT] [Timing] Search: 10.57 ms, dist_count=70355
[OUT] [Timing] Search: 9.10 ms, dist_count=53709
[OUT] [Timing] Search: 9.93 ms, dist_count=56749
[OUT] [Timing] Search: 10.30 ms, dist_count=62119
[OUT] [Timing] Search: 5.64 ms, dist_count=18445
[OUT] [Timing] Search: 7.64 ms, dist_count=42420
[OUT] [Timing] Search: 13.45 ms, dist_count=92982
[OUT] [Timing] Search: 3.62 ms, dist_count=6829
[OUT] [Timing] Search: 11.07 ms, dist_count=73455
[OUT] [Timing] Search: 5.84 ms, dist_count=27223
[OUT] [Timing] Search: 9.04 ms, dist_count=52474
[OUT] [Timing] Search: 8.34 ms, dist_count=48812
[OUT] [Timing] Search: 10.19 ms, dist_count=67230
[OUT] [Timing] Search: 13.14 ms, dist_count=86548
[OUT] [Timing] Search: 13.33 ms, dist_count=95303
[OUT] [Timing] Search: 6.53 ms, dist_count=29521
[OUT] [Timing] Search: 9.67 ms, dist_count=57782
[OUT] [Timing] Search: 5.71 ms, dist_count=26288
[OUT] [Timing] Search: 7.49 ms, dist_count=39484
[OUT] [Timing] Search: 8.06 ms, dist_count=48128
[OUT] [Timing] Search: 11.11 ms, dist_count=78033
[OUT] [Timing] Search: 12.19 ms, dist_count=81225
[OUT] [Timing] Search: 12.07 ms, dist_count=78940
[OUT] [Timing] Search: 4.54 ms, dist_count=11089
[OUT] [Timing] Search: 4.93 ms, dist_count=13047
[OUT] [Timing] Search: 10.01 ms, dist_count=50216
[OUT] [Timing] Search: 11.30 ms, dist_count=77432
[OUT] [Timing] Search: 7.28 ms, dist_count=39490
[OUT] [Timing] Search: 9.93 ms, dist_count=61940
[OUT] [Timing] Search: 6.72 ms, dist_count=34388
[OUT] [Timing] Search: 9.28 ms, dist_count=53670
[OUT] [Timing] Search: 3.92 ms, dist_count=9721
[OUT] [Timing] Search: 11.39 ms, dist_count=81589
[OUT] [Timing] Search: 11.41 ms, dist_count=76344
[OUT] [Timing] Search: 7.27 ms, dist_count=34120
[OUT] [Timing] Search: 9.96 ms, dist_count=64629
[OUT] [Timing] Search: 4.55 ms, dist_count=12529
[OUT] [Timing] Search: 5.53 ms, dist_count=20171
[OUT] [Timing] Search: 13.36 ms, dist_count=95164
[OUT] [Timing] Search: 4.16 ms, dist_count=9726
[OUT] [Timing] Search: 6.19 ms, dist_count=26135
[OUT] [Timing] Search: 10.30 ms, dist_count=65722
[OUT] [Timing] Search: 10.17 ms, dist_count=71088
[OUT] [Timing] Search: 8.33 ms, dist_count=42581
[OUT] [Timing] Search: 6.73 ms, dist_count=32739
[OUT] [Timing] Search: 12.94 ms, dist_count=90653
[OUT] [Timing] Search: 7.83 ms, dist_count=40088
[OUT] [Timing] Search: 4.78 ms, dist_count=17099
[OUT] [Timing] Search: 10.69 ms, dist_count=74143
[OUT] [Timing] Search: 10.86 ms, dist_count=73397
[OUT] [Timing] Search: 10.24 ms, dist_count=67191
[OUT] [Timing] Search: 11.96 ms, dist_count=55763
[OUT] [Timing] Search: 12.86 ms, dist_count=63738
[OUT] [Timing] Search: 11.94 ms, dist_count=62199
[OUT] [Timing] Search: 5.68 ms, dist_count=17868
[OUT] [Timing] Search: 6.92 ms, dist_count=34045
[OUT] [Timing] Search: 9.41 ms, dist_count=57226
[OUT] [Timing] Search: 12.73 ms, dist_count=93529
[OUT] [Timing] Search: 10.59 ms, dist_count=73349
[OUT] [Timing] Search: 13.92 ms, dist_count=88987
[OUT] [Timing] Search: 8.31 ms, dist_count=40797
[OUT] [Timing] Search: 6.27 ms, dist_count=27040
[OUT] [Timing] Search: 12.18 ms, dist_count=81151
[OUT] [Timing] Search: 9.11 ms, dist_count=47918
[OUT] [Timing] Search: 7.55 ms, dist_count=41061
[OUT] [Timing] Search: 11.56 ms, dist_count=81224
[OUT] [Timing] Search: 12.11 ms, dist_count=81928
[OUT] [Timing] Search: 7.53 ms, dist_count=44549
[OUT] [Timing] Search: 9.33 ms, dist_count=58986
[OUT] [Timing] Search: 4.83 ms, dist_count=17079
[OUT] [Timing] Search: 3.65 ms, dist_count=9017
[OUT] [Timing] Search: 6.52 ms, dist_count=30288
[OUT] [Timing] Search: 7.90 ms, dist_count=41146
[OUT] [Timing] Search: 9.44 ms, dist_count=56423
[OUT] [Timing] Search: 10.64 ms, dist_count=68508
[OUT] [Timing] Search: 6.84 ms, dist_count=34394
[OUT] [Timing] Search: 7.94 ms, dist_count=41680
[OUT] [Timing] Search: 7.69 ms, dist_count=42964
[OUT] [Timing] Search: 9.07 ms, dist_count=56218
[OUT] [Timing] Search: 6.70 ms, dist_count=29631
[OUT] [Timing] Search: 6.54 ms, dist_count=25489
[OUT] [Timing] Search: 4.21 ms, dist_count=10987
[OUT] [Timing] Search: 8.33 ms, dist_count=46961
[OUT] [Timing] Search: 7.52 ms, dist_count=35958
[OUT] [Timing] Search: 9.67 ms, dist_count=61290
[OUT] [Timing] Search: 6.09 ms, dist_count=22472
[OUT] [Timing] Search: 4.13 ms, dist_count=10277
[OUT] [Timing] Search: 14.15 ms, dist_count=98390
[OUT] [Timing] Search: 10.62 ms, dist_count=71423
[OUT] [Timing] Search: 3.34 ms, dist_count=6144
[OUT] [Timing] Search: 10.30 ms, dist_count=69938
[OUT] [Timing] Search: 7.92 ms, dist_count=45865
[OUT] [Timing] Search: 7.81 ms, dist_count=42533
[OUT] [Timing] Search: 9.99 ms, dist_count=65493
[OUT] [Timing] Search: 7.15 ms, dist_count=35570
[OUT] [Timing] Search: 4.68 ms, dist_count=15666
[OUT] [Timing] Search: 6.16 ms, dist_count=28624
[OUT] [Timing] Search: 7.70 ms, dist_count=42621
[OUT] [Timing] Search: 9.16 ms, dist_count=43371
[OUT] [Timing] Search: 9.24 ms, dist_count=51241
[OUT] [Timing] Search: 7.76 ms, dist_count=39633
[OUT] [Timing] Search: 8.26 ms, dist_count=46177
[OUT] [Timing] Search: 5.69 ms, dist_count=24355
[OUT] [Timing] Search: 13.33 ms, dist_count=101675
[OUT] [Timing] Search: 9.43 ms, dist_count=60132
[OUT] [Timing] Search: 12.35 ms, dist_count=86942
[OUT] [Timing] Search: 8.92 ms, dist_count=50876
[OUT] [Timing] Search: 8.37 ms, dist_count=52291
[OUT] [Timing] Search: 4.82 ms, dist_count=16209
[OUT] [Timing] Search: 7.93 ms, dist_count=35028
[OUT] [Timing] Search: 7.25 ms, dist_count=36526
[OUT] [Timing] Search: 6.06 ms, dist_count=27524
[OUT] [Timing] Search: 10.40 ms, dist_count=61841
[OUT] [Timing] Search: 8.71 ms, dist_count=54813
[OUT] [Timing] Search: 5.13 ms, dist_count=18055
[OUT] [Timing] Search: 9.29 ms, dist_count=59365
[OUT] [Timing] Search: 4.92 ms, dist_count=15244
[OUT] [Timing] Search: 9.10 ms, dist_count=55330
[OUT] [Timing] Search: 8.76 ms, dist_count=48125
[OUT] [Timing] Search: 4.94 ms, dist_count=18170
[OUT] [Timing] Search: 5.91 ms, dist_count=22679
[OUT] [Timing] Search: 7.82 ms, dist_count=39125
[OUT] [Timing] Search: 10.61 ms, dist_count=66385
[OUT] [Timing] Search: 10.89 ms, dist_count=71036
[OUT] [Timing] Search: 3.97 ms, dist_count=9327
[OUT] [Timing] Search: 11.12 ms, dist_count=76461
[OUT] [Timing] Search: 10.19 ms, dist_count=68903
[OUT] [Timing] Search: 6.69 ms, dist_count=32567
[OUT] [Timing] Search: 4.89 ms, dist_count=15426
[OUT] [Timing] Search: 6.11 ms, dist_count=27708
[OUT] [Timing] Search: 10.45 ms, dist_count=70003
[OUT] [Timing] Search: 4.89 ms, dist_count=17192
[OUT] [Timing] Search: 10.81 ms, dist_count=59320
[OUT] [Timing] Search: 8.74 ms, dist_count=49339
[OUT] [Timing] Search: 5.02 ms, dist_count=16699
[OUT] [Timing] Search: 10.75 ms, dist_count=68699
[OUT] [Timing] Search: 9.17 ms, dist_count=54189
[OUT] [Timing] Search: 7.98 ms, dist_count=48322
[OUT] [Timing] Search: 12.57 ms, dist_count=88630
[OUT] [Timing] Search: 11.69 ms, dist_count=83700
[OUT] [Timing] Search: 11.57 ms, dist_count=81650
[OUT] [Timing] Search: 4.82 ms, dist_count=15319
[OUT] [Timing] Search: 5.06 ms, dist_count=18295
[OUT] [Timing] Search: 11.45 ms, dist_count=75298
[OUT] [Timing] Search: 7.19 ms, dist_count=36653
[OUT] [Timing] Search: 6.14 ms, dist_count=33630
[OUT] [Timing] Search: 11.57 ms, dist_count=79360
[OUT] [Timing] Search: 11.88 ms, dist_count=77690
[OUT] [Timing] Search: 12.53 ms, dist_count=86809
[OUT] [Timing] Search: 9.87 ms, dist_count=63192
[OUT] [Timing] Search: 8.29 ms, dist_count=46531
[OUT] [Timing] Search: 8.50 ms, dist_count=47660
[OUT] [Timing] Search: 3.53 ms, dist_count=10769
[OUT] [Timing] Search: 8.64 ms, dist_count=47821
[OUT] [Timing] Search: 8.20 ms, dist_count=44960
[OUT] [Timing] Search: 9.10 ms, dist_count=56563
[OUT] [Timing] Search: 10.80 ms, dist_count=76658
[OUT] [Timing] Search: 11.98 ms, dist_count=87522
[OUT] [Timing] Search: 9.79 ms, dist_count=58847
[OUT] [Timing] Search: 14.62 ms, dist_count=93847
[OUT] [Timing] Search: 9.73 ms, dist_count=37942
[OUT] [Timing] Search: 16.68 ms, dist_count=87403
[OUT] [Timing] Search: 9.74 ms, dist_count=42975
[OUT] [Timing] Search: 7.59 ms, dist_count=31379
[OUT] [Timing] Search: 9.51 ms, dist_count=57148
[OUT] [Timing] Search: 11.22 ms, dist_count=77795
[OUT] [Timing] Search: 12.48 ms, dist_count=94667
[OUT] [Timing] Search: 12.63 ms, dist_count=74023
[OUT] [Timing] Search: 10.91 ms, dist_count=67625
[OUT] [Timing] Search: 5.70 ms, dist_count=22423
[OUT] [Timing] Search: 7.05 ms, dist_count=29048
[OUT] [Timing] Search: 8.43 ms, dist_count=48997
[OUT] [Timing] Search: 9.85 ms, dist_count=61872
[OUT] [Timing] Search: 5.64 ms, dist_count=21709
[OUT] [Timing] Search: 6.36 ms, dist_count=25951
[OUT] [Timing] Search: 3.77 ms, dist_count=8406
[OUT] [Timing] Search: 7.39 ms, dist_count=37185
[OUT] [Timing] Search: 9.11 ms, dist_count=57821
[OUT] [Timing] Search: 8.07 ms, dist_count=46506
[OUT] [Timing] Search: 9.03 ms, dist_count=54840
[OUT] [Timing] Search: 6.45 ms, dist_count=31849
[OUT] [Timing] Search: 8.62 ms, dist_count=48650
[OUT] [Timing] Search: 11.91 ms, dist_count=78300
[OUT] [Timing] Search: 5.39 ms, dist_count=19230
[OUT] [Timing] Search: 5.61 ms, dist_count=19090
[OUT] [Timing] Search: 8.37 ms, dist_count=47168
[OUT] [Timing] Search: 8.60 ms, dist_count=50448
[OUT] [Timing] Search: 10.31 ms, dist_count=74193
[OUT] [Timing] Search: 6.24 ms, dist_count=25307
[OUT] [Timing] Search: 10.33 ms, dist_count=64342
[OUT] [Timing] Search: 10.49 ms, dist_count=71682
[OUT] [Timing] Search: 12.10 ms, dist_count=88651
[OUT] [Timing] Search: 11.25 ms, dist_count=70280
[OUT] [Timing] Search: 12.48 ms, dist_count=85301
[OUT] [Timing] Search: 9.15 ms, dist_count=56991
[OUT] [Timing] Search: 9.69 ms, dist_count=60511
[OUT] [Timing] Search: 8.91 ms, dist_count=55535
[OUT] [Timing] Search: 11.63 ms, dist_count=85262
[OUT] [Timing] Search: 8.88 ms, dist_count=31788
[OUT] [Timing] Search: 11.38 ms, dist_count=58231
[OUT] [Timing] Search: 15.40 ms, dist_count=89593
[OUT] [Timing] Search: 11.37 ms, dist_count=62208
[OUT] [Timing] Search: 7.42 ms, dist_count=32205
[OUT] [Timing] Search: 8.09 ms, dist_count=37344
[OUT] [Timing] Search: 8.10 ms, dist_count=39979
[OUT] [Timing] Search: 9.64 ms, dist_count=56873
[OUT] [Timing] Search: 9.67 ms, dist_count=60645
[OUT] [Timing] Search: 10.03 ms, dist_count=61299
[OUT] [Timing] Search: 4.42 ms, dist_count=11080
[OUT] [Timing] Search: 6.85 ms, dist_count=28321
[OUT] [Timing] Search: 11.56 ms, dist_count=81411
[OUT] [Timing] Search: 5.15 ms, dist_count=17993
[OUT] [Timing] Search: 8.17 ms, dist_count=45617
[OUT] [Timing] Search: 10.85 ms, dist_count=62022
[OUT] [Timing] Search: 11.48 ms, dist_count=71990
[OUT] [Timing] Search: 9.56 ms, dist_count=58157
[OUT] [Timing] Search: 7.15 ms, dist_count=38892
[OUT] [Timing] Search: 9.74 ms, dist_count=62697
[OUT] [Timing] Search: 5.27 ms, dist_count=20302
[OUT] [Timing] Search: 7.34 ms, dist_count=38307
[OUT] [Timing] Search: 3.42 ms, dist_count=5036
[OUT] [Timing] Search: 12.36 ms, dist_count=82922
[OUT] [Timing] Search: 7.91 ms, dist_count=42878
[OUT] [Timing] Search: 5.41 ms, dist_count=17938
[OUT] [Timing] Search: 8.39 ms, dist_count=45848
[OUT] [Timing] Search: 4.93 ms, dist_count=18048
[OUT] [Timing] Search: 4.40 ms, dist_count=13626
[OUT] [Timing] Search: 8.21 ms, dist_count=46816
[OUT] [Timing] Search: 8.75 ms, dist_count=52044
[OUT] [Timing] Search: 8.43 ms, dist_count=47477
[OUT] [Timing] Search: 4.93 ms, dist_count=16607
[OUT] [Timing] Search: 14.07 ms, dist_count=102979
[OUT] [Timing] Search: 9.68 ms, dist_count=60613
[OUT] [Timing] Search: 11.27 ms, dist_count=82057
[OUT] [Timing] Search: 3.80 ms, dist_count=8007
[OUT] [Timing] Search: 11.37 ms, dist_count=72911
[OUT] [Timing] Search: 9.11 ms, dist_count=56844
[OUT] [Timing] Search: 8.35 ms, dist_count=44772
[OUT] [Timing] Search: 8.64 ms, dist_count=53443
[OUT] [Timing] Search: 9.62 ms, dist_count=62238
[OUT] [Timing] Search: 11.52 ms, dist_count=76032
[OUT] [Timing] Search: 6.69 ms, dist_count=29791
[OUT] [Timing] Search: 11.91 ms, dist_count=83713
[OUT] [Timing] Search: 5.36 ms, dist_count=19033
[OUT] [Timing] Search: 9.13 ms, dist_count=55043
[OUT] [Timing] Search: 10.46 ms, dist_count=62167
[OUT] [Timing] Search: 5.15 ms, dist_count=16980
[OUT] [Timing] Search: 11.22 ms, dist_count=73985
[OUT] [Timing] Search: 7.22 ms, dist_count=38551
[OUT] [Timing] Search: 8.42 ms, dist_count=46184
[OUT] [Timing] Search: 10.34 ms, dist_count=69108
[OUT] [Timing] Search: 12.61 ms, dist_count=89917
[OUT] [Timing] Search: 12.22 ms, dist_count=80964
[OUT] [Timing] Search: 8.24 ms, dist_count=45519
[OUT] [Timing] Search: 4.46 ms, dist_count=12254
[OUT] [Timing] Search: 7.67 ms, dist_count=34827
[OUT] [Timing] Search: 6.98 ms, dist_count=33223
[OUT] [Timing] Search: 7.13 ms, dist_count=36155
[OUT] [Timing] Search: 6.11 ms, dist_count=26368
[OUT] [Timing] Search: 11.31 ms, dist_count=79722
[OUT] [Timing] Search: 11.84 ms, dist_count=80231
[OUT] [Timing] Search: 9.81 ms, dist_count=60632
[OUT] [Timing] Search: 12.54 ms, dist_count=90598
[OUT] [Timing] Search: 13.69 ms, dist_count=69085
[OUT] [Timing] Search: 11.05 ms, dist_count=56605
[OUT] [Timing] Search: 8.72 ms, dist_count=35490
[OUT] [Timing] Search: 12.76 ms, dist_count=78087
[OUT] [Timing] Search: 9.77 ms, dist_count=63736
[OUT] [Timing] Search: 11.08 ms, dist_count=75553
[OUT] [Timing] Search: 8.72 ms, dist_count=45066
[OUT] [Timing] Search: 3.07 ms, dist_count=5168
[OUT] [Timing] Search: 10.30 ms, dist_count=63801
[OUT] [Timing] Search: 4.63 ms, dist_count=11586
[OUT] [Timing] Search: 4.71 ms, dist_count=17581
[OUT] [Timing] Search: 12.02 ms, dist_count=74745
[OUT] [Timing] Search: 9.12 ms, dist_count=55071
[OUT] [Timing] Search: 6.73 ms, dist_count=32104
[OUT] [Timing] Search: 6.51 ms, dist_count=33614
[OUT] [Timing] Search: 6.20 ms, dist_count=27917
[OUT] [Timing] Search: 13.22 ms, dist_count=99317
[OUT] [Timing] Search: 7.14 ms, dist_count=36879
[OUT] [Timing] Search: 6.58 ms, dist_count=27245
[OUT] [Timing] Search: 8.21 ms, dist_count=47376
[OUT] [Timing] Search: 11.08 ms, dist_count=75683
[OUT] [Timing] Search: 5.17 ms, dist_count=18599
[OUT] [Timing] Search: 9.81 ms, dist_count=61275
[OUT] [Timing] Search: 4.56 ms, dist_count=14120
[OUT] [Timing] Search: 9.61 ms, dist_count=52546
[OUT] [Timing] Search: 3.75 ms, dist_count=8317
[OUT] [Timing] Search: 5.56 ms, dist_count=20995
[OUT] [Timing] Search: 6.39 ms, dist_count=26929
[OUT] [Timing] Search: 5.82 ms, dist_count=21971
[OUT] [Timing] Search: 7.60 ms, dist_count=40050
[OUT] [Timing] Search: 5.23 ms, dist_count=22402
[OUT] [Timing] Search: 3.75 ms, dist_count=7688
[OUT] [Timing] Search: 7.42 ms, dist_count=35525
[OUT] [Timing] Search: 9.65 ms, dist_count=62792
[OUT] [Timing] Search: 12.35 ms, dist_count=90127
[OUT] [Timing] Search: 12.35 ms, dist_count=89964
[OUT] [Timing] Search: 3.69 ms, dist_count=6035
[OUT] [Timing] Search: 5.38 ms, dist_count=17092
[OUT] [Timing] Search: 6.95 ms, dist_count=32680
[OUT] [Timing] Search: 11.85 ms, dist_count=82039
[OUT] [Timing] Search: 5.79 ms, dist_count=21941
[OUT] [Timing] Search: 12.30 ms, dist_count=84019
[OUT] [Timing] Search: 13.50 ms, dist_count=100690
[OUT] [Timing] Search: 10.79 ms, dist_count=68161
[OUT] [Timing] Search: 5.14 ms, dist_count=20422
[OUT] [Timing] Search: 5.34 ms, dist_count=18111
[OUT] [Timing] Search: 6.31 ms, dist_count=28256
[OUT] [Timing] Search: 6.66 ms, dist_count=36239
[OUT] [Timing] Search: 10.06 ms, dist_count=58008
[OUT] [Timing] Search: 5.11 ms, dist_count=18769
[OUT] [Timing] Search: 12.88 ms, dist_count=92182
[OUT] [Timing] Search: 5.43 ms, dist_count=18681
[OUT] [Timing] Search: 8.14 ms, dist_count=41939
[OUT] [Timing] Search: 7.56 ms, dist_count=36033
[OUT] [Timing] Search: 7.45 ms, dist_count=31259
[OUT] [Timing] Search: 10.33 ms, dist_count=65550
[OUT] [Timing] Search: 10.00 ms, dist_count=67028
[OUT] [Timing] Search: 12.47 ms, dist_count=92063
[OUT] [Timing] Search: 7.60 ms, dist_count=34898
[OUT] [Timing] Search: 5.12 ms, dist_count=20025
[OUT] [Timing] Search: 6.79 ms, dist_count=31552
[OUT] [Timing] Search: 9.45 ms, dist_count=60582
[OUT] [Timing] Search: 8.38 ms, dist_count=42470
[OUT] [Timing] Search: 12.89 ms, dist_count=96362
[OUT] [Timing] Search: 9.27 ms, dist_count=55500
[OUT] [Timing] Search: 6.85 ms, dist_count=35633
[OUT] [Timing] Search: 7.59 ms, dist_count=42495
[OUT] [Timing] Search: 10.81 ms, dist_count=73217
[OUT] [Timing] Search: 11.91 ms, dist_count=83454
[OUT] [Timing] Search: 6.39 ms, dist_count=29488
[OUT] [Timing] Search: 10.69 ms, dist_count=70994
[OUT] [Timing] Search: 9.54 ms, dist_count=62200
[OUT] [Timing] Search: 12.32 ms, dist_count=89468
[OUT] [Timing] Search: 8.48 ms, dist_count=51587
[OUT] [Timing] Search: 7.68 ms, dist_count=41649
[OUT] [Timing] Search: 12.97 ms, dist_count=92962
[OUT] [Timing] Search: 6.13 ms, dist_count=28282
[OUT] [Timing] Search: 8.86 ms, dist_count=52378
[OUT] [Timing] Search: 11.30 ms, dist_count=71998
[OUT] [Timing] Search: 4.82 ms, dist_count=12865
[OUT] [Timing] Search: 8.71 ms, dist_count=49626
[OUT] [Timing] Search: 8.90 ms, dist_count=53082
[OUT] [Timing] Search: 9.41 ms, dist_count=57123
[OUT] [Timing] Search: 7.74 ms, dist_count=41201
[OUT] [Timing] Search: 8.54 ms, dist_count=48665
[OUT] [Timing] Search: 12.25 ms, dist_count=84860
[OUT] [Timing] Search: 11.84 ms, dist_count=79784
[OUT] [Timing] Search: 13.04 ms, dist_count=97727
[OUT] [Timing] Search: 9.29 ms, dist_count=46538
[OUT] [Timing] Search: 12.69 ms, dist_count=91089
[OUT] [Timing] Search: 11.58 ms, dist_count=82989
[OUT] [Timing] Search: 6.21 ms, dist_count=25799
[OUT] [Timing] Search: 10.34 ms, dist_count=71552
[OUT] [Timing] Search: 4.95 ms, dist_count=18506
[OUT] [Timing] Search: 10.55 ms, dist_count=68482
[OUT] [Timing] Search: 10.30 ms, dist_count=64672
[OUT] [Timing] Search: 10.59 ms, dist_count=68861
[OUT] [Timing] Search: 11.82 ms, dist_count=79718
[OUT] [Timing] Search: 8.52 ms, dist_count=49476
[OUT] [Timing] Search: 8.06 ms, dist_count=43586
[OUT] [Timing] Search: 5.08 ms, dist_count=22660
[OUT] [Timing] Search: 10.42 ms, dist_count=66479
[OUT] [Timing] Search: 7.15 ms, dist_count=35069
[OUT] [Timing] Search: 12.00 ms, dist_count=85772
[OUT] [Timing] Search: 8.30 ms, dist_count=45797
[OUT] [Timing] Search: 10.92 ms, dist_count=74573
[OUT] [Timing] Search: 16.24 ms, dist_count=95149
[OUT] [Timing] Search: 13.90 ms, dist_count=86117
[OUT] [Timing] Search: 6.85 ms, dist_count=30714
[OUT] [Timing] Search: 10.86 ms, dist_count=71073
[OUT] [Timing] Search: 8.75 ms, dist_count=52201
[OUT] [Timing] Search: 5.39 ms, dist_count=22215
[OUT] [Timing] Search: 4.86 ms, dist_count=18275
[OUT] [Timing] Search: 12.67 ms, dist_count=82839
[OUT] [Timing] Search: 13.44 ms, dist_count=93904
[OUT] [Timing] Search: 9.33 ms, dist_count=55967
[OUT] [Timing] Search: 4.42 ms, dist_count=13540
[OUT] [Timing] Search: 6.04 ms, dist_count=22665
[OUT] [Timing] Search: 9.46 ms, dist_count=59062
[OUT]   Processed 1000 queries
[OUT] 
[OUT] [Timing] Search: 11.59 ms, dist_count=77394
[OUT] [Timing] Search: 8.02 ms, dist_count=39938
[OUT] [Timing] Search: 4.58 ms, dist_count=12672
[OUT] [Timing] Search: 13.13 ms, dist_count=95055
[OUT] [Timing] Search: 7.01 ms, dist_count=33263
[OUT] [Timing] Search: 8.13 ms, dist_count=42782
[OUT] [Timing] Search: 13.66 ms, dist_count=98119
[OUT] [Timing] Search: 11.56 ms, dist_count=78887
[OUT] [Timing] Search: 7.26 ms, dist_count=33111
[OUT] [Timing] Search: 8.99 ms, dist_count=52706
[OUT] [Timing] Search: 6.52 ms, dist_count=32157
[OUT] [Timing] Search: 3.80 ms, dist_count=8140
[OUT] [Timing] Search: 10.93 ms, dist_count=72581
[OUT] [Timing] Search: 7.14 ms, dist_count=33106
[OUT] [Timing] Search: 8.85 ms, dist_count=51060
[OUT] [Timing] Search: 9.40 ms, dist_count=56757
[OUT] [Timing] Search: 11.14 ms, dist_count=73401
[OUT] [Timing] Search: 11.24 ms, dist_count=76932
[OUT] [Timing] Search: 12.46 ms, dist_count=82835
[OUT] [Timing] Search: 9.78 ms, dist_count=59575
[OUT] [Timing] Search: 8.43 ms, dist_count=47957
[OUT] [Timing] Search: 8.03 ms, dist_count=45097
[OUT] [Timing] Search: 9.16 ms, dist_count=58699
[OUT] [Timing] Search: 13.18 ms, dist_count=91758
[OUT] [Timing] Search: 4.07 ms, dist_count=9289
[OUT] [Timing] Search: 8.77 ms, dist_count=52252
[OUT] [Timing] Search: 10.49 ms, dist_count=70110
[OUT] [Timing] Search: 4.45 ms, dist_count=13752
[OUT] [Timing] Search: 11.16 ms, dist_count=74068
[OUT] [Timing] Search: 10.39 ms, dist_count=69858
[OUT] [Timing] Search: 6.68 ms, dist_count=32347
[OUT] [Timing] Search: 10.07 ms, dist_count=66475
[OUT] [Timing] Search: 11.15 ms, dist_count=81018
[OUT] [Timing] Search: 9.32 ms, dist_count=49467
[OUT] [Timing] Search: 12.38 ms, dist_count=83637
[OUT] [Timing] Search: 9.49 ms, dist_count=59627
[OUT] [Timing] Search: 5.98 ms, dist_count=23901
[OUT] [Timing] Search: 3.41 ms, dist_count=8817
[OUT] [Timing] Search: 9.60 ms, dist_count=57892
[OUT] [Timing] Search: 9.15 ms, dist_count=54505
[OUT] [Timing] Search: 5.56 ms, dist_count=17950
[OUT] [Timing] Search: 8.67 ms, dist_count=50451
[OUT] [Timing] Search: 11.17 ms, dist_count=71673
[OUT] [Timing] Search: 4.90 ms, dist_count=18689
[OUT] [Timing] Search: 9.81 ms, dist_count=63022
[OUT] [Timing] Search: 9.13 ms, dist_count=52707
[OUT] [Timing] Search: 5.57 ms, dist_count=20029
[OUT] [Timing] Search: 8.99 ms, dist_count=55624
[OUT] [Timing] Search: 8.85 ms, dist_count=51993
[OUT] [Timing] Search: 7.36 ms, dist_count=43279
[OUT] [Timing] Search: 10.79 ms, dist_count=70624
[OUT] [Timing] Search: 11.11 ms, dist_count=75657
[OUT] [Timing] Search: 6.20 ms, dist_count=28262
[OUT] [Timing] Search: 8.02 ms, dist_count=44316
[OUT] [Timing] Search: 10.38 ms, dist_count=71138
[OUT] [Timing] Search: 9.03 ms, dist_count=54668
[OUT] [Timing] Search: 7.51 ms, dist_count=39031
[OUT] [Timing] Search: 11.47 ms, dist_count=80584
[OUT] [Timing] Search: 10.62 ms, dist_count=63397
[OUT] [Timing] Search: 11.26 ms, dist_count=77024
[OUT] [Timing] Search: 10.06 ms, dist_count=58563
[OUT] [Timing] Search: 5.07 ms, dist_count=17764
[OUT] [Timing] Search: 12.73 ms, dist_count=93474
[OUT] [Timing] Search: 11.88 ms, dist_count=88680
[OUT] [Timing] Search: 9.39 ms, dist_count=59953
[OUT] [Timing] Search: 3.53 ms, dist_count=6484
[OUT] [Timing] Search: 7.89 ms, dist_count=43228
[OUT] [Timing] Search: 6.25 ms, dist_count=29049
[OUT] [Timing] Search: 9.66 ms, dist_count=62603
[OUT] [Timing] Search: 7.76 ms, dist_count=39484
[OUT] [Timing] Search: 3.56 ms, dist_count=5258
[OUT] [Timing] Search: 11.50 ms, dist_count=73139
[OUT] [Timing] Search: 6.77 ms, dist_count=31777
[OUT] [Timing] Search: 8.66 ms, dist_count=50367
[OUT] [Timing] Search: 12.52 ms, dist_count=92097
[OUT] [Timing] Search: 12.10 ms, dist_count=83706
[OUT] [Timing] Search: 3.81 ms, dist_count=9267
[OUT] [Timing] Search: 5.80 ms, dist_count=23056
[OUT] [Timing] Search: 11.28 ms, dist_count=77630
[OUT] [Timing] Search: 6.44 ms, dist_count=26785
[OUT] [Timing] Search: 10.99 ms, dist_count=76949
[OUT] [Timing] Search: 3.64 ms, dist_count=5937
[OUT] [Timing] Search: 13.77 ms, dist_count=95125
[OUT] [Timing] Search: 7.93 ms, dist_count=42781
[OUT] [Timing] Search: 6.65 ms, dist_count=28788
[OUT] [Timing] Search: 9.84 ms, dist_count=69258
[OUT] [Timing] Search: 6.20 ms, dist_count=27206
[OUT] [Timing] Search: 6.82 ms, dist_count=32510
[OUT] [Timing] Search: 7.19 ms, dist_count=39246
[OUT] [Timing] Search: 10.70 ms, dist_count=73311
[OUT] [Timing] Search: 6.96 ms, dist_count=31315
[OUT] [Timing] Search: 9.31 ms, dist_count=51439
[OUT] [Timing] Search: 5.68 ms, dist_count=12977
[OUT] [Timing] Search: 12.54 ms, dist_count=55857
[OUT] [Timing] Search: 8.31 ms, dist_count=31878
[OUT] [Timing] Search: 5.75 ms, dist_count=15167
[OUT] [Timing] Search: 14.32 ms, dist_count=82899
[OUT] [Timing] Search: 10.05 ms, dist_count=45631
[OUT] [Timing] Search: 10.21 ms, dist_count=52028
[OUT] [Timing] Search: 4.26 ms, dist_count=10653
[OUT] [Timing] Search: 9.84 ms, dist_count=60765
[OUT] [Timing] Search: 8.38 ms, dist_count=48329
[OUT] [Timing] Search: 9.44 ms, dist_count=55347
[OUT] [Timing] Search: 7.45 ms, dist_count=35816
[OUT] [Timing] Search: 7.02 ms, dist_count=31990
[OUT] [Timing] Search: 11.96 ms, dist_count=87839
[OUT] [Timing] Search: 9.46 ms, dist_count=57330
[OUT] [Timing] Search: 7.53 ms, dist_count=36780
[OUT] [Timing] Search: 6.59 ms, dist_count=33146
[OUT] [Timing] Search: 6.65 ms, dist_count=29886
[OUT] [Timing] Search: 7.86 ms, dist_count=43290
[OUT] [Timing] Search: 2.95 ms, dist_count=5955
[OUT] [Timing] Search: 4.55 ms, dist_count=13841
[OUT] [Timing] Search: 8.14 ms, dist_count=41768
[OUT] [Timing] Search: 7.97 ms, dist_count=41524
[OUT] [Timing] Search: 6.59 ms, dist_count=28676
[OUT] [Timing] Search: 8.59 ms, dist_count=49469
[OUT] [Timing] Search: 9.81 ms, dist_count=55194
[OUT] [Timing] Search: 9.03 ms, dist_count=39774
[OUT] [Timing] Search: 5.92 ms, dist_count=17908
[OUT] [Timing] Search: 9.98 ms, dist_count=36613
[OUT] [Timing] Search: 14.54 ms, dist_count=102731
[OUT] [Timing] Search: 6.09 ms, dist_count=26919
[OUT] [Timing] Search: 8.56 ms, dist_count=49587
[OUT] [Timing] Search: 9.37 ms, dist_count=56699
[OUT] [Timing] Search: 5.04 ms, dist_count=21105
[OUT] [Timing] Search: 4.70 ms, dist_count=12165
[OUT] [Timing] Search: 9.77 ms, dist_count=45252
[OUT] [Timing] Search: 9.78 ms, dist_count=50072
[OUT] [Timing] Search: 12.60 ms, dist_count=78081
[OUT] [Timing] Search: 12.99 ms, dist_count=84052
[OUT] [Timing] Search: 11.45 ms, dist_count=72757
[OUT] [Timing] Search: 6.28 ms, dist_count=28549
[OUT] [Timing] Search: 7.44 ms, dist_count=37905
[OUT] [Timing] Search: 10.27 ms, dist_count=67665
[OUT] [Timing] Search: 11.25 ms, dist_count=75557
[OUT] [Timing] Search: 4.67 ms, dist_count=15924
[OUT] [Timing] Search: 9.08 ms, dist_count=54408
[OUT] [Timing] Search: 9.97 ms, dist_count=62870
[OUT] [Timing] Search: 7.17 ms, dist_count=37881
[OUT] [Timing] Search: 10.86 ms, dist_count=60504
[OUT] [Timing] Search: 5.01 ms, dist_count=17028
[OUT] [Timing] Search: 6.20 ms, dist_count=29053
[OUT] [Timing] Search: 3.91 ms, dist_count=8474
[OUT] [Timing] Search: 13.30 ms, dist_count=90326
[OUT] [Timing] Search: 7.40 ms, dist_count=36966
[OUT] [Timing] Search: 12.96 ms, dist_count=92226
[OUT] [Timing] Search: 11.29 ms, dist_count=75791
[OUT] [Timing] Search: 7.32 ms, dist_count=31327
[OUT] [Timing] Search: 13.39 ms, dist_count=89989
[OUT] [Timing] Search: 6.44 ms, dist_count=25583
[OUT] [Timing] Search: 12.45 ms, dist_count=90454
[OUT] [Timing] Search: 9.91 ms, dist_count=62981
[OUT] [Timing] Search: 6.65 ms, dist_count=32304
[OUT] [Timing] Search: 6.92 ms, dist_count=33190
[OUT] [Timing] Search: 10.04 ms, dist_count=62122
[OUT] [Timing] Search: 11.03 ms, dist_count=73671
[OUT] [Timing] Search: 7.99 ms, dist_count=41283
[OUT] [Timing] Search: 3.71 ms, dist_count=7358
[OUT] [Timing] Search: 9.95 ms, dist_count=57123
[OUT] [Timing] Search: 5.16 ms, dist_count=18101
[OUT] [Timing] Search: 7.39 ms, dist_count=35395
[OUT] [Timing] Search: 7.77 ms, dist_count=41247
[OUT] [Timing] Search: 12.97 ms, dist_count=83343
[OUT] [Timing] Search: 4.88 ms, dist_count=15619
[OUT] [Timing] Search: 12.33 ms, dist_count=78013
[OUT] [Timing] Search: 10.60 ms, dist_count=70039
[OUT] [Timing] Search: 7.66 ms, dist_count=37238
[OUT] [Timing] Search: 8.50 ms, dist_count=42049
[OUT] [Timing] Search: 9.24 ms, dist_count=55738
[OUT] [Timing] Search: 9.20 ms, dist_count=56783
[OUT] [Timing] Search: 10.59 ms, dist_count=70587
[OUT] [Timing] Search: 10.74 ms, dist_count=73181
[OUT] [Timing] Search: 7.09 ms, dist_count=29295
[OUT] [Timing] Search: 12.21 ms, dist_count=78441
[OUT] [Timing] Search: 7.75 ms, dist_count=40928
[OUT] [Timing] Search: 6.74 ms, dist_count=32414
[OUT] [Timing] Search: 11.31 ms, dist_count=74711
[OUT] [Timing] Search: 5.54 ms, dist_count=19209
[OUT] [Timing] Search: 12.88 ms, dist_count=87084
[OUT] [Timing] Search: 4.64 ms, dist_count=13737
[OUT] [Timing] Search: 7.68 ms, dist_count=41669
[OUT] [Timing] Search: 9.57 ms, dist_count=60602
[OUT] [Timing] Search: 14.18 ms, dist_count=104139
[OUT] [Timing] Search: 8.61 ms, dist_count=47436
[OUT] [Timing] Search: 9.92 ms, dist_count=65935
[OUT] [Timing] Search: 11.76 ms, dist_count=79836
[OUT] [Timing] Search: 10.36 ms, dist_count=60544
[OUT] [Timing] Search: 11.68 ms, dist_count=83685
[OUT] [Timing] Search: 7.60 ms, dist_count=37747
[OUT] [Timing] Search: 6.41 ms, dist_count=29392
[OUT] [Timing] Search: 8.45 ms, dist_count=48218
[OUT] [Timing] Search: 7.11 ms, dist_count=37388
[OUT] [Timing] Search: 9.28 ms, dist_count=58535
[OUT] [Timing] Search: 8.80 ms, dist_count=53839
[OUT] [Timing] Search: 11.67 ms, dist_count=82381
[OUT] [Timing] Search: 4.24 ms, dist_count=10603
[OUT] [Timing] Search: 11.48 ms, dist_count=59263
[OUT] [Timing] Search: 15.06 ms, dist_count=84051
[OUT] [Timing] Search: 7.84 ms, dist_count=23257
[OUT] [Timing] Search: 7.31 ms, dist_count=30612
[OUT] [Timing] Search: 7.97 ms, dist_count=41276
[OUT] [Timing] Search: 12.25 ms, dist_count=83431
[OUT] [Timing] Search: 4.09 ms, dist_count=11587
[OUT] [Timing] Search: 6.95 ms, dist_count=30807
[OUT] [Timing] Search: 7.50 ms, dist_count=38386
[OUT] [Timing] Search: 9.64 ms, dist_count=60254
[OUT] [Timing] Search: 12.56 ms, dist_count=90700
[OUT] [Timing] Search: 10.41 ms, dist_count=65407
[OUT] [Timing] Search: 9.50 ms, dist_count=57926
[OUT] [Timing] Search: 8.26 ms, dist_count=46120
[OUT] [Timing] Search: 9.49 ms, dist_count=54468
[OUT] [Timing] Search: 9.72 ms, dist_count=63017
[OUT] [Timing] Search: 7.60 ms, dist_count=41446
[OUT] [Timing] Search: 8.67 ms, dist_count=49320
[OUT] [Timing] Search: 12.18 ms, dist_count=84029
[OUT] [Timing] Search: 7.99 ms, dist_count=39908
[OUT] [Timing] Search: 9.32 ms, dist_count=51372
[OUT] [Timing] Search: 8.70 ms, dist_count=51547
[OUT] [Timing] Search: 10.73 ms, dist_count=75408
[OUT] [Timing] Search: 9.99 ms, dist_count=65363
[OUT] [Timing] Search: 6.01 ms, dist_count=23085
[OUT] [Timing] Search: 7.65 ms, dist_count=40094
[OUT] [Timing] Search: 8.00 ms, dist_count=43098
[OUT] [Timing] Search: 13.61 ms, dist_count=98756
[OUT] [Timing] Search: 5.77 ms, dist_count=24261
[OUT] [Timing] Search: 7.16 ms, dist_count=34132
[OUT] [Timing] Search: 7.51 ms, dist_count=36272
[OUT] [Timing] Search: 8.76 ms, dist_count=44778
[OUT] [Timing] Search: 4.82 ms, dist_count=16776
[OUT] [Timing] Search: 4.01 ms, dist_count=7680
[OUT] [Timing] Search: 8.39 ms, dist_count=46746
[OUT] [Timing] Search: 11.94 ms, dist_count=86377
[OUT] [Timing] Search: 4.73 ms, dist_count=18252
[OUT] [Timing] Search: 5.08 ms, dist_count=17525
[OUT] [Timing] Search: 9.61 ms, dist_count=60667
[OUT] [Timing] Search: 8.35 ms, dist_count=48178
[OUT] [Timing] Search: 5.84 ms, dist_count=23838
[OUT] [Timing] Search: 6.72 ms, dist_count=34925
[OUT] [Timing] Search: 10.80 ms, dist_count=70435
[OUT] [Timing] Search: 10.05 ms, dist_count=56376
[OUT] [Timing] Search: 10.95 ms, dist_count=74490
[OUT] [Timing] Search: 7.83 ms, dist_count=38936
[OUT] [Timing] Search: 11.53 ms, dist_count=78649
[OUT] [Timing] Search: 6.99 ms, dist_count=32966
[OUT] [Timing] Search: 9.17 ms, dist_count=45361
[OUT] [Timing] Search: 7.76 ms, dist_count=42950
[OUT] [Timing] Search: 12.50 ms, dist_count=87164
[OUT] [Timing] Search: 5.30 ms, dist_count=19688
[OUT] [Timing] Search: 6.51 ms, dist_count=27224
[OUT] [Timing] Search: 9.31 ms, dist_count=53983
[OUT] [Timing] Search: 8.52 ms, dist_count=40164
[OUT] [Timing] Search: 12.38 ms, dist_count=83231
[OUT] [Timing] Search: 3.49 ms, dist_count=5233
[OUT] [Timing] Search: 12.91 ms, dist_count=86675
[OUT] [Timing] Search: 3.52 ms, dist_count=6471
[OUT] [Timing] Search: 5.73 ms, dist_count=22010
[OUT] [Timing] Search: 11.21 ms, dist_count=77606
[OUT] [Timing] Search: 5.88 ms, dist_count=21869
[OUT] [Timing] Search: 7.60 ms, dist_count=42860
[OUT] [Timing] Search: 11.35 ms, dist_count=78995
[OUT] [Timing] Search: 8.55 ms, dist_count=47507
[OUT] [Timing] Search: 9.98 ms, dist_count=63273
[OUT] [Timing] Search: 7.64 ms, dist_count=39073
[OUT] [Timing] Search: 11.30 ms, dist_count=80716
[OUT] [Timing] Search: 9.08 ms, dist_count=54279
[OUT] [Timing] Search: 13.95 ms, dist_count=93552
[OUT] [Timing] Search: 9.32 ms, dist_count=59160
[OUT] [Timing] Search: 7.17 ms, dist_count=33654
[OUT] [Timing] Search: 12.34 ms, dist_count=86772
[OUT] [Timing] Search: 10.47 ms, dist_count=64020
[OUT] [Timing] Search: 10.54 ms, dist_count=67510
[OUT] [Timing] Search: 10.53 ms, dist_count=70828
[OUT] [Timing] Search: 5.77 ms, dist_count=24808
[OUT] [Timing] Search: 8.48 ms, dist_count=48799
[OUT] [Timing] Search: 9.87 ms, dist_count=69060
[OUT] [Timing] Search: 6.64 ms, dist_count=30364
[OUT] [Timing] Search: 8.86 ms, dist_count=53763
[OUT] [Timing] Search: 12.88 ms, dist_count=90728
[OUT] [Timing] Search: 7.44 ms, dist_count=38108
[OUT] [Timing] Search: 6.97 ms, dist_count=37859
[OUT] [Timing] Search: 12.88 ms, dist_count=88447
[OUT] [Timing] Search: 6.52 ms, dist_count=31337
[OUT] [Timing] Search: 8.24 ms, dist_count=49382
[OUT] [Timing] Search: 9.95 ms, dist_count=65550
[OUT] [Timing] Search: 10.73 ms, dist_count=73742
[OUT] [Timing] Search: 4.95 ms, dist_count=14606
[OUT] [Timing] Search: 10.59 ms, dist_count=71156
[OUT] [Timing] Search: 8.23 ms, dist_count=45390
[OUT] [Timing] Search: 4.74 ms, dist_count=16416
[OUT] [Timing] Search: 12.14 ms, dist_count=80174
[OUT] [Timing] Search: 9.13 ms, dist_count=50128
[OUT] [Timing] Search: 10.64 ms, dist_count=71248
[OUT] [Timing] Search: 11.57 ms, dist_count=82236
[OUT] [Timing] Search: 6.72 ms, dist_count=34557
[OUT] [Timing] Search: 10.47 ms, dist_count=71691
[OUT] [Timing] Search: 7.78 ms, dist_count=39029
[OUT] [Timing] Search: 6.97 ms, dist_count=33891
[OUT] [Timing] Search: 10.75 ms, dist_count=71264
[OUT] [Timing] Search: 7.06 ms, dist_count=39012
[OUT] [Timing] Search: 9.00 ms, dist_count=53009
[OUT] [Timing] Search: 5.59 ms, dist_count=23447
[OUT] [Timing] Search: 12.10 ms, dist_count=61295
[OUT] [Timing] Search: 9.25 ms, dist_count=38261
[OUT] [Timing] Search: 12.46 ms, dist_count=76391
[OUT] [Timing] Search: 7.25 ms, dist_count=31959
[OUT] [Timing] Search: 13.06 ms, dist_count=79513
[OUT] [Timing] Search: 9.48 ms, dist_count=55848
[OUT] [Timing] Search: 11.60 ms, dist_count=80812
[OUT] [Timing] Search: 6.11 ms, dist_count=23078
[OUT] [Timing] Search: 8.67 ms, dist_count=49397
[OUT] [Timing] Search: 6.36 ms, dist_count=21763
[OUT] [Timing] Search: 17.41 ms, dist_count=92063
[OUT] [Timing] Search: 9.37 ms, dist_count=42643
[OUT] [Timing] Search: 6.09 ms, dist_count=19077
[OUT] [Timing] Search: 10.18 ms, dist_count=58322
[OUT] [Timing] Search: 9.99 ms, dist_count=59698
[OUT] [Timing] Search: 10.28 ms, dist_count=59394
[OUT] [Timing] Search: 7.49 ms, dist_count=33643
[OUT] [Timing] Search: 13.89 ms, dist_count=86824
[OUT] [Timing] Search: 14.37 ms, dist_count=91748
[OUT] [Timing] Search: 9.01 ms, dist_count=42807
[OUT] [Timing] Search: 10.67 ms, dist_count=62781
[OUT] [Timing] Search: 9.09 ms, dist_count=47086
[OUT] [Timing] Search: 13.36 ms, dist_count=86081
[OUT] [Timing] Search: 9.61 ms, dist_count=53245
[OUT] [Timing] Search: 8.96 ms, dist_count=49732
[OUT] [Timing] Search: 7.84 ms, dist_count=39524
[OUT] [Timing] Search: 5.52 ms, dist_count=21237
[OUT] [Timing] Search: 9.61 ms, dist_count=54972
[OUT] [Timing] Search: 10.85 ms, dist_count=69647
[OUT] [Timing] Search: 6.68 ms, dist_count=27486
[OUT] [Timing] Search: 12.41 ms, dist_count=88714
[OUT] [Timing] Search: 12.62 ms, dist_count=90852
[OUT] [Timing] Search: 4.87 ms, dist_count=15154
[OUT] [Timing] Search: 5.65 ms, dist_count=25857
[OUT] [Timing] Search: 9.83 ms, dist_count=60227
[OUT] [Timing] Search: 10.98 ms, dist_count=58388
[OUT] [Timing] Search: 7.76 ms, dist_count=32920
[OUT] [Timing] Search: 5.66 ms, dist_count=18707
[OUT] [Timing] Search: 13.97 ms, dist_count=76160
[OUT] [Timing] Search: 11.10 ms, dist_count=60409
[OUT] [Timing] Search: 8.55 ms, dist_count=39425
[OUT] [Timing] Search: 8.93 ms, dist_count=45930
[OUT] [Timing] Search: 8.74 ms, dist_count=43011
[OUT] [Timing] Search: 5.07 ms, dist_count=19045
[OUT] [Timing] Search: 8.24 ms, dist_count=43152
[OUT] [Timing] Search: 10.81 ms, dist_count=67920
[OUT] [Timing] Search: 6.78 ms, dist_count=29633
[OUT] [Timing] Search: 7.82 ms, dist_count=41899
[OUT] [Timing] Search: 13.24 ms, dist_count=89310
[OUT] [Timing] Search: 5.85 ms, dist_count=20987
[OUT] [Timing] Search: 3.90 ms, dist_count=9251
[OUT] [Timing] Search: 13.87 ms, dist_count=89603
[OUT] [Timing] Search: 7.26 ms, dist_count=38455
[OUT] [Timing] Search: 11.89 ms, dist_count=79403
[OUT] [Timing] Search: 12.21 ms, dist_count=87115
[OUT] [Timing] Search: 9.35 ms, dist_count=53797
[OUT] [Timing] Search: 5.53 ms, dist_count=19667
[OUT] [Timing] Search: 8.84 ms, dist_count=47876
[OUT] [Timing] Search: 9.05 ms, dist_count=49792
[OUT] [Timing] Search: 6.89 ms, dist_count=32370
[OUT] [Timing] Search: 9.43 ms, dist_count=52162
[OUT] [Timing] Search: 10.87 ms, dist_count=71756
[OUT] [Timing] Search: 7.39 ms, dist_count=36432
[OUT] [Timing] Search: 13.40 ms, dist_count=96273
[OUT] [Timing] Search: 10.37 ms, dist_count=68262
[OUT] [Timing] Search: 8.25 ms, dist_count=48507
[OUT] [Timing] Search: 13.12 ms, dist_count=94649
[OUT] [Timing] Search: 8.69 ms, dist_count=49164
[OUT] [Timing] Search: 14.02 ms, dist_count=101712
[OUT] [Timing] Search: 8.52 ms, dist_count=47244
[OUT] [Timing] Search: 11.16 ms, dist_count=74606
[OUT] [Timing] Search: 5.11 ms, dist_count=17855
[OUT] [Timing] Search: 12.16 ms, dist_count=82113
[OUT] [Timing] Search: 11.27 ms, dist_count=76180
[OUT] [Timing] Search: 6.22 ms, dist_count=27053
[OUT] [Timing] Search: 9.15 ms, dist_count=54988
[OUT] [Timing] Search: 8.28 ms, dist_count=44737
[OUT] [Timing] Search: 7.12 ms, dist_count=34867
[OUT] [Timing] Search: 7.36 ms, dist_count=33070
[OUT] [Timing] Search: 10.88 ms, dist_count=72715
[OUT] [Timing] Search: 9.11 ms, dist_count=46581
[OUT] [Timing] Search: 9.50 ms, dist_count=55611
[OUT] [Timing] Search: 4.93 ms, dist_count=14814
[OUT] [Timing] Search: 7.84 ms, dist_count=41962
[OUT] [Timing] Search: 8.42 ms, dist_count=48602
[OUT] [Timing] Search: 7.11 ms, dist_count=35485
[OUT] [Timing] Search: 5.91 ms, dist_count=26708
[OUT] [Timing] Search: 6.69 ms, dist_count=30023
[OUT] [Timing] Search: 10.78 ms, dist_count=72902
[OUT] [Timing] Search: 9.51 ms, dist_count=57351
[OUT] [Timing] Search: 11.34 ms, dist_count=76422
[OUT] [Timing] Search: 6.35 ms, dist_count=23316
[OUT] [Timing] Search: 11.06 ms, dist_count=74938
[OUT] [Timing] Search: 4.69 ms, dist_count=13803
[OUT] [Timing] Search: 7.22 ms, dist_count=32968
[OUT] [Timing] Search: 5.28 ms, dist_count=19746
[OUT] [Timing] Search: 9.21 ms, dist_count=55684
[OUT] [Timing] Search: 7.78 ms, dist_count=38909
[OUT] [Timing] Search: 7.67 ms, dist_count=41964
[OUT] [Timing] Search: 10.81 ms, dist_count=70653
[OUT] [Timing] Search: 9.74 ms, dist_count=58298
[OUT] [Timing] Search: 9.68 ms, dist_count=40706
[OUT] [Timing] Search: 14.96 ms, dist_count=86839
[OUT] [Timing] Search: 14.38 ms, dist_count=75016
[OUT] [Timing] Search: 10.21 ms, dist_count=46625
[OUT] [Timing] Search: 8.39 ms, dist_count=32839
[OUT] [Timing] Search: 5.49 ms, dist_count=11368
[OUT] [Timing] Search: 10.07 ms, dist_count=49020
[OUT] [Timing] Search: 11.80 ms, dist_count=79255
[OUT] [Timing] Search: 10.07 ms, dist_count=53497
[OUT] [Timing] Search: 5.45 ms, dist_count=19509
[OUT] [Timing] Search: 8.00 ms, dist_count=45241
[OUT] [Timing] Search: 10.39 ms, dist_count=71283
[OUT] [Timing] Search: 10.28 ms, dist_count=68725
[OUT] [Timing] Search: 9.67 ms, dist_count=65052
[OUT] [Timing] Search: 8.31 ms, dist_count=45844
[OUT] [Timing] Search: 11.02 ms, dist_count=54244
[OUT] [Timing] Search: 4.74 ms, dist_count=11753
[OUT] [Timing] Search: 12.41 ms, dist_count=63391
[OUT] [Timing] Search: 13.41 ms, dist_count=65138
[OUT] [Timing] Search: 6.90 ms, dist_count=37554
[OUT] [Timing] Search: 7.00 ms, dist_count=34795
[OUT] [Timing] Search: 4.58 ms, dist_count=14495
[OUT] [Timing] Search: 8.28 ms, dist_count=38437
[OUT] [Timing] Search: 9.83 ms, dist_count=67274
[OUT] [Timing] Search: 9.90 ms, dist_count=55675
[OUT] [Timing] Search: 5.61 ms, dist_count=22143
[OUT] [Timing] Search: 11.34 ms, dist_count=78571
[OUT] [Timing] Search: 7.88 ms, dist_count=41850
[OUT] [Timing] Search: 4.80 ms, dist_count=12721
[OUT] [Timing] Search: 4.05 ms, dist_count=10310
[OUT] [Timing] Search: 11.95 ms, dist_count=81020
[OUT] [Timing] Search: 9.39 ms, dist_count=55782
[OUT] [Timing] Search: 5.00 ms, dist_count=17385
[OUT] [Timing] Search: 6.74 ms, dist_count=37811
[OUT] [Timing] Search: 10.30 ms, dist_count=65920
[OUT] [Timing] Search: 10.94 ms, dist_count=78250
[OUT] [Timing] Search: 8.23 ms, dist_count=46841
[OUT] [Timing] Search: 13.16 ms, dist_count=94841
[OUT] [Timing] Search: 11.01 ms, dist_count=72903
[OUT] [Timing] Search: 8.47 ms, dist_count=48116
[OUT] [Timing] Search: 8.58 ms, dist_count=48630
[OUT] [Timing] Search: 6.88 ms, dist_count=36485
[OUT] [Timing] Search: 9.45 ms, dist_count=54378
[OUT] [Timing] Search: 11.42 ms, dist_count=73055
[OUT] [Timing] Search: 10.39 ms, dist_count=71803
[OUT] [Timing] Search: 9.34 ms, dist_count=55211
[OUT] [Timing] Search: 9.03 ms, dist_count=58942
[OUT] [Timing] Search: 9.57 ms, dist_count=62472
[OUT] [Timing] Search: 8.92 ms, dist_count=48583
[OUT] [Timing] Search: 6.77 ms, dist_count=33308
[OUT] [Timing] Search: 6.79 ms, dist_count=18031
[OUT] [Timing] Search: 9.43 ms, dist_count=60358
[OUT] [Timing] Search: 10.03 ms, dist_count=66473
[OUT] [Timing] Search: 4.29 ms, dist_count=14041
[OUT] [Timing] Search: 8.65 ms, dist_count=48494
[OUT] [Timing] Search: 5.40 ms, dist_count=25689
[OUT] [Timing] Search: 9.49 ms, dist_count=53920
[OUT] [Timing] Search: 12.16 ms, dist_count=86947
[OUT] [Timing] Search: 5.87 ms, dist_count=23438
[OUT] [Timing] Search: 10.72 ms, dist_count=70454
[OUT] [Timing] Search: 5.11 ms, dist_count=18344
[OUT] [Timing] Search: 4.78 ms, dist_count=17671
[OUT] [Timing] Search: 9.28 ms, dist_count=51408
[OUT] [Timing] Search: 8.01 ms, dist_count=44153
[OUT] [Timing] Search: 12.89 ms, dist_count=97984
[OUT] [Timing] Search: 6.02 ms, dist_count=24350
[OUT] [Timing] Search: 12.64 ms, dist_count=93432
[OUT] [Timing] Search: 11.81 ms, dist_count=83240
[OUT] [Timing] Search: 7.26 ms, dist_count=36730
[OUT] [Timing] Search: 11.52 ms, dist_count=82457
[OUT] [Timing] Search: 5.51 ms, dist_count=22974
[OUT] [Timing] Search: 8.14 ms, dist_count=44398
[OUT] [Timing] Search: 7.97 ms, dist_count=41332
[OUT] [Timing] Search: 5.40 ms, dist_count=19697
[OUT] [Timing] Search: 9.85 ms, dist_count=63475
[OUT] [Timing] Search: 9.96 ms, dist_count=59265
[OUT] [Timing] Search: 6.75 ms, dist_count=31544
[OUT] [Timing] Search: 8.93 ms, dist_count=46040
[OUT] [Timing] Search: 8.54 ms, dist_count=49622
[OUT] [Timing] Search: 6.67 ms, dist_count=27255
[OUT] [Timing] Search: 8.60 ms, dist_count=43499
[OUT] [Timing] Search: 11.69 ms, dist_count=80465
[OUT] [Timing] Search: 12.12 ms, dist_count=77588
[OUT] [Timing] Search: 10.14 ms, dist_count=59112
[OUT] [Timing] Search: 6.78 ms, dist_count=29846
[OUT] [Timing] Search: 8.39 ms, dist_count=45528
[OUT] [Timing] Search: 12.42 ms, dist_count=92418
[OUT] [Timing] Search: 12.85 ms, dist_count=96930
[OUT] [Timing] Search: 7.56 ms, dist_count=36666
[OUT] [Timing] Search: 10.59 ms, dist_count=72566
[OUT] [Timing] Search: 9.09 ms, dist_count=53535
[OUT] [Timing] Search: 4.97 ms, dist_count=16067
[OUT] [Timing] Search: 8.73 ms, dist_count=53398
[OUT] [Timing] Search: 10.83 ms, dist_count=72124
[OUT] [Timing] Search: 10.50 ms, dist_count=67714
[OUT] [Timing] Search: 6.29 ms, dist_count=24202
[OUT] [Timing] Search: 11.28 ms, dist_count=80333
[OUT] [Timing] Search: 5.56 ms, dist_count=21129
[OUT] [Timing] Search: 13.31 ms, dist_count=99047
[OUT] [Timing] Search: 7.16 ms, dist_count=36004
[OUT] [Timing] Search: 5.62 ms, dist_count=22634
[OUT] [Timing] Search: 12.06 ms, dist_count=84941
[OUT] [Timing] Search: 10.49 ms, dist_count=56448
[OUT] [Timing] Search: 9.16 ms, dist_count=47046
[OUT] [Timing] Search: 12.44 ms, dist_count=71915
[OUT] [Timing] Search: 14.94 ms, dist_count=98567
[OUT] [Timing] Search: 10.36 ms, dist_count=65946
[OUT] [Timing] Search: 7.72 ms, dist_count=40216
[OUT] [Timing] Search: 6.11 ms, dist_count=28147
[OUT] [Timing] Search: 5.13 ms, dist_count=21271
[OUT] [Timing] Search: 4.66 ms, dist_count=12804
[OUT] [Timing] Search: 9.74 ms, dist_count=62507
[OUT] [Timing] Search: 7.57 ms, dist_count=33724
[OUT] [Timing] Search: 4.19 ms, dist_count=13524
[OUT] [Timing] Search: 9.86 ms, dist_count=62571
[OUT] [Timing] Search: 8.30 ms, dist_count=43728
[OUT] [Timing] Search: 8.43 ms, dist_count=47200
[OUT] [Timing] Search: 9.13 ms, dist_count=57850
[OUT] [Timing] Search: 4.46 ms, dist_count=14024
[OUT] [Timing] Search: 7.49 ms, dist_count=39826
[OUT] [Timing] Search: 11.46 ms, dist_count=75542
[OUT] [Timing] Search: 5.76 ms, dist_count=24074
[OUT] [Timing] Search: 12.50 ms, dist_count=90068
[OUT] [Timing] Search: 7.63 ms, dist_count=37882
[OUT] [Timing] Search: 12.16 ms, dist_count=85092
[OUT] [Timing] Search: 5.42 ms, dist_count=16409
[OUT] [Timing] Search: 9.62 ms, dist_count=47926
[OUT] [Timing] Search: 11.45 ms, dist_count=59810
[OUT] [Timing] Search: 7.87 ms, dist_count=30801
[OUT] [Timing] Search: 8.36 ms, dist_count=44381
[OUT] [Timing] Search: 6.28 ms, dist_count=22683
[OUT] [Timing] Search: 7.94 ms, dist_count=37738
[OUT] [Timing] Search: 7.38 ms, dist_count=32767
[OUT] [Timing] Search: 9.14 ms, dist_count=55508
[OUT] [Timing] Search: 12.81 ms, dist_count=87675
[OUT] [Timing] Search: 5.28 ms, dist_count=20331
[OUT] [Timing] Search: 11.42 ms, dist_count=79856
[OUT] [Timing] Search: 9.31 ms, dist_count=61947
[OUT] [Timing] Search: 11.54 ms, dist_count=75351
[OUT] [Timing] Search: 4.75 ms, dist_count=14448
[OUT] [Timing] Search: 9.72 ms, dist_count=61086
[OUT] [Timing] Search: 7.61 ms, dist_count=39153
[OUT] [Timing] Search: 5.62 ms, dist_count=23559
[OUT] [Timing] Search: 6.91 ms, dist_count=32129
[OUT] [Timing] Search: 7.73 ms, dist_count=41342
[OUT] [Timing] Search: 6.40 ms, dist_count=27650
[OUT] [Timing] Search: 10.60 ms, dist_count=69164
[OUT] [Timing] Search: 7.55 ms, dist_count=33177
[OUT] [Timing] Search: 12.78 ms, dist_count=87010
[OUT] [Timing] Search: 8.78 ms, dist_count=53549
[OUT] [Timing] Search: 13.72 ms, dist_count=99456
[OUT] [Timing] Search: 11.23 ms, dist_count=69518
[OUT] [Timing] Search: 6.52 ms, dist_count=28011
[OUT] [Timing] Search: 7.43 ms, dist_count=35734
[OUT] [Timing] Search: 7.56 ms, dist_count=41533
[OUT] [Timing] Search: 12.22 ms, dist_count=82744
[OUT] [Timing] Search: 10.01 ms, dist_count=62044
[OUT] [Timing] Search: 12.67 ms, dist_count=90587
[OUT] [Timing] Search: 8.44 ms, dist_count=49526
[OUT] [Timing] Search: 7.60 ms, dist_count=38912
[OUT] [Timing] Search: 13.41 ms, dist_count=96379
[OUT] [Timing] Search: 4.18 ms, dist_count=11688
[OUT] [Timing] Search: 13.76 ms, dist_count=97431
[OUT] [Timing] Search: 7.40 ms, dist_count=36558
[OUT] [Timing] Search: 7.84 ms, dist_count=35536
[OUT] [Timing] Search: 5.46 ms, dist_count=22984
[OUT] [Timing] Search: 11.21 ms, dist_count=70000
[OUT] [Timing] Search: 7.07 ms, dist_count=32378
[OUT] [Timing] Search: 5.55 ms, dist_count=21687
[OUT] [Timing] Search: 12.43 ms, dist_count=88763
[OUT] [Timing] Search: 7.94 ms, dist_count=44195
[OUT] [Timing] Search: 8.73 ms, dist_count=49070
[OUT] [Timing] Search: 10.82 ms, dist_count=73052
[OUT] [Timing] Search: 11.86 ms, dist_count=81163
[OUT] [Timing] Search: 9.12 ms, dist_count=52454
[OUT] [Timing] Search: 7.14 ms, dist_count=33132
[OUT] [Timing] Search: 10.08 ms, dist_count=58641
[OUT] [Timing] Search: 9.53 ms, dist_count=58519
[OUT] [Timing] Search: 8.07 ms, dist_count=43921
[OUT] [Timing] Search: 9.37 ms, dist_count=58822
[OUT] [Timing] Search: 4.49 ms, dist_count=15128
[OUT] [Timing] Search: 7.82 ms, dist_count=40559
[OUT] [Timing] Search: 6.85 ms, dist_count=31711
[OUT] [Timing] Search: 5.19 ms, dist_count=16616
[OUT] [Timing] Search: 10.60 ms, dist_count=62970
[OUT] [Timing] Search: 9.75 ms, dist_count=53400
[OUT] [Timing] Search: 9.69 ms, dist_count=49659
[OUT] [Timing] Search: 10.26 ms, dist_count=57870
[OUT] [Timing] Search: 8.74 ms, dist_count=47849
[OUT] [Timing] Search: 8.62 ms, dist_count=46142
[OUT] [Timing] Search: 7.31 ms, dist_count=32015
[OUT] [Timing] Search: 12.26 ms, dist_count=85708
[OUT] [Timing] Search: 9.62 ms, dist_count=48508
[OUT] [Timing] Search: 6.76 ms, dist_count=28997
[OUT] [Timing] Search: 10.90 ms, dist_count=60043
[OUT] [Timing] Search: 10.39 ms, dist_count=61264
[OUT] [Timing] Search: 11.13 ms, dist_count=67522
[OUT] [Timing] Search: 8.17 ms, dist_count=45470
[OUT] [Timing] Search: 9.67 ms, dist_count=55537
[OUT] [Timing] Search: 4.20 ms, dist_count=10838
[OUT] [Timing] Search: 10.44 ms, dist_count=69702
[OUT] [Timing] Search: 9.74 ms, dist_count=59938
[OUT] [Timing] Search: 10.70 ms, dist_count=68643
[OUT] [Timing] Search: 8.22 ms, dist_count=45018
[OUT] [Timing] Search: 12.96 ms, dist_count=92107
[OUT] [Timing] Search: 11.61 ms, dist_count=73124
[OUT] [Timing] Search: 4.90 ms, dist_count=13210
[OUT] [Timing] Search: 11.84 ms, dist_count=67745
[OUT] [Timing] Search: 5.22 ms, dist_count=9726
[OUT] [Timing] Search: 6.93 ms, dist_count=20972
[OUT] [Timing] Search: 11.93 ms, dist_count=53130
[OUT] [Timing] Search: 11.36 ms, dist_count=53529
[OUT] [Timing] Search: 6.00 ms, dist_count=17405
[OUT] [Timing] Search: 8.60 ms, dist_count=33941
[OUT] [Timing] Search: 13.59 ms, dist_count=73427
[OUT] [Timing] Search: 6.12 ms, dist_count=14932
[OUT] [Timing] Search: 13.68 ms, dist_count=85323
[OUT] [Timing] Search: 6.24 ms, dist_count=29870
[OUT] [Timing] Search: 12.55 ms, dist_count=86826
[OUT] [Timing] Search: 11.06 ms, dist_count=65521
[OUT] [Timing] Search: 11.37 ms, dist_count=72219
[OUT] [Timing] Search: 11.54 ms, dist_count=72877
[OUT] [Timing] Search: 5.79 ms, dist_count=23855
[OUT] [Timing] Search: 10.98 ms, dist_count=68250
[OUT] [Timing] Search: 8.91 ms, dist_count=43600
[OUT] [Timing] Search: 12.62 ms, dist_count=80637
[OUT] [Timing] Search: 8.90 ms, dist_count=46505
[OUT] [Timing] Search: 8.68 ms, dist_count=37165
[OUT] [Timing] Search: 8.89 ms, dist_count=40647
[OUT] [Timing] Search: 7.05 ms, dist_count=30285
[OUT] [Timing] Search: 12.96 ms, dist_count=92311
[OUT] [Timing] Search: 9.13 ms, dist_count=53678
[OUT] [Timing] Search: 10.68 ms, dist_count=69020
[OUT] [Timing] Search: 7.28 ms, dist_count=34034
[OUT] [Timing] Search: 6.38 ms, dist_count=27365
[OUT] [Timing] Search: 6.49 ms, dist_count=29065
[OUT] [Timing] Search: 9.85 ms, dist_count=60574
[OUT] [Timing] Search: 6.73 ms, dist_count=30824
[OUT] [Timing] Search: 9.59 ms, dist_count=61420
[OUT] [Timing] Search: 6.44 ms, dist_count=28069
[OUT] [Timing] Search: 7.54 ms, dist_count=38465
[OUT] [Timing] Search: 7.63 ms, dist_count=37796
[OUT] [Timing] Search: 6.48 ms, dist_count=26798
[OUT] [Timing] Search: 10.05 ms, dist_count=59087
[OUT] [Timing] Search: 7.58 ms, dist_count=42131
[OUT] [Timing] Search: 5.32 ms, dist_count=18302
[OUT] [Timing] Search: 9.13 ms, dist_count=49747
[OUT] [Timing] Search: 4.93 ms, dist_count=16502
[OUT] [Timing] Search: 7.25 ms, dist_count=35222
[OUT] [Timing] Search: 5.97 ms, dist_count=26908
[OUT] [Timing] Search: 3.71 ms, dist_count=8736
[OUT] [Timing] Search: 9.26 ms, dist_count=57373
[OUT] [Timing] Search: 5.31 ms, dist_count=16679
[OUT] [Timing] Search: 6.62 ms, dist_count=31359
[OUT] [Timing] Search: 10.24 ms, dist_count=69491
[OUT] [Timing] Search: 11.05 ms, dist_count=72315
[OUT] [Timing] Search: 10.62 ms, dist_count=64239
[OUT] [Timing] Search: 10.58 ms, dist_count=69890
[OUT] [Timing] Search: 11.91 ms, dist_count=76827
[OUT] [Timing] Search: 4.14 ms, dist_count=9386
[OUT] [Timing] Search: 12.25 ms, dist_count=88781
[OUT] [Timing] Search: 8.43 ms, dist_count=50277
[OUT] [Timing] Search: 6.16 ms, dist_count=25425
[OUT] [Timing] Search: 4.95 ms, dist_count=16531
[OUT] [Timing] Search: 10.39 ms, dist_count=69355
[OUT] [Timing] Search: 8.85 ms, dist_count=53599
[OUT] [Timing] Search: 10.62 ms, dist_count=68572
[OUT] [Timing] Search: 10.87 ms, dist_count=72336
[OUT] [Timing] Search: 8.51 ms, dist_count=52538
[OUT] [Timing] Search: 7.63 ms, dist_count=32447
[OUT] [Timing] Search: 10.53 ms, dist_count=72785
[OUT] [Timing] Search: 10.27 ms, dist_count=66485
[OUT] [Timing] Search: 7.02 ms, dist_count=34284
[OUT] [Timing] Search: 5.58 ms, dist_count=23636
[OUT] [Timing] Search: 9.02 ms, dist_count=54467
[OUT] [Timing] Search: 5.38 ms, dist_count=18003
[OUT] [Timing] Search: 4.89 ms, dist_count=16456
[OUT] [Timing] Search: 6.95 ms, dist_count=33189
[OUT] [Timing] Search: 10.22 ms, dist_count=66878
[OUT] [Timing] Search: 7.87 ms, dist_count=39232
[OUT] [Timing] Search: 10.60 ms, dist_count=65645
[OUT] [Timing] Search: 9.58 ms, dist_count=62635
[OUT] [Timing] Search: 8.16 ms, dist_count=43833
[OUT] [Timing] Search: 8.67 ms, dist_count=52560
[OUT] [Timing] Search: 11.34 ms, dist_count=78251
[OUT] [Timing] Search: 10.76 ms, dist_count=70494
[OUT] [Timing] Search: 10.01 ms, dist_count=66706
[OUT] [Timing] Search: 5.83 ms, dist_count=21930
[OUT] [Timing] Search: 9.32 ms, dist_count=58500
[OUT] [Timing] Search: 10.67 ms, dist_count=62625
[OUT] [Timing] Search: 9.86 ms, dist_count=62632
[OUT] [Timing] Search: 10.27 ms, dist_count=67264
[OUT] [Timing] Search: 11.35 ms, dist_count=81058
[OUT] [Timing] Search: 7.87 ms, dist_count=44952
[OUT] [Timing] Search: 9.13 ms, dist_count=58985
[OUT] [Timing] Search: 8.51 ms, dist_count=50928
[OUT] [Timing] Search: 10.34 ms, dist_count=75744
[OUT] [Timing] Search: 10.26 ms, dist_count=68268
[OUT] [Timing] Search: 4.70 ms, dist_count=15589
[OUT] [Timing] Search: 11.72 ms, dist_count=84723
[OUT] [Timing] Search: 12.72 ms, dist_count=78204
[OUT] [Timing] Search: 4.75 ms, dist_count=15271
[OUT] [Timing] Search: 7.84 ms, dist_count=41099
[OUT] [Timing] Search: 8.84 ms, dist_count=51023
[OUT] [Timing] Search: 11.41 ms, dist_count=79094
[OUT] [Timing] Search: 7.76 ms, dist_count=40804
[OUT] [Timing] Search: 11.30 ms, dist_count=81828
[OUT] [Timing] Search: 10.00 ms, dist_count=64099
[OUT] [Timing] Search: 13.53 ms, dist_count=98362
[OUT] [Timing] Search: 5.58 ms, dist_count=19646
[OUT] [Timing] Search: 7.88 ms, dist_count=38549
[OUT] [Timing] Search: 6.13 ms, dist_count=28471
[OUT] [Timing] Search: 11.54 ms, dist_count=63972
[OUT] [Timing] Search: 12.33 ms, dist_count=59228
[OUT] [Timing] Search: 8.07 ms, dist_count=38483
[OUT] [Timing] Search: 17.24 ms, dist_count=62848
[OUT] [Timing] Search: 10.88 ms, dist_count=49686
[OUT] [Timing] Search: 8.30 ms, dist_count=24011
[OUT] [Timing] Search: 6.51 ms, dist_count=32955
[OUT] [Timing] Search: 9.56 ms, dist_count=52961
[OUT] [Timing] Search: 10.12 ms, dist_count=62619
[OUT] [Timing] Search: 7.05 ms, dist_count=34217
[OUT] [Timing] Search: 6.73 ms, dist_count=32760
[OUT] [Timing] Search: 12.02 ms, dist_count=87722
[OUT] [Timing] Search: 7.03 ms, dist_count=23456
[OUT] [Timing] Search: 13.14 ms, dist_count=94177
[OUT] [Timing] Search: 7.27 ms, dist_count=35258
[OUT] [Timing] Search: 12.65 ms, dist_count=91898
[OUT] [Timing] Search: 6.30 ms, dist_count=28405
[OUT] [Timing] Search: 6.96 ms, dist_count=29343
[OUT] [Timing] Search: 8.71 ms, dist_count=52853
[OUT] [Timing] Search: 7.40 ms, dist_count=35347
[OUT] [Timing] Search: 5.73 ms, dist_count=25018
[OUT] [Timing] Search: 12.68 ms, dist_count=90608
[OUT] [Timing] Search: 11.44 ms, dist_count=80279
[OUT] [Timing] Search: 9.96 ms, dist_count=61502
[OUT] [Timing] Search: 4.67 ms, dist_count=16926
[OUT] [Timing] Search: 8.97 ms, dist_count=58872
[OUT] [Timing] Search: 9.42 ms, dist_count=53893
[OUT] [Timing] Search: 4.51 ms, dist_count=12411
[OUT] [Timing] Search: 13.36 ms, dist_count=87001
[OUT] [Timing] Search: 9.00 ms, dist_count=52211
[OUT] [Timing] Search: 8.58 ms, dist_count=51372
[OUT] [Timing] Search: 8.33 ms, dist_count=48866
[OUT] [Timing] Search: 5.23 ms, dist_count=21228
[OUT] [Timing] Search: 8.36 ms, dist_count=46665
[OUT] [Timing] Search: 6.38 ms, dist_count=31821
[OUT] [Timing] Search: 10.44 ms, dist_count=61697
[OUT] [Timing] Search: 12.10 ms, dist_count=86869
[OUT] [Timing] Search: 8.03 ms, dist_count=47260
[OUT] [Timing] Search: 10.66 ms, dist_count=63483
[OUT] [Timing] Search: 11.06 ms, dist_count=71774
[OUT] [Timing] Search: 6.56 ms, dist_count=37331
[OUT] [Timing] Search: 9.45 ms, dist_count=58369
[OUT] [Timing] Search: 9.43 ms, dist_count=59927
[OUT] [Timing] Search: 7.22 ms, dist_count=38009
[OUT] [Timing] Search: 6.91 ms, dist_count=33970
[OUT] [Timing] Search: 11.67 ms, dist_count=77346
[OUT] [Timing] Search: 11.87 ms, dist_count=73427
[OUT] [Timing] Search: 10.15 ms, dist_count=64069
[OUT] [Timing] Search: 9.11 ms, dist_count=42589
[OUT] [Timing] Search: 4.76 ms, dist_count=12271
[OUT] [Timing] Search: 8.21 ms, dist_count=42119
[OUT] [Timing] Search: 5.48 ms, dist_count=23642
[OUT] [Timing] Search: 5.87 ms, dist_count=21323
[OUT] [Timing] Search: 8.17 ms, dist_count=45600
[OUT] [Timing] Search: 10.90 ms, dist_count=73076
[OUT] [Timing] Search: 7.62 ms, dist_count=45519
[OUT] [Timing] Search: 11.13 ms, dist_count=75336
[OUT] [Timing] Search: 6.53 ms, dist_count=28664
[OUT] [Timing] Search: 5.43 ms, dist_count=20741
[OUT] [Timing] Search: 10.87 ms, dist_count=65831
[OUT] [Timing] Search: 10.57 ms, dist_count=63659
[OUT] [Timing] Search: 7.62 ms, dist_count=37707
[OUT] [Timing] Search: 6.20 ms, dist_count=28777
[OUT] [Timing] Search: 13.20 ms, dist_count=83802
[OUT] [Timing] Search: 9.38 ms, dist_count=54068
[OUT] [Timing] Search: 8.19 ms, dist_count=50175
[OUT] [Timing] Search: 11.43 ms, dist_count=81416
[OUT] [Timing] Search: 8.80 ms, dist_count=49474
[OUT] [Timing] Search: 8.48 ms, dist_count=49642
[OUT] [Timing] Search: 6.19 ms, dist_count=24689
[OUT] [Timing] Search: 11.59 ms, dist_count=74055
[OUT] [Timing] Search: 8.20 ms, dist_count=45438
[OUT] [Timing] Search: 12.27 ms, dist_count=90654
[OUT] [Timing] Search: 7.77 ms, dist_count=41711
[OUT] [Timing] Search: 9.95 ms, dist_count=64164
[OUT] [Timing] Search: 11.22 ms, dist_count=80798
[OUT] [Timing] Search: 10.96 ms, dist_count=78289
[OUT] [Timing] Search: 8.17 ms, dist_count=46820
[OUT] [Timing] Search: 8.75 ms, dist_count=56242
[OUT] [Timing] Search: 10.29 ms, dist_count=60577
[OUT] [Timing] Search: 9.32 ms, dist_count=55318
[OUT] [Timing] Search: 6.17 ms, dist_count=28312
[OUT] [Timing] Search: 4.65 ms, dist_count=14856
[OUT] [Timing] Search: 8.09 ms, dist_count=42692
[OUT] [Timing] Search: 8.46 ms, dist_count=52579
[OUT] [Timing] Search: 7.17 ms, dist_count=35676
[OUT] [Timing] Search: 12.25 ms, dist_count=87214
[OUT] [Timing] Search: 9.03 ms, dist_count=56361
[OUT] [Timing] Search: 4.58 ms, dist_count=12745
[OUT] [Timing] Search: 5.67 ms, dist_count=23554
[OUT] [Timing] Search: 7.25 ms, dist_count=36363
[OUT] [Timing] Search: 7.09 ms, dist_count=31155
[OUT] [Timing] Search: 5.69 ms, dist_count=24482
[OUT] [Timing] Search: 7.02 ms, dist_count=32180
[OUT] [Timing] Search: 6.90 ms, dist_count=35452
[OUT] [Timing] Search: 11.37 ms, dist_count=77861
[OUT] [Timing] Search: 11.55 ms, dist_count=82510
[OUT] [Timing] Search: 11.51 ms, dist_count=80291
[OUT] [Timing] Search: 4.85 ms, dist_count=15706
[OUT] [Timing] Search: 3.56 ms, dist_count=8858
[OUT] [Timing] Search: 12.91 ms, dist_count=93350
[OUT] [Timing] Search: 8.74 ms, dist_count=54143
[OUT] [Timing] Search: 11.96 ms, dist_count=69289
[OUT] [Timing] Search: 6.53 ms, dist_count=19807
[OUT] [Timing] Search: 6.92 ms, dist_count=32532
[OUT] [Timing] Search: 12.94 ms, dist_count=78014
[OUT] [Timing] Search: 9.66 ms, dist_count=42174
[OUT] [Timing] Search: 15.70 ms, dist_count=100309
[OUT] [Timing] Search: 6.00 ms, dist_count=18837
[OUT] [Timing] Search: 9.22 ms, dist_count=46645
[OUT] [Timing] Search: 10.24 ms, dist_count=67824
[OUT] [Timing] Search: 10.75 ms, dist_count=64925
[OUT] [Timing] Search: 7.57 ms, dist_count=40530
[OUT] [Timing] Search: 10.18 ms, dist_count=68868
[OUT] [Timing] Search: 10.37 ms, dist_count=66845
[OUT] [Timing] Search: 12.67 ms, dist_count=87172
[OUT] [Timing] Search: 8.26 ms, dist_count=47260
[OUT] [Timing] Search: 9.65 ms, dist_count=55337
[OUT] [Timing] Search: 8.13 ms, dist_count=42372
[OUT] [Timing] Search: 7.49 ms, dist_count=39070
[OUT] [Timing] Search: 7.16 ms, dist_count=33876
[OUT] [Timing] Search: 7.07 ms, dist_count=30336
[OUT] [Timing] Search: 4.68 ms, dist_count=13850
[OUT] [Timing] Search: 10.29 ms, dist_count=65547
[OUT] [Timing] Search: 8.96 ms, dist_count=56242
[OUT] [Timing] Search: 8.21 ms, dist_count=46552
[OUT] [Timing] Search: 7.31 ms, dist_count=38840
[OUT] [Timing] Search: 9.95 ms, dist_count=65826
[OUT] [Timing] Search: 10.70 ms, dist_count=70527
[OUT] [Timing] Search: 8.06 ms, dist_count=47220
[OUT] [Timing] Search: 12.36 ms, dist_count=83466
[OUT] [Timing] Search: 12.18 ms, dist_count=81867
[OUT] [Timing] Search: 13.14 ms, dist_count=89092
[OUT] [Timing] Search: 5.31 ms, dist_count=20138
[OUT] [Timing] Search: 9.29 ms, dist_count=53153
[OUT] [Timing] Search: 5.13 ms, dist_count=16457
[OUT] [Timing] Search: 10.51 ms, dist_count=68020
[OUT] [Timing] Search: 7.12 ms, dist_count=38289
[OUT] [Timing] Search: 4.79 ms, dist_count=13863
[OUT] [Timing] Search: 3.49 ms, dist_count=8519
[OUT] [Timing] Search: 9.35 ms, dist_count=52097
[OUT] [Timing] Search: 8.72 ms, dist_count=48780
[OUT] [Timing] Search: 14.02 ms, dist_count=94771
[OUT] [Timing] Search: 11.44 ms, dist_count=75924
[OUT] [Timing] Search: 6.49 ms, dist_count=28750
[OUT] [Timing] Search: 9.25 ms, dist_count=56970
[OUT] [Timing] Search: 5.54 ms, dist_count=21809
[OUT] [Timing] Search: 11.96 ms, dist_count=80293
[OUT] [Timing] Search: 5.81 ms, dist_count=25230
[OUT] [Timing] Search: 11.94 ms, dist_count=80866
[OUT] [Timing] Search: 7.83 ms, dist_count=37268
[OUT] [Timing] Search: 8.94 ms, dist_count=47472
[OUT] [Timing] Search: 13.11 ms, dist_count=81688
[OUT] [Timing] Search: 6.82 ms, dist_count=31170
[OUT] [Timing] Search: 10.97 ms, dist_count=73870
[OUT] [Timing] Search: 5.53 ms, dist_count=21413
[OUT] [Timing] Search: 11.03 ms, dist_count=75526
[OUT] [Timing] Search: 12.91 ms, dist_count=93404
[OUT] [Timing] Search: 6.98 ms, dist_count=36219
[OUT] [Timing] Search: 8.16 ms, dist_count=47886
[OUT] [Timing] Search: 6.63 ms, dist_count=32171
[OUT] [Timing] Search: 9.06 ms, dist_count=52828
[OUT] [Timing] Search: 12.61 ms, dist_count=85388
[OUT] [Timing] Search: 8.52 ms, dist_count=49717
[OUT] [Timing] Search: 3.50 ms, dist_count=7340
[OUT] [Timing] Search: 10.99 ms, dist_count=70616
[OUT] [Timing] Search: 11.16 ms, dist_count=78476
[OUT] [Timing] Search: 12.76 ms, dist_count=92786
[OUT] [Timing] Search: 10.89 ms, dist_count=74231
[OUT] [Timing] Search: 12.49 ms, dist_count=93932
[OUT] [Timing] Search: 4.73 ms, dist_count=16505
[OUT] [Timing] Search: 8.55 ms, dist_count=53796
[OUT] [Timing] Search: 10.98 ms, dist_count=70670
[OUT] [Timing] Search: 10.26 ms, dist_count=66821
[OUT] [Timing] Search: 7.67 ms, dist_count=40865
[OUT] [Timing] Search: 8.41 ms, dist_count=40504
[OUT] [Timing] Search: 11.62 ms, dist_count=79862
[OUT] [Timing] Search: 12.49 ms, dist_count=91247
[OUT] [Timing] Search: 7.04 ms, dist_count=37073
[OUT] [Timing] Search: 7.33 ms, dist_count=40481
[OUT] [Timing] Search: 5.10 ms, dist_count=17872
[OUT] [Timing] Search: 9.84 ms, dist_count=63466
[OUT] [Timing] Search: 9.00 ms, dist_count=51542
[OUT] [Timing] Search: 8.96 ms, dist_count=52060
[OUT] [Timing] Search: 8.48 ms, dist_count=50436
[OUT] [Timing] Search: 12.00 ms, dist_count=82988
[OUT] [Timing] Search: 7.54 ms, dist_count=39082
[OUT] [Timing] Search: 10.63 ms, dist_count=69258
[OUT] [Timing] Search: 5.54 ms, dist_count=20897
[OUT] [Timing] Search: 7.01 ms, dist_count=36793
[OUT] [Timing] Search: 9.51 ms, dist_count=61555
[OUT] [Timing] Search: 11.48 ms, dist_count=83551
[OUT] [Timing] Search: 4.89 ms, dist_count=14643
[OUT] [Timing] Search: 10.37 ms, dist_count=65789
[OUT] [Timing] Search: 11.18 ms, dist_count=78384
[OUT] [Timing] Search: 7.98 ms, dist_count=43390
[OUT] [Timing] Search: 5.80 ms, dist_count=24136
[OUT] [Timing] Search: 6.36 ms, dist_count=30609
[OUT] [Timing] Search: 8.20 ms, dist_count=46518
[OUT] [Timing] Search: 8.88 ms, dist_count=55630
[OUT] [Timing] Search: 9.90 ms, dist_count=62505
[OUT] [Timing] Search: 10.91 ms, dist_count=74451
[OUT] [Timing] Search: 6.36 ms, dist_count=30845
[OUT] [Timing] Search: 13.04 ms, dist_count=91550
[OUT] [Timing] Search: 13.07 ms, dist_count=89295
[OUT] [Timing] Search: 5.78 ms, dist_count=19731
[OUT] [Timing] Search: 10.13 ms, dist_count=52977
[OUT] [Timing] Search: 9.14 ms, dist_count=49689
[OUT] [Timing] Search: 12.75 ms, dist_count=91867
[OUT] [Timing] Search: 5.94 ms, dist_count=23870
[OUT] [Timing] Search: 6.11 ms, dist_count=26953
[OUT] [Timing] Search: 13.17 ms, dist_count=94861
[OUT] [Timing] Search: 11.51 ms, dist_count=72488
[OUT] [Timing] Search: 5.79 ms, dist_count=23275
[OUT] [Timing] Search: 5.95 ms, dist_count=21404
[OUT] [Timing] Search: 12.40 ms, dist_count=90711
[OUT] [Timing] Search: 9.39 ms, dist_count=59184
[OUT] [Timing] Search: 11.06 ms, dist_count=73014
[OUT] [Timing] Search: 6.81 ms, dist_count=32096
[OUT] [Timing] Search: 12.93 ms, dist_count=90216
[OUT] [Timing] Search: 11.01 ms, dist_count=73672
[OUT] [Timing] Search: 11.42 ms, dist_count=80870
[OUT] [Timing] Search: 8.46 ms, dist_count=49174
[OUT] [Timing] Search: 11.70 ms, dist_count=75356
[OUT] [Timing] Search: 7.19 ms, dist_count=37454
[OUT] [Timing] Search: 7.34 ms, dist_count=35528
[OUT] [Timing] Search: 7.44 ms, dist_count=39391
[OUT] [Timing] Search: 5.58 ms, dist_count=23871
[OUT] [Timing] Search: 6.17 ms, dist_count=26068
[OUT] [Timing] Search: 6.15 ms, dist_count=25913
[OUT] [Timing] Search: 6.39 ms, dist_count=28881
[OUT] [Timing] Search: 8.33 ms, dist_count=48597
[OUT] [Timing] Search: 4.57 ms, dist_count=14347
[OUT] [Timing] Search: 6.93 ms, dist_count=36625
[OUT] [Timing] Search: 6.07 ms, dist_count=23058
[OUT] [Timing] Search: 6.03 ms, dist_count=28625
[OUT] [Timing] Search: 10.46 ms, dist_count=61209
[OUT] [Timing] Search: 7.87 ms, dist_count=39857
[OUT] [Timing] Search: 6.87 ms, dist_count=35667
[OUT] [Timing] Search: 5.19 ms, dist_count=19763
[OUT] [Timing] Search: 8.32 ms, dist_count=46376
[OUT] [Timing] Search: 6.63 ms, dist_count=33137
[OUT] [Timing] Search: 4.90 ms, dist_count=17426
[OUT] [Timing] Search: 5.47 ms, dist_count=24610
[OUT] [Timing] Search: 3.40 ms, dist_count=6129
[OUT] [Timing] Search: 3.88 ms, dist_count=9904
[OUT] [Timing] Search: 8.46 ms, dist_count=43912
[OUT] [Timing] Search: 6.75 ms, dist_count=32793
[OUT] [Timing] Search: 8.98 ms, dist_count=53301
[OUT] [Timing] Search: 8.81 ms, dist_count=50537
[OUT] [Timing] Search: 7.42 ms, dist_count=35456
[OUT] [Timing] Search: 11.48 ms, dist_count=75260
[OUT] [Timing] Search: 8.99 ms, dist_count=58577
[OUT] [Timing] Search: 8.20 ms, dist_count=46823
[OUT] [Timing] Search: 10.43 ms, dist_count=67244
[OUT] [Timing] Search: 8.87 ms, dist_count=54643
[OUT] [Timing] Search: 5.13 ms, dist_count=20188
[OUT] [Timing] Search: 10.87 ms, dist_count=69952
[OUT] [Timing] Search: 13.17 ms, dist_count=90654
[OUT] [Timing] Search: 11.08 ms, dist_count=67972
[OUT] [Timing] Search: 7.22 ms, dist_count=37684
[OUT] [Timing] Search: 10.74 ms, dist_count=69708
[OUT] [Timing] Search: 10.85 ms, dist_count=69002
[OUT] [Timing] Search: 4.55 ms, dist_count=14099
[OUT] [Timing] Search: 7.42 ms, dist_count=40587
[OUT] [Timing] Search: 10.72 ms, dist_count=74013
[OUT] [Timing] Search: 6.91 ms, dist_count=31539
[OUT] [Timing] Search: 4.48 ms, dist_count=13545
[OUT] [Timing] Search: 12.05 ms, dist_count=85700
[OUT] [Timing] Search: 10.53 ms, dist_count=67482
[OUT] [Timing] Search: 6.82 ms, dist_count=29171
[OUT] [Timing] Search: 9.35 ms, dist_count=57637
[OUT] [Timing] Search: 6.19 ms, dist_count=31192
[OUT] [Timing] Search: 8.42 ms, dist_count=48777
[OUT] [Timing] Search: 6.84 ms, dist_count=33947
[OUT] [Timing] Search: 10.89 ms, dist_count=70588
[OUT] [Timing] Search: 6.14 ms, dist_count=23490
[OUT] [Timing] Search: 12.30 ms, dist_count=85534
[OUT] [Timing] Search: 11.76 ms, dist_count=86499
[OUT] [Timing] Search: 6.89 ms, dist_count=34775
[OUT] [Timing] Search: 9.70 ms, dist_count=56742
[OUT] [Timing] Search: 6.59 ms, dist_count=32640
[OUT] [Timing] Search: 7.80 ms, dist_count=43869
[OUT] [Timing] Search: 9.83 ms, dist_count=62612
[OUT] [Timing] Search: 8.91 ms, dist_count=53167
[OUT]   Processed 2000 queries
[OUT] 
[OUT] [Timing] Search: 5.49 ms, dist_count=23429
[OUT] [Timing] Search: 8.48 ms, dist_count=47070
[OUT] [Timing] Search: 7.01 ms, dist_count=36837
[OUT] [Timing] Search: 5.86 ms, dist_count=22955
[OUT] [Timing] Search: 8.70 ms, dist_count=47551
[OUT] [Timing] Search: 8.43 ms, dist_count=47517
[OUT] [Timing] Search: 5.87 ms, dist_count=29273
[OUT] [Timing] Search: 9.38 ms, dist_count=47100
[OUT] [Timing] Search: 8.25 ms, dist_count=27673
[OUT] [Timing] Search: 6.24 ms, dist_count=16166
[OUT] [Timing] Search: 8.71 ms, dist_count=37902
[OUT] [Timing] Search: 10.73 ms, dist_count=49533
[OUT] [Timing] Search: 7.81 ms, dist_count=41540
[OUT] [Timing] Search: 8.58 ms, dist_count=49042
[OUT] [Timing] Search: 5.51 ms, dist_count=23525
[OUT] [Timing] Search: 8.20 ms, dist_count=48091
[OUT] [Timing] Search: 11.27 ms, dist_count=75639
[OUT] [Timing] Search: 7.99 ms, dist_count=43107
[OUT] [Timing] Search: 8.47 ms, dist_count=41363
[OUT] [Timing] Search: 7.29 ms, dist_count=36102
[OUT] [Timing] Search: 8.09 ms, dist_count=43006
[OUT] [Timing] Search: 4.57 ms, dist_count=13627
[OUT] [Timing] Search: 12.73 ms, dist_count=89525
[OUT] [Timing] Search: 8.45 ms, dist_count=50403
[OUT] [Timing] Search: 4.92 ms, dist_count=16711
[OUT] [Timing] Search: 4.67 ms, dist_count=16212
[OUT] [Timing] Search: 9.57 ms, dist_count=58099
[OUT] [Timing] Search: 11.10 ms, dist_count=78103
[OUT] [Timing] Search: 8.42 ms, dist_count=48168
[OUT] [Timing] Search: 13.00 ms, dist_count=75106
[OUT] [Timing] Search: 11.28 ms, dist_count=67951
[OUT] [Timing] Search: 10.80 ms, dist_count=52915
[OUT] [Timing] Search: 14.90 ms, dist_count=84255
[OUT] [Timing] Search: 13.97 ms, dist_count=79942
[OUT] [Timing] Search: 11.95 ms, dist_count=57980
[OUT] [Timing] Search: 7.47 ms, dist_count=25946
[OUT] [Timing] Search: 9.38 ms, dist_count=39951
[OUT] [Timing] Search: 12.89 ms, dist_count=57282
[OUT] [Timing] Search: 7.36 ms, dist_count=32897
[OUT] [Timing] Search: 9.78 ms, dist_count=63711
[OUT] [Timing] Search: 11.99 ms, dist_count=71298
[OUT] [Timing] Search: 6.12 ms, dist_count=25861
[OUT] [Timing] Search: 11.36 ms, dist_count=78041
[OUT] [Timing] Search: 11.22 ms, dist_count=78095
[OUT] [Timing] Search: 11.24 ms, dist_count=78842
[OUT] [Timing] Search: 11.45 ms, dist_count=76573
[OUT] [Timing] Search: 13.86 ms, dist_count=98159
[OUT] [Timing] Search: 10.13 ms, dist_count=66673
[OUT] [Timing] Search: 9.54 ms, dist_count=62611
[OUT] [Timing] Search: 8.99 ms, dist_count=53404
[OUT] [Timing] Search: 11.47 ms, dist_count=82115
[OUT] [Timing] Search: 3.35 ms, dist_count=7674
[OUT] [Timing] Search: 10.62 ms, dist_count=69868
[OUT] [Timing] Search: 6.29 ms, dist_count=28648
[OUT] [Timing] Search: 8.58 ms, dist_count=49135
[OUT] [Timing] Search: 9.41 ms, dist_count=63029
[OUT] [Timing] Search: 12.69 ms, dist_count=86697
[OUT] [Timing] Search: 10.40 ms, dist_count=68616
[OUT] [Timing] Search: 6.24 ms, dist_count=30671
[OUT] [Timing] Search: 7.95 ms, dist_count=44396
[OUT] [Timing] Search: 13.28 ms, dist_count=93895
[OUT] [Timing] Search: 7.36 ms, dist_count=40241
[OUT] [Timing] Search: 10.59 ms, dist_count=63688
[OUT] [Timing] Search: 7.70 ms, dist_count=37424
[OUT] [Timing] Search: 13.00 ms, dist_count=97111
[OUT] [Timing] Search: 7.58 ms, dist_count=35663
[OUT] [Timing] Search: 10.04 ms, dist_count=62543
[OUT] [Timing] Search: 5.45 ms, dist_count=21805
[OUT] [Timing] Search: 11.46 ms, dist_count=78501
[OUT] [Timing] Search: 5.14 ms, dist_count=19901
[OUT] [Timing] Search: 10.26 ms, dist_count=69069
[OUT] [Timing] Search: 7.39 ms, dist_count=37513
[OUT] [Timing] Search: 9.51 ms, dist_count=57188
[OUT] [Timing] Search: 10.39 ms, dist_count=64007
[OUT] [Timing] Search: 6.77 ms, dist_count=27768
[OUT] [Timing] Search: 7.86 ms, dist_count=40870
[OUT] [Timing] Search: 9.28 ms, dist_count=51599
[OUT] [Timing] Search: 4.38 ms, dist_count=14822
[OUT] [Timing] Search: 7.96 ms, dist_count=42620
[OUT] [Timing] Search: 11.38 ms, dist_count=79921
[OUT] [Timing] Search: 8.41 ms, dist_count=48579
[OUT] [Timing] Search: 12.81 ms, dist_count=93507
[OUT] [Timing] Search: 5.72 ms, dist_count=23497
[OUT] [Timing] Search: 10.67 ms, dist_count=69194
[OUT] [Timing] Search: 7.02 ms, dist_count=39315
[OUT] [Timing] Search: 12.41 ms, dist_count=89577
[OUT] [Timing] Search: 9.69 ms, dist_count=53179
[OUT] [Timing] Search: 6.71 ms, dist_count=32389
[OUT] [Timing] Search: 9.64 ms, dist_count=59513
[OUT] [Timing] Search: 7.95 ms, dist_count=42675
[OUT] [Timing] Search: 4.22 ms, dist_count=11176
[OUT] [Timing] Search: 4.84 ms, dist_count=16483
[OUT] [Timing] Search: 11.45 ms, dist_count=75480
[OUT] [Timing] Search: 5.95 ms, dist_count=26407
[OUT] [Timing] Search: 11.81 ms, dist_count=81426
[OUT] [Timing] Search: 10.84 ms, dist_count=74675
[OUT] [Timing] Search: 7.29 ms, dist_count=35783
[OUT] [Timing] Search: 8.59 ms, dist_count=48105
[OUT] [Timing] Search: 10.93 ms, dist_count=66495
[OUT] [Timing] Search: 8.72 ms, dist_count=51687
[OUT] [Timing] Search: 10.41 ms, dist_count=69414
[OUT] [Timing] Search: 9.79 ms, dist_count=66958
[OUT] [Timing] Search: 12.07 ms, dist_count=82016
[OUT] [Timing] Search: 4.01 ms, dist_count=9835
[OUT] [Timing] Search: 5.99 ms, dist_count=23684
[OUT] [Timing] Search: 9.48 ms, dist_count=59807
[OUT] [Timing] Search: 12.22 ms, dist_count=86932
[OUT] [Timing] Search: 8.17 ms, dist_count=41028
[OUT] [Timing] Search: 6.75 ms, dist_count=30703
[OUT] [Timing] Search: 7.63 ms, dist_count=34711
[OUT] [Timing] Search: 9.39 ms, dist_count=59174
[OUT] [Timing] Search: 5.89 ms, dist_count=24841
[OUT] [Timing] Search: 9.00 ms, dist_count=55835
[OUT] [Timing] Search: 7.62 ms, dist_count=43331
[OUT] [Timing] Search: 5.83 ms, dist_count=22812
[OUT] [Timing] Search: 4.53 ms, dist_count=14491
[OUT] [Timing] Search: 5.70 ms, dist_count=22812
[OUT] [Timing] Search: 8.77 ms, dist_count=54192
[OUT] [Timing] Search: 3.40 ms, dist_count=7630
[OUT] [Timing] Search: 5.42 ms, dist_count=19090
[OUT] [Timing] Search: 11.56 ms, dist_count=78017
[OUT] [Timing] Search: 11.96 ms, dist_count=80861
[OUT] [Timing] Search: 4.50 ms, dist_count=13800
[OUT] [Timing] Search: 9.64 ms, dist_count=55865
[OUT] [Timing] Search: 5.23 ms, dist_count=19327
[OUT] [Timing] Search: 9.75 ms, dist_count=65237
[OUT] [Timing] Search: 11.50 ms, dist_count=79985
[OUT] [Timing] Search: 3.36 ms, dist_count=8446
[OUT] [Timing] Search: 7.79 ms, dist_count=42399
[OUT] [Timing] Search: 11.99 ms, dist_count=85860
[OUT] [Timing] Search: 11.79 ms, dist_count=89095
[OUT] [Timing] Search: 11.12 ms, dist_count=59492
[OUT] [Timing] Search: 12.17 ms, dist_count=81959
[OUT] [Timing] Search: 15.81 ms, dist_count=95290
[OUT] [Timing] Search: 9.46 ms, dist_count=40422
[OUT] [Timing] Search: 7.74 ms, dist_count=28712
[OUT] [Timing] Search: 7.97 ms, dist_count=29479
[OUT] [Timing] Search: 10.41 ms, dist_count=67050
[OUT] [Timing] Search: 8.70 ms, dist_count=52915
[OUT] [Timing] Search: 7.72 ms, dist_count=42395
[OUT] [Timing] Search: 11.36 ms, dist_count=72887
[OUT] [Timing] Search: 7.81 ms, dist_count=41945
[OUT] [Timing] Search: 11.83 ms, dist_count=83659
[OUT] [Timing] Search: 11.20 ms, dist_count=69642
[OUT] [Timing] Search: 7.55 ms, dist_count=42372
[OUT] [Timing] Search: 11.18 ms, dist_count=73906
[OUT] [Timing] Search: 4.41 ms, dist_count=11079
[OUT] [Timing] Search: 8.68 ms, dist_count=52321
[OUT] [Timing] Search: 5.50 ms, dist_count=24812
[OUT] [Timing] Search: 10.08 ms, dist_count=62883
[OUT] [Timing] Search: 11.44 ms, dist_count=72810
[OUT] [Timing] Search: 8.20 ms, dist_count=46780
[OUT] [Timing] Search: 4.15 ms, dist_count=9992
[OUT] [Timing] Search: 7.44 ms, dist_count=41513
[OUT] [Timing] Search: 4.55 ms, dist_count=12076
[OUT] [Timing] Search: 9.63 ms, dist_count=62314
[OUT] [Timing] Search: 9.38 ms, dist_count=53679
[OUT] [Timing] Search: 11.28 ms, dist_count=77025
[OUT] [Timing] Search: 11.10 ms, dist_count=75535
[OUT] [Timing] Search: 12.55 ms, dist_count=81425
[OUT] [Timing] Search: 5.32 ms, dist_count=18451
[OUT] [Timing] Search: 3.49 ms, dist_count=6130
[OUT] [Timing] Search: 7.76 ms, dist_count=39455
[OUT] [Timing] Search: 8.40 ms, dist_count=49067
[OUT] [Timing] Search: 7.41 ms, dist_count=37943
[OUT] [Timing] Search: 12.37 ms, dist_count=88374
[OUT] [Timing] Search: 9.65 ms, dist_count=58650
[OUT] [Timing] Search: 13.17 ms, dist_count=100970
[OUT] [Timing] Search: 3.91 ms, dist_count=9041
[OUT] [Timing] Search: 3.94 ms, dist_count=11474
[OUT] [Timing] Search: 9.65 ms, dist_count=55374
[OUT] [Timing] Search: 10.51 ms, dist_count=70222
[OUT] [Timing] Search: 4.76 ms, dist_count=13801
[OUT] [Timing] Search: 9.94 ms, dist_count=58199
[OUT] [Timing] Search: 7.73 ms, dist_count=46206
[OUT] [Timing] Search: 11.00 ms, dist_count=75015
[OUT] [Timing] Search: 10.00 ms, dist_count=69573
[OUT] [Timing] Search: 8.66 ms, dist_count=51290
[OUT] [Timing] Search: 8.02 ms, dist_count=41766
[OUT] [Timing] Search: 6.30 ms, dist_count=28401
[OUT] [Timing] Search: 12.08 ms, dist_count=86624
[OUT] [Timing] Search: 12.03 ms, dist_count=81299
[OUT] [Timing] Search: 4.86 ms, dist_count=15702
[OUT] [Timing] Search: 7.22 ms, dist_count=33532
[OUT] [Timing] Search: 13.18 ms, dist_count=86172
[OUT] [Timing] Search: 12.74 ms, dist_count=92367
[OUT] [Timing] Search: 11.88 ms, dist_count=74851
[OUT] [Timing] Search: 11.48 ms, dist_count=81816
[OUT] [Timing] Search: 9.20 ms, dist_count=53736
[OUT] [Timing] Search: 6.52 ms, dist_count=30109
[OUT] [Timing] Search: 9.75 ms, dist_count=63788
[OUT] [Timing] Search: 9.88 ms, dist_count=59905
[OUT] [Timing] Search: 8.26 ms, dist_count=42630
[OUT] [Timing] Search: 8.26 ms, dist_count=48227
[OUT] [Timing] Search: 9.49 ms, dist_count=56852
[OUT] [Timing] Search: 6.02 ms, dist_count=26522
[OUT] [Timing] Search: 6.63 ms, dist_count=33872
[OUT] [Timing] Search: 8.98 ms, dist_count=51809
[OUT] [Timing] Search: 13.16 ms, dist_count=95753
[OUT] [Timing] Search: 9.46 ms, dist_count=63291
[OUT] [Timing] Search: 12.52 ms, dist_count=91822
[OUT] [Timing] Search: 8.44 ms, dist_count=48961
[OUT] [Timing] Search: 10.42 ms, dist_count=57140
[OUT] [Timing] Search: 4.78 ms, dist_count=14208
[OUT] [Timing] Search: 9.42 ms, dist_count=60063
[OUT] [Timing] Search: 7.94 ms, dist_count=44234
[OUT] [Timing] Search: 6.56 ms, dist_count=31864
[OUT] [Timing] Search: 6.72 ms, dist_count=28601
[OUT] [Timing] Search: 11.28 ms, dist_count=77715
[OUT] [Timing] Search: 10.55 ms, dist_count=68215
[OUT] [Timing] Search: 7.90 ms, dist_count=43394
[OUT] [Timing] Search: 4.76 ms, dist_count=16008
[OUT] [Timing] Search: 8.79 ms, dist_count=51039
[OUT] [Timing] Search: 4.05 ms, dist_count=11035
[OUT] [Timing] Search: 10.88 ms, dist_count=68452
[OUT] [Timing] Search: 11.54 ms, dist_count=83490
[OUT] [Timing] Search: 10.27 ms, dist_count=69511
[OUT] [Timing] Search: 9.27 ms, dist_count=54793
[OUT] [Timing] Search: 7.20 ms, dist_count=39566
[OUT] [Timing] Search: 6.53 ms, dist_count=30197
[OUT] [Timing] Search: 9.57 ms, dist_count=61233
[OUT] [Timing] Search: 6.06 ms, dist_count=21639
[OUT] [Timing] Search: 7.33 ms, dist_count=35643
[OUT] [Timing] Search: 9.10 ms, dist_count=55180
[OUT] [Timing] Search: 6.19 ms, dist_count=22893
[OUT] [Timing] Search: 4.43 ms, dist_count=9335
[OUT] [Timing] Search: 8.35 ms, dist_count=45439
[OUT] [Timing] Search: 6.66 ms, dist_count=33690
[OUT] [Timing] Search: 6.46 ms, dist_count=29256
[OUT] [Timing] Search: 8.83 ms, dist_count=51376
[OUT] [Timing] Search: 11.02 ms, dist_count=77230
[OUT] [Timing] Search: 7.53 ms, dist_count=38541
[OUT] [Timing] Search: 6.77 ms, dist_count=35753
[OUT] [Timing] Search: 3.79 ms, dist_count=10052
[OUT] [Timing] Search: 9.86 ms, dist_count=65812
[OUT] [Timing] Search: 5.98 ms, dist_count=21912
[OUT] [Timing] Search: 5.94 ms, dist_count=14919
[OUT] [Timing] Search: 10.32 ms, dist_count=53625
[OUT] [Timing] Search: 5.45 ms, dist_count=19185
[OUT] [Timing] Search: 7.73 ms, dist_count=41619
[OUT] [Timing] Search: 10.34 ms, dist_count=63745
[OUT] [Timing] Search: 15.71 ms, dist_count=88171
[OUT] [Timing] Search: 15.34 ms, dist_count=85549
[OUT] [Timing] Search: 13.63 ms, dist_count=71340
[OUT] [Timing] Search: 3.84 ms, dist_count=8275
[OUT] [Timing] Search: 12.44 ms, dist_count=76019
[OUT] [Timing] Search: 6.24 ms, dist_count=23200
[OUT] [Timing] Search: 8.14 ms, dist_count=38414
[OUT] [Timing] Search: 5.65 ms, dist_count=23534
[OUT] [Timing] Search: 11.54 ms, dist_count=76019
[OUT] [Timing] Search: 9.98 ms, dist_count=60803
[OUT] [Timing] Search: 5.90 ms, dist_count=26412
[OUT] [Timing] Search: 8.13 ms, dist_count=45552
[OUT] [Timing] Search: 7.21 ms, dist_count=36134
[OUT] [Timing] Search: 3.64 ms, dist_count=7147
[OUT] [Timing] Search: 12.78 ms, dist_count=95028
[OUT] [Timing] Search: 9.27 ms, dist_count=55477
[OUT] [Timing] Search: 10.02 ms, dist_count=58120
[OUT] [Timing] Search: 6.97 ms, dist_count=31785
[OUT] [Timing] Search: 13.59 ms, dist_count=94823
[OUT] [Timing] Search: 5.79 ms, dist_count=23755
[OUT] [Timing] Search: 10.25 ms, dist_count=67167
[OUT] [Timing] Search: 8.22 ms, dist_count=49497
[OUT] [Timing] Search: 11.61 ms, dist_count=80040
[OUT] [Timing] Search: 4.64 ms, dist_count=16293
[OUT] [Timing] Search: 6.43 ms, dist_count=28459
[OUT] [Timing] Search: 8.76 ms, dist_count=54463
[OUT] [Timing] Search: 10.89 ms, dist_count=73966
[OUT] [Timing] Search: 7.17 ms, dist_count=31608
[OUT] [Timing] Search: 7.31 ms, dist_count=42036
[OUT] [Timing] Search: 11.43 ms, dist_count=74095
[OUT] [Timing] Search: 6.89 ms, dist_count=29221
[OUT] [Timing] Search: 5.09 ms, dist_count=19083
[OUT] [Timing] Search: 4.32 ms, dist_count=15453
[OUT] [Timing] Search: 7.98 ms, dist_count=46241
[OUT] [Timing] Search: 6.86 ms, dist_count=33809
[OUT] [Timing] Search: 9.58 ms, dist_count=58001
[OUT] [Timing] Search: 10.52 ms, dist_count=75082
[OUT] [Timing] Search: 11.90 ms, dist_count=78879
[OUT] [Timing] Search: 11.83 ms, dist_count=78069
[OUT] [Timing] Search: 7.16 ms, dist_count=39073
[OUT] [Timing] Search: 8.21 ms, dist_count=44070
[OUT] [Timing] Search: 7.22 ms, dist_count=38129
[OUT] [Timing] Search: 5.67 ms, dist_count=25549
[OUT] [Timing] Search: 8.84 ms, dist_count=49583
[OUT] [Timing] Search: 9.01 ms, dist_count=47306
[OUT] [Timing] Search: 8.31 ms, dist_count=46791
[OUT] [Timing] Search: 5.65 ms, dist_count=22094
[OUT] [Timing] Search: 9.52 ms, dist_count=53933
[OUT] [Timing] Search: 4.64 ms, dist_count=15486
[OUT] [Timing] Search: 9.74 ms, dist_count=57115
[OUT] [Timing] Search: 5.86 ms, dist_count=26452
[OUT] [Timing] Search: 12.38 ms, dist_count=89201
[OUT] [Timing] Search: 8.70 ms, dist_count=49940
[OUT] [Timing] Search: 10.32 ms, dist_count=65611
[OUT] [Timing] Search: 10.60 ms, dist_count=72925
[OUT] [Timing] Search: 9.06 ms, dist_count=52173
[OUT] [Timing] Search: 11.83 ms, dist_count=83191
[OUT] [Timing] Search: 7.66 ms, dist_count=45831
[OUT] [Timing] Search: 10.20 ms, dist_count=68914
[OUT] [Timing] Search: 7.84 ms, dist_count=38821
[OUT] [Timing] Search: 13.26 ms, dist_count=101649
[OUT] [Timing] Search: 5.19 ms, dist_count=16619
[OUT] [Timing] Search: 5.85 ms, dist_count=27796
[OUT] [Timing] Search: 12.67 ms, dist_count=88778
[OUT] [Timing] Search: 9.61 ms, dist_count=59454
[OUT] [Timing] Search: 8.56 ms, dist_count=55776
[OUT] [Timing] Search: 12.04 ms, dist_count=81111
[OUT] [Timing] Search: 11.48 ms, dist_count=77166
[OUT] [Timing] Search: 9.47 ms, dist_count=58947
[OUT] [Timing] Search: 9.45 ms, dist_count=37861
[OUT] [Timing] Search: 5.41 ms, dist_count=13612
[OUT] [Timing] Search: 14.64 ms, dist_count=78137
[OUT] [Timing] Search: 7.16 ms, dist_count=33539
[OUT] [Timing] Search: 8.92 ms, dist_count=53098
[OUT] [Timing] Search: 3.80 ms, dist_count=10372
[OUT] [Timing] Search: 11.34 ms, dist_count=77547
[OUT] [Timing] Search: 6.30 ms, dist_count=26842
[OUT] [Timing] Search: 12.26 ms, dist_count=84437
[OUT] [Timing] Search: 3.75 ms, dist_count=8730
[OUT] [Timing] Search: 9.62 ms, dist_count=56626
[OUT] [Timing] Search: 8.14 ms, dist_count=43486
[OUT] [Timing] Search: 12.37 ms, dist_count=88602
[OUT] [Timing] Search: 7.38 ms, dist_count=40960
[OUT] [Timing] Search: 6.11 ms, dist_count=23246
[OUT] [Timing] Search: 3.62 ms, dist_count=7257
[OUT] [Timing] Search: 12.73 ms, dist_count=90955
[OUT] [Timing] Search: 11.85 ms, dist_count=85634
[OUT] [Timing] Search: 9.23 ms, dist_count=57789
[OUT] [Timing] Search: 6.72 ms, dist_count=29156
[OUT] [Timing] Search: 9.45 ms, dist_count=56326
[OUT] [Timing] Search: 12.68 ms, dist_count=85356
[OUT] [Timing] Search: 12.17 ms, dist_count=88594
[OUT] [Timing] Search: 8.00 ms, dist_count=43209
[OUT] [Timing] Search: 9.08 ms, dist_count=51887
[OUT] [Timing] Search: 3.41 ms, dist_count=5893
[OUT] [Timing] Search: 7.02 ms, dist_count=31427
[OUT] [Timing] Search: 8.85 ms, dist_count=53508
[OUT] [Timing] Search: 9.83 ms, dist_count=63516
[OUT] [Timing] Search: 9.51 ms, dist_count=56597
[OUT] [Timing] Search: 10.58 ms, dist_count=62283
[OUT] [Timing] Search: 10.05 ms, dist_count=43534
[OUT] [Timing] Search: 7.10 ms, dist_count=33674
[OUT] [Timing] Search: 11.61 ms, dist_count=70961
[OUT] [Timing] Search: 15.10 ms, dist_count=88155
[OUT] [Timing] Search: 5.90 ms, dist_count=15670
[OUT] [Timing] Search: 6.80 ms, dist_count=20637
[OUT] [Timing] Search: 14.66 ms, dist_count=82348
[OUT] [Timing] Search: 12.96 ms, dist_count=94379
[OUT] [Timing] Search: 7.99 ms, dist_count=42710
[OUT] [Timing] Search: 12.98 ms, dist_count=88824
[OUT] [Timing] Search: 3.19 ms, dist_count=6207
[OUT] [Timing] Search: 10.91 ms, dist_count=66945
[OUT] [Timing] Search: 5.12 ms, dist_count=17190
[OUT] [Timing] Search: 7.83 ms, dist_count=43450
[OUT] [Timing] Search: 10.37 ms, dist_count=67166
[OUT] [Timing] Search: 5.21 ms, dist_count=17539
[OUT] [Timing] Search: 7.61 ms, dist_count=42672
[OUT] [Timing] Search: 9.62 ms, dist_count=55870
[OUT] [Timing] Search: 7.87 ms, dist_count=39645
[OUT] [Timing] Search: 9.44 ms, dist_count=60625
[OUT] [Timing] Search: 8.33 ms, dist_count=43082
[OUT] [Timing] Search: 6.99 ms, dist_count=35892
[OUT] [Timing] Search: 13.09 ms, dist_count=100084
[OUT] [Timing] Search: 7.11 ms, dist_count=29446
[OUT] [Timing] Search: 6.50 ms, dist_count=32532
[OUT] [Timing] Search: 11.03 ms, dist_count=75018
[OUT] [Timing] Search: 12.66 ms, dist_count=92269
[OUT] [Timing] Search: 6.63 ms, dist_count=30794
[OUT] [Timing] Search: 10.80 ms, dist_count=72982
[OUT] [Timing] Search: 9.41 ms, dist_count=61875
[OUT] [Timing] Search: 7.70 ms, dist_count=35108
[OUT] [Timing] Search: 6.96 ms, dist_count=36393
[OUT] [Timing] Search: 7.08 ms, dist_count=35290
[OUT] [Timing] Search: 9.49 ms, dist_count=64406
[OUT] [Timing] Search: 11.95 ms, dist_count=88252
[OUT] [Timing] Search: 9.09 ms, dist_count=52720
[OUT] [Timing] Search: 9.59 ms, dist_count=58976
[OUT] [Timing] Search: 9.45 ms, dist_count=57466
[OUT] [Timing] Search: 11.42 ms, dist_count=78078
[OUT] [Timing] Search: 7.13 ms, dist_count=36874
[OUT] [Timing] Search: 14.18 ms, dist_count=98406
[OUT] [Timing] Search: 11.88 ms, dist_count=83304
[OUT] [Timing] Search: 12.10 ms, dist_count=85399
[OUT] [Timing] Search: 9.92 ms, dist_count=60583
[OUT] [Timing] Search: 4.25 ms, dist_count=10396
[OUT] [Timing] Search: 8.92 ms, dist_count=51197
[OUT] [Timing] Search: 6.50 ms, dist_count=24730
[OUT] [Timing] Search: 8.48 ms, dist_count=54782
[OUT] [Timing] Search: 9.76 ms, dist_count=61756
[OUT] [Timing] Search: 8.06 ms, dist_count=47181
[OUT] [Timing] Search: 10.01 ms, dist_count=54568
[OUT] [Timing] Search: 6.83 ms, dist_count=29713
[OUT] [Timing] Search: 8.57 ms, dist_count=48115
[OUT] [Timing] Search: 8.81 ms, dist_count=59236
[OUT] [Timing] Search: 5.64 ms, dist_count=21027
[OUT] [Timing] Search: 7.58 ms, dist_count=41398
[OUT] [Timing] Search: 8.23 ms, dist_count=46707
[OUT] [Timing] Search: 8.24 ms, dist_count=43641
[OUT] [Timing] Search: 9.15 ms, dist_count=48090
[OUT] [Timing] Search: 9.79 ms, dist_count=54980
[OUT] [Timing] Search: 13.13 ms, dist_count=91955
[OUT] [Timing] Search: 9.44 ms, dist_count=60787
[OUT] [Timing] Search: 6.32 ms, dist_count=26328
[OUT] [Timing] Search: 9.86 ms, dist_count=65264
[OUT] [Timing] Search: 9.05 ms, dist_count=56043
[OUT] [Timing] Search: 7.48 ms, dist_count=41135
[OUT] [Timing] Search: 8.13 ms, dist_count=46896
[OUT] [Timing] Search: 11.28 ms, dist_count=79826
[OUT] [Timing] Search: 10.33 ms, dist_count=69127
[OUT] [Timing] Search: 6.23 ms, dist_count=25417
[OUT] [Timing] Search: 10.08 ms, dist_count=64209
[OUT] [Timing] Search: 5.49 ms, dist_count=21321
[OUT] [Timing] Search: 11.86 ms, dist_count=82698
[OUT] [Timing] Search: 12.59 ms, dist_count=92475
[OUT] [Timing] Search: 12.00 ms, dist_count=87687
[OUT] [Timing] Search: 8.44 ms, dist_count=47876
[OUT] [Timing] Search: 3.44 ms, dist_count=6320
[OUT] [Timing] Search: 3.47 ms, dist_count=7809
[OUT] [Timing] Search: 5.58 ms, dist_count=22670
[OUT] [Timing] Search: 8.64 ms, dist_count=49366
[OUT] [Timing] Search: 5.74 ms, dist_count=24050
[OUT] [Timing] Search: 10.38 ms, dist_count=66647
[OUT] [Timing] Search: 10.22 ms, dist_count=60905
[OUT] [Timing] Search: 5.37 ms, dist_count=20337
[OUT] [Timing] Search: 11.42 ms, dist_count=79207
[OUT] [Timing] Search: 4.74 ms, dist_count=14309
[OUT] [Timing] Search: 10.18 ms, dist_count=68694
[OUT] [Timing] Search: 10.11 ms, dist_count=66918
[OUT] [Timing] Search: 9.32 ms, dist_count=61022
[OUT] [Timing] Search: 6.25 ms, dist_count=26622
[OUT] [Timing] Search: 10.26 ms, dist_count=71239
[OUT] [Timing] Search: 10.28 ms, dist_count=74415
[OUT] [Timing] Search: 13.89 ms, dist_count=102759
[OUT] [Timing] Search: 10.73 ms, dist_count=66332
[OUT] [Timing] Search: 11.40 ms, dist_count=81277
[OUT] [Timing] Search: 6.80 ms, dist_count=32271
[OUT] [Timing] Search: 9.06 ms, dist_count=56188
[OUT] [Timing] Search: 6.35 ms, dist_count=29338
[OUT] [Timing] Search: 5.00 ms, dist_count=20471
[OUT] [Timing] Search: 6.51 ms, dist_count=32083
[OUT] [Timing] Search: 4.27 ms, dist_count=14878
[OUT] [Timing] Search: 6.79 ms, dist_count=34292
[OUT] [Timing] Search: 12.93 ms, dist_count=92301
[OUT] [Timing] Search: 5.12 ms, dist_count=15629
[OUT] [Timing] Search: 10.61 ms, dist_count=66332
[OUT] [Timing] Search: 7.32 ms, dist_count=35844
[OUT] [Timing] Search: 6.26 ms, dist_count=30045
[OUT] [Timing] Search: 12.33 ms, dist_count=77518
[OUT] [Timing] Search: 12.69 ms, dist_count=59061
[OUT] [Timing] Search: 14.49 ms, dist_count=80107
[OUT] [Timing] Search: 5.43 ms, dist_count=15104
[OUT] [Timing] Search: 6.86 ms, dist_count=20067
[OUT] [Timing] Search: 8.68 ms, dist_count=50861
[OUT] [Timing] Search: 10.23 ms, dist_count=58364
[OUT] [Timing] Search: 7.46 ms, dist_count=36320
[OUT] [Timing] Search: 5.91 ms, dist_count=19933
[OUT] [Timing] Search: 11.13 ms, dist_count=74327
[OUT] [Timing] Search: 12.46 ms, dist_count=88204
[OUT] [Timing] Search: 8.01 ms, dist_count=45593
[OUT] [Timing] Search: 9.79 ms, dist_count=61899
[OUT] [Timing] Search: 5.99 ms, dist_count=25463
[OUT] [Timing] Search: 10.80 ms, dist_count=73413
[OUT] [Timing] Search: 7.68 ms, dist_count=38932
[OUT] [Timing] Search: 9.52 ms, dist_count=59494
[OUT] [Timing] Search: 5.58 ms, dist_count=21917
[OUT] [Timing] Search: 6.97 ms, dist_count=30103
[OUT] [Timing] Search: 4.80 ms, dist_count=13741
[OUT] [Timing] Search: 12.98 ms, dist_count=96062
[OUT] [Timing] Search: 9.27 ms, dist_count=62311
[OUT] [Timing] Search: 9.06 ms, dist_count=51735
[OUT] [Timing] Search: 7.51 ms, dist_count=39830
[OUT] [Timing] Search: 11.60 ms, dist_count=77668
[OUT] [Timing] Search: 8.66 ms, dist_count=50398
[OUT] [Timing] Search: 11.95 ms, dist_count=87395
[OUT] [Timing] Search: 5.40 ms, dist_count=20359
[OUT] [Timing] Search: 4.59 ms, dist_count=11861
[OUT] [Timing] Search: 10.69 ms, dist_count=71714
[OUT] [Timing] Search: 10.37 ms, dist_count=66829
[OUT] [Timing] Search: 6.12 ms, dist_count=28678
[OUT] [Timing] Search: 13.91 ms, dist_count=96213
[OUT] [Timing] Search: 7.87 ms, dist_count=41039
[OUT] [Timing] Search: 9.59 ms, dist_count=57707
[OUT] [Timing] Search: 6.81 ms, dist_count=29207
[OUT] [Timing] Search: 8.88 ms, dist_count=49527
[OUT] [Timing] Search: 4.42 ms, dist_count=17258
[OUT] [Timing] Search: 10.67 ms, dist_count=69884
[OUT] [Timing] Search: 6.25 ms, dist_count=29224
[OUT] [Timing] Search: 12.13 ms, dist_count=87715
[OUT] [Timing] Search: 7.45 ms, dist_count=37159
[OUT] [Timing] Search: 6.14 ms, dist_count=26790
[OUT] [Timing] Search: 7.03 ms, dist_count=30591
[OUT] [Timing] Search: 4.20 ms, dist_count=10821
[OUT] [Timing] Search: 6.83 ms, dist_count=33636
[OUT] [Timing] Search: 8.09 ms, dist_count=44397
[OUT] [Timing] Search: 14.21 ms, dist_count=104664
[OUT] [Timing] Search: 7.02 ms, dist_count=39015
[OUT] [Timing] Search: 11.91 ms, dist_count=76765
[OUT] [Timing] Search: 6.00 ms, dist_count=21897
[OUT] [Timing] Search: 10.53 ms, dist_count=66745
[OUT] [Timing] Search: 9.24 ms, dist_count=54093
[OUT] [Timing] Search: 8.40 ms, dist_count=50950
[OUT] [Timing] Search: 4.98 ms, dist_count=14782
[OUT] [Timing] Search: 9.03 ms, dist_count=57360
[OUT] [Timing] Search: 8.33 ms, dist_count=44774
[OUT] [Timing] Search: 3.98 ms, dist_count=9433
[OUT] [Timing] Search: 7.76 ms, dist_count=41200
[OUT] [Timing] Search: 5.10 ms, dist_count=17119
[OUT] [Timing] Search: 11.39 ms, dist_count=78596
[OUT] [Timing] Search: 7.12 ms, dist_count=32440
[OUT] [Timing] Search: 10.07 ms, dist_count=63992
[OUT] [Timing] Search: 7.48 ms, dist_count=40973
[OUT] [Timing] Search: 9.15 ms, dist_count=55918
[OUT] [Timing] Search: 5.43 ms, dist_count=19626
[OUT] [Timing] Search: 3.70 ms, dist_count=9660
[OUT] [Timing] Search: 3.28 ms, dist_count=5336
[OUT] [Timing] Search: 10.94 ms, dist_count=71490
[OUT] [Timing] Search: 11.70 ms, dist_count=77855
[OUT] [Timing] Search: 11.84 ms, dist_count=79270
[OUT] [Timing] Search: 12.95 ms, dist_count=91501
[OUT] [Timing] Search: 7.62 ms, dist_count=34067
[OUT] [Timing] Search: 8.81 ms, dist_count=51418
[OUT] [Timing] Search: 10.80 ms, dist_count=72898
[OUT] [Timing] Search: 7.03 ms, dist_count=36570
[OUT] [Timing] Search: 7.34 ms, dist_count=39081
[OUT] [Timing] Search: 10.28 ms, dist_count=70838
[OUT] [Timing] Search: 7.30 ms, dist_count=39090
[OUT] [Timing] Search: 11.87 ms, dist_count=86484
[OUT] [Timing] Search: 10.98 ms, dist_count=75760
[OUT] [Timing] Search: 9.07 ms, dist_count=51821
[OUT] [Timing] Search: 11.67 ms, dist_count=63424
[OUT] [Timing] Search: 9.33 ms, dist_count=42350
[OUT] [Timing] Search: 12.99 ms, dist_count=68085
[OUT] [Timing] Search: 5.46 ms, dist_count=14217
[OUT] [Timing] Search: 10.33 ms, dist_count=65609
[OUT] [Timing] Search: 7.95 ms, dist_count=40899
[OUT] [Timing] Search: 11.02 ms, dist_count=75045
[OUT] [Timing] Search: 9.62 ms, dist_count=58845
[OUT] [Timing] Search: 7.92 ms, dist_count=45775
[OUT] [Timing] Search: 6.72 ms, dist_count=31912
[OUT] [Timing] Search: 11.33 ms, dist_count=68852
[OUT] [Timing] Search: 7.70 ms, dist_count=39748
[OUT] [Timing] Search: 11.00 ms, dist_count=72903
[OUT] [Timing] Search: 6.86 ms, dist_count=32253
[OUT] [Timing] Search: 10.64 ms, dist_count=69255
[OUT] [Timing] Search: 4.17 ms, dist_count=11178
[OUT] [Timing] Search: 7.49 ms, dist_count=38967
[OUT] [Timing] Search: 5.41 ms, dist_count=22956
[OUT] [Timing] Search: 12.85 ms, dist_count=79069
[OUT] [Timing] Search: 10.16 ms, dist_count=59286
[OUT] [Timing] Search: 8.08 ms, dist_count=40081
[OUT] [Timing] Search: 6.83 ms, dist_count=33778
[OUT] [Timing] Search: 5.74 ms, dist_count=18651
[OUT] [Timing] Search: 11.88 ms, dist_count=80924
[OUT] [Timing] Search: 3.21 ms, dist_count=4774
[OUT] [Timing] Search: 12.24 ms, dist_count=69727
[OUT] [Timing] Search: 13.81 ms, dist_count=74733
[OUT] [Timing] Search: 6.22 ms, dist_count=19908
[OUT] [Timing] Search: 12.16 ms, dist_count=59376
[OUT] [Timing] Search: 9.39 ms, dist_count=48592
[OUT] [Timing] Search: 9.58 ms, dist_count=54110
[OUT] [Timing] Search: 8.61 ms, dist_count=43504
[OUT] [Timing] Search: 7.04 ms, dist_count=35467
[OUT] [Timing] Search: 10.81 ms, dist_count=72838
[OUT] [Timing] Search: 13.74 ms, dist_count=96764
[OUT] [Timing] Search: 9.80 ms, dist_count=64313
[OUT] [Timing] Search: 11.08 ms, dist_count=71552
[OUT] [Timing] Search: 8.62 ms, dist_count=49974
[OUT] [Timing] Search: 11.90 ms, dist_count=87386
[OUT] [Timing] Search: 11.72 ms, dist_count=79205
[OUT] [Timing] Search: 11.28 ms, dist_count=74460
[OUT] [Timing] Search: 12.25 ms, dist_count=86599
[OUT] [Timing] Search: 9.25 ms, dist_count=60903
[OUT] [Timing] Search: 6.90 ms, dist_count=36435
[OUT] [Timing] Search: 12.81 ms, dist_count=86457
[OUT] [Timing] Search: 9.81 ms, dist_count=57223
[OUT] [Timing] Search: 9.21 ms, dist_count=56487
[OUT] [Timing] Search: 4.53 ms, dist_count=14280
[OUT] [Timing] Search: 3.97 ms, dist_count=9532
[OUT] [Timing] Search: 9.72 ms, dist_count=58629
[OUT] [Timing] Search: 9.71 ms, dist_count=64691
[OUT] [Timing] Search: 9.68 ms, dist_count=64825
[OUT] [Timing] Search: 4.06 ms, dist_count=11066
[OUT] [Timing] Search: 9.34 ms, dist_count=60774
[OUT] [Timing] Search: 7.47 ms, dist_count=41189
[OUT] [Timing] Search: 9.92 ms, dist_count=70147
[OUT] [Timing] Search: 9.07 ms, dist_count=55425
[OUT] [Timing] Search: 7.82 ms, dist_count=42400
[OUT] [Timing] Search: 7.08 ms, dist_count=31607
[OUT] [Timing] Search: 11.87 ms, dist_count=72898
[OUT] [Timing] Search: 13.40 ms, dist_count=95431
[OUT] [Timing] Search: 13.30 ms, dist_count=99546
[OUT] [Timing] Search: 7.16 ms, dist_count=37043
[OUT] [Timing] Search: 8.20 ms, dist_count=40828
[OUT] [Timing] Search: 6.41 ms, dist_count=29978
[OUT] [Timing] Search: 10.85 ms, dist_count=73917
[OUT] [Timing] Search: 11.12 ms, dist_count=81580
[OUT] [Timing] Search: 11.45 ms, dist_count=80090
[OUT] [Timing] Search: 7.31 ms, dist_count=32448
[OUT] [Timing] Search: 5.92 ms, dist_count=21797
[OUT] [Timing] Search: 11.17 ms, dist_count=73282
[OUT] [Timing] Search: 12.40 ms, dist_count=88971
[OUT] [Timing] Search: 8.29 ms, dist_count=47770
[OUT] [Timing] Search: 9.72 ms, dist_count=59488
[OUT] [Timing] Search: 6.18 ms, dist_count=22199
[OUT] [Timing] Search: 11.16 ms, dist_count=76014
[OUT] [Timing] Search: 7.93 ms, dist_count=44522
[OUT] [Timing] Search: 10.47 ms, dist_count=71643
[OUT] [Timing] Search: 10.30 ms, dist_count=66351
[OUT] [Timing] Search: 7.56 ms, dist_count=36544
[OUT] [Timing] Search: 5.33 ms, dist_count=18299
[OUT] [Timing] Search: 9.69 ms, dist_count=60004
[OUT] [Timing] Search: 8.50 ms, dist_count=47918
[OUT] [Timing] Search: 11.12 ms, dist_count=75786
[OUT] [Timing] Search: 8.60 ms, dist_count=50645
[OUT] [Timing] Search: 13.07 ms, dist_count=95010
[OUT] [Timing] Search: 12.44 ms, dist_count=91846
[OUT] [Timing] Search: 9.86 ms, dist_count=61529
[OUT] [Timing] Search: 12.60 ms, dist_count=87886
[OUT] [Timing] Search: 4.83 ms, dist_count=12428
[OUT] [Timing] Search: 9.24 ms, dist_count=57092
[OUT] [Timing] Search: 7.81 ms, dist_count=40134
[OUT] [Timing] Search: 7.51 ms, dist_count=42146
[OUT] [Timing] Search: 4.77 ms, dist_count=16964
[OUT] [Timing] Search: 8.27 ms, dist_count=49730
[OUT] [Timing] Search: 8.90 ms, dist_count=53041
[OUT] [Timing] Search: 6.41 ms, dist_count=31136
[OUT] [Timing] Search: 4.45 ms, dist_count=11915
[OUT] [Timing] Search: 5.06 ms, dist_count=19763
[OUT] [Timing] Search: 8.46 ms, dist_count=53558
[OUT] [Timing] Search: 8.70 ms, dist_count=51688
[OUT] [Timing] Search: 12.71 ms, dist_count=85876
[OUT] [Timing] Search: 7.64 ms, dist_count=42901
[OUT] [Timing] Search: 4.30 ms, dist_count=13807
[OUT] [Timing] Search: 6.45 ms, dist_count=26351
[OUT] [Timing] Search: 8.91 ms, dist_count=55411
[OUT] [Timing] Search: 7.00 ms, dist_count=33963
[OUT] [Timing] Search: 5.49 ms, dist_count=18614
[OUT] [Timing] Search: 4.61 ms, dist_count=13770
[OUT] [Timing] Search: 11.16 ms, dist_count=76904
[OUT] [Timing] Search: 7.39 ms, dist_count=37741
[OUT] [Timing] Search: 7.14 ms, dist_count=36638
[OUT] [Timing] Search: 4.86 ms, dist_count=17212
[OUT] [Timing] Search: 9.89 ms, dist_count=61149
[OUT] [Timing] Search: 6.98 ms, dist_count=30988
[OUT] [Timing] Search: 4.76 ms, dist_count=16532
[OUT] [Timing] Search: 3.93 ms, dist_count=12418
[OUT] [Timing] Search: 10.27 ms, dist_count=66165
[OUT] [Timing] Search: 7.46 ms, dist_count=39856
[OUT] [Timing] Search: 9.74 ms, dist_count=61018
[OUT] [Timing] Search: 7.79 ms, dist_count=39479
[OUT] [Timing] Search: 6.38 ms, dist_count=29093
[OUT] [Timing] Search: 6.66 ms, dist_count=30370
[OUT] [Timing] Search: 12.46 ms, dist_count=91244
[OUT] [Timing] Search: 6.03 ms, dist_count=21554
[OUT] [Timing] Search: 3.63 ms, dist_count=7525
[OUT] [Timing] Search: 9.35 ms, dist_count=50442
[OUT] [Timing] Search: 9.51 ms, dist_count=61107
[OUT] [Timing] Search: 11.61 ms, dist_count=75814
[OUT] [Timing] Search: 4.44 ms, dist_count=12802
[OUT] [Timing] Search: 8.03 ms, dist_count=46576
[OUT] [Timing] Search: 15.61 ms, dist_count=90196
[OUT] [Timing] Search: 9.75 ms, dist_count=40889
[OUT] [Timing] Search: 10.06 ms, dist_count=46743
[OUT] [Timing] Search: 4.55 ms, dist_count=11748
[OUT] [Timing] Search: 12.49 ms, dist_count=89517
[OUT] [Timing] Search: 9.16 ms, dist_count=45230
[OUT] [Timing] Search: 6.45 ms, dist_count=29834
[OUT] [Timing] Search: 8.42 ms, dist_count=47852
[OUT] [Timing] Search: 10.55 ms, dist_count=72655
[OUT] [Timing] Search: 9.73 ms, dist_count=59124
[OUT] [Timing] Search: 8.05 ms, dist_count=42153
[OUT] [Timing] Search: 5.32 ms, dist_count=25224
[OUT] [Timing] Search: 12.24 ms, dist_count=88062
[OUT] [Timing] Search: 5.74 ms, dist_count=23970
[OUT] [Timing] Search: 9.83 ms, dist_count=57627
[OUT] [Timing] Search: 9.26 ms, dist_count=54596
[OUT] [Timing] Search: 9.16 ms, dist_count=57494
[OUT] [Timing] Search: 3.63 ms, dist_count=6848
[OUT] [Timing] Search: 7.85 ms, dist_count=40388
[OUT] [Timing] Search: 6.39 ms, dist_count=30653
[OUT] [Timing] Search: 5.35 ms, dist_count=18961
[OUT] [Timing] Search: 9.56 ms, dist_count=59785
[OUT] [Timing] Search: 11.87 ms, dist_count=82727
[OUT] [Timing] Search: 7.37 ms, dist_count=37713
[OUT] [Timing] Search: 9.88 ms, dist_count=66296
[OUT] [Timing] Search: 4.91 ms, dist_count=18427
[OUT] [Timing] Search: 8.96 ms, dist_count=51416
[OUT] [Timing] Search: 8.11 ms, dist_count=38067
[OUT] [Timing] Search: 8.54 ms, dist_count=47780
[OUT] [Timing] Search: 7.03 ms, dist_count=37552
[OUT] [Timing] Search: 5.13 ms, dist_count=17268
[OUT] [Timing] Search: 11.48 ms, dist_count=79335
[OUT] [Timing] Search: 6.24 ms, dist_count=30050
[OUT] [Timing] Search: 6.30 ms, dist_count=26404
[OUT] [Timing] Search: 8.66 ms, dist_count=46698
[OUT] [Timing] Search: 12.65 ms, dist_count=91212
[OUT] [Timing] Search: 6.96 ms, dist_count=34884
[OUT] [Timing] Search: 9.35 ms, dist_count=57020
[OUT] [Timing] Search: 13.39 ms, dist_count=93889
[OUT] [Timing] Search: 10.99 ms, dist_count=71951
[OUT] [Timing] Search: 9.52 ms, dist_count=60401
[OUT] [Timing] Search: 10.79 ms, dist_count=64885
[OUT] [Timing] Search: 11.75 ms, dist_count=77408
[OUT] [Timing] Search: 12.33 ms, dist_count=85540
[OUT] [Timing] Search: 7.04 ms, dist_count=34864
[OUT] [Timing] Search: 3.74 ms, dist_count=8115
[OUT] [Timing] Search: 10.92 ms, dist_count=63075
[OUT] [Timing] Search: 9.05 ms, dist_count=50114
[OUT] [Timing] Search: 12.58 ms, dist_count=93912
[OUT] [Timing] Search: 7.02 ms, dist_count=35625
[OUT] [Timing] Search: 13.55 ms, dist_count=84507
[OUT] [Timing] Search: 8.31 ms, dist_count=50660
[OUT] [Timing] Search: 4.01 ms, dist_count=9606
[OUT] [Timing] Search: 4.50 ms, dist_count=12570
[OUT] [Timing] Search: 4.66 ms, dist_count=14961
[OUT] [Timing] Search: 5.92 ms, dist_count=18502
[OUT] [Timing] Search: 12.09 ms, dist_count=82852
[OUT] [Timing] Search: 7.68 ms, dist_count=40997
[OUT] [Timing] Search: 6.79 ms, dist_count=35558
[OUT] [Timing] Search: 12.42 ms, dist_count=81682
[OUT] [Timing] Search: 5.32 ms, dist_count=19834
[OUT] [Timing] Search: 9.13 ms, dist_count=55872
[OUT] [Timing] Search: 7.28 ms, dist_count=35063
[OUT] [Timing] Search: 7.38 ms, dist_count=41927
[OUT] [Timing] Search: 4.88 ms, dist_count=15913
[OUT] [Timing] Search: 12.22 ms, dist_count=72432
[OUT] [Timing] Search: 9.02 ms, dist_count=52832
[OUT] [Timing] Search: 9.20 ms, dist_count=60453
[OUT] [Timing] Search: 7.22 ms, dist_count=35245
[OUT] [Timing] Search: 6.77 ms, dist_count=37113
[OUT] [Timing] Search: 8.00 ms, dist_count=42013
[OUT] [Timing] Search: 9.17 ms, dist_count=57443
[OUT] [Timing] Search: 8.60 ms, dist_count=48527
[OUT] [Timing] Search: 5.54 ms, dist_count=20841
[OUT] [Timing] Search: 5.81 ms, dist_count=22184
[OUT] [Timing] Search: 9.59 ms, dist_count=61443
[OUT] [Timing] Search: 8.09 ms, dist_count=46795
[OUT] [Timing] Search: 9.69 ms, dist_count=60191
[OUT] [Timing] Search: 6.53 ms, dist_count=29748
[OUT] [Timing] Search: 8.45 ms, dist_count=47563
[OUT] [Timing] Search: 10.52 ms, dist_count=68581
[OUT] [Timing] Search: 7.23 ms, dist_count=32133
[OUT] [Timing] Search: 11.61 ms, dist_count=83083
[OUT] [Timing] Search: 7.66 ms, dist_count=44121
[OUT] [Timing] Search: 7.53 ms, dist_count=39730
[OUT] [Timing] Search: 7.06 ms, dist_count=34184
[OUT] [Timing] Search: 12.81 ms, dist_count=95158
[OUT] [Timing] Search: 7.68 ms, dist_count=41640
[OUT] [Timing] Search: 4.98 ms, dist_count=15958
[OUT] [Timing] Search: 5.45 ms, dist_count=18802
[OUT] [Timing] Search: 9.21 ms, dist_count=53674
[OUT] [Timing] Search: 9.43 ms, dist_count=59959
[OUT] [Timing] Search: 10.75 ms, dist_count=64501
[OUT] [Timing] Search: 9.70 ms, dist_count=63578
[OUT] [Timing] Search: 12.90 ms, dist_count=99022
[OUT] [Timing] Search: 7.96 ms, dist_count=43806
[OUT] [Timing] Search: 10.67 ms, dist_count=72447
[OUT] [Timing] Search: 7.27 ms, dist_count=43064
[OUT] [Timing] Search: 5.24 ms, dist_count=22703
[OUT] [Timing] Search: 7.25 ms, dist_count=32092
[OUT] [Timing] Search: 6.28 ms, dist_count=25349
[OUT] [Timing] Search: 10.49 ms, dist_count=60265
[OUT] [Timing] Search: 5.40 ms, dist_count=19489
[OUT] [Timing] Search: 11.20 ms, dist_count=61333
[OUT] [Timing] Search: 7.71 ms, dist_count=40866
[OUT] [Timing] Search: 3.24 ms, dist_count=5188
[OUT] [Timing] Search: 5.42 ms, dist_count=23044
[OUT] [Timing] Search: 11.72 ms, dist_count=80849
[OUT] [Timing] Search: 9.36 ms, dist_count=39076
[OUT] [Timing] Search: 9.07 ms, dist_count=36235
[OUT] [Timing] Search: 8.78 ms, dist_count=37758
[OUT] [Timing] Search: 13.06 ms, dist_count=75058
[OUT] [Timing] Search: 15.07 ms, dist_count=88148
[OUT] [Timing] Search: 9.19 ms, dist_count=50692
[OUT] [Timing] Search: 8.51 ms, dist_count=48959
[OUT] [Timing] Search: 10.89 ms, dist_count=76382
[OUT] [Timing] Search: 10.42 ms, dist_count=70590
[OUT] [Timing] Search: 12.18 ms, dist_count=86664
[OUT] [Timing] Search: 5.56 ms, dist_count=23799
[OUT] [Timing] Search: 10.33 ms, dist_count=65474
[OUT] [Timing] Search: 11.00 ms, dist_count=75718
[OUT] [Timing] Search: 5.19 ms, dist_count=20402
[OUT] [Timing] Search: 8.10 ms, dist_count=47333
[OUT] [Timing] Search: 7.64 ms, dist_count=38632
[OUT] [Timing] Search: 9.95 ms, dist_count=58328
[OUT] [Timing] Search: 12.39 ms, dist_count=89581
[OUT] [Timing] Search: 10.11 ms, dist_count=70429
[OUT] [Timing] Search: 10.94 ms, dist_count=75853
[OUT] [Timing] Search: 9.80 ms, dist_count=64510
[OUT] [Timing] Search: 3.72 ms, dist_count=10636
[OUT] [Timing] Search: 9.11 ms, dist_count=55958
[OUT] [Timing] Search: 10.03 ms, dist_count=66908
[OUT] [Timing] Search: 8.54 ms, dist_count=51002
[OUT] [Timing] Search: 10.42 ms, dist_count=68180
[OUT] [Timing] Search: 10.26 ms, dist_count=66188
[OUT] [Timing] Search: 10.20 ms, dist_count=66399
[OUT] [Timing] Search: 8.20 ms, dist_count=45896
[OUT] [Timing] Search: 8.63 ms, dist_count=45462
[OUT] [Timing] Search: 7.90 ms, dist_count=43313
[OUT] [Timing] Search: 9.44 ms, dist_count=57846
[OUT] [Timing] Search: 5.71 ms, dist_count=27728
[OUT] [Timing] Search: 5.87 ms, dist_count=21983
[OUT] [Timing] Search: 6.71 ms, dist_count=33232
[OUT] [Timing] Search: 8.39 ms, dist_count=48206
[OUT] [Timing] Search: 9.31 ms, dist_count=55910
[OUT] [Timing] Search: 9.66 ms, dist_count=59206
[OUT] [Timing] Search: 10.24 ms, dist_count=62495
[OUT] [Timing] Search: 5.56 ms, dist_count=21141
[OUT] [Timing] Search: 2.41 ms, dist_count=3693
[OUT] [Timing] Search: 10.21 ms, dist_count=66367
[OUT] [Timing] Search: 6.76 ms, dist_count=36375
[OUT] [Timing] Search: 10.12 ms, dist_count=66721
[OUT] [Timing] Search: 10.61 ms, dist_count=71474
[OUT] [Timing] Search: 8.46 ms, dist_count=51376
[OUT] [Timing] Search: 9.34 ms, dist_count=56669
[OUT] [Timing] Search: 4.95 ms, dist_count=16535
[OUT] [Timing] Search: 9.63 ms, dist_count=58996
[OUT] [Timing] Search: 8.16 ms, dist_count=49897
[OUT] [Timing] Search: 6.95 ms, dist_count=34373
[OUT] [Timing] Search: 6.98 ms, dist_count=31726
[OUT] [Timing] Search: 11.27 ms, dist_count=71127
[OUT] [Timing] Search: 6.49 ms, dist_count=30105
[OUT] [Timing] Search: 9.54 ms, dist_count=57367
[OUT] [Timing] Search: 7.95 ms, dist_count=40089
[OUT] [Timing] Search: 6.93 ms, dist_count=29323
[OUT] [Timing] Search: 11.39 ms, dist_count=77583
[OUT] [Timing] Search: 9.12 ms, dist_count=53467
[OUT] [Timing] Search: 5.55 ms, dist_count=26022
[OUT] [Timing] Search: 4.95 ms, dist_count=16217
[OUT] [Timing] Search: 4.04 ms, dist_count=10616
[OUT] [Timing] Search: 12.55 ms, dist_count=91737
[OUT] [Timing] Search: 10.40 ms, dist_count=67369
[OUT] [Timing] Search: 8.93 ms, dist_count=54714
[OUT] [Timing] Search: 7.82 ms, dist_count=36770
[OUT] [Timing] Search: 2.47 ms, dist_count=3410
[OUT] [Timing] Search: 1.76 ms, dist_count=4953
[OUT] [Timing] Search: 10.65 ms, dist_count=68513
[OUT] [Timing] Search: 8.54 ms, dist_count=50774
[OUT] [Timing] Search: 14.38 ms, dist_count=84383
[OUT] [Timing] Search: 12.59 ms, dist_count=58031
[OUT] [Timing] Search: 9.74 ms, dist_count=32542
[OUT] [Timing] Search: 8.91 ms, dist_count=51555
[OUT] [Timing] Search: 8.54 ms, dist_count=52852
[OUT] [Timing] Search: 9.18 ms, dist_count=53646
[OUT] [Timing] Search: 8.53 ms, dist_count=51951
[OUT] [Timing] Search: 5.09 ms, dist_count=18842
[OUT] [Timing] Search: 7.92 ms, dist_count=40103
[OUT] [Timing] Search: 7.44 ms, dist_count=39380
[OUT] [Timing] Search: 9.03 ms, dist_count=52392
[OUT] [Timing] Search: 12.38 ms, dist_count=86542
[OUT] [Timing] Search: 6.62 ms, dist_count=31193
[OUT] [Timing] Search: 9.28 ms, dist_count=57949
[OUT] [Timing] Search: 5.34 ms, dist_count=21932
[OUT] [Timing] Search: 8.96 ms, dist_count=51260
[OUT] [Timing] Search: 4.95 ms, dist_count=18261
[OUT] [Timing] Search: 11.16 ms, dist_count=79391
[OUT] [Timing] Search: 5.19 ms, dist_count=18636
[OUT] [Timing] Search: 11.29 ms, dist_count=74887
[OUT] [Timing] Search: 6.31 ms, dist_count=32108
[OUT] [Timing] Search: 13.18 ms, dist_count=92470
[OUT] [Timing] Search: 12.53 ms, dist_count=86301
[OUT] [Timing] Search: 7.03 ms, dist_count=37663
[OUT] [Timing] Search: 10.84 ms, dist_count=73871
[OUT] [Timing] Search: 5.20 ms, dist_count=18191
[OUT] [Timing] Search: 10.55 ms, dist_count=69616
[OUT] [Timing] Search: 13.31 ms, dist_count=86457
[OUT] [Timing] Search: 4.88 ms, dist_count=16333
[OUT] [Timing] Search: 12.00 ms, dist_count=79000
[OUT] [Timing] Search: 11.31 ms, dist_count=73228
[OUT] [Timing] Search: 10.91 ms, dist_count=68400
[OUT] [Timing] Search: 11.58 ms, dist_count=79795
[OUT] [Timing] Search: 9.28 ms, dist_count=58866
[OUT] [Timing] Search: 5.14 ms, dist_count=20585
[OUT] [Timing] Search: 13.91 ms, dist_count=74043
[OUT] [Timing] Search: 10.75 ms, dist_count=52941
[OUT] [Timing] Search: 6.72 ms, dist_count=22777
[OUT] [Timing] Search: 4.36 ms, dist_count=8516
[OUT] [Timing] Search: 13.32 ms, dist_count=76529
[OUT] [Timing] Search: 12.37 ms, dist_count=78965
[OUT] [Timing] Search: 11.18 ms, dist_count=77629
[OUT] [Timing] Search: 5.89 ms, dist_count=19954
[OUT] [Timing] Search: 8.90 ms, dist_count=52828
[OUT] [Timing] Search: 12.31 ms, dist_count=80607
[OUT] [Timing] Search: 10.09 ms, dist_count=63890
[OUT] [Timing] Search: 13.10 ms, dist_count=102061
[OUT] [Timing] Search: 9.62 ms, dist_count=57641
[OUT] [Timing] Search: 11.06 ms, dist_count=70444
[OUT] [Timing] Search: 10.80 ms, dist_count=69141
[OUT] [Timing] Search: 10.37 ms, dist_count=73806
[OUT] [Timing] Search: 7.65 ms, dist_count=39430
[OUT] [Timing] Search: 7.49 ms, dist_count=41374
[OUT] [Timing] Search: 6.12 ms, dist_count=27066
[OUT] [Timing] Search: 9.22 ms, dist_count=58764
[OUT] [Timing] Search: 8.66 ms, dist_count=49764
[OUT] [Timing] Search: 9.40 ms, dist_count=58879
[OUT] [Timing] Search: 8.74 ms, dist_count=54869
[OUT] [Timing] Search: 10.65 ms, dist_count=71159
[OUT] [Timing] Search: 6.83 ms, dist_count=29695
[OUT] [Timing] Search: 10.61 ms, dist_count=68580
[OUT] [Timing] Search: 9.22 ms, dist_count=57458
[OUT] [Timing] Search: 11.87 ms, dist_count=85870
[OUT] [Timing] Search: 7.82 ms, dist_count=37755
[OUT] [Timing] Search: 9.80 ms, dist_count=62126
[OUT] [Timing] Search: 10.65 ms, dist_count=71454
[OUT] [Timing] Search: 8.80 ms, dist_count=52755
[OUT] [Timing] Search: 6.94 ms, dist_count=34905
[OUT] [Timing] Search: 5.79 ms, dist_count=23682
[OUT] [Timing] Search: 11.16 ms, dist_count=76245
[OUT] [Timing] Search: 10.54 ms, dist_count=70111
[OUT] [Timing] Search: 11.85 ms, dist_count=82283
[OUT] [Timing] Search: 6.97 ms, dist_count=36798
[OUT] [Timing] Search: 8.43 ms, dist_count=44718
[OUT] [Timing] Search: 9.97 ms, dist_count=63053
[OUT] [Timing] Search: 5.36 ms, dist_count=18760
[OUT] [Timing] Search: 7.99 ms, dist_count=49481
[OUT] [Timing] Search: 13.26 ms, dist_count=94532
[OUT] [Timing] Search: 5.34 ms, dist_count=17209
[OUT] [Timing] Search: 5.95 ms, dist_count=24536
[OUT] [Timing] Search: 9.96 ms, dist_count=61577
[OUT] [Timing] Search: 10.57 ms, dist_count=73067
[OUT] [Timing] Search: 6.23 ms, dist_count=22722
[OUT] [Timing] Search: 13.71 ms, dist_count=99084
[OUT] [Timing] Search: 3.57 ms, dist_count=8702
[OUT] [Timing] Search: 7.69 ms, dist_count=38396
[OUT] [Timing] Search: 8.76 ms, dist_count=46685
[OUT] [Timing] Search: 9.19 ms, dist_count=53577
[OUT] [Timing] Search: 7.62 ms, dist_count=38669
[OUT] [Timing] Search: 7.02 ms, dist_count=33502
[OUT] [Timing] Search: 10.99 ms, dist_count=69397
[OUT] [Timing] Search: 10.48 ms, dist_count=69619
[OUT] [Timing] Search: 7.37 ms, dist_count=40176
[OUT] [Timing] Search: 9.52 ms, dist_count=59649
[OUT] [Timing] Search: 10.91 ms, dist_count=73008
[OUT] [Timing] Search: 7.91 ms, dist_count=46949
[OUT] [Timing] Search: 4.04 ms, dist_count=8914
[OUT] [Timing] Search: 9.99 ms, dist_count=58901
[OUT] [Timing] Search: 8.86 ms, dist_count=44382
[OUT] [Timing] Search: 8.10 ms, dist_count=45971
[OUT] [Timing] Search: 11.13 ms, dist_count=78488
[OUT] [Timing] Search: 9.47 ms, dist_count=54376
[OUT] [Timing] Search: 7.22 ms, dist_count=38655
[OUT] [Timing] Search: 7.42 ms, dist_count=35728
[OUT] [Timing] Search: 8.02 ms, dist_count=44763
[OUT] [Timing] Search: 9.00 ms, dist_count=51402
[OUT] [Timing] Search: 8.22 ms, dist_count=48125
[OUT] [Timing] Search: 9.67 ms, dist_count=60383
[OUT] [Timing] Search: 9.76 ms, dist_count=64007
[OUT] [Timing] Search: 12.12 ms, dist_count=83754
[OUT] [Timing] Search: 7.64 ms, dist_count=42698
[OUT] [Timing] Search: 14.13 ms, dist_count=105402
[OUT] [Timing] Search: 10.84 ms, dist_count=77059
[OUT] [Timing] Search: 6.94 ms, dist_count=36372
[OUT] [Timing] Search: 5.23 ms, dist_count=22234
[OUT] [Timing] Search: 12.12 ms, dist_count=85108
[OUT] [Timing] Search: 2.93 ms, dist_count=5125
[OUT] [Timing] Search: 11.80 ms, dist_count=78376
[OUT] [Timing] Search: 12.96 ms, dist_count=90331
[OUT] [Timing] Search: 7.16 ms, dist_count=36853
[OUT] [Timing] Search: 11.07 ms, dist_count=75257
[OUT] [Timing] Search: 12.58 ms, dist_count=86822
[OUT] [Timing] Search: 12.85 ms, dist_count=97184
[OUT] [Timing] Search: 7.57 ms, dist_count=36684
[OUT] [Timing] Search: 9.30 ms, dist_count=53641
[OUT] [Timing] Search: 10.57 ms, dist_count=74376
[OUT] [Timing] Search: 7.53 ms, dist_count=38182
[OUT] [Timing] Search: 9.13 ms, dist_count=55105
[OUT] [Timing] Search: 5.23 ms, dist_count=17821
[OUT] [Timing] Search: 3.76 ms, dist_count=10228
[OUT] [Timing] Search: 10.45 ms, dist_count=65675
[OUT] [Timing] Search: 8.05 ms, dist_count=40375
[OUT] [Timing] Search: 11.17 ms, dist_count=77618
[OUT] [Timing] Search: 10.78 ms, dist_count=71353
[OUT] [Timing] Search: 11.43 ms, dist_count=79846
[OUT] [Timing] Search: 13.09 ms, dist_count=92656
[OUT] [Timing] Search: 13.03 ms, dist_count=63720
[OUT] [Timing] Search: 11.28 ms, dist_count=51516
[OUT] [Timing] Search: 10.96 ms, dist_count=44619
[OUT] [Timing] Search: 11.66 ms, dist_count=61580
[OUT] [Timing] Search: 8.09 ms, dist_count=48108
[OUT] [Timing] Search: 10.06 ms, dist_count=56834
[OUT] [Timing] Search: 5.37 ms, dist_count=21664
[OUT] [Timing] Search: 4.02 ms, dist_count=12811
[OUT] [Timing] Search: 5.17 ms, dist_count=17848
[OUT] [Timing] Search: 11.41 ms, dist_count=78631
[OUT] [Timing] Search: 3.12 ms, dist_count=5466
[OUT] [Timing] Search: 5.25 ms, dist_count=22281
[OUT] [Timing] Search: 6.02 ms, dist_count=25595
[OUT] [Timing] Search: 8.50 ms, dist_count=45622
[OUT] [Timing] Search: 8.43 ms, dist_count=44147
[OUT] [Timing] Search: 9.38 ms, dist_count=54760
[OUT] [Timing] Search: 12.15 ms, dist_count=81049
[OUT] [Timing] Search: 5.69 ms, dist_count=24623
[OUT] [Timing] Search: 11.92 ms, dist_count=85689
[OUT] [Timing] Search: 6.64 ms, dist_count=31198
[OUT] [Timing] Search: 11.15 ms, dist_count=76113
[OUT] [Timing] Search: 8.13 ms, dist_count=45313
[OUT] [Timing] Search: 10.44 ms, dist_count=72152
[OUT] [Timing] Search: 4.73 ms, dist_count=14216
[OUT] [Timing] Search: 9.09 ms, dist_count=55458
[OUT]   Processed 3000 queries
[OUT] 
[OUT] [Timing] Search: 4.56 ms, dist_count=13443
[OUT] [Timing] Search: 8.51 ms, dist_count=44574
[OUT] [Timing] Search: 11.25 ms, dist_count=74193
[OUT] [Timing] Search: 7.45 ms, dist_count=38403
[OUT] [Timing] Search: 10.06 ms, dist_count=66812
[OUT] [Timing] Search: 5.34 ms, dist_count=18813
[OUT] [Timing] Search: 6.35 ms, dist_count=28685
[OUT] [Timing] Search: 10.28 ms, dist_count=57391
[OUT] [Timing] Search: 6.99 ms, dist_count=37600
[OUT] [Timing] Search: 7.86 ms, dist_count=38088
[OUT] [Timing] Search: 10.94 ms, dist_count=75623
[OUT] [Timing] Search: 5.64 ms, dist_count=23257
[OUT] [Timing] Search: 7.00 ms, dist_count=35724
[OUT] [Timing] Search: 6.68 ms, dist_count=28775
[OUT] [Timing] Search: 10.20 ms, dist_count=65303
[OUT] [Timing] Search: 12.65 ms, dist_count=89556
[OUT] [Timing] Search: 7.08 ms, dist_count=36027
[OUT] [Timing] Search: 8.26 ms, dist_count=48137
[OUT] [Timing] Search: 8.90 ms, dist_count=52504
[OUT] [Timing] Search: 9.07 ms, dist_count=59204
[OUT] [Timing] Search: 9.76 ms, dist_count=57675
[OUT] [Timing] Search: 6.29 ms, dist_count=29786
[OUT] [Timing] Search: 6.97 ms, dist_count=37078
[OUT] [Timing] Search: 14.00 ms, dist_count=99791
[OUT] [Timing] Search: 9.58 ms, dist_count=61017
[OUT] [Timing] Search: 7.53 ms, dist_count=40024
[OUT] [Timing] Search: 7.76 ms, dist_count=44862
[OUT] [Timing] Search: 7.64 ms, dist_count=39068
[OUT] [Timing] Search: 9.61 ms, dist_count=50918
[OUT] [Timing] Search: 5.24 ms, dist_count=19181
[OUT] [Timing] Search: 7.87 ms, dist_count=43748
[OUT] [Timing] Search: 8.68 ms, dist_count=53371
[OUT] [Timing] Search: 12.65 ms, dist_count=88149
[OUT] [Timing] Search: 11.67 ms, dist_count=78262
[OUT] [Timing] Search: 5.99 ms, dist_count=21399
[OUT] [Timing] Search: 10.99 ms, dist_count=70726
[OUT] [Timing] Search: 5.19 ms, dist_count=17714
[OUT] [Timing] Search: 6.85 ms, dist_count=31657
[OUT] [Timing] Search: 12.20 ms, dist_count=87655
[OUT] [Timing] Search: 8.55 ms, dist_count=51270
[OUT] [Timing] Search: 11.97 ms, dist_count=83269
[OUT] [Timing] Search: 6.52 ms, dist_count=31591
[OUT] [Timing] Search: 7.70 ms, dist_count=41740
[OUT] [Timing] Search: 10.63 ms, dist_count=68375
[OUT] [Timing] Search: 9.34 ms, dist_count=49669
[OUT] [Timing] Search: 5.97 ms, dist_count=28944
[OUT] [Timing] Search: 9.43 ms, dist_count=52526
[OUT] [Timing] Search: 9.20 ms, dist_count=56992
[OUT] [Timing] Search: 7.28 ms, dist_count=39096
[OUT] [Timing] Search: 7.02 ms, dist_count=38184
[OUT] [Timing] Search: 11.25 ms, dist_count=81442
[OUT] [Timing] Search: 7.56 ms, dist_count=36845
[OUT] [Timing] Search: 9.35 ms, dist_count=61483
[OUT] [Timing] Search: 4.63 ms, dist_count=14275
[OUT] [Timing] Search: 7.96 ms, dist_count=42628
[OUT] [Timing] Search: 5.66 ms, dist_count=22968
[OUT] [Timing] Search: 11.70 ms, dist_count=75849
[OUT] [Timing] Search: 5.41 ms, dist_count=17933
[OUT] [Timing] Search: 10.85 ms, dist_count=71655
[OUT] [Timing] Search: 9.96 ms, dist_count=62416
[OUT] [Timing] Search: 11.32 ms, dist_count=74370
[OUT] [Timing] Search: 11.99 ms, dist_count=83741
[OUT] [Timing] Search: 4.81 ms, dist_count=15658
[OUT] [Timing] Search: 5.32 ms, dist_count=15826
[OUT] [Timing] Search: 3.76 ms, dist_count=9092
[OUT] [Timing] Search: 8.02 ms, dist_count=42509
[OUT] [Timing] Search: 4.01 ms, dist_count=11909
[OUT] [Timing] Search: 9.94 ms, dist_count=56225
[OUT] [Timing] Search: 7.07 ms, dist_count=33875
[OUT] [Timing] Search: 6.15 ms, dist_count=24049
[OUT] [Timing] Search: 7.21 ms, dist_count=37089
[OUT] [Timing] Search: 8.75 ms, dist_count=46880
[OUT] [Timing] Search: 6.51 ms, dist_count=32013
[OUT] [Timing] Search: 11.25 ms, dist_count=70265
[OUT] [Timing] Search: 12.52 ms, dist_count=85719
[OUT] [Timing] Search: 5.58 ms, dist_count=24926
[OUT] [Timing] Search: 10.84 ms, dist_count=63856
[OUT] [Timing] Search: 9.54 ms, dist_count=59847
[OUT] [Timing] Search: 9.99 ms, dist_count=61387
[OUT] [Timing] Search: 10.75 ms, dist_count=65708
[OUT] [Timing] Search: 10.80 ms, dist_count=74323
[OUT] [Timing] Search: 7.85 ms, dist_count=44601
[OUT] [Timing] Search: 11.18 ms, dist_count=77340
[OUT] [Timing] Search: 4.99 ms, dist_count=15297
[OUT] [Timing] Search: 9.76 ms, dist_count=37264
[OUT] [Timing] Search: 8.36 ms, dist_count=32374
[OUT] [Timing] Search: 5.43 ms, dist_count=12591
[OUT] [Timing] Search: 8.25 ms, dist_count=30258
[OUT] [Timing] Search: 10.14 ms, dist_count=35938
[OUT] [Timing] Search: 10.81 ms, dist_count=72773
[OUT] [Timing] Search: 6.86 ms, dist_count=33263
[OUT] [Timing] Search: 10.50 ms, dist_count=67738
[OUT] [Timing] Search: 9.70 ms, dist_count=63346
[OUT] [Timing] Search: 8.93 ms, dist_count=53923
[OUT] [Timing] Search: 6.04 ms, dist_count=27655
[OUT] [Timing] Search: 12.57 ms, dist_count=88339
[OUT] [Timing] Search: 10.72 ms, dist_count=67969
[OUT] [Timing] Search: 6.98 ms, dist_count=36491
[OUT] [Timing] Search: 10.79 ms, dist_count=69147
[OUT] [Timing] Search: 11.46 ms, dist_count=79574
[OUT] [Timing] Search: 10.15 ms, dist_count=63962
[OUT] [Timing] Search: 5.79 ms, dist_count=24070
[OUT] [Timing] Search: 8.88 ms, dist_count=55250
[OUT] [Timing] Search: 7.02 ms, dist_count=32201
[OUT] [Timing] Search: 10.18 ms, dist_count=66883
[OUT] [Timing] Search: 12.45 ms, dist_count=88589
[OUT] [Timing] Search: 7.02 ms, dist_count=32485
[OUT] [Timing] Search: 5.09 ms, dist_count=18067
[OUT] [Timing] Search: 7.92 ms, dist_count=39453
[OUT] [Timing] Search: 10.63 ms, dist_count=71213
[OUT] [Timing] Search: 6.36 ms, dist_count=28423
[OUT] [Timing] Search: 12.17 ms, dist_count=88793
[OUT] [Timing] Search: 12.17 ms, dist_count=83003
[OUT] [Timing] Search: 11.43 ms, dist_count=79871
[OUT] [Timing] Search: 10.42 ms, dist_count=69263
[OUT] [Timing] Search: 6.72 ms, dist_count=37670
[OUT] [Timing] Search: 8.55 ms, dist_count=44970
[OUT] [Timing] Search: 8.45 ms, dist_count=51416
[OUT] [Timing] Search: 6.55 ms, dist_count=25464
[OUT] [Timing] Search: 10.44 ms, dist_count=66642
[OUT] [Timing] Search: 7.10 ms, dist_count=30689
[OUT] [Timing] Search: 10.78 ms, dist_count=75347
[OUT] [Timing] Search: 8.67 ms, dist_count=52918
[OUT] [Timing] Search: 3.87 ms, dist_count=9238
[OUT] [Timing] Search: 9.19 ms, dist_count=56925
[OUT] [Timing] Search: 5.59 ms, dist_count=20618
[OUT] [Timing] Search: 8.97 ms, dist_count=55351
[OUT] [Timing] Search: 3.94 ms, dist_count=8235
[OUT] [Timing] Search: 11.37 ms, dist_count=73188
[OUT] [Timing] Search: 8.22 ms, dist_count=46361
[OUT] [Timing] Search: 8.27 ms, dist_count=49176
[OUT] [Timing] Search: 12.07 ms, dist_count=86153
[OUT] [Timing] Search: 9.16 ms, dist_count=55660
[OUT] [Timing] Search: 4.59 ms, dist_count=15067
[OUT] [Timing] Search: 11.42 ms, dist_count=79447
[OUT] [Timing] Search: 6.84 ms, dist_count=34436
[OUT] [Timing] Search: 10.26 ms, dist_count=65082
[OUT] [Timing] Search: 11.95 ms, dist_count=78244
[OUT] [Timing] Search: 8.94 ms, dist_count=54567
[OUT] [Timing] Search: 8.03 ms, dist_count=41496
[OUT] [Timing] Search: 10.43 ms, dist_count=69091
[OUT] [Timing] Search: 10.71 ms, dist_count=73426
[OUT] [Timing] Search: 11.48 ms, dist_count=79258
[OUT] [Timing] Search: 13.84 ms, dist_count=99952
[OUT] [Timing] Search: 13.41 ms, dist_count=92966
[OUT] [Timing] Search: 8.53 ms, dist_count=35178
[OUT] [Timing] Search: 10.28 ms, dist_count=45304
[OUT] [Timing] Search: 4.10 ms, dist_count=8264
[OUT] [Timing] Search: 10.06 ms, dist_count=43656
[OUT] [Timing] Search: 7.52 ms, dist_count=39089
[OUT] [Timing] Search: 9.69 ms, dist_count=61689
[OUT] [Timing] Search: 12.04 ms, dist_count=83062
[OUT] [Timing] Search: 6.69 ms, dist_count=30352
[OUT] [Timing] Search: 8.14 ms, dist_count=44768
[OUT] [Timing] Search: 6.68 ms, dist_count=34245
[OUT] [Timing] Search: 8.50 ms, dist_count=50754
[OUT] [Timing] Search: 10.19 ms, dist_count=69600
[OUT] [Timing] Search: 5.14 ms, dist_count=18471
[OUT] [Timing] Search: 10.16 ms, dist_count=63403
[OUT] [Timing] Search: 4.91 ms, dist_count=17877
[OUT] [Timing] Search: 11.67 ms, dist_count=76058
[OUT] [Timing] Search: 10.02 ms, dist_count=60396
[OUT] [Timing] Search: 9.82 ms, dist_count=59676
[OUT] [Timing] Search: 5.10 ms, dist_count=18867
[OUT] [Timing] Search: 8.35 ms, dist_count=48477
[OUT] [Timing] Search: 9.88 ms, dist_count=69198
[OUT] [Timing] Search: 11.33 ms, dist_count=80727
[OUT] [Timing] Search: 6.83 ms, dist_count=33467
[OUT] [Timing] Search: 6.65 ms, dist_count=32829
[OUT] [Timing] Search: 9.31 ms, dist_count=56284
[OUT] [Timing] Search: 7.09 ms, dist_count=33916
[OUT] [Timing] Search: 3.40 ms, dist_count=6635
[OUT] [Timing] Search: 7.45 ms, dist_count=28266
[OUT] [Timing] Search: 9.22 ms, dist_count=54389
[OUT] [Timing] Search: 5.62 ms, dist_count=17706
[OUT] [Timing] Search: 10.70 ms, dist_count=67752
[OUT] [Timing] Search: 4.96 ms, dist_count=16162
[OUT] [Timing] Search: 8.93 ms, dist_count=50273
[OUT] [Timing] Search: 8.73 ms, dist_count=50291
[OUT] [Timing] Search: 7.97 ms, dist_count=41735
[OUT] [Timing] Search: 6.50 ms, dist_count=29019
[OUT] [Timing] Search: 5.28 ms, dist_count=20730
[OUT] [Timing] Search: 6.27 ms, dist_count=24385
[OUT] [Timing] Search: 8.62 ms, dist_count=49019
[OUT] [Timing] Search: 6.69 ms, dist_count=27076
[OUT] [Timing] Search: 10.72 ms, dist_count=72680
[OUT] [Timing] Search: 7.36 ms, dist_count=35876
[OUT] [Timing] Search: 8.78 ms, dist_count=53312
[OUT] [Timing] Search: 9.58 ms, dist_count=60030
[OUT] [Timing] Search: 9.90 ms, dist_count=63174
[OUT] [Timing] Search: 6.03 ms, dist_count=21003
[OUT] [Timing] Search: 9.87 ms, dist_count=44435
[OUT] [Timing] Search: 14.37 ms, dist_count=80426
[OUT] [Timing] Search: 6.09 ms, dist_count=14801
[OUT] [Timing] Search: 10.58 ms, dist_count=49896
[OUT] [Timing] Search: 6.78 ms, dist_count=33052
[OUT] [Timing] Search: 8.37 ms, dist_count=46954
[OUT] [Timing] Search: 12.07 ms, dist_count=83744
[OUT] [Timing] Search: 11.02 ms, dist_count=73189
[OUT] [Timing] Search: 6.83 ms, dist_count=29813
[OUT] [Timing] Search: 10.91 ms, dist_count=74568
[OUT] [Timing] Search: 6.03 ms, dist_count=26133
[OUT] [Timing] Search: 9.74 ms, dist_count=61705
[OUT] [Timing] Search: 7.12 ms, dist_count=34539
[OUT] [Timing] Search: 12.19 ms, dist_count=84691
[OUT] [Timing] Search: 6.49 ms, dist_count=29194
[OUT] [Timing] Search: 7.03 ms, dist_count=33238
[OUT] [Timing] Search: 8.72 ms, dist_count=54442
[OUT] [Timing] Search: 7.92 ms, dist_count=43901
[OUT] [Timing] Search: 5.34 ms, dist_count=20905
[OUT] [Timing] Search: 9.57 ms, dist_count=55777
[OUT] [Timing] Search: 6.62 ms, dist_count=29577
[OUT] [Timing] Search: 6.18 ms, dist_count=28235
[OUT] [Timing] Search: 11.67 ms, dist_count=85375
[OUT] [Timing] Search: 4.67 ms, dist_count=13992
[OUT] [Timing] Search: 11.40 ms, dist_count=74805
[OUT] [Timing] Search: 9.34 ms, dist_count=59581
[OUT] [Timing] Search: 6.85 ms, dist_count=38609
[OUT] [Timing] Search: 11.90 ms, dist_count=82858
[OUT] [Timing] Search: 8.22 ms, dist_count=42544
[OUT] [Timing] Search: 6.71 ms, dist_count=32452
[OUT] [Timing] Search: 11.90 ms, dist_count=77853
[OUT] [Timing] Search: 9.94 ms, dist_count=64750
[OUT] [Timing] Search: 4.52 ms, dist_count=14854
[OUT] [Timing] Search: 7.49 ms, dist_count=37052
[OUT] [Timing] Search: 11.41 ms, dist_count=79651
[OUT] [Timing] Search: 11.31 ms, dist_count=73380
[OUT] [Timing] Search: 7.82 ms, dist_count=43573
[OUT] [Timing] Search: 7.70 ms, dist_count=48389
[OUT] [Timing] Search: 10.48 ms, dist_count=73379
[OUT] [Timing] Search: 5.53 ms, dist_count=25417
[OUT] [Timing] Search: 11.57 ms, dist_count=74968
[OUT] [Timing] Search: 9.46 ms, dist_count=55550
[OUT] [Timing] Search: 11.75 ms, dist_count=84659
[OUT] [Timing] Search: 5.02 ms, dist_count=16149
[OUT] [Timing] Search: 3.80 ms, dist_count=7680
[OUT] [Timing] Search: 9.07 ms, dist_count=53526
[OUT] [Timing] Search: 9.98 ms, dist_count=62236
[OUT] [Timing] Search: 6.34 ms, dist_count=32781
[OUT] [Timing] Search: 7.48 ms, dist_count=39187
[OUT] [Timing] Search: 8.83 ms, dist_count=54493
[OUT] [Timing] Search: 7.25 ms, dist_count=35613
[OUT] [Timing] Search: 11.68 ms, dist_count=80580
[OUT] [Timing] Search: 8.56 ms, dist_count=50073
[OUT] [Timing] Search: 9.45 ms, dist_count=47577
[OUT] [Timing] Search: 12.66 ms, dist_count=90808
[OUT] [Timing] Search: 7.03 ms, dist_count=34152
[OUT] [Timing] Search: 13.62 ms, dist_count=101350
[OUT] [Timing] Search: 5.46 ms, dist_count=19657
[OUT] [Timing] Search: 3.94 ms, dist_count=9718
[OUT] [Timing] Search: 4.75 ms, dist_count=15206
[OUT] [Timing] Search: 11.14 ms, dist_count=74395
[OUT] [Timing] Search: 4.44 ms, dist_count=14778
[OUT] [Timing] Search: 4.98 ms, dist_count=17076
[OUT] [Timing] Search: 8.74 ms, dist_count=50642
[OUT] [Timing] Search: 11.39 ms, dist_count=76313
[OUT] [Timing] Search: 7.34 ms, dist_count=38369
[OUT] [Timing] Search: 11.15 ms, dist_count=67816
[OUT] [Timing] Search: 8.99 ms, dist_count=49558
[OUT] [Timing] Search: 10.20 ms, dist_count=69508
[OUT] [Timing] Search: 5.90 ms, dist_count=22909
[OUT] [Timing] Search: 7.42 ms, dist_count=40574
[OUT] [Timing] Search: 8.74 ms, dist_count=51441
[OUT] [Timing] Search: 12.09 ms, dist_count=89397
[OUT] [Timing] Search: 11.34 ms, dist_count=79636
[OUT] [Timing] Search: 10.97 ms, dist_count=74504
[OUT] [Timing] Search: 5.36 ms, dist_count=25933
[OUT] [Timing] Search: 5.80 ms, dist_count=26480
[OUT] [Timing] Search: 7.70 ms, dist_count=38583
[OUT] [Timing] Search: 12.73 ms, dist_count=87581
[OUT] [Timing] Search: 8.38 ms, dist_count=49956
[OUT] [Timing] Search: 6.29 ms, dist_count=31625
[OUT] [Timing] Search: 6.13 ms, dist_count=26943
[OUT] [Timing] Search: 12.50 ms, dist_count=94242
[OUT] [Timing] Search: 12.78 ms, dist_count=95071
[OUT] [Timing] Search: 5.95 ms, dist_count=27060
[OUT] [Timing] Search: 10.47 ms, dist_count=71521
[OUT] [Timing] Search: 5.63 ms, dist_count=21788
[OUT] [Timing] Search: 13.00 ms, dist_count=95547
[OUT] [Timing] Search: 8.15 ms, dist_count=39712
[OUT] [Timing] Search: 5.15 ms, dist_count=15718
[OUT] [Timing] Search: 9.22 ms, dist_count=50328
[OUT] [Timing] Search: 12.33 ms, dist_count=88882
[OUT] [Timing] Search: 4.70 ms, dist_count=14436
[OUT] [Timing] Search: 4.70 ms, dist_count=18546
[OUT] [Timing] Search: 7.26 ms, dist_count=31732
[OUT] [Timing] Search: 8.73 ms, dist_count=52618
[OUT] [Timing] Search: 9.11 ms, dist_count=53272
[OUT] [Timing] Search: 9.41 ms, dist_count=59665
[OUT] [Timing] Search: 11.86 ms, dist_count=81926
[OUT] [Timing] Search: 5.69 ms, dist_count=17639
[OUT] [Timing] Search: 10.12 ms, dist_count=61784
[OUT] [Timing] Search: 5.71 ms, dist_count=21110
[OUT] [Timing] Search: 8.52 ms, dist_count=42890
[OUT] [Timing] Search: 7.58 ms, dist_count=38347
[OUT] [Timing] Search: 4.17 ms, dist_count=10762
[OUT] [Timing] Search: 7.91 ms, dist_count=44497
[OUT] [Timing] Search: 6.99 ms, dist_count=31409
[OUT] [Timing] Search: 10.44 ms, dist_count=66490
[OUT] [Timing] Search: 9.77 ms, dist_count=46557
[OUT] [Timing] Search: 6.78 ms, dist_count=21819
[OUT] [Timing] Search: 14.74 ms, dist_count=90310
[OUT] [Timing] Search: 5.15 ms, dist_count=22211
[OUT] [Timing] Search: 6.41 ms, dist_count=28029
[OUT] [Timing] Search: 3.70 ms, dist_count=6396
[OUT] [Timing] Search: 4.66 ms, dist_count=14959
[OUT] [Timing] Search: 6.93 ms, dist_count=33983
[OUT] [Timing] Search: 9.94 ms, dist_count=60460
[OUT] [Timing] Search: 3.34 ms, dist_count=5055
[OUT] [Timing] Search: 10.04 ms, dist_count=61681
[OUT] [Timing] Search: 12.69 ms, dist_count=86904
[OUT] [Timing] Search: 4.24 ms, dist_count=10796
[OUT] [Timing] Search: 5.47 ms, dist_count=18583
[OUT] [Timing] Search: 14.93 ms, dist_count=108936
[OUT] [Timing] Search: 7.65 ms, dist_count=39302
[OUT] [Timing] Search: 5.88 ms, dist_count=25400
[OUT] [Timing] Search: 2.86 ms, dist_count=3701
[OUT] [Timing] Search: 6.52 ms, dist_count=30852
[OUT] [Timing] Search: 8.29 ms, dist_count=47785
[OUT] [Timing] Search: 5.00 ms, dist_count=15000
[OUT] [Timing] Search: 6.40 ms, dist_count=29737
[OUT] [Timing] Search: 10.53 ms, dist_count=69565
[OUT] [Timing] Search: 8.16 ms, dist_count=42520
[OUT] [Timing] Search: 10.01 ms, dist_count=66829
[OUT] [Timing] Search: 11.31 ms, dist_count=76448
[OUT] [Timing] Search: 4.20 ms, dist_count=12536
[OUT] [Timing] Search: 10.50 ms, dist_count=57756
[OUT] [Timing] Search: 7.49 ms, dist_count=43276
[OUT] [Timing] Search: 8.03 ms, dist_count=42262
[OUT] [Timing] Search: 7.11 ms, dist_count=34943
[OUT] [Timing] Search: 5.70 ms, dist_count=22211
[OUT] [Timing] Search: 6.05 ms, dist_count=26496
[OUT] [Timing] Search: 6.87 ms, dist_count=34613
[OUT] [Timing] Search: 3.63 ms, dist_count=7682
[OUT] [Timing] Search: 6.87 ms, dist_count=35414
[OUT] [Timing] Search: 9.93 ms, dist_count=62708
[OUT] [Timing] Search: 10.86 ms, dist_count=74600
[OUT] [Timing] Search: 7.48 ms, dist_count=42801
[OUT] [Timing] Search: 11.04 ms, dist_count=66484
[OUT] [Timing] Search: 9.42 ms, dist_count=56819
[OUT] [Timing] Search: 5.74 ms, dist_count=25908
[OUT] [Timing] Search: 9.51 ms, dist_count=60809
[OUT] [Timing] Search: 7.28 ms, dist_count=39161
[OUT] [Timing] Search: 11.60 ms, dist_count=78752
[OUT] [Timing] Search: 9.63 ms, dist_count=64254
[OUT] [Timing] Search: 3.94 ms, dist_count=9932
[OUT] [Timing] Search: 13.06 ms, dist_count=92020
[OUT] [Timing] Search: 5.61 ms, dist_count=21428
[OUT] [Timing] Search: 12.55 ms, dist_count=81082
[OUT] [Timing] Search: 8.11 ms, dist_count=44585
[OUT] [Timing] Search: 12.26 ms, dist_count=89198
[OUT] [Timing] Search: 7.57 ms, dist_count=39534
[OUT] [Timing] Search: 9.16 ms, dist_count=58738
[OUT] [Timing] Search: 6.98 ms, dist_count=37996
[OUT] [Timing] Search: 10.82 ms, dist_count=71995
[OUT] [Timing] Search: 7.39 ms, dist_count=36462
[OUT] [Timing] Search: 8.42 ms, dist_count=51975
[OUT] [Timing] Search: 6.69 ms, dist_count=28419
[OUT] [Timing] Search: 9.40 ms, dist_count=57397
[OUT] [Timing] Search: 5.86 ms, dist_count=18709
[OUT] [Timing] Search: 8.31 ms, dist_count=48053
[OUT] [Timing] Search: 9.22 ms, dist_count=49250
[OUT] [Timing] Search: 11.64 ms, dist_count=82072
[OUT] [Timing] Search: 10.80 ms, dist_count=76465
[OUT] [Timing] Search: 8.37 ms, dist_count=49446
[OUT] [Timing] Search: 10.01 ms, dist_count=60622
[OUT] [Timing] Search: 7.67 ms, dist_count=44973
[OUT] [Timing] Search: 13.22 ms, dist_count=98478
[OUT] [Timing] Search: 10.07 ms, dist_count=59549
[OUT] [Timing] Search: 7.41 ms, dist_count=41492
[OUT] [Timing] Search: 7.04 ms, dist_count=36024
[OUT] [Timing] Search: 7.18 ms, dist_count=37057
[OUT] [Timing] Search: 7.49 ms, dist_count=39928
[OUT] [Timing] Search: 6.20 ms, dist_count=27440
[OUT] [Timing] Search: 10.06 ms, dist_count=60194
[OUT] [Timing] Search: 4.70 ms, dist_count=17518
[OUT] [Timing] Search: 7.18 ms, dist_count=37764
[OUT] [Timing] Search: 9.36 ms, dist_count=57428
[OUT] [Timing] Search: 10.43 ms, dist_count=66742
[OUT] [Timing] Search: 10.83 ms, dist_count=75386
[OUT] [Timing] Search: 9.76 ms, dist_count=58672
[OUT] [Timing] Search: 5.51 ms, dist_count=20325
[OUT] [Timing] Search: 9.90 ms, dist_count=62981
[OUT] [Timing] Search: 6.55 ms, dist_count=29764
[OUT] [Timing] Search: 6.63 ms, dist_count=31411
[OUT] [Timing] Search: 7.16 ms, dist_count=38371
[OUT] [Timing] Search: 8.63 ms, dist_count=46043
[OUT] [Timing] Search: 7.04 ms, dist_count=35877
[OUT] [Timing] Search: 6.67 ms, dist_count=29640
[OUT] [Timing] Search: 4.07 ms, dist_count=15873
[OUT] [Timing] Search: 8.20 ms, dist_count=44120
[OUT] [Timing] Search: 8.21 ms, dist_count=48444
[OUT] [Timing] Search: 8.39 ms, dist_count=42417
[OUT] [Timing] Search: 7.75 ms, dist_count=45092
[OUT] [Timing] Search: 12.16 ms, dist_count=91243
[OUT] [Timing] Search: 8.63 ms, dist_count=44214
[OUT] [Timing] Search: 4.14 ms, dist_count=8187
[OUT] [Timing] Search: 12.67 ms, dist_count=84297
[OUT] [Timing] Search: 12.77 ms, dist_count=85084
[OUT] [Timing] Search: 8.02 ms, dist_count=42190
[OUT] [Timing] Search: 7.15 ms, dist_count=29890
[OUT] [Timing] Search: 9.04 ms, dist_count=56140
[OUT] [Timing] Search: 10.47 ms, dist_count=61635
[OUT] [Timing] Search: 11.20 ms, dist_count=79507
[OUT] [Timing] Search: 7.58 ms, dist_count=43670
[OUT] [Timing] Search: 11.93 ms, dist_count=85468
[OUT] [Timing] Search: 5.83 ms, dist_count=26422
[OUT] [Timing] Search: 11.39 ms, dist_count=83793
[OUT] [Timing] Search: 9.76 ms, dist_count=61483
[OUT] [Timing] Search: 6.96 ms, dist_count=35363
[OUT] [Timing] Search: 9.12 ms, dist_count=45018
[OUT] [Timing] Search: 15.30 ms, dist_count=75905
[OUT] [Timing] Search: 3.20 ms, dist_count=4771
[OUT] [Timing] Search: 11.86 ms, dist_count=46639
[OUT] [Timing] Search: 10.10 ms, dist_count=36772
[OUT] [Timing] Search: 4.83 ms, dist_count=8927
[OUT] [Timing] Search: 14.97 ms, dist_count=83480
[OUT] [Timing] Search: 10.72 ms, dist_count=72355
[OUT] [Timing] Search: 8.62 ms, dist_count=50196
[OUT] [Timing] Search: 9.47 ms, dist_count=55784
[OUT] [Timing] Search: 8.12 ms, dist_count=46645
[OUT] [Timing] Search: 6.03 ms, dist_count=22919
[OUT] [Timing] Search: 8.66 ms, dist_count=47303
[OUT] [Timing] Search: 6.74 ms, dist_count=29250
[OUT] [Timing] Search: 8.54 ms, dist_count=50278
[OUT] [Timing] Search: 5.17 ms, dist_count=20579
[OUT] [Timing] Search: 5.62 ms, dist_count=22529
[OUT] [Timing] Search: 12.51 ms, dist_count=93122
[OUT] [Timing] Search: 6.33 ms, dist_count=31790
[OUT] [Timing] Search: 4.86 ms, dist_count=17101
[OUT] [Timing] Search: 6.38 ms, dist_count=24600
[OUT] [Timing] Search: 8.96 ms, dist_count=54416
[OUT] [Timing] Search: 11.39 ms, dist_count=78189
[OUT] [Timing] Search: 12.15 ms, dist_count=82114
[OUT] [Timing] Search: 4.12 ms, dist_count=10337
[OUT] [Timing] Search: 13.77 ms, dist_count=88977
[OUT] [Timing] Search: 11.76 ms, dist_count=75392
[OUT] [Timing] Search: 9.08 ms, dist_count=49502
[OUT] [Timing] Search: 5.25 ms, dist_count=20103
[OUT] [Timing] Search: 7.00 ms, dist_count=34405
[OUT] [Timing] Search: 5.73 ms, dist_count=25815
[OUT] [Timing] Search: 6.79 ms, dist_count=31823
[OUT] [Timing] Search: 4.78 ms, dist_count=17077
[OUT] [Timing] Search: 8.19 ms, dist_count=47017
[OUT] [Timing] Search: 14.30 ms, dist_count=101074
[OUT] [Timing] Search: 9.15 ms, dist_count=56046
[OUT] [Timing] Search: 3.84 ms, dist_count=8844
[OUT] [Timing] Search: 12.13 ms, dist_count=86148
[OUT] [Timing] Search: 7.37 ms, dist_count=42551
[OUT] [Timing] Search: 12.57 ms, dist_count=78501
[OUT] [Timing] Search: 8.44 ms, dist_count=48811
[OUT] [Timing] Search: 9.46 ms, dist_count=58295
[OUT] [Timing] Search: 6.01 ms, dist_count=28217
[OUT] [Timing] Search: 11.51 ms, dist_count=79432
[OUT] [Timing] Search: 10.45 ms, dist_count=62367
[OUT] [Timing] Search: 10.13 ms, dist_count=66603
[OUT] [Timing] Search: 8.32 ms, dist_count=49236
[OUT] [Timing] Search: 6.26 ms, dist_count=27004
[OUT] [Timing] Search: 8.01 ms, dist_count=45323
[OUT] [Timing] Search: 6.97 ms, dist_count=29034
[OUT] [Timing] Search: 14.30 ms, dist_count=80676
[OUT] [Timing] Search: 5.93 ms, dist_count=14678
[OUT] [Timing] Search: 13.34 ms, dist_count=60130
[OUT] [Timing] Search: 7.78 ms, dist_count=43693
[OUT] [Timing] Search: 10.92 ms, dist_count=67385
[OUT] [Timing] Search: 9.10 ms, dist_count=51111
[OUT] [Timing] Search: 8.79 ms, dist_count=54073
[OUT] [Timing] Search: 5.01 ms, dist_count=19811
[OUT] [Timing] Search: 8.09 ms, dist_count=45282
[OUT] [Timing] Search: 10.67 ms, dist_count=72435
[OUT] [Timing] Search: 6.27 ms, dist_count=29122
[OUT] [Timing] Search: 8.34 ms, dist_count=47106
[OUT] [Timing] Search: 7.73 ms, dist_count=43293
[OUT] [Timing] Search: 11.24 ms, dist_count=75537
[OUT] [Timing] Search: 5.57 ms, dist_count=20429
[OUT] [Timing] Search: 10.00 ms, dist_count=59802
[OUT] [Timing] Search: 7.41 ms, dist_count=39238
[OUT] [Timing] Search: 9.43 ms, dist_count=60376
[OUT] [Timing] Search: 9.60 ms, dist_count=62254
[OUT] [Timing] Search: 12.07 ms, dist_count=90921
[OUT] [Timing] Search: 9.21 ms, dist_count=56984
[OUT] [Timing] Search: 11.92 ms, dist_count=84443
[OUT] [Timing] Search: 10.84 ms, dist_count=74852
[OUT] [Timing] Search: 12.72 ms, dist_count=98542
[OUT] [Timing] Search: 6.37 ms, dist_count=26648
[OUT] [Timing] Search: 11.95 ms, dist_count=75777
[OUT] [Timing] Search: 12.35 ms, dist_count=88964
[OUT] [Timing] Search: 8.23 ms, dist_count=42875
[OUT] [Timing] Search: 4.37 ms, dist_count=14958
[OUT] [Timing] Search: 12.07 ms, dist_count=86025
[OUT] [Timing] Search: 10.97 ms, dist_count=72540
[OUT] [Timing] Search: 11.34 ms, dist_count=77825
[OUT] [Timing] Search: 7.94 ms, dist_count=43826
[OUT] [Timing] Search: 10.52 ms, dist_count=68101
[OUT] [Timing] Search: 7.51 ms, dist_count=40249
[OUT] [Timing] Search: 10.62 ms, dist_count=66000
[OUT] [Timing] Search: 11.91 ms, dist_count=85273
[OUT] [Timing] Search: 8.37 ms, dist_count=46094
[OUT] [Timing] Search: 10.55 ms, dist_count=65458
[OUT] [Timing] Search: 12.00 ms, dist_count=81397
[OUT] [Timing] Search: 11.22 ms, dist_count=78414
[OUT] [Timing] Search: 7.71 ms, dist_count=40483
[OUT] [Timing] Search: 8.51 ms, dist_count=47931
[OUT] [Timing] Search: 4.65 ms, dist_count=15278
[OUT] [Timing] Search: 5.37 ms, dist_count=16064
[OUT] [Timing] Search: 8.04 ms, dist_count=42015
[OUT] [Timing] Search: 12.34 ms, dist_count=84971
[OUT] [Timing] Search: 8.75 ms, dist_count=52296
[OUT] [Timing] Search: 6.09 ms, dist_count=27762
[OUT] [Timing] Search: 11.42 ms, dist_count=81255
[OUT] [Timing] Search: 10.54 ms, dist_count=65084
[OUT] [Timing] Search: 7.43 ms, dist_count=35330
[OUT] [Timing] Search: 8.00 ms, dist_count=44280
[OUT] [Timing] Search: 6.35 ms, dist_count=27526
[OUT] [Timing] Search: 10.47 ms, dist_count=42559
[OUT] [Timing] Search: 4.61 ms, dist_count=7321
[OUT] [Timing] Search: 14.77 ms, dist_count=77231
[OUT] [Timing] Search: 10.89 ms, dist_count=52715
[OUT] [Timing] Search: 12.67 ms, dist_count=81994
[OUT] [Timing] Search: 6.46 ms, dist_count=29590
[OUT] [Timing] Search: 11.54 ms, dist_count=80743
[OUT] [Timing] Search: 8.43 ms, dist_count=47921
[OUT] [Timing] Search: 4.74 ms, dist_count=15438
[OUT] [Timing] Search: 12.07 ms, dist_count=87359
[OUT] [Timing] Search: 9.01 ms, dist_count=48792
[OUT] [Timing] Search: 9.62 ms, dist_count=59086
[OUT] [Timing] Search: 7.21 ms, dist_count=41297
[OUT] [Timing] Search: 5.15 ms, dist_count=18954
[OUT] [Timing] Search: 9.61 ms, dist_count=58768
[OUT] [Timing] Search: 5.18 ms, dist_count=19528
[OUT] [Timing] Search: 5.18 ms, dist_count=18552
[OUT] [Timing] Search: 8.90 ms, dist_count=55806
[OUT] [Timing] Search: 7.54 ms, dist_count=42834
[OUT] [Timing] Search: 9.27 ms, dist_count=55971
[OUT] [Timing] Search: 7.66 ms, dist_count=45343
[OUT] [Timing] Search: 3.60 ms, dist_count=6592
[OUT] [Timing] Search: 12.30 ms, dist_count=82715
[OUT] [Timing] Search: 10.20 ms, dist_count=64495
[OUT] [Timing] Search: 8.76 ms, dist_count=51621
[OUT] [Timing] Search: 12.21 ms, dist_count=91309
[OUT] [Timing] Search: 9.27 ms, dist_count=49902
[OUT] [Timing] Search: 10.88 ms, dist_count=75082
[OUT] [Timing] Search: 11.73 ms, dist_count=85282
[OUT] [Timing] Search: 4.93 ms, dist_count=15958
[OUT] [Timing] Search: 8.87 ms, dist_count=54623
[OUT] [Timing] Search: 10.24 ms, dist_count=65148
[OUT] [Timing] Search: 11.86 ms, dist_count=82967
[OUT] [Timing] Search: 5.51 ms, dist_count=24624
[OUT] [Timing] Search: 10.92 ms, dist_count=74500
[OUT] [Timing] Search: 10.18 ms, dist_count=68952
[OUT] [Timing] Search: 13.04 ms, dist_count=92565
[OUT] [Timing] Search: 9.00 ms, dist_count=52990
[OUT] [Timing] Search: 6.74 ms, dist_count=33702
[OUT] [Timing] Search: 10.77 ms, dist_count=65567
[OUT] [Timing] Search: 3.71 ms, dist_count=7227
[OUT] [Timing] Search: 8.65 ms, dist_count=44903
[OUT] [Timing] Search: 9.29 ms, dist_count=53282
[OUT] [Timing] Search: 10.98 ms, dist_count=77552
[OUT] [Timing] Search: 7.31 ms, dist_count=35347
[OUT] [Timing] Search: 10.91 ms, dist_count=76814
[OUT] [Timing] Search: 11.38 ms, dist_count=85055
[OUT] [Timing] Search: 5.30 ms, dist_count=18810
[OUT] [Timing] Search: 7.82 ms, dist_count=43648
[OUT] [Timing] Search: 8.12 ms, dist_count=44219
[OUT] [Timing] Search: 10.72 ms, dist_count=72492
[OUT] [Timing] Search: 6.22 ms, dist_count=26931
[OUT] [Timing] Search: 11.40 ms, dist_count=72693
[OUT] [Timing] Search: 13.21 ms, dist_count=94535
[OUT] [Timing] Search: 9.28 ms, dist_count=55473
[OUT] [Timing] Search: 8.13 ms, dist_count=45018
[OUT] [Timing] Search: 8.63 ms, dist_count=53645
[OUT] [Timing] Search: 9.98 ms, dist_count=65563
[OUT] [Timing] Search: 6.65 ms, dist_count=30955
[OUT] [Timing] Search: 9.50 ms, dist_count=52182
[OUT] [Timing] Search: 4.24 ms, dist_count=11533
[OUT] [Timing] Search: 7.30 ms, dist_count=35227
[OUT] [Timing] Search: 7.64 ms, dist_count=37662
[OUT] [Timing] Search: 8.97 ms, dist_count=52970
[OUT] [Timing] Search: 5.34 ms, dist_count=23465
[OUT] [Timing] Search: 5.70 ms, dist_count=23973
[OUT] [Timing] Search: 12.66 ms, dist_count=91561
[OUT] [Timing] Search: 10.59 ms, dist_count=70066
[OUT] [Timing] Search: 7.44 ms, dist_count=42444
[OUT] [Timing] Search: 9.08 ms, dist_count=58068
[OUT] [Timing] Search: 11.60 ms, dist_count=81424
[OUT] [Timing] Search: 7.32 ms, dist_count=40690
[OUT] [Timing] Search: 7.53 ms, dist_count=35783
[OUT] [Timing] Search: 8.59 ms, dist_count=46978
[OUT] [Timing] Search: 9.68 ms, dist_count=58795
[OUT] [Timing] Search: 8.16 ms, dist_count=45744
[OUT] [Timing] Search: 10.71 ms, dist_count=74964
[OUT] [Timing] Search: 8.50 ms, dist_count=44569
[OUT] [Timing] Search: 6.41 ms, dist_count=29303
[OUT] [Timing] Search: 4.83 ms, dist_count=17215
[OUT] [Timing] Search: 4.68 ms, dist_count=15982
[OUT] [Timing] Search: 12.63 ms, dist_count=92706
[OUT] [Timing] Search: 13.45 ms, dist_count=97867
[OUT] [Timing] Search: 8.80 ms, dist_count=49299
[OUT] [Timing] Search: 10.03 ms, dist_count=55828
[OUT] [Timing] Search: 5.63 ms, dist_count=18944
[OUT] [Timing] Search: 10.07 ms, dist_count=64558
[OUT] [Timing] Search: 6.13 ms, dist_count=24096
[OUT] [Timing] Search: 11.42 ms, dist_count=71637
[OUT] [Timing] Search: 7.61 ms, dist_count=40567
[OUT] [Timing] Search: 3.78 ms, dist_count=10081
[OUT] [Timing] Search: 9.57 ms, dist_count=59655
[OUT] [Timing] Search: 9.71 ms, dist_count=62441
[OUT] [Timing] Search: 10.73 ms, dist_count=72499
[OUT] [Timing] Search: 9.20 ms, dist_count=54369
[OUT] [Timing] Search: 4.43 ms, dist_count=11681
[OUT] [Timing] Search: 8.79 ms, dist_count=50325
[OUT] [Timing] Search: 9.29 ms, dist_count=54753
[OUT] [Timing] Search: 7.14 ms, dist_count=40276
[OUT] [Timing] Search: 7.75 ms, dist_count=41691
[OUT] [Timing] Search: 9.35 ms, dist_count=62402
[OUT] [Timing] Search: 10.00 ms, dist_count=62982
[OUT] [Timing] Search: 3.17 ms, dist_count=6554
[OUT] [Timing] Search: 11.67 ms, dist_count=78515
[OUT] [Timing] Search: 8.59 ms, dist_count=51668
[OUT] [Timing] Search: 13.85 ms, dist_count=92345
[OUT] [Timing] Search: 15.70 ms, dist_count=80223
[OUT] [Timing] Search: 11.19 ms, dist_count=55161
[OUT] [Timing] Search: 15.59 ms, dist_count=98067
[OUT] [Timing] Search: 5.72 ms, dist_count=22482
[OUT] [Timing] Search: 6.99 ms, dist_count=34593
[OUT] [Timing] Search: 6.37 ms, dist_count=28267
[OUT] [Timing] Search: 8.96 ms, dist_count=53718
[OUT] [Timing] Search: 10.04 ms, dist_count=63373
[OUT] [Timing] Search: 8.59 ms, dist_count=46708
[OUT] [Timing] Search: 12.77 ms, dist_count=94732
[OUT] [Timing] Search: 7.61 ms, dist_count=39767
[OUT] [Timing] Search: 7.44 ms, dist_count=39491
[OUT] [Timing] Search: 5.15 ms, dist_count=16930
[OUT] [Timing] Search: 9.31 ms, dist_count=54033
[OUT] [Timing] Search: 12.25 ms, dist_count=87609
[OUT] [Timing] Search: 9.05 ms, dist_count=53529
[OUT] [Timing] Search: 6.12 ms, dist_count=26267
[OUT] [Timing] Search: 10.71 ms, dist_count=72761
[OUT] [Timing] Search: 4.15 ms, dist_count=10560
[OUT] [Timing] Search: 6.75 ms, dist_count=29031
[OUT] [Timing] Search: 11.11 ms, dist_count=74975
[OUT] [Timing] Search: 8.86 ms, dist_count=52271
[OUT] [Timing] Search: 6.14 ms, dist_count=29754
[OUT] [Timing] Search: 6.35 ms, dist_count=27514
[OUT] [Timing] Search: 9.75 ms, dist_count=62141
[OUT] [Timing] Search: 7.52 ms, dist_count=36771
[OUT] [Timing] Search: 11.72 ms, dist_count=85654
[OUT] [Timing] Search: 8.79 ms, dist_count=57588
[OUT] [Timing] Search: 8.48 ms, dist_count=48088
[OUT] [Timing] Search: 6.79 ms, dist_count=29162
[OUT] [Timing] Search: 6.70 ms, dist_count=30129
[OUT] [Timing] Search: 6.99 ms, dist_count=32823
[OUT] [Timing] Search: 4.62 ms, dist_count=16192
[OUT] [Timing] Search: 3.88 ms, dist_count=9434
[OUT] [Timing] Search: 10.73 ms, dist_count=72420
[OUT] [Timing] Search: 3.28 ms, dist_count=7703
[OUT] [Timing] Search: 8.90 ms, dist_count=53966
[OUT] [Timing] Search: 10.20 ms, dist_count=67459
[OUT] [Timing] Search: 11.44 ms, dist_count=84370
[OUT] [Timing] Search: 6.06 ms, dist_count=22370
[OUT] [Timing] Search: 12.32 ms, dist_count=87028
[OUT] [Timing] Search: 7.26 ms, dist_count=39170
[OUT] [Timing] Search: 5.82 ms, dist_count=18842
[OUT] [Timing] Search: 7.38 ms, dist_count=38166
[OUT] [Timing] Search: 6.32 ms, dist_count=29041
[OUT] [Timing] Search: 12.00 ms, dist_count=86877
[OUT] [Timing] Search: 10.27 ms, dist_count=68490
[OUT] [Timing] Search: 10.61 ms, dist_count=73890
[OUT] [Timing] Search: 6.02 ms, dist_count=29723
[OUT] [Timing] Search: 11.99 ms, dist_count=86502
[OUT] [Timing] Search: 5.87 ms, dist_count=24135
[OUT] [Timing] Search: 9.07 ms, dist_count=50324
[OUT] [Timing] Search: 11.70 ms, dist_count=77588
[OUT] [Timing] Search: 8.79 ms, dist_count=45003
[OUT] [Timing] Search: 8.25 ms, dist_count=42327
[OUT] [Timing] Search: 7.24 ms, dist_count=36649
[OUT] [Timing] Search: 7.30 ms, dist_count=31892
[OUT] [Timing] Search: 6.49 ms, dist_count=30545
[OUT] [Timing] Search: 13.00 ms, dist_count=97026
[OUT] [Timing] Search: 9.71 ms, dist_count=62332
[OUT] [Timing] Search: 9.53 ms, dist_count=56932
[OUT] [Timing] Search: 3.96 ms, dist_count=9973
[OUT] [Timing] Search: 7.71 ms, dist_count=39823
[OUT] [Timing] Search: 10.20 ms, dist_count=65382
[OUT] [Timing] Search: 9.28 ms, dist_count=48760
[OUT] [Timing] Search: 5.76 ms, dist_count=26550
[OUT] [Timing] Search: 7.84 ms, dist_count=43376
[OUT] [Timing] Search: 4.93 ms, dist_count=16888
[OUT] [Timing] Search: 4.75 ms, dist_count=15328
[OUT] [Timing] Search: 4.29 ms, dist_count=12985
[OUT] [Timing] Search: 12.11 ms, dist_count=87617
[OUT] [Timing] Search: 10.12 ms, dist_count=67878
[OUT] [Timing] Search: 10.24 ms, dist_count=66903
[OUT] [Timing] Search: 7.46 ms, dist_count=39414
[OUT] [Timing] Search: 11.55 ms, dist_count=84896
[OUT] [Timing] Search: 11.46 ms, dist_count=73531
[OUT] [Timing] Search: 9.08 ms, dist_count=48080
[OUT] [Timing] Search: 12.18 ms, dist_count=87736
[OUT] [Timing] Search: 11.03 ms, dist_count=77051
[OUT] [Timing] Search: 8.47 ms, dist_count=50343
[OUT] [Timing] Search: 10.22 ms, dist_count=69314
[OUT] [Timing] Search: 11.32 ms, dist_count=80540
[OUT] [Timing] Search: 7.77 ms, dist_count=41578
[OUT] [Timing] Search: 4.00 ms, dist_count=10762
[OUT] [Timing] Search: 8.30 ms, dist_count=46699
[OUT] [Timing] Search: 4.67 ms, dist_count=10477
[OUT] [Timing] Search: 11.62 ms, dist_count=69375
[OUT] [Timing] Search: 15.63 ms, dist_count=102686
[OUT] [Timing] Search: 7.74 ms, dist_count=37622
[OUT] [Timing] Search: 7.90 ms, dist_count=38526
[OUT] [Timing] Search: 6.56 ms, dist_count=31564
[OUT] [Timing] Search: 7.79 ms, dist_count=42258
[OUT] [Timing] Search: 8.81 ms, dist_count=54426
[OUT] [Timing] Search: 12.03 ms, dist_count=85913
[OUT] [Timing] Search: 9.06 ms, dist_count=53278
[OUT] [Timing] Search: 8.82 ms, dist_count=52127
[OUT] [Timing] Search: 4.89 ms, dist_count=18413
[OUT] [Timing] Search: 10.20 ms, dist_count=66545
[OUT] [Timing] Search: 7.71 ms, dist_count=37937
[OUT] [Timing] Search: 5.29 ms, dist_count=22037
[OUT] [Timing] Search: 13.24 ms, dist_count=87491
[OUT] [Timing] Search: 10.43 ms, dist_count=69207
[OUT] [Timing] Search: 13.47 ms, dist_count=100919
[OUT] [Timing] Search: 8.81 ms, dist_count=52023
[OUT] [Timing] Search: 6.86 ms, dist_count=35867
[OUT] [Timing] Search: 6.47 ms, dist_count=20751
[OUT] [Timing] Search: 10.63 ms, dist_count=51974
[OUT] [Timing] Search: 13.54 ms, dist_count=80760
[OUT] [Timing] Search: 9.47 ms, dist_count=46381
[OUT] [Timing] Search: 10.47 ms, dist_count=54825
[OUT] [Timing] Search: 8.06 ms, dist_count=44557
[OUT] [Timing] Search: 13.10 ms, dist_count=86188
[OUT] [Timing] Search: 10.06 ms, dist_count=62419
[OUT] [Timing] Search: 10.06 ms, dist_count=65818
[OUT] [Timing] Search: 12.27 ms, dist_count=84656
[OUT] [Timing] Search: 7.36 ms, dist_count=34087
[OUT] [Timing] Search: 10.12 ms, dist_count=71189
[OUT] [Timing] Search: 10.92 ms, dist_count=76764
[OUT] [Timing] Search: 8.07 ms, dist_count=47633
[OUT] [Timing] Search: 6.98 ms, dist_count=36863
[OUT] [Timing] Search: 9.18 ms, dist_count=55256
[OUT] [Timing] Search: 10.25 ms, dist_count=62342
[OUT] [Timing] Search: 5.82 ms, dist_count=21716
[OUT] [Timing] Search: 9.63 ms, dist_count=59962
[OUT] [Timing] Search: 10.30 ms, dist_count=45003
[OUT] [Timing] Search: 12.49 ms, dist_count=68153
[OUT] [Timing] Search: 5.58 ms, dist_count=8166
[OUT] [Timing] Search: 10.59 ms, dist_count=64707
[OUT] [Timing] Search: 12.38 ms, dist_count=90539
[OUT] [Timing] Search: 10.38 ms, dist_count=73014
[OUT] [Timing] Search: 10.30 ms, dist_count=69761
[OUT] [Timing] Search: 14.23 ms, dist_count=98299
[OUT] [Timing] Search: 8.78 ms, dist_count=50318
[OUT] [Timing] Search: 7.28 ms, dist_count=41793
[OUT] [Timing] Search: 6.21 ms, dist_count=20526
[OUT] [Timing] Search: 3.91 ms, dist_count=8729
[OUT] [Timing] Search: 11.12 ms, dist_count=76929
[OUT] [Timing] Search: 3.30 ms, dist_count=5199
[OUT] [Timing] Search: 7.70 ms, dist_count=45953
[OUT] [Timing] Search: 8.78 ms, dist_count=51770
[OUT] [Timing] Search: 7.98 ms, dist_count=44124
[OUT] [Timing] Search: 4.69 ms, dist_count=13536
[OUT] [Timing] Search: 7.56 ms, dist_count=40716
[OUT] [Timing] Search: 9.91 ms, dist_count=60715
[OUT] [Timing] Search: 5.87 ms, dist_count=26257
[OUT] [Timing] Search: 11.47 ms, dist_count=80523
[OUT] [Timing] Search: 9.95 ms, dist_count=52903
[OUT] [Timing] Search: 11.55 ms, dist_count=81807
[OUT] [Timing] Search: 8.12 ms, dist_count=44060
[OUT] [Timing] Search: 3.74 ms, dist_count=8933
[OUT] [Timing] Search: 11.16 ms, dist_count=78061
[OUT] [Timing] Search: 11.12 ms, dist_count=79737
[OUT] [Timing] Search: 12.90 ms, dist_count=99261
[OUT] [Timing] Search: 9.24 ms, dist_count=53957
[OUT] [Timing] Search: 11.44 ms, dist_count=78882
[OUT] [Timing] Search: 11.27 ms, dist_count=75429
[OUT] [Timing] Search: 7.28 ms, dist_count=29128
[OUT] [Timing] Search: 11.88 ms, dist_count=82708
[OUT] [Timing] Search: 5.96 ms, dist_count=25442
[OUT] [Timing] Search: 8.03 ms, dist_count=45057
[OUT] [Timing] Search: 6.49 ms, dist_count=33078
[OUT] [Timing] Search: 3.99 ms, dist_count=11235
[OUT] [Timing] Search: 10.80 ms, dist_count=75778
[OUT] [Timing] Search: 11.56 ms, dist_count=76692
[OUT] [Timing] Search: 6.33 ms, dist_count=30467
[OUT] [Timing] Search: 5.87 ms, dist_count=24566
[OUT] [Timing] Search: 6.10 ms, dist_count=28357
[OUT] [Timing] Search: 6.89 ms, dist_count=29154
[OUT] [Timing] Search: 11.21 ms, dist_count=73546
[OUT] [Timing] Search: 8.52 ms, dist_count=44063
[OUT] [Timing] Search: 6.05 ms, dist_count=29273
[OUT] [Timing] Search: 10.70 ms, dist_count=70387
[OUT] [Timing] Search: 8.80 ms, dist_count=50611
[OUT] [Timing] Search: 9.23 ms, dist_count=58998
[OUT] [Timing] Search: 5.52 ms, dist_count=22409
[OUT] [Timing] Search: 7.26 ms, dist_count=40058
[OUT] [Timing] Search: 8.79 ms, dist_count=47573
[OUT] [Timing] Search: 11.27 ms, dist_count=72357
[OUT] [Timing] Search: 8.96 ms, dist_count=46092
[OUT] [Timing] Search: 8.57 ms, dist_count=53626
[OUT] [Timing] Search: 4.49 ms, dist_count=12455
[OUT] [Timing] Search: 10.42 ms, dist_count=70935
[OUT] [Timing] Search: 7.04 ms, dist_count=30571
[OUT] [Timing] Search: 4.44 ms, dist_count=14479
[OUT] [Timing] Search: 11.12 ms, dist_count=76290
[OUT] [Timing] Search: 11.68 ms, dist_count=79913
[OUT] [Timing] Search: 4.70 ms, dist_count=18618
[OUT] [Timing] Search: 4.93 ms, dist_count=15942
[OUT] [Timing] Search: 5.25 ms, dist_count=18150
[OUT] [Timing] Search: 8.18 ms, dist_count=49373
[OUT] [Timing] Search: 13.41 ms, dist_count=84534
[OUT] [Timing] Search: 11.17 ms, dist_count=65867
[OUT] [Timing] Search: 11.69 ms, dist_count=80911
[OUT] [Timing] Search: 8.46 ms, dist_count=45944
[OUT] [Timing] Search: 7.69 ms, dist_count=36301
[OUT] [Timing] Search: 11.11 ms, dist_count=77886
[OUT] [Timing] Search: 8.70 ms, dist_count=51002
[OUT] [Timing] Search: 5.41 ms, dist_count=22328
[OUT] [Timing] Search: 12.44 ms, dist_count=91673
[OUT] [Timing] Search: 9.28 ms, dist_count=49171
[OUT] [Timing] Search: 7.41 ms, dist_count=43206
[OUT] [Timing] Search: 8.96 ms, dist_count=54430
[OUT] [Timing] Search: 4.59 ms, dist_count=16658
[OUT] [Timing] Search: 7.78 ms, dist_count=42108
[OUT] [Timing] Search: 10.01 ms, dist_count=68469
[OUT] [Timing] Search: 8.52 ms, dist_count=45164
[OUT] [Timing] Search: 9.70 ms, dist_count=61584
[OUT] [Timing] Search: 5.32 ms, dist_count=18236
[OUT] [Timing] Search: 4.04 ms, dist_count=12817
[OUT] [Timing] Search: 12.99 ms, dist_count=91746
[OUT] [Timing] Search: 8.41 ms, dist_count=42074
[OUT] [Timing] Search: 10.21 ms, dist_count=44500
[OUT] [Timing] Search: 14.81 ms, dist_count=80004
[OUT] [Timing] Search: 11.30 ms, dist_count=53874
[OUT] [Timing] Search: 9.74 ms, dist_count=49212
[OUT] [Timing] Search: 10.06 ms, dist_count=64943
[OUT] [Timing] Search: 12.46 ms, dist_count=80100
[OUT] [Timing] Search: 5.68 ms, dist_count=25590
[OUT] [Timing] Search: 10.56 ms, dist_count=72016
[OUT] [Timing] Search: 8.36 ms, dist_count=44829
[OUT] [Timing] Search: 8.14 ms, dist_count=44680
[OUT] [Timing] Search: 12.30 ms, dist_count=84838
[OUT] [Timing] Search: 5.66 ms, dist_count=21686
[OUT] [Timing] Search: 9.18 ms, dist_count=56039
[OUT] [Timing] Search: 12.71 ms, dist_count=93705
[OUT] [Timing] Search: 7.69 ms, dist_count=43669
[OUT] [Timing] Search: 10.22 ms, dist_count=62589
[OUT] [Timing] Search: 7.82 ms, dist_count=39513
[OUT] [Timing] Search: 8.73 ms, dist_count=49179
[OUT] [Timing] Search: 5.39 ms, dist_count=21838
[OUT] [Timing] Search: 12.12 ms, dist_count=78316
[OUT] [Timing] Search: 7.67 ms, dist_count=36851
[OUT] [Timing] Search: 4.80 ms, dist_count=16286
[OUT] [Timing] Search: 9.46 ms, dist_count=56004
[OUT] [Timing] Search: 9.73 ms, dist_count=63140
[OUT] [Timing] Search: 7.28 ms, dist_count=37856
[OUT] [Timing] Search: 10.29 ms, dist_count=70605
[OUT] [Timing] Search: 5.33 ms, dist_count=16507
[OUT] [Timing] Search: 6.46 ms, dist_count=30132
[OUT] [Timing] Search: 6.23 ms, dist_count=24226
[OUT] [Timing] Search: 11.27 ms, dist_count=78574
[OUT] [Timing] Search: 11.56 ms, dist_count=74455
[OUT] [Timing] Search: 6.21 ms, dist_count=27562
[OUT] [Timing] Search: 5.45 ms, dist_count=20391
[OUT] [Timing] Search: 11.39 ms, dist_count=78147
[OUT] [Timing] Search: 6.76 ms, dist_count=33763
[OUT] [Timing] Search: 10.24 ms, dist_count=66603
[OUT] [Timing] Search: 8.83 ms, dist_count=57634
[OUT] [Timing] Search: 11.72 ms, dist_count=83401
[OUT] [Timing] Search: 11.59 ms, dist_count=83334
[OUT] [Timing] Search: 6.45 ms, dist_count=29870
[OUT] [Timing] Search: 10.45 ms, dist_count=63169
[OUT] [Timing] Search: 10.31 ms, dist_count=62133
[OUT] [Timing] Search: 12.26 ms, dist_count=91799
[OUT] [Timing] Search: 11.47 ms, dist_count=83321
[OUT] [Timing] Search: 10.09 ms, dist_count=60998
[OUT] [Timing] Search: 10.68 ms, dist_count=72860
[OUT] [Timing] Search: 10.41 ms, dist_count=73106
[OUT] [Timing] Search: 7.29 ms, dist_count=35476
[OUT] [Timing] Search: 6.11 ms, dist_count=28675
[OUT] [Timing] Search: 14.61 ms, dist_count=102355
[OUT] [Timing] Search: 6.00 ms, dist_count=22847
[OUT] [Timing] Search: 12.67 ms, dist_count=92580
[OUT] [Timing] Search: 8.11 ms, dist_count=45940
[OUT] [Timing] Search: 11.46 ms, dist_count=82178
[OUT] [Timing] Search: 5.42 ms, dist_count=21499
[OUT] [Timing] Search: 9.77 ms, dist_count=60041
[OUT] [Timing] Search: 9.75 ms, dist_count=63723
[OUT] [Timing] Search: 11.62 ms, dist_count=85200
[OUT] [Timing] Search: 7.70 ms, dist_count=39568
[OUT] [Timing] Search: 8.63 ms, dist_count=51140
[OUT] [Timing] Search: 5.65 ms, dist_count=19579
[OUT] [Timing] Search: 8.18 ms, dist_count=43206
[OUT] [Timing] Search: 7.14 ms, dist_count=35427
[OUT] [Timing] Search: 10.60 ms, dist_count=76492
[OUT] [Timing] Search: 5.94 ms, dist_count=24641
[OUT] [Timing] Search: 7.20 ms, dist_count=35339
[OUT] [Timing] Search: 7.58 ms, dist_count=41093
[OUT] [Timing] Search: 11.72 ms, dist_count=84907
[OUT] [Timing] Search: 8.67 ms, dist_count=44057
[OUT] [Timing] Search: 5.98 ms, dist_count=28287
[OUT] [Timing] Search: 8.25 ms, dist_count=43343
[OUT] [Timing] Search: 7.53 ms, dist_count=36092
[OUT] [Timing] Search: 11.65 ms, dist_count=78404
[OUT] [Timing] Search: 11.25 ms, dist_count=75557
[OUT] [Timing] Search: 8.12 ms, dist_count=49789
[OUT] [Timing] Search: 5.23 ms, dist_count=21543
[OUT] [Timing] Search: 12.63 ms, dist_count=90187
[OUT] [Timing] Search: 6.47 ms, dist_count=33763
[OUT] [Timing] Search: 8.81 ms, dist_count=50843
[OUT] [Timing] Search: 11.54 ms, dist_count=82543
[OUT] [Timing] Search: 11.48 ms, dist_count=72968
[OUT] [Timing] Search: 9.14 ms, dist_count=48943
[OUT] [Timing] Search: 14.18 ms, dist_count=98396
[OUT] [Timing] Search: 12.18 ms, dist_count=80162
[OUT] [Timing] Search: 13.14 ms, dist_count=92838
[OUT] [Timing] Search: 7.21 ms, dist_count=34789
[OUT] [Timing] Search: 8.77 ms, dist_count=56231
[OUT] [Timing] Search: 10.02 ms, dist_count=66555
[OUT] [Timing] Search: 7.51 ms, dist_count=41974
[OUT] [Timing] Search: 8.84 ms, dist_count=51654
[OUT] [Timing] Search: 8.45 ms, dist_count=46979
[OUT] [Timing] Search: 8.01 ms, dist_count=49364
[OUT] [Timing] Search: 6.94 ms, dist_count=31832
[OUT] [Timing] Search: 11.17 ms, dist_count=76944
[OUT] [Timing] Search: 4.56 ms, dist_count=13575
[OUT] [Timing] Search: 12.50 ms, dist_count=82665
[OUT] [Timing] Search: 10.89 ms, dist_count=72951
[OUT] [Timing] Search: 13.23 ms, dist_count=87433
[OUT] [Timing] Search: 6.92 ms, dist_count=33685
[OUT] [Timing] Search: 10.37 ms, dist_count=42654
[OUT] [Timing] Search: 6.18 ms, dist_count=20594
[OUT] [Timing] Search: 10.21 ms, dist_count=67066
[OUT] [Timing] Search: 8.94 ms, dist_count=53698
[OUT] [Timing] Search: 3.24 ms, dist_count=8685
[OUT] [Timing] Search: 8.86 ms, dist_count=52679
[OUT] [Timing] Search: 9.82 ms, dist_count=66241
[OUT] [Timing] Search: 5.50 ms, dist_count=16136
[OUT] [Timing] Search: 10.84 ms, dist_count=71464
[OUT] [Timing] Search: 8.81 ms, dist_count=52638
[OUT] [Timing] Search: 5.90 ms, dist_count=27002
[OUT] [Timing] Search: 12.85 ms, dist_count=89388
[OUT] [Timing] Search: 3.89 ms, dist_count=9157
[OUT] [Timing] Search: 3.42 ms, dist_count=5553
[OUT] [Timing] Search: 5.56 ms, dist_count=21360
[OUT] [Timing] Search: 8.51 ms, dist_count=48361
[OUT] [Timing] Search: 9.26 ms, dist_count=59690
[OUT] [Timing] Search: 10.03 ms, dist_count=66679
[OUT] [Timing] Search: 6.87 ms, dist_count=37246
[OUT] [Timing] Search: 5.71 ms, dist_count=25061
[OUT] [Timing] Search: 5.47 ms, dist_count=21012
[OUT] [Timing] Search: 12.45 ms, dist_count=82548
[OUT] [Timing] Search: 7.94 ms, dist_count=44112
[OUT] [Timing] Search: 4.65 ms, dist_count=14072
[OUT] [Timing] Search: 12.68 ms, dist_count=89294
[OUT] [Timing] Search: 3.61 ms, dist_count=6592
[OUT] [Timing] Search: 13.09 ms, dist_count=97155
[OUT] [Timing] Search: 7.66 ms, dist_count=41911
[OUT] [Timing] Search: 4.41 ms, dist_count=15756
[OUT] [Timing] Search: 10.12 ms, dist_count=67567
[OUT] [Timing] Search: 10.60 ms, dist_count=66944
[OUT] [Timing] Search: 6.32 ms, dist_count=29391
[OUT] [Timing] Search: 12.15 ms, dist_count=80633
[OUT] [Timing] Search: 5.42 ms, dist_count=19696
[OUT] [Timing] Search: 11.02 ms, dist_count=73616
[OUT] [Timing] Search: 6.76 ms, dist_count=29831
[OUT] [Timing] Search: 4.52 ms, dist_count=13690
[OUT] [Timing] Search: 9.51 ms, dist_count=60638
[OUT] [Timing] Search: 9.95 ms, dist_count=62308
[OUT] [Timing] Search: 10.86 ms, dist_count=74633
[OUT] [Timing] Search: 9.33 ms, dist_count=58447
[OUT] [Timing] Search: 10.75 ms, dist_count=73604
[OUT] [Timing] Search: 7.95 ms, dist_count=41387
[OUT] [Timing] Search: 9.00 ms, dist_count=53761
[OUT] [Timing] Search: 11.11 ms, dist_count=72632
[OUT] [Timing] Search: 6.81 ms, dist_count=30722
[OUT] [Timing] Search: 11.23 ms, dist_count=77370
[OUT] [Timing] Search: 6.71 ms, dist_count=27929
[OUT] [Timing] Search: 11.00 ms, dist_count=76446
[OUT] [Timing] Search: 9.95 ms, dist_count=61206
[OUT] [Timing] Search: 4.89 ms, dist_count=16789
[OUT] [Timing] Search: 6.87 ms, dist_count=38268
[OUT] [Timing] Search: 11.67 ms, dist_count=76469
[OUT] [Timing] Search: 6.90 ms, dist_count=30641
[OUT] [Timing] Search: 9.70 ms, dist_count=61692
[OUT] [Timing] Search: 11.94 ms, dist_count=81038
[OUT] [Timing] Search: 5.07 ms, dist_count=14511
[OUT] [Timing] Search: 6.35 ms, dist_count=27831
[OUT] [Timing] Search: 11.09 ms, dist_count=73105
[OUT] [Timing] Search: 7.57 ms, dist_count=39682
[OUT] [Timing] Search: 4.87 ms, dist_count=13365
[OUT] [Timing] Search: 12.32 ms, dist_count=88910
[OUT] [Timing] Search: 9.17 ms, dist_count=58438
[OUT] [Timing] Search: 10.09 ms, dist_count=62361
[OUT] [Timing] Search: 10.47 ms, dist_count=72254
[OUT] [Timing] Search: 4.10 ms, dist_count=9186
[OUT] [Timing] Search: 5.87 ms, dist_count=23320
[OUT] [Timing] Search: 4.62 ms, dist_count=11607
[OUT] [Timing] Search: 9.96 ms, dist_count=60068
[OUT] [Timing] Search: 5.00 ms, dist_count=16513
[OUT]   Processed 4000 queries
[OUT] 
[OUT] [Timing] Search: 5.06 ms, dist_count=17339
[OUT] [Timing] Search: 12.46 ms, dist_count=91094
[OUT] [Timing] Search: 8.73 ms, dist_count=51011
[OUT] [Timing] Search: 6.45 ms, dist_count=28203
[OUT] [Timing] Search: 6.29 ms, dist_count=27918
[OUT] [Timing] Search: 12.68 ms, dist_count=92510
[OUT] [Timing] Search: 7.02 ms, dist_count=35836
[OUT] [Timing] Search: 6.70 ms, dist_count=31095
[OUT] [Timing] Search: 9.17 ms, dist_count=53663
[OUT] [Timing] Search: 11.42 ms, dist_count=80295
[OUT] [Timing] Search: 6.69 ms, dist_count=30387
[OUT] [Timing] Search: 10.24 ms, dist_count=66820
[OUT] [Timing] Search: 5.00 ms, dist_count=18082
[OUT] [Timing] Search: 6.11 ms, dist_count=25893
[OUT] [Timing] Search: 9.57 ms, dist_count=57740
[OUT] [Timing] Search: 6.90 ms, dist_count=32527
[OUT] [Timing] Search: 13.05 ms, dist_count=96680
[OUT] [Timing] Search: 5.43 ms, dist_count=23152
[OUT] [Timing] Search: 8.82 ms, dist_count=44105
[OUT] [Timing] Search: 9.75 ms, dist_count=52063
[OUT] [Timing] Search: 13.20 ms, dist_count=89159
[OUT] [Timing] Search: 11.43 ms, dist_count=76947
[OUT] [Timing] Search: 7.83 ms, dist_count=35785
[OUT] [Timing] Search: 8.65 ms, dist_count=51473
[OUT] [Timing] Search: 3.88 ms, dist_count=9722
[OUT] [Timing] Search: 5.46 ms, dist_count=20736
[OUT] [Timing] Search: 4.35 ms, dist_count=10902
[OUT] [Timing] Search: 6.76 ms, dist_count=31086
[OUT] [Timing] Search: 8.39 ms, dist_count=44152
[OUT] [Timing] Search: 12.94 ms, dist_count=95713
[OUT] [Timing] Search: 5.26 ms, dist_count=18425
[OUT] [Timing] Search: 10.25 ms, dist_count=63359
[OUT] [Timing] Search: 8.73 ms, dist_count=56106
[OUT] [Timing] Search: 7.86 ms, dist_count=41050
[OUT] [Timing] Search: 7.00 ms, dist_count=35653
[OUT] [Timing] Search: 8.88 ms, dist_count=49063
[OUT] [Timing] Search: 9.29 ms, dist_count=54955
[OUT] [Timing] Search: 6.59 ms, dist_count=32790
[OUT] [Timing] Search: 9.97 ms, dist_count=62332
[OUT] [Timing] Search: 5.62 ms, dist_count=21036
[OUT] [Timing] Search: 13.41 ms, dist_count=94565
[OUT] [Timing] Search: 10.73 ms, dist_count=47374
[OUT] [Timing] Search: 14.03 ms, dist_count=76175
[OUT] [Timing] Search: 10.33 ms, dist_count=51822
[OUT] [Timing] Search: 9.59 ms, dist_count=43974
[OUT] [Timing] Search: 5.39 ms, dist_count=13220
[OUT] [Timing] Search: 12.63 ms, dist_count=68763
[OUT] [Timing] Search: 10.18 ms, dist_count=46838
[OUT] [Timing] Search: 9.03 ms, dist_count=41786
[OUT] [Timing] Search: 4.61 ms, dist_count=12410
[OUT] [Timing] Search: 10.92 ms, dist_count=70216
[OUT] [Timing] Search: 7.54 ms, dist_count=36610
[OUT] [Timing] Search: 4.41 ms, dist_count=13113
[OUT] [Timing] Search: 11.98 ms, dist_count=81030
[OUT] [Timing] Search: 7.65 ms, dist_count=43349
[OUT] [Timing] Search: 7.66 ms, dist_count=43074
[OUT] [Timing] Search: 14.37 ms, dist_count=88370
[OUT] [Timing] Search: 10.84 ms, dist_count=46058
[OUT] [Timing] Search: 7.52 ms, dist_count=24372
[OUT] [Timing] Search: 8.51 ms, dist_count=33439
[OUT] [Timing] Search: 8.38 ms, dist_count=49029
[OUT] [Timing] Search: 9.41 ms, dist_count=47125
[OUT] [Timing] Search: 7.24 ms, dist_count=35700
[OUT] [Timing] Search: 10.43 ms, dist_count=69446
[OUT] [Timing] Search: 10.20 ms, dist_count=64216
[OUT] [Timing] Search: 6.81 ms, dist_count=35926
[OUT] [Timing] Search: 11.45 ms, dist_count=76340
[OUT] [Timing] Search: 8.01 ms, dist_count=47487
[OUT] [Timing] Search: 6.32 ms, dist_count=26966
[OUT] [Timing] Search: 10.08 ms, dist_count=65443
[OUT] [Timing] Search: 9.39 ms, dist_count=59694
[OUT] [Timing] Search: 8.95 ms, dist_count=51576
[OUT] [Timing] Search: 12.79 ms, dist_count=96698
[OUT] [Timing] Search: 10.46 ms, dist_count=71565
[OUT] [Timing] Search: 12.34 ms, dist_count=83023
[OUT] [Timing] Search: 9.85 ms, dist_count=63267
[OUT] [Timing] Search: 7.27 ms, dist_count=37392
[OUT] [Timing] Search: 11.56 ms, dist_count=82927
[OUT] [Timing] Search: 11.76 ms, dist_count=85620
[OUT] [Timing] Search: 11.32 ms, dist_count=79785
[OUT] [Timing] Search: 10.87 ms, dist_count=68904
[OUT] [Timing] Search: 8.74 ms, dist_count=58054
[OUT] [Timing] Search: 6.81 ms, dist_count=37110
[OUT] [Timing] Search: 8.48 ms, dist_count=45292
[OUT] [Timing] Search: 5.65 ms, dist_count=23627
[OUT] [Timing] Search: 6.98 ms, dist_count=35146
[OUT] [Timing] Search: 11.81 ms, dist_count=84974
[OUT] [Timing] Search: 11.52 ms, dist_count=82916
[OUT] [Timing] Search: 10.29 ms, dist_count=64518
[OUT] [Timing] Search: 13.35 ms, dist_count=89239
[OUT] [Timing] Search: 7.11 ms, dist_count=32130
[OUT] [Timing] Search: 11.45 ms, dist_count=67350
[OUT] [Timing] Search: 8.66 ms, dist_count=52460
[OUT] [Timing] Search: 10.31 ms, dist_count=70319
[OUT] [Timing] Search: 10.34 ms, dist_count=70954
[OUT] [Timing] Search: 10.68 ms, dist_count=72803
[OUT] [Timing] Search: 11.67 ms, dist_count=85747
[OUT] [Timing] Search: 8.70 ms, dist_count=51015
[OUT] [Timing] Search: 12.64 ms, dist_count=91029
[OUT] [Timing] Search: 4.85 ms, dist_count=14382
[OUT] [Timing] Search: 8.52 ms, dist_count=47532
[OUT] [Timing] Search: 7.76 ms, dist_count=41997
[OUT] [Timing] Search: 8.15 ms, dist_count=43785
[OUT] [Timing] Search: 10.16 ms, dist_count=66127
[OUT] [Timing] Search: 7.93 ms, dist_count=44082
[OUT] [Timing] Search: 7.42 ms, dist_count=44137
[OUT] [Timing] Search: 6.83 ms, dist_count=28966
[OUT] [Timing] Search: 8.21 ms, dist_count=48753
[OUT] [Timing] Search: 4.70 ms, dist_count=15059
[OUT] [Timing] Search: 12.35 ms, dist_count=90139
[OUT] [Timing] Search: 10.37 ms, dist_count=67486
[OUT] [Timing] Search: 4.76 ms, dist_count=16279
[OUT] [Timing] Search: 11.39 ms, dist_count=80563
[OUT] [Timing] Search: 12.34 ms, dist_count=85817
[OUT] [Timing] Search: 4.53 ms, dist_count=14384
[OUT] [Timing] Search: 4.69 ms, dist_count=16356
[OUT] [Timing] Search: 4.86 ms, dist_count=20457
[OUT] [Timing] Search: 2.63 ms, dist_count=5365
[OUT] [Timing] Search: 10.81 ms, dist_count=74417
[OUT] [Timing] Search: 10.72 ms, dist_count=75277
[OUT] [Timing] Search: 12.53 ms, dist_count=81914
[OUT] [Timing] Search: 10.87 ms, dist_count=64763
[OUT] [Timing] Search: 4.48 ms, dist_count=11377
[OUT] [Timing] Search: 7.98 ms, dist_count=36629
[OUT] [Timing] Search: 4.10 ms, dist_count=12127
[OUT] [Timing] Search: 9.58 ms, dist_count=56926
[OUT] [Timing] Search: 10.36 ms, dist_count=69533
[OUT] [Timing] Search: 9.80 ms, dist_count=63733
[OUT] [Timing] Search: 6.19 ms, dist_count=27886
[OUT] [Timing] Search: 7.81 ms, dist_count=39092
[OUT] [Timing] Search: 6.99 ms, dist_count=36138
[OUT] [Timing] Search: 9.42 ms, dist_count=60390
[OUT] [Timing] Search: 4.96 ms, dist_count=19739
[OUT] [Timing] Search: 9.33 ms, dist_count=51042
[OUT] [Timing] Search: 9.15 ms, dist_count=52334
[OUT] [Timing] Search: 10.35 ms, dist_count=69497
[OUT] [Timing] Search: 11.52 ms, dist_count=80718
[OUT] [Timing] Search: 7.43 ms, dist_count=36845
[OUT] [Timing] Search: 8.14 ms, dist_count=45878
[OUT] [Timing] Search: 7.31 ms, dist_count=38991
[OUT] [Timing] Search: 11.54 ms, dist_count=77598
[OUT] [Timing] Search: 5.58 ms, dist_count=21645
[OUT] [Timing] Search: 6.67 ms, dist_count=32912
[OUT] [Timing] Search: 9.89 ms, dist_count=58776
[OUT] [Timing] Search: 6.93 ms, dist_count=25050
[OUT] [Timing] Search: 8.18 ms, dist_count=29710
[OUT] [Timing] Search: 5.36 ms, dist_count=13617
[OUT] [Timing] Search: 10.36 ms, dist_count=43295
[OUT] [Timing] Search: 14.53 ms, dist_count=81321
[OUT] [Timing] Search: 5.29 ms, dist_count=17472
[OUT] [Timing] Search: 11.53 ms, dist_count=75035
[OUT] [Timing] Search: 8.35 ms, dist_count=47359
[OUT] [Timing] Search: 9.75 ms, dist_count=60581
[OUT] [Timing] Search: 4.37 ms, dist_count=12048
[OUT] [Timing] Search: 8.51 ms, dist_count=44155
[OUT] [Timing] Search: 4.06 ms, dist_count=9590
[OUT] [Timing] Search: 8.02 ms, dist_count=36871
[OUT] [Timing] Search: 6.61 ms, dist_count=30480
[OUT] [Timing] Search: 7.80 ms, dist_count=39996
[OUT] [Timing] Search: 6.67 ms, dist_count=34290
[OUT] [Timing] Search: 7.08 ms, dist_count=34837
[OUT] [Timing] Search: 10.35 ms, dist_count=71797
[OUT] [Timing] Search: 11.88 ms, dist_count=84164
[OUT] [Timing] Search: 12.56 ms, dist_count=83817
[OUT] [Timing] Search: 2.59 ms, dist_count=3681
[OUT] [Timing] Search: 7.10 ms, dist_count=31645
[OUT] [Timing] Search: 10.31 ms, dist_count=60273
[OUT] [Timing] Search: 11.54 ms, dist_count=84295
[OUT] [Timing] Search: 6.57 ms, dist_count=35777
[OUT] [Timing] Search: 8.92 ms, dist_count=53181
[OUT] [Timing] Search: 11.01 ms, dist_count=71262
[OUT] [Timing] Search: 10.75 ms, dist_count=69309
[OUT] [Timing] Search: 10.07 ms, dist_count=63681
[OUT] [Timing] Search: 6.05 ms, dist_count=24229
[OUT] [Timing] Search: 4.85 ms, dist_count=15833
[OUT] [Timing] Search: 10.47 ms, dist_count=69846
[OUT] [Timing] Search: 4.90 ms, dist_count=14198
[OUT] [Timing] Search: 14.00 ms, dist_count=100011
[OUT] [Timing] Search: 8.70 ms, dist_count=51341
[OUT] [Timing] Search: 3.48 ms, dist_count=5991
[OUT] [Timing] Search: 7.72 ms, dist_count=40058
[OUT] [Timing] Search: 4.08 ms, dist_count=15435
[OUT] [Timing] Search: 5.85 ms, dist_count=19240
[OUT] [Timing] Search: 6.46 ms, dist_count=27884
[OUT] [Timing] Search: 11.03 ms, dist_count=70262
[OUT] [Timing] Search: 8.66 ms, dist_count=57211
[OUT] [Timing] Search: 9.51 ms, dist_count=56838
[OUT] [Timing] Search: 6.82 ms, dist_count=36481
[OUT] [Timing] Search: 8.42 ms, dist_count=43481
[OUT] [Timing] Search: 9.64 ms, dist_count=63425
[OUT] [Timing] Search: 8.74 ms, dist_count=57419
[OUT] [Timing] Search: 8.03 ms, dist_count=43777
[OUT] [Timing] Search: 12.67 ms, dist_count=95398
[OUT] [Timing] Search: 7.41 ms, dist_count=37341
[OUT] [Timing] Search: 5.90 ms, dist_count=24882
[OUT] [Timing] Search: 8.14 ms, dist_count=45597
[OUT] [Timing] Search: 10.48 ms, dist_count=71562
[OUT] [Timing] Search: 8.68 ms, dist_count=50729
[OUT] [Timing] Search: 11.91 ms, dist_count=78419
[OUT] [Timing] Search: 6.87 ms, dist_count=35008
[OUT] [Timing] Search: 10.76 ms, dist_count=70893
[OUT] [Timing] Search: 6.70 ms, dist_count=28657
[OUT] [Timing] Search: 8.58 ms, dist_count=49199
[OUT] [Timing] Search: 7.51 ms, dist_count=41492
[OUT] [Timing] Search: 8.20 ms, dist_count=49468
[OUT] [Timing] Search: 4.32 ms, dist_count=11509
[OUT] [Timing] Search: 12.59 ms, dist_count=90515
[OUT] [Timing] Search: 9.00 ms, dist_count=57066
[OUT] [Timing] Search: 10.89 ms, dist_count=75218
[OUT] [Timing] Search: 8.81 ms, dist_count=52161
[OUT] [Timing] Search: 12.22 ms, dist_count=86253
[OUT] [Timing] Search: 7.54 ms, dist_count=40425
[OUT] [Timing] Search: 11.64 ms, dist_count=85495
[OUT] [Timing] Search: 8.28 ms, dist_count=41777
[OUT] [Timing] Search: 11.04 ms, dist_count=75119
[OUT] [Timing] Search: 12.30 ms, dist_count=90811
[OUT] [Timing] Search: 5.00 ms, dist_count=15999
[OUT] [Timing] Search: 11.02 ms, dist_count=74270
[OUT] [Timing] Search: 7.79 ms, dist_count=39921
[OUT] [Timing] Search: 10.00 ms, dist_count=64028
[OUT] [Timing] Search: 4.94 ms, dist_count=16106
[OUT] [Timing] Search: 10.63 ms, dist_count=72829
[OUT] [Timing] Search: 4.78 ms, dist_count=14514
[OUT] [Timing] Search: 5.08 ms, dist_count=19682
[OUT] [Timing] Search: 8.04 ms, dist_count=39513
[OUT] [Timing] Search: 7.91 ms, dist_count=40089
[OUT] [Timing] Search: 11.82 ms, dist_count=79947
[OUT] [Timing] Search: 12.47 ms, dist_count=86675
[OUT] [Timing] Search: 13.12 ms, dist_count=92178
[OUT] [Timing] Search: 6.03 ms, dist_count=21887
[OUT] [Timing] Search: 10.34 ms, dist_count=59624
[OUT] [Timing] Search: 9.44 ms, dist_count=55834
[OUT] [Timing] Search: 7.42 ms, dist_count=39972
[OUT] [Timing] Search: 9.22 ms, dist_count=53681
[OUT] [Timing] Search: 6.48 ms, dist_count=32693
[OUT] [Timing] Search: 4.77 ms, dist_count=15456
[OUT] [Timing] Search: 12.59 ms, dist_count=84466
[OUT] [Timing] Search: 5.09 ms, dist_count=15913
[OUT] [Timing] Search: 9.92 ms, dist_count=63982
[OUT] [Timing] Search: 12.53 ms, dist_count=88145
[OUT] [Timing] Search: 10.12 ms, dist_count=59108
[OUT] [Timing] Search: 10.14 ms, dist_count=63200
[OUT] [Timing] Search: 7.69 ms, dist_count=38734
[OUT] [Timing] Search: 4324.58 ms, dist_count=37254
[OUT] [Timing] Search: 8.46 ms, dist_count=48299
[OUT] [Timing] Search: 8.71 ms, dist_count=53127
[OUT] [Timing] Search: 9.85 ms, dist_count=61010
[OUT] [Timing] Search: 10.39 ms, dist_count=69963
[OUT] [Timing] Search: 7.36 ms, dist_count=41742
[OUT] [Timing] Search: 8.60 ms, dist_count=49279
[OUT] [Timing] Search: 9.73 ms, dist_count=58898
[OUT] [Timing] Search: 15.48 ms, dist_count=91017
[OUT] [Timing] Search: 9.83 ms, dist_count=36241
[OUT] [Timing] Search: 11.35 ms, dist_count=56567
[OUT] [Timing] Search: 6.63 ms, dist_count=34016
[OUT] [Timing] Search: 7.41 ms, dist_count=35797
[OUT] [Timing] Search: 8.92 ms, dist_count=52104
[OUT] [Timing] Search: 12.95 ms, dist_count=98261
[OUT] [Timing] Search: 7.01 ms, dist_count=31105
[OUT] [Timing] Search: 7.76 ms, dist_count=35964
[OUT] [Timing] Search: 7.01 ms, dist_count=36778
[OUT] [Timing] Search: 10.52 ms, dist_count=71779
[OUT] [Timing] Search: 11.27 ms, dist_count=78444
[OUT] [Timing] Search: 9.12 ms, dist_count=58023
[OUT] [Timing] Search: 9.75 ms, dist_count=62589
[OUT] [Timing] Search: 7.63 ms, dist_count=41353
[OUT] [Timing] Search: 8.53 ms, dist_count=48642
[OUT] [Timing] Search: 7.67 ms, dist_count=43071
[OUT] [Timing] Search: 7.03 ms, dist_count=38162
[OUT] [Timing] Search: 5.81 ms, dist_count=21726
[OUT] [Timing] Search: 7.01 ms, dist_count=33782
[OUT] [Timing] Search: 9.94 ms, dist_count=58290
[OUT] [Timing] Search: 10.86 ms, dist_count=75151
[OUT] [Timing] Search: 9.14 ms, dist_count=56512
[OUT] [Timing] Search: 7.35 ms, dist_count=35947
[OUT] [Timing] Search: 12.60 ms, dist_count=87056
[OUT] [Timing] Search: 10.89 ms, dist_count=71233
[OUT] [Timing] Search: 7.79 ms, dist_count=38661
[OUT] [Timing] Search: 6.16 ms, dist_count=28841
[OUT] [Timing] Search: 10.64 ms, dist_count=67949
[OUT] [Timing] Search: 10.42 ms, dist_count=66723
[OUT] [Timing] Search: 9.74 ms, dist_count=54960
[OUT] [Timing] Search: 5.11 ms, dist_count=19682
[OUT] [Timing] Search: 6.15 ms, dist_count=26941
[OUT] [Timing] Search: 9.14 ms, dist_count=58126
[OUT] [Timing] Search: 10.24 ms, dist_count=69463
[OUT] [Timing] Search: 6.16 ms, dist_count=24559
[OUT] [Timing] Search: 9.23 ms, dist_count=56142
[OUT] [Timing] Search: 8.51 ms, dist_count=49876
[OUT] [Timing] Search: 6.35 ms, dist_count=30697
[OUT] [Timing] Search: 9.68 ms, dist_count=59412
[OUT] [Timing] Search: 4.43 ms, dist_count=14317
[OUT] [Timing] Search: 6.16 ms, dist_count=25938
[OUT] [Timing] Search: 5.60 ms, dist_count=20367
[OUT] [Timing] Search: 6.12 ms, dist_count=28808
[OUT] [Timing] Search: 4.60 ms, dist_count=13315
[OUT] [Timing] Search: 9.65 ms, dist_count=60434
[OUT] [Timing] Search: 6.64 ms, dist_count=29189
[OUT] [Timing] Search: 7.63 ms, dist_count=42206
[OUT] [Timing] Search: 6.45 ms, dist_count=30951
[OUT] [Timing] Search: 9.45 ms, dist_count=59896
[OUT] [Timing] Search: 9.07 ms, dist_count=54479
[OUT] [Timing] Search: 5.36 ms, dist_count=21811
[OUT] [Timing] Search: 9.27 ms, dist_count=55565
[OUT] [Timing] Search: 6.31 ms, dist_count=28826
[OUT] [Timing] Search: 11.97 ms, dist_count=80359
[OUT] [Timing] Search: 3.73 ms, dist_count=10775
[OUT] [Timing] Search: 6.13 ms, dist_count=28497
[OUT] [Timing] Search: 11.34 ms, dist_count=80807
[OUT] [Timing] Search: 12.43 ms, dist_count=88288
[OUT] [Timing] Search: 5.88 ms, dist_count=25830
[OUT] [Timing] Search: 9.39 ms, dist_count=55144
[OUT] [Timing] Search: 9.74 ms, dist_count=56349
[OUT] [Timing] Search: 7.01 ms, dist_count=42358
[OUT] [Timing] Search: 7.74 ms, dist_count=40746
[OUT] [Timing] Search: 4.54 ms, dist_count=19321
[OUT] [Timing] Search: 13.10 ms, dist_count=91061
[OUT] [Timing] Search: 10.34 ms, dist_count=67356
[OUT] [Timing] Search: 7.94 ms, dist_count=45513
[OUT] [Timing] Search: 8.82 ms, dist_count=53893
[OUT] [Timing] Search: 5.48 ms, dist_count=26552
[OUT] [Timing] Search: 13.22 ms, dist_count=97734
[OUT] [Timing] Search: 6.20 ms, dist_count=28540
[OUT] [Timing] Search: 8.10 ms, dist_count=42233
[OUT] [Timing] Search: 8.80 ms, dist_count=48230
[OUT] [Timing] Search: 7.21 ms, dist_count=30760
[OUT] [Timing] Search: 5.46 ms, dist_count=20800
[OUT] [Timing] Search: 10.50 ms, dist_count=62298
[OUT] [Timing] Search: 6.49 ms, dist_count=29370
[OUT] [Timing] Search: 6.34 ms, dist_count=28545
[OUT] [Timing] Search: 5.48 ms, dist_count=21064
[OUT] [Timing] Search: 11.25 ms, dist_count=75094
[OUT] [Timing] Search: 11.87 ms, dist_count=85389
[OUT] [Timing] Search: 10.14 ms, dist_count=65701
[OUT] [Timing] Search: 11.22 ms, dist_count=71342
[OUT] [Timing] Search: 11.51 ms, dist_count=74177
[OUT] [Timing] Search: 5.47 ms, dist_count=21338
[OUT] [Timing] Search: 6.09 ms, dist_count=22783
[OUT] [Timing] Search: 3.40 ms, dist_count=5960
[OUT] [Timing] Search: 7.60 ms, dist_count=42699
[OUT] [Timing] Search: 10.82 ms, dist_count=71069
[OUT] [Timing] Search: 11.70 ms, dist_count=81892
[OUT] [Timing] Search: 12.99 ms, dist_count=96382
[OUT] [Timing] Search: 7.81 ms, dist_count=42614
[OUT] [Timing] Search: 6.90 ms, dist_count=32874
[OUT] [Timing] Search: 7.25 ms, dist_count=33019
[OUT] [Timing] Search: 13.58 ms, dist_count=95296
[OUT] [Timing] Search: 4.20 ms, dist_count=13893
[OUT] [Timing] Search: 7.45 ms, dist_count=29821
[OUT] [Timing] Search: 6.15 ms, dist_count=25188
[OUT] [Timing] Search: 9.62 ms, dist_count=56219
[OUT] [Timing] Search: 10.13 ms, dist_count=68899
[OUT] [Timing] Search: 9.56 ms, dist_count=61810
[OUT] [Timing] Search: 7.72 ms, dist_count=43770
[OUT] [Timing] Search: 5.42 ms, dist_count=19740
[OUT] [Timing] Search: 5.43 ms, dist_count=25005
[OUT] [Timing] Search: 12.52 ms, dist_count=89185
[OUT] [Timing] Search: 11.44 ms, dist_count=78427
[OUT] [Timing] Search: 6.10 ms, dist_count=30423
[OUT] [Timing] Search: 10.66 ms, dist_count=61866
[OUT] [Timing] Search: 11.98 ms, dist_count=62251
[OUT] [Timing] Search: 16.57 ms, dist_count=84323
[OUT] [Timing] Search: 18.85 ms, dist_count=98006
[OUT] [Timing] Search: 5.93 ms, dist_count=5662
[OUT] [Timing] Search: 7.63 ms, dist_count=26535
[OUT] [Timing] Search: 9.86 ms, dist_count=60506
[OUT] [Timing] Search: 5.32 ms, dist_count=21580
[OUT] [Timing] Search: 8.52 ms, dist_count=44802
[OUT] [Timing] Search: 6.97 ms, dist_count=31695
[OUT] [Timing] Search: 7.03 ms, dist_count=31172
[OUT] [Timing] Search: 6.97 ms, dist_count=29931
[OUT] [Timing] Search: 8.02 ms, dist_count=46744
[OUT] [Timing] Search: 12.12 ms, dist_count=85212
[OUT] [Timing] Search: 8.51 ms, dist_count=47924
[OUT] [Timing] Search: 6.41 ms, dist_count=29928
[OUT] [Timing] Search: 8.17 ms, dist_count=44177
[OUT] [Timing] Search: 11.64 ms, dist_count=84193
[OUT] [Timing] Search: 12.88 ms, dist_count=95216
[OUT] [Timing] Search: 6.22 ms, dist_count=24430
[OUT] [Timing] Search: 4.59 ms, dist_count=13733
[OUT] [Timing] Search: 10.60 ms, dist_count=67283
[OUT] [Timing] Search: 11.59 ms, dist_count=76316
[OUT] [Timing] Search: 14.01 ms, dist_count=102751
[OUT] [Timing] Search: 4.92 ms, dist_count=16638
[OUT] [Timing] Search: 6.58 ms, dist_count=34319
[OUT] [Timing] Search: 6.37 ms, dist_count=28124
[OUT] [Timing] Search: 10.55 ms, dist_count=72822
[OUT] [Timing] Search: 8.15 ms, dist_count=44888
[OUT] [Timing] Search: 6.65 ms, dist_count=32535
[OUT] [Timing] Search: 7.47 ms, dist_count=31337
[OUT] [Timing] Search: 9.25 ms, dist_count=57920
[OUT] [Timing] Search: 6.92 ms, dist_count=36704
[OUT] [Timing] Search: 3.68 ms, dist_count=10914
[OUT] [Timing] Search: 9.47 ms, dist_count=52615
[OUT] [Timing] Search: 9.59 ms, dist_count=61856
[OUT] [Timing] Search: 11.73 ms, dist_count=80084
[OUT] [Timing] Search: 9.13 ms, dist_count=54374
[OUT] [Timing] Search: 4.16 ms, dist_count=11011
[OUT] [Timing] Search: 9.18 ms, dist_count=58941
[OUT] [Timing] Search: 4.12 ms, dist_count=11165
[OUT] [Timing] Search: 13.02 ms, dist_count=89390
[OUT] [Timing] Search: 8.87 ms, dist_count=53545
[OUT] [Timing] Search: 9.04 ms, dist_count=51571
[OUT] [Timing] Search: 8.58 ms, dist_count=50165
[OUT] [Timing] Search: 6.98 ms, dist_count=32165
[OUT] [Timing] Search: 10.38 ms, dist_count=68605
[OUT] [Timing] Search: 5.51 ms, dist_count=17610
[OUT] [Timing] Search: 10.01 ms, dist_count=62219
[OUT] [Timing] Search: 2.57 ms, dist_count=4150
[OUT] [Timing] Search: 4.89 ms, dist_count=18258
[OUT] [Timing] Search: 9.02 ms, dist_count=49844
[OUT] [Timing] Search: 6.92 ms, dist_count=36750
[OUT] [Timing] Search: 10.64 ms, dist_count=56074
[OUT] [Timing] Search: 9.66 ms, dist_count=52569
[OUT] [Timing] Search: 13.32 ms, dist_count=95898
[OUT] [Timing] Search: 5.74 ms, dist_count=16949
[OUT] [Timing] Search: 8.24 ms, dist_count=43931
[OUT] [Timing] Search: 6.41 ms, dist_count=29101
[OUT] [Timing] Search: 8.63 ms, dist_count=47133
[OUT] [Timing] Search: 4.29 ms, dist_count=10251
[OUT] [Timing] Search: 2.58 ms, dist_count=3204
[OUT] [Timing] Search: 7.41 ms, dist_count=38924
[OUT] [Timing] Search: 10.74 ms, dist_count=71794
[OUT] [Timing] Search: 12.76 ms, dist_count=90730
[OUT] [Timing] Search: 6.32 ms, dist_count=32127
[OUT] [Timing] Search: 9.20 ms, dist_count=55907
[OUT] [Timing] Search: 4.85 ms, dist_count=20239
[OUT] [Timing] Search: 8.47 ms, dist_count=49441
[OUT] [Timing] Search: 8.11 ms, dist_count=48215
[OUT] [Timing] Search: 10.94 ms, dist_count=73279
[OUT] [Timing] Search: 3.64 ms, dist_count=8644
[OUT] [Timing] Search: 4.57 ms, dist_count=15327
[OUT] [Timing] Search: 8.92 ms, dist_count=50523
[OUT] [Timing] Search: 5.28 ms, dist_count=17371
[OUT] [Timing] Search: 7.54 ms, dist_count=37994
[OUT] [Timing] Search: 8.18 ms, dist_count=48938
[OUT] [Timing] Search: 10.03 ms, dist_count=60252
[OUT] [Timing] Search: 3.87 ms, dist_count=9041
[OUT] [Timing] Search: 6.45 ms, dist_count=28664
[OUT] [Timing] Search: 5.37 ms, dist_count=19666
[OUT] [Timing] Search: 3.90 ms, dist_count=8941
[OUT] [Timing] Search: 11.43 ms, dist_count=75606
[OUT] [Timing] Search: 9.54 ms, dist_count=59653
[OUT] [Timing] Search: 9.23 ms, dist_count=60789
[OUT] [Timing] Search: 11.96 ms, dist_count=85437
[OUT] [Timing] Search: 9.04 ms, dist_count=45719
[OUT] [Timing] Search: 7.91 ms, dist_count=39215
[OUT] [Timing] Search: 8.60 ms, dist_count=41011
[OUT] [Timing] Search: 7.32 ms, dist_count=40239
[OUT] [Timing] Search: 5.94 ms, dist_count=29080
[OUT] [Timing] Search: 10.64 ms, dist_count=73852
[OUT] [Timing] Search: 3.89 ms, dist_count=10493
[OUT] [Timing] Search: 12.67 ms, dist_count=95165
[OUT] [Timing] Search: 11.05 ms, dist_count=77408
[OUT] [Timing] Search: 10.59 ms, dist_count=71745
[OUT] [Timing] Search: 10.77 ms, dist_count=75509
[OUT] [Timing] Search: 4.91 ms, dist_count=19708
[OUT] [Timing] Search: 12.20 ms, dist_count=82650
[OUT] [Timing] Search: 7.62 ms, dist_count=37954
[OUT] [Timing] Search: 10.91 ms, dist_count=63268
[OUT] [Timing] Search: 7.41 ms, dist_count=42609
[OUT] [Timing] Search: 8.54 ms, dist_count=47992
[OUT] [Timing] Search: 10.36 ms, dist_count=67228
[OUT] [Timing] Search: 6.66 ms, dist_count=26750
[OUT] [Timing] Search: 8.10 ms, dist_count=37585
[OUT] [Timing] Search: 9.91 ms, dist_count=60535
[OUT] [Timing] Search: 13.78 ms, dist_count=97282
[OUT] [Timing] Search: 9.35 ms, dist_count=47755
[OUT] [Timing] Search: 3.72 ms, dist_count=9225
[OUT] [Timing] Search: 29.66 ms, dist_count=43067
[OUT] [Timing] Search: 248.58 ms, dist_count=17164
[OUT] [Timing] Search: 533.74 ms, dist_count=44585
[OUT] [Timing] Search: 180.63 ms, dist_count=22733
[OUT] [Timing] Search: 237.60 ms, dist_count=29630
[OUT] [Timing] Search: 130.98 ms, dist_count=18230
[OUT] [Timing] Search: 279.88 ms, dist_count=70883
[OUT] [Timing] Search: 125.08 ms, dist_count=39238
[OUT] [Timing] Search: 113.71 ms, dist_count=63022
[OUT] [Timing] Search: 107.94 ms, dist_count=70120
[OUT] [Timing] Search: 63.55 ms, dist_count=41847
[OUT] [Timing] Search: 39.51 ms, dist_count=9196
[OUT] [Timing] Search: 64.77 ms, dist_count=59751
[OUT] [Timing] Search: 44.96 ms, dist_count=50279
[OUT] [Timing] Search: 42.51 ms, dist_count=21102
[OUT] [Timing] Search: 23.91 ms, dist_count=17944
[OUT] [Timing] Search: 51.17 ms, dist_count=37399
[OUT] [Timing] Search: 38.22 ms, dist_count=35186
[OUT] [Timing] Search: 45.25 ms, dist_count=49630
[OUT] [Timing] Search: 47.46 ms, dist_count=60606
[OUT] [Timing] Search: 42.74 ms, dist_count=30792
[OUT] [Timing] Search: 47.61 ms, dist_count=70253
[OUT] [Timing] Search: 33.89 ms, dist_count=12845
[OUT] [Timing] Search: 41.16 ms, dist_count=45010
[OUT] [Timing] Search: 36.35 ms, dist_count=40182
[OUT] [Timing] Search: 33.18 ms, dist_count=20907
[OUT] [Timing] Search: 41.90 ms, dist_count=51609
[OUT] [Timing] Search: 27.12 ms, dist_count=15454
[OUT] [Timing] Search: 42.37 ms, dist_count=33968
[OUT] [Timing] Search: 39.57 ms, dist_count=42400
[OUT] [Timing] Search: 38.66 ms, dist_count=41667
[OUT] [Timing] Search: 33.33 ms, dist_count=22799
[OUT] [Timing] Search: 33.50 ms, dist_count=22816
[OUT] [Timing] Search: 42.86 ms, dist_count=75358
[OUT] [Timing] Search: 34.60 ms, dist_count=27557
[OUT] [Timing] Search: 37.16 ms, dist_count=58727
[OUT] [Timing] Search: 31.61 ms, dist_count=7961
[OUT] [Timing] Search: 35.81 ms, dist_count=29908
[OUT] [Timing] Search: 29.86 ms, dist_count=22505
[OUT] [Timing] Search: 36.25 ms, dist_count=48601
[OUT] [Timing] Search: 36.90 ms, dist_count=44588
[OUT] [Timing] Search: 33.07 ms, dist_count=33910
[OUT] [Timing] Search: 40.65 ms, dist_count=92409
[OUT] [Timing] Search: 33.08 ms, dist_count=23990
[OUT] [Timing] Search: 38.99 ms, dist_count=84938
[OUT] [Timing] Search: 34.38 ms, dist_count=46407
[OUT] [Timing] Search: 24.19 ms, dist_count=14692
[OUT] [Timing] Search: 37.86 ms, dist_count=79303
[OUT] [Timing] Search: 28.54 ms, dist_count=13389
[OUT] [Timing] Search: 38.35 ms, dist_count=83361
[OUT] [Timing] Search: 29.14 ms, dist_count=18017
[OUT] [Timing] Search: 40.36 ms, dist_count=88985
[OUT] [Timing] Search: 36.37 ms, dist_count=60587
[OUT] [Timing] Search: 22.78 ms, dist_count=18260
[OUT] [Timing] Search: 39.73 ms, dist_count=85764
[OUT] [Timing] Search: 38.99 ms, dist_count=67271
[OUT] [Timing] Search: 30.99 ms, dist_count=51443
[OUT] [Timing] Search: 33.75 ms, dist_count=77541
[OUT] [Timing] Search: 33.97 ms, dist_count=61310
[OUT] [Timing] Search: 33.86 ms, dist_count=58738
[OUT] [Timing] Search: 29.13 ms, dist_count=24362
[OUT] [Timing] Search: 30.34 ms, dist_count=63256
[OUT] [Timing] Search: 27.86 ms, dist_count=19609
[OUT] [Timing] Search: 32.63 ms, dist_count=75207
[OUT] [Timing] Search: 34.75 ms, dist_count=64529
[OUT] [Timing] Search: 23.61 ms, dist_count=10547
[OUT] [Timing] Search: 31.20 ms, dist_count=56178
[OUT] [Timing] Search: 29.49 ms, dist_count=41674
[OUT] [Timing] Search: 31.38 ms, dist_count=57879
[OUT] [Timing] Search: 31.32 ms, dist_count=64681
[OUT] [Timing] Search: 26.08 ms, dist_count=35800
[OUT] [Timing] Search: 23.57 ms, dist_count=37765
[OUT] [Timing] Search: 25.26 ms, dist_count=45816
[OUT] [Timing] Search: 27.75 ms, dist_count=73257
[OUT] [Timing] Search: 18.19 ms, dist_count=3365
[OUT] [Timing] Search: 24.22 ms, dist_count=25080
[OUT] [Timing] Search: 23.70 ms, dist_count=10298
[OUT] [Timing] Search: 26.43 ms, dist_count=46521
[OUT] [Timing] Search: 27.39 ms, dist_count=45066
[OUT] [Timing] Search: 21.33 ms, dist_count=17031
[OUT] [Timing] Search: 25.30 ms, dist_count=48630
[OUT] [Timing] Search: 20.46 ms, dist_count=10090
[OUT] [Timing] Search: 23.44 ms, dist_count=15183
[OUT] [Timing] Search: 27.43 ms, dist_count=75659
[OUT] [Timing] Search: 24.16 ms, dist_count=35988
[OUT] [Timing] Search: 24.55 ms, dist_count=70630
[OUT] [Timing] Search: 28.59 ms, dist_count=61814
[OUT] [Timing] Search: 22.02 ms, dist_count=28971
[OUT] [Timing] Search: 24.70 ms, dist_count=46211
[OUT] [Timing] Search: 26.02 ms, dist_count=30251
[OUT] [Timing] Search: 34.17 ms, dist_count=84079
[OUT] [Timing] Search: 29.76 ms, dist_count=61866
[OUT] [Timing] Search: 27.65 ms, dist_count=64562
[OUT] [Timing] Search: 30.24 ms, dist_count=72000
[OUT] [Timing] Search: 21.83 ms, dist_count=26325
[OUT] [Timing] Search: 27.08 ms, dist_count=71649
[OUT] [Timing] Search: 21.79 ms, dist_count=37499
[OUT] [Timing] Search: 24.32 ms, dist_count=57207
[OUT] [Timing] Search: 21.62 ms, dist_count=52842
[OUT] [Timing] Search: 18.99 ms, dist_count=45127
[OUT] [Timing] Search: 25.06 ms, dist_count=71005
[OUT] [Timing] Search: 25.82 ms, dist_count=80712
[OUT] [Timing] Search: 30.93 ms, dist_count=88181
[OUT] [Timing] Search: 25.67 ms, dist_count=66294
[OUT] [Timing] Search: 22.24 ms, dist_count=34179
[OUT] [Timing] Search: 22.64 ms, dist_count=66920
[OUT] [Timing] Search: 20.60 ms, dist_count=59049
[OUT] [Timing] Search: 18.98 ms, dist_count=35498
[OUT] [Timing] Search: 11.70 ms, dist_count=7779
[OUT] [Timing] Search: 21.79 ms, dist_count=28341
[OUT] [Timing] Search: 21.97 ms, dist_count=68479
[OUT] [Timing] Search: 12.99 ms, dist_count=12932
[OUT] [Timing] Search: 19.20 ms, dist_count=42169
[OUT] [Timing] Search: 18.58 ms, dist_count=44751
[OUT] [Timing] Search: 23.40 ms, dist_count=67304
[OUT] [Timing] Search: 19.39 ms, dist_count=44331
[OUT] [Timing] Search: 18.27 ms, dist_count=20513
[OUT] [Timing] Search: 23.83 ms, dist_count=63396
[OUT] [Timing] Search: 22.23 ms, dist_count=67283
[OUT] [Timing] Search: 24.25 ms, dist_count=91211
[OUT] [Timing] Search: 18.65 ms, dist_count=60520
[OUT] [Timing] Search: 19.75 ms, dist_count=61344
[OUT] [Timing] Search: 21.96 ms, dist_count=79361
[OUT] [Timing] Search: 24.21 ms, dist_count=84754
[OUT] [Timing] Search: 19.65 ms, dist_count=53164
[OUT] [Timing] Search: 21.59 ms, dist_count=68117
[OUT] [Timing] Search: 16.55 ms, dist_count=49276
[OUT] [Timing] Search: 12.52 ms, dist_count=13086
[OUT] [Timing] Search: 12.91 ms, dist_count=18153
[OUT] [Timing] Search: 14.96 ms, dist_count=21323
[OUT] [Timing] Search: 23.06 ms, dist_count=81928
[OUT] [Timing] Search: 15.78 ms, dist_count=32648
[OUT] [Timing] Search: 20.54 ms, dist_count=56244
[OUT] [Timing] Search: 15.81 ms, dist_count=22779
[OUT] [Timing] Search: 20.67 ms, dist_count=72550
[OUT] [Timing] Search: 17.36 ms, dist_count=34405
[OUT] [Timing] Search: 18.01 ms, dist_count=47203
[OUT] [Timing] Search: 18.07 ms, dist_count=53758
[OUT] [Timing] Search: 9.98 ms, dist_count=13449
[OUT] [Timing] Search: 24.08 ms, dist_count=92462
[OUT] [Timing] Search: 19.90 ms, dist_count=67002
[OUT] [Timing] Search: 18.92 ms, dist_count=71011
[OUT] [Timing] Search: 11.28 ms, dist_count=24378
[OUT] [Timing] Search: 19.62 ms, dist_count=72389
[OUT] [Timing] Search: 13.09 ms, dist_count=12052
[OUT] [Timing] Search: 13.49 ms, dist_count=44045
[OUT] [Timing] Search: 15.42 ms, dist_count=33810
[OUT] [Timing] Search: 18.70 ms, dist_count=67976
[OUT] [Timing] Search: 20.63 ms, dist_count=76624
[OUT] [Timing] Search: 19.35 ms, dist_count=69404
[OUT] [Timing] Search: 21.50 ms, dist_count=77398
[OUT] [Timing] Search: 17.80 ms, dist_count=43152
[OUT] [Timing] Search: 19.12 ms, dist_count=60383
[OUT] [Timing] Search: 11.93 ms, dist_count=19831
[OUT] [Timing] Search: 16.35 ms, dist_count=32107
[OUT] [Timing] Search: 20.74 ms, dist_count=71351
[OUT] [Timing] Search: 15.86 ms, dist_count=40367
[OUT] [Timing] Search: 10.05 ms, dist_count=13964
[OUT] [Timing] Search: 22.22 ms, dist_count=98916
[OUT] [Timing] Search: 18.51 ms, dist_count=69370
[OUT] [Timing] Search: 22.59 ms, dist_count=96554
[OUT] [Timing] Search: 13.27 ms, dist_count=28284
[OUT] [Timing] Search: 13.19 ms, dist_count=11528
[OUT] [Timing] Search: 14.68 ms, dist_count=49261
[OUT] [Timing] Search: 19.80 ms, dist_count=85508
[OUT] [Timing] Search: 20.62 ms, dist_count=88469
[OUT] [Timing] Search: 16.92 ms, dist_count=44206
[OUT] [Timing] Search: 16.74 ms, dist_count=42193
[OUT] [Timing] Search: 13.03 ms, dist_count=31124
[OUT] [Timing] Search: 19.08 ms, dist_count=87029
[OUT] [Timing] Search: 20.97 ms, dist_count=97553
[OUT] [Timing] Search: 12.13 ms, dist_count=41130
[OUT] [Timing] Search: 16.28 ms, dist_count=64741
[OUT] [Timing] Search: 13.72 ms, dist_count=40412
[OUT] [Timing] Search: 14.57 ms, dist_count=40801
[OUT] [Timing] Search: 19.06 ms, dist_count=86164
[OUT] [Timing] Search: 14.65 ms, dist_count=35058
[OUT] [Timing] Search: 14.89 ms, dist_count=55368
[OUT] [Timing] Search: 11.81 ms, dist_count=26330
[OUT] [Timing] Search: 8.88 ms, dist_count=11753
[OUT] [Timing] Search: 8.22 ms, dist_count=30670
[OUT] [Timing] Search: 14.39 ms, dist_count=49402
[OUT] [Timing] Search: 13.55 ms, dist_count=50239
[OUT] [Timing] Search: 17.99 ms, dist_count=72862
[OUT] [Timing] Search: 15.77 ms, dist_count=55881
[OUT] [Timing] Search: 13.97 ms, dist_count=36229
[OUT] [Timing] Search: 15.03 ms, dist_count=46124
[OUT] [Timing] Search: 16.14 ms, dist_count=53243
[OUT] [Timing] Search: 16.13 ms, dist_count=49651
[OUT] [Timing] Search: 15.09 ms, dist_count=63237
[OUT] [Timing] Search: 19.07 ms, dist_count=84760
[OUT] [Timing] Search: 16.07 ms, dist_count=61360
[OUT] [Timing] Search: 12.78 ms, dist_count=23399
[OUT] [Timing] Search: 17.97 ms, dist_count=84733
[OUT] [Timing] Search: 11.00 ms, dist_count=28877
[OUT] [Timing] Search: 21.39 ms, dist_count=100001
[OUT] [Timing] Search: 7.88 ms, dist_count=9026
[OUT] [Timing] Search: 11.16 ms, dist_count=35197
[OUT] [Timing] Search: 10.25 ms, dist_count=32189
[OUT] [Timing] Search: 16.57 ms, dist_count=62210
[OUT] [Timing] Search: 17.05 ms, dist_count=75752
[OUT] [Timing] Search: 13.06 ms, dist_count=39007
[OUT] [Timing] Search: 17.44 ms, dist_count=68597
[OUT] [Timing] Search: 7.43 ms, dist_count=15368
[OUT] [Timing] Search: 12.92 ms, dist_count=21465
[OUT] [Timing] Search: 17.34 ms, dist_count=71113
[OUT] [Timing] Search: 10.58 ms, dist_count=20182
[OUT] [Timing] Search: 11.85 ms, dist_count=43979
[OUT] [Timing] Search: 10.18 ms, dist_count=18026
[OUT] [Timing] Search: 18.09 ms, dist_count=86480
[OUT] [Timing] Search: 13.14 ms, dist_count=48901
[OUT] [Timing] Search: 16.54 ms, dist_count=76240
[OUT] [Timing] Search: 11.20 ms, dist_count=41994
[OUT] [Timing] Search: 17.57 ms, dist_count=82727
[OUT] [Timing] Search: 11.66 ms, dist_count=33687
[OUT] [Timing] Search: 13.16 ms, dist_count=48124
[OUT] [Timing] Search: 13.49 ms, dist_count=36092
[OUT] [Timing] Search: 9.87 ms, dist_count=28867
[OUT] [Timing] Search: 9.87 ms, dist_count=25532
[OUT] [Timing] Search: 10.18 ms, dist_count=33672
[OUT] [Timing] Search: 11.51 ms, dist_count=49648
[OUT] [Timing] Search: 10.62 ms, dist_count=37426
[OUT] [Timing] Search: 17.70 ms, dist_count=84019
[OUT] [Timing] Search: 13.03 ms, dist_count=43863
[OUT] [Timing] Search: 12.86 ms, dist_count=47828
[OUT] [Timing] Search: 13.35 ms, dist_count=40374
[OUT] [Timing] Search: 9.27 ms, dist_count=30867
[OUT] [Timing] Search: 5.56 ms, dist_count=9778
[OUT] [Timing] Search: 12.85 ms, dist_count=56117
[OUT] [Timing] Search: 18.13 ms, dist_count=99239
[OUT] [Timing] Search: 11.05 ms, dist_count=33621
[OUT] [Timing] Search: 14.08 ms, dist_count=62727
[OUT] [Timing] Search: 18.13 ms, dist_count=91105
[OUT] [Timing] Search: 12.53 ms, dist_count=51010
[OUT] [Timing] Search: 15.90 ms, dist_count=67797
[OUT] [Timing] Search: 19.34 ms, dist_count=106421
[OUT] [Timing] Search: 10.05 ms, dist_count=33415
[OUT] [Timing] Search: 8.22 ms, dist_count=11280
[OUT] [Timing] Search: 12.76 ms, dist_count=45869
[OUT] [Timing] Search: 10.92 ms, dist_count=42948
[OUT] [Timing] Search: 13.84 ms, dist_count=57229
[OUT] [Timing] Search: 15.78 ms, dist_count=77572
[OUT] [Timing] Search: 12.55 ms, dist_count=60349
[OUT] [Timing] Search: 12.39 ms, dist_count=50865
[OUT] [Timing] Search: 14.57 ms, dist_count=69396
[OUT] [Timing] Search: 15.03 ms, dist_count=67655
[OUT] [Timing] Search: 9.70 ms, dist_count=15423
[OUT] [Timing] Search: 11.02 ms, dist_count=32261
[OUT] [Timing] Search: 9.61 ms, dist_count=28631
[OUT] [Timing] Search: 18.79 ms, dist_count=92068
[OUT] [Timing] Search: 15.05 ms, dist_count=84711
[OUT] [Timing] Search: 12.98 ms, dist_count=48056
[OUT] [Timing] Search: 6.98 ms, dist_count=14163
[OUT] [Timing] Search: 5.62 ms, dist_count=9258
[OUT] [Timing] Search: 16.86 ms, dist_count=76798
[OUT] [Timing] Search: 14.12 ms, dist_count=59295
[OUT] [Timing] Search: 20.04 ms, dist_count=95149
[OUT] [Timing] Search: 7.57 ms, dist_count=8289
[OUT] [Timing] Search: 7.28 ms, dist_count=10396
[OUT] [Timing] Search: 12.45 ms, dist_count=19607
[OUT] [Timing] Search: 16.58 ms, dist_count=75481
[OUT] [Timing] Search: 4.99 ms, dist_count=10741
[OUT] [Timing] Search: 14.42 ms, dist_count=73531
[OUT] [Timing] Search: 11.55 ms, dist_count=47572
[OUT] [Timing] Search: 8.23 ms, dist_count=23037
[OUT] [Timing] Search: 14.60 ms, dist_count=74585
[OUT] [Timing] Search: 10.33 ms, dist_count=46154
[OUT] [Timing] Search: 11.93 ms, dist_count=39932
[OUT] [Timing] Search: 12.50 ms, dist_count=46503
[OUT] [Timing] Search: 14.72 ms, dist_count=79452
[OUT] [Timing] Search: 2.55 ms, dist_count=3492
[OUT] [Timing] Search: 12.13 ms, dist_count=56590
[OUT] [Timing] Search: 11.73 ms, dist_count=43466
[OUT] [Timing] Search: 13.13 ms, dist_count=64522
[OUT] [Timing] Search: 8.87 ms, dist_count=29558
[OUT] [Timing] Search: 10.58 ms, dist_count=47326
[OUT] [Timing] Search: 10.33 ms, dist_count=43888
[OUT] [Timing] Search: 16.29 ms, dist_count=88394
[OUT] [Timing] Search: 7.61 ms, dist_count=26548
[OUT] [Timing] Search: 9.51 ms, dist_count=41246
[OUT] [Timing] Search: 11.72 ms, dist_count=61303
[OUT] [Timing] Search: 13.02 ms, dist_count=65568
[OUT] [Timing] Search: 13.00 ms, dist_count=61047
[OUT] [Timing] Search: 19.51 ms, dist_count=83481
[OUT] [Timing] Search: 16.75 ms, dist_count=73632
[OUT] [Timing] Search: 8.03 ms, dist_count=24246
[OUT] [Timing] Search: 10.47 ms, dist_count=50620
[OUT] [Timing] Search: 17.12 ms, dist_count=80995
[OUT] [Timing] Search: 5.48 ms, dist_count=13286
[OUT] [Timing] Search: 13.95 ms, dist_count=77293
[OUT] [Timing] Search: 10.78 ms, dist_count=40523
[OUT] [Timing] Search: 14.20 ms, dist_count=70081
[OUT] [Timing] Search: 10.91 ms, dist_count=53039
[OUT] [Timing] Search: 9.18 ms, dist_count=29617
[OUT] [Timing] Search: 4.93 ms, dist_count=7526
[OUT] [Timing] Search: 7.48 ms, dist_count=26202
[OUT] [Timing] Search: 10.11 ms, dist_count=37259
[OUT] [Timing] Search: 11.15 ms, dist_count=51866
[OUT] [Timing] Search: 8.72 ms, dist_count=32376
[OUT] [Timing] Search: 10.23 ms, dist_count=31222
[OUT] [Timing] Search: 12.97 ms, dist_count=60242
[OUT] [Timing] Search: 12.85 ms, dist_count=69186
[OUT] [Timing] Search: 5.45 ms, dist_count=9436
[OUT] [Timing] Search: 8.13 ms, dist_count=25668
[OUT] [Timing] Search: 11.32 ms, dist_count=60122
[OUT] [Timing] Search: 11.75 ms, dist_count=54169
[OUT] [Timing] Search: 9.92 ms, dist_count=51882
[OUT] [Timing] Search: 7.95 ms, dist_count=33930
[OUT] [Timing] Search: 15.18 ms, dist_count=81513
[OUT] [Timing] Search: 10.42 ms, dist_count=41914
[OUT] [Timing] Search: 9.46 ms, dist_count=40584
[OUT] [Timing] Search: 17.27 ms, dist_count=90013
[OUT] [Timing] Search: 10.48 ms, dist_count=39706
[OUT] [Timing] Search: 12.08 ms, dist_count=59208
[OUT] [Timing] Search: 9.58 ms, dist_count=41051
[OUT] [Timing] Search: 16.29 ms, dist_count=95218
[OUT] [Timing] Search: 13.13 ms, dist_count=69520
[OUT] [Timing] Search: 10.98 ms, dist_count=46371
[OUT] [Timing] Search: 6.78 ms, dist_count=23152
[OUT] [Timing] Search: 8.69 ms, dist_count=30226
[OUT] [Timing] Search: 13.98 ms, dist_count=79762
[OUT] [Timing] Search: 12.33 ms, dist_count=64624
[OUT] [Timing] Search: 11.77 ms, dist_count=46837
[OUT] [Timing] Search: 12.04 ms, dist_count=72725
[OUT] [Timing] Search: 6.77 ms, dist_count=19973
[OUT] [Timing] Search: 6.07 ms, dist_count=15616
[OUT] [Timing] Search: 11.07 ms, dist_count=57885
[OUT] [Timing] Search: 6.81 ms, dist_count=20054
[OUT] [Timing] Search: 8.54 ms, dist_count=27018
[OUT] [Timing] Search: 13.80 ms, dist_count=74649
[OUT] [Timing] Search: 10.62 ms, dist_count=45572
[OUT] [Timing] Search: 11.32 ms, dist_count=60669
[OUT] [Timing] Search: 9.33 ms, dist_count=34810
[OUT] [Timing] Search: 9.05 ms, dist_count=33532
[OUT] [Timing] Search: 10.70 ms, dist_count=55952
[OUT] [Timing] Search: 7.07 ms, dist_count=21711
[OUT] [Timing] Search: 6.80 ms, dist_count=22759
[OUT] [Timing] Search: 12.30 ms, dist_count=65838
[OUT] [Timing] Search: 10.38 ms, dist_count=53208
[OUT] [Timing] Search: 9.06 ms, dist_count=41077
[OUT] [Timing] Search: 6.60 ms, dist_count=20176
[OUT] [Timing] Search: 11.77 ms, dist_count=47522
[OUT] [Timing] Search: 15.73 ms, dist_count=72429
[OUT] [Timing] Search: 15.93 ms, dist_count=70232
[OUT] [Timing] Search: 8.65 ms, dist_count=25487
[OUT] [Timing] Search: 12.25 ms, dist_count=46704
[OUT] [Timing] Search: 7.97 ms, dist_count=22069
[OUT] [Timing] Search: 9.48 ms, dist_count=30127
[OUT] [Timing] Search: 9.46 ms, dist_count=30111
[OUT] [Timing] Search: 14.77 ms, dist_count=90201
[OUT] [Timing] Search: 12.06 ms, dist_count=64606
[OUT] [Timing] Search: 10.13 ms, dist_count=36762
[OUT] [Timing] Search: 15.48 ms, dist_count=94438
[OUT] [Timing] Search: 5.08 ms, dist_count=5030
[OUT] [Timing] Search: 10.17 ms, dist_count=52985
[OUT] [Timing] Search: 11.41 ms, dist_count=55519
[OUT] [Timing] Search: 10.43 ms, dist_count=50661
[OUT] [Timing] Search: 4.90 ms, dist_count=11643
[OUT] [Timing] Search: 7.40 ms, dist_count=15917
[OUT] [Timing] Search: 13.77 ms, dist_count=80316
[OUT] [Timing] Search: 14.59 ms, dist_count=82298
[OUT] [Timing] Search: 11.18 ms, dist_count=56842
[OUT] [Timing] Search: 8.65 ms, dist_count=40326
[OUT] [Timing] Search: 14.88 ms, dist_count=98646
[OUT] [Timing] Search: 8.58 ms, dist_count=38470
[OUT] [Timing] Search: 12.11 ms, dist_count=65404
[OUT] [Timing] Search: 11.59 ms, dist_count=65853
[OUT] [Timing] Search: 13.09 ms, dist_count=73763
[OUT] [Timing] Search: 11.76 ms, dist_count=61389
[OUT] [Timing] Search: 6.28 ms, dist_count=11988
[OUT] [Timing] Search: 9.42 ms, dist_count=40436
[OUT] [Timing] Search: 7.35 ms, dist_count=28653
[OUT] [Timing] Search: 7.20 ms, dist_count=23914
[OUT] [Timing] Search: 12.59 ms, dist_count=78254
[OUT] [Timing] Search: 9.64 ms, dist_count=41423
[OUT] [Timing] Search: 14.63 ms, dist_count=92591
[OUT] [Timing] Search: 14.11 ms, dist_count=88607
[OUT] [Timing] Search: 7.39 ms, dist_count=23839
[OUT] [Timing] Search: 11.41 ms, dist_count=62562
[OUT] [Timing] Search: 9.47 ms, dist_count=38293
[OUT] [Timing] Search: 14.14 ms, dist_count=90162
[OUT] [Timing] Search: 9.26 ms, dist_count=43799
[OUT] [Timing] Search: 9.15 ms, dist_count=37221
[OUT] [Timing] Search: 7.92 ms, dist_count=33579
[OUT] [Timing] Search: 7.80 ms, dist_count=28574
[OUT] [Timing] Search: 9.95 ms, dist_count=57321
[OUT] [Timing] Search: 6.67 ms, dist_count=19437
[OUT] [Timing] Search: 10.19 ms, dist_count=53795
[OUT] [Timing] Search: 7.58 ms, dist_count=28688
[OUT] [Timing] Search: 11.57 ms, dist_count=70077
[OUT] [Timing] Search: 11.18 ms, dist_count=66754
[OUT] [Timing] Search: 4.48 ms, dist_count=13025
[OUT] [Timing] Search: 9.42 ms, dist_count=41396
[OUT] [Timing] Search: 6.28 ms, dist_count=20642
[OUT] [Timing] Search: 12.53 ms, dist_count=68258
[OUT] [Timing] Search: 10.57 ms, dist_count=57010
[OUT] [Timing] Search: 11.43 ms, dist_count=68267
[OUT] [Timing] Search: 10.91 ms, dist_count=54925
[OUT] [Timing] Search: 8.78 ms, dist_count=43413
[OUT] [Timing] Search: 9.14 ms, dist_count=43795
[OUT] [Timing] Search: 9.37 ms, dist_count=45168
[OUT] [Timing] Search: 7.69 ms, dist_count=27336
[OUT] [Timing] Search: 15.72 ms, dist_count=97811
[OUT] [Timing] Search: 6.71 ms, dist_count=16198
[OUT] [Timing] Search: 6.37 ms, dist_count=21508
[OUT] [Timing] Search: 9.58 ms, dist_count=53827
[OUT] [Timing] Search: 6.64 ms, dist_count=20456
[OUT] [Timing] Search: 9.90 ms, dist_count=43960
[OUT] [Timing] Search: 9.61 ms, dist_count=47232
[OUT] [Timing] Search: 8.86 ms, dist_count=40188
[OUT] [Timing] Search: 10.41 ms, dist_count=62083
[OUT] [Timing] Search: 12.72 ms, dist_count=81810
[OUT] [Timing] Search: 11.05 ms, dist_count=66057
[OUT] [Timing] Search: 7.53 ms, dist_count=26657
[OUT] [Timing] Search: 4.36 ms, dist_count=10620
[OUT] [Timing] Search: 4.57 ms, dist_count=12577
[OUT] [Timing] Search: 10.67 ms, dist_count=54802
[OUT] [Timing] Search: 9.44 ms, dist_count=40026
[OUT] [Timing] Search: 7.70 ms, dist_count=31636
[OUT] [Timing] Search: 11.00 ms, dist_count=56561
[OUT] [Timing] Search: 6.30 ms, dist_count=19547
[OUT] [Timing] Search: 10.89 ms, dist_count=59835
[OUT] [Timing] Search: 9.62 ms, dist_count=44940
[OUT] [Timing] Search: 6.75 ms, dist_count=28959
[OUT] [Timing] Search: 7.53 ms, dist_count=32471
[OUT] [Timing] Search: 9.00 ms, dist_count=44496
[OUT] [Timing] Search: 12.43 ms, dist_count=68460
[OUT] [Timing] Search: 13.21 ms, dist_count=70347
[OUT] [Timing] Search: 4.67 ms, dist_count=8915
[OUT] [Timing] Search: 6.60 ms, dist_count=25060
[OUT] [Timing] Search: 9.58 ms, dist_count=54352
[OUT] [Timing] Search: 11.62 ms, dist_count=65953
[OUT] [Timing] Search: 11.90 ms, dist_count=71423
[OUT] [Timing] Search: 9.07 ms, dist_count=45294
[OUT] [Timing] Search: 8.69 ms, dist_count=32284
[OUT] [Timing] Search: 16.10 ms, dist_count=84725
[OUT] [Timing] Search: 8.80 ms, dist_count=37901
[OUT] [Timing] Search: 7.70 ms, dist_count=30558
[OUT] [Timing] Search: 8.85 ms, dist_count=48171
[OUT] [Timing] Search: 7.82 ms, dist_count=30391
[OUT] [Timing] Search: 4.52 ms, dist_count=8107
[OUT] [Timing] Search: 10.88 ms, dist_count=57244
[OUT] [Timing] Search: 6.26 ms, dist_count=15289
[OUT] [Timing] Search: 12.51 ms, dist_count=74913
[OUT] [Timing] Search: 5.02 ms, dist_count=13874
[OUT] [Timing] Search: 7.35 ms, dist_count=28600
[OUT] [Timing] Search: 6.04 ms, dist_count=18473
[OUT] [Timing] Search: 14.50 ms, dist_count=93509
[OUT] [Timing] Search: 8.63 ms, dist_count=41767
[OUT] [Timing] Search: 16.44 ms, dist_count=105815
[OUT] [Timing] Search: 9.52 ms, dist_count=39455
[OUT] [Timing] Search: 9.18 ms, dist_count=42775
[OUT] [Timing] Search: 11.03 ms, dist_count=53986
[OUT] [Timing] Search: 14.17 ms, dist_count=88986
[OUT] [Timing] Search: 10.52 ms, dist_count=63061
[OUT] [Timing] Search: 9.43 ms, dist_count=51872
[OUT] [Timing] Search: 6.33 ms, dist_count=22894
[OUT] [Timing] Search: 10.48 ms, dist_count=53072
[OUT] [Timing] Search: 11.06 ms, dist_count=61330
[OUT] [Timing] Search: 10.62 ms, dist_count=56780
[OUT] [Timing] Search: 4.07 ms, dist_count=7649
[OUT] [Timing] Search: 11.48 ms, dist_count=57482
[OUT] [Timing] Search: 12.80 ms, dist_count=75676
[OUT] [Timing] Search: 15.09 ms, dist_count=96929
[OUT] [Timing] Search: 13.38 ms, dist_count=86220
[OUT] [Timing] Search: 8.24 ms, dist_count=38041
[OUT] [Timing] Search: 5.40 ms, dist_count=14371
[OUT] [Timing] Search: 6.10 ms, dist_count=24447
[OUT] [Timing] Search: 8.52 ms, dist_count=37794
[OUT] [Timing] Search: 10.83 ms, dist_count=68976
[OUT] [Timing] Search: 9.55 ms, dist_count=51808
[OUT] [Timing] Search: 9.33 ms, dist_count=52188
[OUT] [Timing] Search: 8.78 ms, dist_count=42715
[OUT] [Timing] Search: 14.82 ms, dist_count=90682
[OUT] [Timing] Search: 15.69 ms, dist_count=92931
[OUT] [Timing] Search: 6.71 ms, dist_count=25049
[OUT] [Timing] Search: 12.17 ms, dist_count=75567
[OUT] [Timing] Search: 12.64 ms, dist_count=72855
[OUT] [Timing] Search: 8.39 ms, dist_count=38453
[OUT] [Timing] Search: 5.54 ms, dist_count=16605
[OUT] [Timing] Search: 8.58 ms, dist_count=37984
[OUT] [Timing] Search: 6.17 ms, dist_count=23090
[OUT] [Timing] Search: 11.59 ms, dist_count=67963
[OUT] [Timing] Search: 13.16 ms, dist_count=88012
[OUT] [Timing] Search: 8.68 ms, dist_count=44062
[OUT] [Timing] Search: 11.42 ms, dist_count=72367
[OUT] [Timing] Search: 5.23 ms, dist_count=16789
[OUT] [Timing] Search: 9.87 ms, dist_count=54872
[OUT] [Timing] Search: 11.54 ms, dist_count=68424
[OUT] [Timing] Search: 8.73 ms, dist_count=48908
[OUT] [Timing] Search: 7.93 ms, dist_count=30948
[OUT] [Timing] Search: 9.44 ms, dist_count=57390
[OUT] [Timing] Search: 10.48 ms, dist_count=63967
[OUT] [Timing] Search: 9.84 ms, dist_count=56078
[OUT] [Timing] Search: 6.17 ms, dist_count=21401
[OUT] [Timing] Search: 9.22 ms, dist_count=41599
[OUT] [Timing] Search: 11.57 ms, dist_count=60339
[OUT] [Timing] Search: 7.65 ms, dist_count=33872
[OUT] [Timing] Search: 9.16 ms, dist_count=48642
[OUT] [Timing] Search: 10.90 ms, dist_count=68439
[OUT] [Timing] Search: 6.32 ms, dist_count=20663
[OUT] [Timing] Search: 8.98 ms, dist_count=48212
[OUT] [Timing] Search: 5.41 ms, dist_count=17458
[OUT] [Timing] Search: 7.77 ms, dist_count=42035
[OUT] [Timing] Search: 9.36 ms, dist_count=51890
[OUT] [Timing] Search: 10.15 ms, dist_count=59951
[OUT] [Timing] Search: 9.34 ms, dist_count=49351
[OUT] [Timing] Search: 10.63 ms, dist_count=61466
[OUT] [Timing] Search: 10.86 ms, dist_count=70742
[OUT] [Timing] Search: 6.34 ms, dist_count=20558
[OUT] [Timing] Search: 10.84 ms, dist_count=66479
[OUT] [Timing] Search: 10.25 ms, dist_count=63467
[OUT] [Timing] Search: 7.15 ms, dist_count=30530
[OUT] [Timing] Search: 7.21 ms, dist_count=35504
[OUT] [Timing] Search: 7.83 ms, dist_count=21798
[OUT] [Timing] Search: 7.49 ms, dist_count=33943
[OUT] [Timing] Search: 11.37 ms, dist_count=76633
[OUT] [Timing] Search: 4.41 ms, dist_count=10382
[OUT] [Timing] Search: 9.39 ms, dist_count=50847
[OUT] [Timing] Search: 6.46 ms, dist_count=20073
[OUT] [Timing] Search: 7.16 ms, dist_count=28639
[OUT] [Timing] Search: 5.75 ms, dist_count=25059
[OUT] [Timing] Search: 11.94 ms, dist_count=76337
[OUT] [Timing] Search: 4.53 ms, dist_count=11331
[OUT] [Timing] Search: 8.31 ms, dist_count=40342
[OUT] [Timing] Search: 13.05 ms, dist_count=87814
[OUT] [Timing] Search: 4.80 ms, dist_count=12210
[OUT] [Timing] Search: 6.06 ms, dist_count=23576
[OUT] [Timing] Search: 8.84 ms, dist_count=47490
[OUT] [Timing] Search: 9.35 ms, dist_count=52856
[OUT] [Timing] Search: 10.81 ms, dist_count=67251
[OUT]   Processed 5000 queries
[OUT] 
[OUT] [Timing] Search: 12.34 ms, dist_count=81765
[OUT] [Timing] Search: 6.07 ms, dist_count=19561
[OUT] [Timing] Search: 13.09 ms, dist_count=78777
[OUT] [Timing] Search: 13.13 ms, dist_count=66463
[OUT] [Timing] Search: 11.73 ms, dist_count=48452
[OUT] [Timing] Search: 12.52 ms, dist_count=56227
[OUT] [Timing] Search: 9.40 ms, dist_count=36503
[OUT] [Timing] Search: 8.94 ms, dist_count=37090
[OUT] [Timing] Search: 10.79 ms, dist_count=53473
[OUT] [Timing] Search: 10.74 ms, dist_count=63807
[OUT] [Timing] Search: 13.07 ms, dist_count=93197
[OUT] [Timing] Search: 13.44 ms, dist_count=91149
[OUT] [Timing] Search: 11.74 ms, dist_count=66251
[OUT] [Timing] Search: 5.07 ms, dist_count=15800
[OUT] [Timing] Search: 13.91 ms, dist_count=95502
[OUT] [Timing] Search: 11.38 ms, dist_count=74518
[OUT] [Timing] Search: 12.70 ms, dist_count=88098
[OUT] [Timing] Search: 6.39 ms, dist_count=29425
[OUT] [Timing] Search: 5.41 ms, dist_count=17163
[OUT] [Timing] Search: 9.11 ms, dist_count=55379
[OUT] [Timing] Search: 8.06 ms, dist_count=40372
[OUT] [Timing] Search: 11.62 ms, dist_count=77574
[OUT] [Timing] Search: 12.68 ms, dist_count=83672
[OUT] [Timing] Search: 8.16 ms, dist_count=41423
[OUT] [Timing] Search: 10.95 ms, dist_count=68813
[OUT] [Timing] Search: 8.12 ms, dist_count=42664
[OUT] [Timing] Search: 15.26 ms, dist_count=75246
[OUT] [Timing] Search: 11.96 ms, dist_count=47621
[OUT] [Timing] Search: 14.25 ms, dist_count=87218
[OUT] [Timing] Search: 6.87 ms, dist_count=29888
[OUT] [Timing] Search: 10.96 ms, dist_count=59978
[OUT] [Timing] Search: 15.03 ms, dist_count=98488
[OUT] [Timing] Search: 9.61 ms, dist_count=51060
[OUT] [Timing] Search: 5.64 ms, dist_count=19659
[OUT] [Timing] Search: 3.03 ms, dist_count=5389
[OUT] [Timing] Search: 10.83 ms, dist_count=68930
[OUT] [Timing] Search: 5.94 ms, dist_count=24732
[OUT] [Timing] Search: 9.39 ms, dist_count=54193
[OUT] [Timing] Search: 10.03 ms, dist_count=59698
[OUT] [Timing] Search: 4.04 ms, dist_count=9204
[OUT] [Timing] Search: 5.16 ms, dist_count=21218
[OUT] [Timing] Search: 4.40 ms, dist_count=11195
[OUT] [Timing] Search: 8.55 ms, dist_count=37886
[OUT] [Timing] Search: 7.66 ms, dist_count=37933
[OUT] [Timing] Search: 9.49 ms, dist_count=57251
[OUT] [Timing] Search: 6.18 ms, dist_count=25455
[OUT] [Timing] Search: 11.50 ms, dist_count=78893
[OUT] [Timing] Search: 5.48 ms, dist_count=19218
[OUT] [Timing] Search: 9.54 ms, dist_count=59547
[OUT] [Timing] Search: 6.51 ms, dist_count=26242
[OUT] [Timing] Search: 8.73 ms, dist_count=54097
[OUT] [Timing] Search: 9.00 ms, dist_count=56124
[OUT] [Timing] Search: 8.10 ms, dist_count=41710
[OUT] [Timing] Search: 3.52 ms, dist_count=6631
[OUT] [Timing] Search: 8.42 ms, dist_count=44446
[OUT] [Timing] Search: 11.02 ms, dist_count=74153
[OUT] [Timing] Search: 5.69 ms, dist_count=21160
[OUT] [Timing] Search: 7.05 ms, dist_count=29175
[OUT] [Timing] Search: 12.14 ms, dist_count=78543
[OUT] [Timing] Search: 10.16 ms, dist_count=64957
[OUT] [Timing] Search: 11.12 ms, dist_count=68536
[OUT] [Timing] Search: 8.86 ms, dist_count=47735
[OUT] [Timing] Search: 6.50 ms, dist_count=30648
[OUT] [Timing] Search: 11.80 ms, dist_count=80548
[OUT] [Timing] Search: 5.35 ms, dist_count=16757
[OUT] [Timing] Search: 8.39 ms, dist_count=39050
[OUT] [Timing] Search: 5.62 ms, dist_count=18134
[OUT] [Timing] Search: 11.41 ms, dist_count=71645
[OUT] [Timing] Search: 10.98 ms, dist_count=71448
[OUT] [Timing] Search: 11.39 ms, dist_count=68246
[OUT] [Timing] Search: 9.83 ms, dist_count=58485
[OUT] [Timing] Search: 11.95 ms, dist_count=78832
[OUT] [Timing] Search: 9.01 ms, dist_count=55333
[OUT] [Timing] Search: 10.08 ms, dist_count=53945
[OUT] [Timing] Search: 11.77 ms, dist_count=76913
[OUT] [Timing] Search: 12.24 ms, dist_count=89087
[OUT] [Timing] Search: 9.07 ms, dist_count=56338
[OUT] [Timing] Search: 9.28 ms, dist_count=47668
[OUT] [Timing] Search: 7.75 ms, dist_count=42746
[OUT] [Timing] Search: 6.87 ms, dist_count=26025
[OUT] [Timing] Search: 11.77 ms, dist_count=78713
[OUT] [Timing] Search: 4.65 ms, dist_count=14689
[OUT] [Timing] Search: 6.28 ms, dist_count=25351
[OUT] [Timing] Search: 10.22 ms, dist_count=64252
[OUT] [Timing] Search: 11.75 ms, dist_count=71502
[OUT] [Timing] Search: 3.52 ms, dist_count=5742
[OUT] [Timing] Search: 4.03 ms, dist_count=11481
[OUT] [Timing] Search: 5.10 ms, dist_count=18076
[OUT] [Timing] Search: 4.20 ms, dist_count=14912
[OUT] [Timing] Search: 7.80 ms, dist_count=39626
[OUT] [Timing] Search: 8.57 ms, dist_count=39977
[OUT] [Timing] Search: 4.84 ms, dist_count=15365
[OUT] [Timing] Search: 5.44 ms, dist_count=17442
[OUT] [Timing] Search: 14.49 ms, dist_count=94632
[OUT] [Timing] Search: 6.25 ms, dist_count=24740
[OUT] [Timing] Search: 8.97 ms, dist_count=51215
[OUT] [Timing] Search: 8.35 ms, dist_count=41619
[OUT] [Timing] Search: 9.72 ms, dist_count=59107
[OUT] [Timing] Search: 7.61 ms, dist_count=42266
[OUT] [Timing] Search: 10.68 ms, dist_count=65153
[OUT] [Timing] Search: 7.53 ms, dist_count=39838
[OUT] [Timing] Search: 9.88 ms, dist_count=62588
[OUT] [Timing] Search: 9.63 ms, dist_count=55069
[OUT] [Timing] Search: 8.10 ms, dist_count=45326
[OUT] [Timing] Search: 7.42 ms, dist_count=36657
[OUT] [Timing] Search: 12.23 ms, dist_count=74383
[OUT] [Timing] Search: 9.11 ms, dist_count=31193
[OUT] [Timing] Search: 15.94 ms, dist_count=84047
[OUT] [Timing] Search: 8.10 ms, dist_count=30753
[OUT] [Timing] Search: 7.16 ms, dist_count=30429
[OUT] [Timing] Search: 4.01 ms, dist_count=8765
[OUT] [Timing] Search: 7.22 ms, dist_count=34991
[OUT] [Timing] Search: 6.47 ms, dist_count=29075
[OUT] [Timing] Search: 6.29 ms, dist_count=24472
[OUT] [Timing] Search: 7.09 ms, dist_count=35386
[OUT] [Timing] Search: 13.07 ms, dist_count=88286
[OUT] [Timing] Search: 4.14 ms, dist_count=9883
[OUT] [Timing] Search: 4.45 ms, dist_count=11509
[OUT] [Timing] Search: 12.45 ms, dist_count=79589
[OUT] [Timing] Search: 5.41 ms, dist_count=15620
[OUT] [Timing] Search: 9.01 ms, dist_count=44676
[OUT] [Timing] Search: 8.72 ms, dist_count=42718
[OUT] [Timing] Search: 11.37 ms, dist_count=75127
[OUT] [Timing] Search: 5.49 ms, dist_count=19533
[OUT] [Timing] Search: 10.42 ms, dist_count=64379
[OUT] [Timing] Search: 14.22 ms, dist_count=103967
[OUT] [Timing] Search: 6.43 ms, dist_count=31300
[OUT] [Timing] Search: 8.64 ms, dist_count=44685
[OUT] [Timing] Search: 10.49 ms, dist_count=62908
[OUT] [Timing] Search: 10.90 ms, dist_count=70917
[OUT] [Timing] Search: 9.14 ms, dist_count=47665
[OUT] [Timing] Search: 11.40 ms, dist_count=76538
[OUT] [Timing] Search: 5.92 ms, dist_count=20373
[OUT] [Timing] Search: 10.39 ms, dist_count=65025
[OUT] [Timing] Search: 6.36 ms, dist_count=30964
[OUT] [Timing] Search: 7.47 ms, dist_count=45230
[OUT] [Timing] Search: 10.54 ms, dist_count=68358
[OUT] [Timing] Search: 12.82 ms, dist_count=90581
[OUT] [Timing] Search: 9.85 ms, dist_count=55975
[OUT] [Timing] Search: 6.37 ms, dist_count=28987
[OUT] [Timing] Search: 6.70 ms, dist_count=32993
[OUT] [Timing] Search: 11.27 ms, dist_count=66838
[OUT] [Timing] Search: 9.18 ms, dist_count=55034
[OUT] [Timing] Search: 5.18 ms, dist_count=22030
[OUT] [Timing] Search: 8.69 ms, dist_count=46531
[OUT] [Timing] Search: 12.89 ms, dist_count=88277
[OUT] [Timing] Search: 7.90 ms, dist_count=45039
[OUT] [Timing] Search: 10.57 ms, dist_count=67360
[OUT] [Timing] Search: 13.19 ms, dist_count=89894
[OUT] [Timing] Search: 6.21 ms, dist_count=25530
[OUT] [Timing] Search: 9.26 ms, dist_count=54849
[OUT] [Timing] Search: 5.57 ms, dist_count=21084
[OUT] [Timing] Search: 9.83 ms, dist_count=61709
[OUT] [Timing] Search: 12.68 ms, dist_count=85564
[OUT] [Timing] Search: 12.98 ms, dist_count=90551
[OUT] [Timing] Search: 9.01 ms, dist_count=50648
[OUT] [Timing] Search: 11.42 ms, dist_count=79585
[OUT] [Timing] Search: 9.80 ms, dist_count=58147
[OUT] [Timing] Search: 12.26 ms, dist_count=84520
[OUT] [Timing] Search: 5.08 ms, dist_count=15721
[OUT] [Timing] Search: 8.67 ms, dist_count=46148
[OUT] [Timing] Search: 5.54 ms, dist_count=18587
[OUT] [Timing] Search: 12.28 ms, dist_count=87128
[OUT] [Timing] Search: 10.35 ms, dist_count=64752
[OUT] [Timing] Search: 9.50 ms, dist_count=60578
[OUT] [Timing] Search: 10.86 ms, dist_count=71998
[OUT] [Timing] Search: 9.78 ms, dist_count=61999
[OUT] [Timing] Search: 7.41 ms, dist_count=35042
[OUT] [Timing] Search: 8.31 ms, dist_count=36186
[OUT] [Timing] Search: 9.32 ms, dist_count=50273
[OUT] [Timing] Search: 12.13 ms, dist_count=84408
[OUT] [Timing] Search: 8.59 ms, dist_count=41468
[OUT] [Timing] Search: 8.65 ms, dist_count=49644
[OUT] [Timing] Search: 13.68 ms, dist_count=101936
[OUT] [Timing] Search: 9.50 ms, dist_count=57196
[OUT] [Timing] Search: 9.10 ms, dist_count=50956
[OUT] [Timing] Search: 9.16 ms, dist_count=56117
[OUT] [Timing] Search: 7.46 ms, dist_count=31085
[OUT] [Timing] Search: 6.34 ms, dist_count=31070
[OUT] [Timing] Search: 6.57 ms, dist_count=31263
[OUT] [Timing] Search: 10.48 ms, dist_count=65236
[OUT] [Timing] Search: 5.92 ms, dist_count=20472
[OUT] [Timing] Search: 5.48 ms, dist_count=22335
[OUT] [Timing] Search: 7.76 ms, dist_count=41093
[OUT] [Timing] Search: 6.82 ms, dist_count=31497
[OUT] [Timing] Search: 9.49 ms, dist_count=60982
[OUT] [Timing] Search: 6.54 ms, dist_count=31196
[OUT] [Timing] Search: 3.75 ms, dist_count=11844
[OUT] [Timing] Search: 11.53 ms, dist_count=76224
[OUT] [Timing] Search: 7.35 ms, dist_count=30813
[OUT] [Timing] Search: 6.74 ms, dist_count=30932
[OUT] [Timing] Search: 6.48 ms, dist_count=32377
[OUT] [Timing] Search: 3.62 ms, dist_count=6548
[OUT] [Timing] Search: 7.39 ms, dist_count=36979
[OUT] [Timing] Search: 3.82 ms, dist_count=8295
[OUT] [Timing] Search: 7.56 ms, dist_count=38601
[OUT] [Timing] Search: 4.93 ms, dist_count=16024
[OUT] [Timing] Search: 5.89 ms, dist_count=21654
[OUT] [Timing] Search: 3.14 ms, dist_count=6539
[OUT] [Timing] Search: 13.37 ms, dist_count=93880
[OUT] [Timing] Search: 6.59 ms, dist_count=31744
[OUT] [Timing] Search: 10.36 ms, dist_count=61342
[OUT] [Timing] Search: 13.12 ms, dist_count=73065
[OUT] [Timing] Search: 17.63 ms, dist_count=84935
[OUT] [Timing] Search: 12.16 ms, dist_count=43064
[OUT] [Timing] Search: 9.88 ms, dist_count=35168
[OUT] [Timing] Search: 10.52 ms, dist_count=60524
[OUT] [Timing] Search: 5.77 ms, dist_count=26660
[OUT] [Timing] Search: 9.85 ms, dist_count=60772
[OUT] [Timing] Search: 7.19 ms, dist_count=37673
[OUT] [Timing] Search: 9.12 ms, dist_count=52167
[OUT] [Timing] Search: 6.27 ms, dist_count=15186
[OUT] [Timing] Search: 6.77 ms, dist_count=17445
[OUT] [Timing] Search: 4.95 ms, dist_count=11374
[OUT] [Timing] Search: 9.90 ms, dist_count=44926
[OUT] [Timing] Search: 10.29 ms, dist_count=47920
[OUT] [Timing] Search: 5.94 ms, dist_count=26771
[OUT] [Timing] Search: 7.60 ms, dist_count=43286
[OUT] [Timing] Search: 7.72 ms, dist_count=43703
[OUT] [Timing] Search: 11.88 ms, dist_count=82747
[OUT] [Timing] Search: 5.33 ms, dist_count=22548
[OUT] [Timing] Search: 9.34 ms, dist_count=51928
[OUT] [Timing] Search: 9.35 ms, dist_count=59046
[OUT] [Timing] Search: 4.70 ms, dist_count=11204
[OUT] [Timing] Search: 6.26 ms, dist_count=24216
[OUT] [Timing] Search: 6.78 ms, dist_count=32716
[OUT] [Timing] Search: 7.12 ms, dist_count=37632
[OUT] [Timing] Search: 13.28 ms, dist_count=93349
[OUT] [Timing] Search: 9.49 ms, dist_count=57187
[OUT] [Timing] Search: 8.35 ms, dist_count=42245
[OUT] [Timing] Search: 5.18 ms, dist_count=22200
[OUT] [Timing] Search: 5.85 ms, dist_count=19892
[OUT] [Timing] Search: 10.34 ms, dist_count=65450
[OUT] [Timing] Search: 7.87 ms, dist_count=40193
[OUT] [Timing] Search: 9.95 ms, dist_count=58849
[OUT] [Timing] Search: 8.11 ms, dist_count=42757
[OUT] [Timing] Search: 6.90 ms, dist_count=31414
[OUT] [Timing] Search: 7.00 ms, dist_count=32846
[OUT] [Timing] Search: 4.58 ms, dist_count=11497
[OUT] [Timing] Search: 7.36 ms, dist_count=33686
[OUT] [Timing] Search: 9.48 ms, dist_count=53720
[OUT] [Timing] Search: 12.53 ms, dist_count=88694
[OUT] [Timing] Search: 7.28 ms, dist_count=34065
[OUT] [Timing] Search: 8.28 ms, dist_count=49009
[OUT] [Timing] Search: 12.07 ms, dist_count=82890
[OUT] [Timing] Search: 8.78 ms, dist_count=47273
[OUT] [Timing] Search: 10.29 ms, dist_count=65882
[OUT] [Timing] Search: 7.13 ms, dist_count=30975
[OUT] [Timing] Search: 8.66 ms, dist_count=46768
[OUT] [Timing] Search: 5.47 ms, dist_count=19380
[OUT] [Timing] Search: 7.41 ms, dist_count=38458
[OUT] [Timing] Search: 6.82 ms, dist_count=33714
[OUT] [Timing] Search: 9.88 ms, dist_count=66192
[OUT] [Timing] Search: 10.35 ms, dist_count=58950
[OUT] [Timing] Search: 4.40 ms, dist_count=15719
[OUT] [Timing] Search: 13.08 ms, dist_count=86241
[OUT] [Timing] Search: 8.82 ms, dist_count=44936
[OUT] [Timing] Search: 4.40 ms, dist_count=16001
[OUT] [Timing] Search: 8.11 ms, dist_count=45032
[OUT] [Timing] Search: 8.43 ms, dist_count=48885
[OUT] [Timing] Search: 8.28 ms, dist_count=46132
[OUT] [Timing] Search: 6.12 ms, dist_count=27911
[OUT] [Timing] Search: 9.08 ms, dist_count=53885
[OUT] [Timing] Search: 13.55 ms, dist_count=100066
[OUT] [Timing] Search: 7.85 ms, dist_count=38846
[OUT] [Timing] Search: 5.09 ms, dist_count=15465
[OUT] [Timing] Search: 6.86 ms, dist_count=33303
[OUT] [Timing] Search: 7.47 ms, dist_count=38735
[OUT] [Timing] Search: 13.55 ms, dist_count=92630
[OUT] [Timing] Search: 7.98 ms, dist_count=43460
[OUT] [Timing] Search: 5.85 ms, dist_count=28795
[OUT] [Timing] Search: 9.87 ms, dist_count=64459
[OUT] [Timing] Search: 9.45 ms, dist_count=65923
[OUT] [Timing] Search: 10.01 ms, dist_count=61146
[OUT] [Timing] Search: 4.58 ms, dist_count=13802
[OUT] [Timing] Search: 6.34 ms, dist_count=27758
[OUT] [Timing] Search: 5.57 ms, dist_count=22710
[OUT] [Timing] Search: 7.81 ms, dist_count=40306
[OUT] [Timing] Search: 10.14 ms, dist_count=55522
[OUT] [Timing] Search: 13.07 ms, dist_count=75830
[OUT] [Timing] Search: 7.71 ms, dist_count=32208
[OUT] [Timing] Search: 6.06 ms, dist_count=27998
[OUT] [Timing] Search: 13.03 ms, dist_count=89353
[OUT] [Timing] Search: 5.48 ms, dist_count=20933
[OUT] [Timing] Search: 13.24 ms, dist_count=97385
[OUT] [Timing] Search: 11.76 ms, dist_count=77643
[OUT] [Timing] Search: 6.62 ms, dist_count=31196
[OUT] [Timing] Search: 9.60 ms, dist_count=61171
[OUT] [Timing] Search: 11.58 ms, dist_count=74951
[OUT] [Timing] Search: 7.56 ms, dist_count=40897
[OUT] [Timing] Search: 8.80 ms, dist_count=39864
[OUT] [Timing] Search: 8.35 ms, dist_count=44896
[OUT] [Timing] Search: 10.36 ms, dist_count=63814
[OUT] [Timing] Search: 11.43 ms, dist_count=79106
[OUT] [Timing] Search: 9.49 ms, dist_count=58509
[OUT] [Timing] Search: 12.19 ms, dist_count=88254
[OUT] [Timing] Search: 8.82 ms, dist_count=51330
[OUT] [Timing] Search: 6.06 ms, dist_count=26129
[OUT] [Timing] Search: 9.83 ms, dist_count=59144
[OUT] [Timing] Search: 9.90 ms, dist_count=59577
[OUT] [Timing] Search: 5.39 ms, dist_count=17148
[OUT] [Timing] Search: 11.41 ms, dist_count=70220
[OUT] [Timing] Search: 9.11 ms, dist_count=57666
[OUT] [Timing] Search: 12.64 ms, dist_count=89135
[OUT] [Timing] Search: 8.99 ms, dist_count=53856
[OUT] [Timing] Search: 6.85 ms, dist_count=37364
[OUT] [Timing] Search: 6.11 ms, dist_count=23684
[OUT] [Timing] Search: 12.36 ms, dist_count=89790
[OUT] [Timing] Search: 4.10 ms, dist_count=8392
[OUT] [Timing] Search: 4.49 ms, dist_count=13378
[OUT] [Timing] Search: 4.79 ms, dist_count=17395
[OUT] [Timing] Search: 7.81 ms, dist_count=45401
[OUT] [Timing] Search: 13.73 ms, dist_count=96953
[OUT] [Timing] Search: 3.61 ms, dist_count=5515
[OUT] [Timing] Search: 9.16 ms, dist_count=52154
[OUT] [Timing] Search: 11.09 ms, dist_count=75035
[OUT] [Timing] Search: 7.57 ms, dist_count=35722
[OUT] [Timing] Search: 10.03 ms, dist_count=64326
[OUT] [Timing] Search: 11.09 ms, dist_count=73048
[OUT] [Timing] Search: 9.42 ms, dist_count=39255
[OUT] [Timing] Search: 10.52 ms, dist_count=47431
[OUT] [Timing] Search: 8.24 ms, dist_count=32020
[OUT] [Timing] Search: 8.84 ms, dist_count=40379
[OUT] [Timing] Search: 10.77 ms, dist_count=48179
[OUT] [Timing] Search: 5.76 ms, dist_count=13629
[OUT] [Timing] Search: 7.45 ms, dist_count=25943
[OUT] [Timing] Search: 9.50 ms, dist_count=39990
[OUT] [Timing] Search: 7.30 ms, dist_count=38812
[OUT] [Timing] Search: 11.37 ms, dist_count=75761
[OUT] [Timing] Search: 7.52 ms, dist_count=37540
[OUT] [Timing] Search: 9.21 ms, dist_count=54584
[OUT] [Timing] Search: 8.69 ms, dist_count=45790
[OUT] [Timing] Search: 9.97 ms, dist_count=65172
[OUT] [Timing] Search: 10.44 ms, dist_count=57648
[OUT] [Timing] Search: 3.11 ms, dist_count=4662
[OUT] [Timing] Search: 8.35 ms, dist_count=37046
[OUT] [Timing] Search: 11.62 ms, dist_count=63499
[OUT] [Timing] Search: 14.02 ms, dist_count=82846
[OUT] [Timing] Search: 5.02 ms, dist_count=11518
[OUT] [Timing] Search: 9.36 ms, dist_count=51609
[OUT] [Timing] Search: 12.54 ms, dist_count=74940
[OUT] [Timing] Search: 5.77 ms, dist_count=16199
[OUT] [Timing] Search: 10.90 ms, dist_count=66466
[OUT] [Timing] Search: 12.01 ms, dist_count=80894
[OUT] [Timing] Search: 8.19 ms, dist_count=40887
[OUT] [Timing] Search: 8.45 ms, dist_count=45833
[OUT] [Timing] Search: 14.38 ms, dist_count=89171
[OUT] [Timing] Search: 5.18 ms, dist_count=16781
[OUT] [Timing] Search: 10.07 ms, dist_count=44783
[OUT] [Timing] Search: 6.40 ms, dist_count=21129
[OUT] [Timing] Search: 5.60 ms, dist_count=15897
[OUT] [Timing] Search: 9.43 ms, dist_count=41499
[OUT] [Timing] Search: 9.58 ms, dist_count=42866
[OUT] [Timing] Search: 9.66 ms, dist_count=54318
[OUT] [Timing] Search: 7.97 ms, dist_count=42692
[OUT] [Timing] Search: 8.95 ms, dist_count=44245
[OUT] [Timing] Search: 8.94 ms, dist_count=53517
[OUT] [Timing] Search: 4.01 ms, dist_count=9552
[OUT] [Timing] Search: 4.47 ms, dist_count=11025
[OUT] [Timing] Search: 4.46 ms, dist_count=14580
[OUT] [Timing] Search: 12.32 ms, dist_count=65411
[OUT] [Timing] Search: 6.44 ms, dist_count=24985
[OUT] [Timing] Search: 7.55 ms, dist_count=37437
[OUT] [Timing] Search: 13.03 ms, dist_count=74073
[OUT] [Timing] Search: 10.98 ms, dist_count=46331
[OUT] [Timing] Search: 6.67 ms, dist_count=26956
[OUT] [Timing] Search: 7.14 ms, dist_count=34022
[OUT] [Timing] Search: 10.02 ms, dist_count=50369
[OUT] [Timing] Search: 7.24 ms, dist_count=27971
[OUT] [Timing] Search: 11.52 ms, dist_count=61133
[OUT] [Timing] Search: 10.78 ms, dist_count=52822
[OUT] [Timing] Search: 6.29 ms, dist_count=24516
[OUT] [Timing] Search: 8.35 ms, dist_count=39257
[OUT] [Timing] Search: 9.52 ms, dist_count=50353
[OUT] [Timing] Search: 9.88 ms, dist_count=61246
[OUT] [Timing] Search: 6.05 ms, dist_count=17765
[OUT] [Timing] Search: 7.30 ms, dist_count=26672
[OUT] [Timing] Search: 9.99 ms, dist_count=52025
[OUT] [Timing] Search: 14.24 ms, dist_count=103670
[OUT] [Timing] Search: 6.03 ms, dist_count=22892
[OUT] [Timing] Search: 13.23 ms, dist_count=66375
[OUT] [Timing] Search: 11.05 ms, dist_count=63942
[OUT] [Timing] Search: 12.06 ms, dist_count=68629
[OUT] [Timing] Search: 7.31 ms, dist_count=30346
[OUT] [Timing] Search: 12.11 ms, dist_count=77899
[OUT] [Timing] Search: 13.11 ms, dist_count=86378
[OUT] [Timing] Search: 3.39 ms, dist_count=5682
[OUT] [Timing] Search: 10.24 ms, dist_count=62044
[OUT] [Timing] Search: 9.45 ms, dist_count=58923
[OUT] [Timing] Search: 13.00 ms, dist_count=90945
[OUT] [Timing] Search: 13.94 ms, dist_count=103394
[OUT] [Timing] Search: 4.92 ms, dist_count=12846
[OUT] [Timing] Search: 10.99 ms, dist_count=71120
[OUT] [Timing] Search: 7.45 ms, dist_count=39253
[OUT] [Timing] Search: 7.89 ms, dist_count=43219
[OUT] [Timing] Search: 7.90 ms, dist_count=40089
[OUT] [Timing] Search: 6.13 ms, dist_count=29317
[OUT] [Timing] Search: 11.49 ms, dist_count=75484
[OUT] [Timing] Search: 9.94 ms, dist_count=63096
[OUT] [Timing] Search: 7.71 ms, dist_count=39794
[OUT] [Timing] Search: 5.77 ms, dist_count=22862
[OUT] [Timing] Search: 6.99 ms, dist_count=33550
[OUT] [Timing] Search: 11.38 ms, dist_count=63014
[OUT] [Timing] Search: 8.23 ms, dist_count=45869
[OUT] [Timing] Search: 11.55 ms, dist_count=76347
[OUT] [Timing] Search: 3.98 ms, dist_count=9319
[OUT] [Timing] Search: 3.61 ms, dist_count=11422
[OUT] [Timing] Search: 10.87 ms, dist_count=74562
[OUT] [Timing] Search: 10.44 ms, dist_count=66456
[OUT] [Timing] Search: 11.57 ms, dist_count=81447
[OUT] [Timing] Search: 8.41 ms, dist_count=46775
[OUT] [Timing] Search: 9.96 ms, dist_count=59608
[OUT] [Timing] Search: 10.75 ms, dist_count=68672
[OUT] [Timing] Search: 4.84 ms, dist_count=15535
[OUT] [Timing] Search: 10.88 ms, dist_count=71581
[OUT] [Timing] Search: 8.82 ms, dist_count=54473
[OUT] [Timing] Search: 11.04 ms, dist_count=75098
[OUT] [Timing] Search: 8.14 ms, dist_count=45588
[OUT] [Timing] Search: 8.45 ms, dist_count=47429
[OUT] [Timing] Search: 7.50 ms, dist_count=41032
[OUT] [Timing] Search: 10.53 ms, dist_count=67983
[OUT] [Timing] Search: 9.59 ms, dist_count=51610
[OUT] [Timing] Search: 9.77 ms, dist_count=48200
[OUT] [Timing] Search: 7.50 ms, dist_count=31471
[OUT] [Timing] Search: 7.13 ms, dist_count=34609
[OUT] [Timing] Search: 7.26 ms, dist_count=35005
[OUT] [Timing] Search: 8.94 ms, dist_count=56532
[OUT] [Timing] Search: 11.08 ms, dist_count=76536
[OUT] [Timing] Search: 8.13 ms, dist_count=49147
[OUT] [Timing] Search: 4.65 ms, dist_count=14953
[OUT] [Timing] Search: 10.01 ms, dist_count=64822
[OUT] [Timing] Search: 8.66 ms, dist_count=48054
[OUT] [Timing] Search: 10.61 ms, dist_count=67760
[OUT] [Timing] Search: 6.75 ms, dist_count=35680
[OUT] [Timing] Search: 8.63 ms, dist_count=46246
[OUT] [Timing] Search: 9.51 ms, dist_count=58992
[OUT] [Timing] Search: 6.22 ms, dist_count=25118
[OUT] [Timing] Search: 8.93 ms, dist_count=54710
[OUT] [Timing] Search: 10.59 ms, dist_count=69981
[OUT] [Timing] Search: 8.44 ms, dist_count=44359
[OUT] [Timing] Search: 6.95 ms, dist_count=38023
[OUT] [Timing] Search: 12.65 ms, dist_count=89298
[OUT] [Timing] Search: 9.22 ms, dist_count=54845
[OUT] [Timing] Search: 4.46 ms, dist_count=16112
[OUT] [Timing] Search: 6.79 ms, dist_count=35119
[OUT] [Timing] Search: 9.68 ms, dist_count=54737
[OUT] [Timing] Search: 11.13 ms, dist_count=74116
[OUT] [Timing] Search: 6.69 ms, dist_count=37004
[OUT] [Timing] Search: 9.89 ms, dist_count=56492
[OUT] [Timing] Search: 5.87 ms, dist_count=26018
[OUT] [Timing] Search: 9.16 ms, dist_count=52174
[OUT] [Timing] Search: 10.07 ms, dist_count=64966
[OUT] [Timing] Search: 7.21 ms, dist_count=40371
[OUT] [Timing] Search: 6.78 ms, dist_count=35135
[OUT] [Timing] Search: 9.95 ms, dist_count=65949
[OUT] [Timing] Search: 7.36 ms, dist_count=36784
[OUT] [Timing] Search: 4.70 ms, dist_count=11260
[OUT] [Timing] Search: 9.27 ms, dist_count=59329
[OUT] [Timing] Search: 8.84 ms, dist_count=54220
[OUT] [Timing] Search: 5.98 ms, dist_count=25125
[OUT] [Timing] Search: 11.57 ms, dist_count=84036
[OUT] [Timing] Search: 10.10 ms, dist_count=63438
[OUT] [Timing] Search: 14.17 ms, dist_count=85637
[OUT] [Timing] Search: 5.21 ms, dist_count=19823
[OUT] [Timing] Search: 9.30 ms, dist_count=51853
[OUT] [Timing] Search: 10.44 ms, dist_count=71024
[OUT] [Timing] Search: 10.32 ms, dist_count=60365
[OUT] [Timing] Search: 10.06 ms, dist_count=64373
[OUT] [Timing] Search: 3.64 ms, dist_count=8337
[OUT] [Timing] Search: 9.18 ms, dist_count=54837
[OUT] [Timing] Search: 9.71 ms, dist_count=65414
[OUT] [Timing] Search: 6.77 ms, dist_count=30093
[OUT] [Timing] Search: 4.60 ms, dist_count=13947
[OUT] [Timing] Search: 8.18 ms, dist_count=40762
[OUT] [Timing] Search: 7.89 ms, dist_count=39111
[OUT] [Timing] Search: 4.28 ms, dist_count=11931
[OUT] [Timing] Search: 10.60 ms, dist_count=63986
[OUT] [Timing] Search: 13.82 ms, dist_count=88015
[OUT] [Timing] Search: 8.77 ms, dist_count=50340
[OUT] [Timing] Search: 5.64 ms, dist_count=21403
[OUT] [Timing] Search: 9.90 ms, dist_count=59265
[OUT] [Timing] Search: 8.47 ms, dist_count=48645
[OUT] [Timing] Search: 8.08 ms, dist_count=45749
[OUT] [Timing] Search: 6.95 ms, dist_count=31839
[OUT] [Timing] Search: 12.32 ms, dist_count=84632
[OUT] [Timing] Search: 10.51 ms, dist_count=62470
[OUT] [Timing] Search: 6.66 ms, dist_count=24874
[OUT] [Timing] Search: 14.25 ms, dist_count=92469
[OUT] [Timing] Search: 11.37 ms, dist_count=70840
[OUT] [Timing] Search: 7.09 ms, dist_count=34065
[OUT] [Timing] Search: 2.37 ms, dist_count=3251
[OUT] [Timing] Search: 9.81 ms, dist_count=53248
[OUT] [Timing] Search: 7.96 ms, dist_count=45676
[OUT] [Timing] Search: 6.16 ms, dist_count=32018
[OUT] [Timing] Search: 11.32 ms, dist_count=73835
[OUT] [Timing] Search: 8.68 ms, dist_count=51017
[OUT] [Timing] Search: 7.93 ms, dist_count=40140
[OUT] [Timing] Search: 11.18 ms, dist_count=80633
[OUT] [Timing] Search: 7.52 ms, dist_count=36049
[OUT] [Timing] Search: 11.88 ms, dist_count=77444
[OUT] [Timing] Search: 10.93 ms, dist_count=75517
[OUT] [Timing] Search: 10.53 ms, dist_count=72125
[OUT] [Timing] Search: 8.37 ms, dist_count=45635
[OUT] [Timing] Search: 10.88 ms, dist_count=75824
[OUT] [Timing] Search: 6.29 ms, dist_count=28090
[OUT] [Timing] Search: 9.19 ms, dist_count=54245
[OUT] [Timing] Search: 12.68 ms, dist_count=93121
[OUT] [Timing] Search: 7.76 ms, dist_count=25721
[OUT] [Timing] Search: 9.01 ms, dist_count=31556
[OUT] [Timing] Search: 12.64 ms, dist_count=61806
[OUT] [Timing] Search: 9.23 ms, dist_count=35457
[OUT] [Timing] Search: 7.28 ms, dist_count=38864
[OUT] [Timing] Search: 7.62 ms, dist_count=39944
[OUT] [Timing] Search: 11.72 ms, dist_count=85977
[OUT] [Timing] Search: 6.26 ms, dist_count=26733
[OUT] [Timing] Search: 6.50 ms, dist_count=29710
[OUT] [Timing] Search: 11.51 ms, dist_count=76937
[OUT] [Timing] Search: 5.89 ms, dist_count=26409
[OUT] [Timing] Search: 11.07 ms, dist_count=68441
[OUT] [Timing] Search: 9.93 ms, dist_count=61733
[OUT] [Timing] Search: 5.14 ms, dist_count=19533
[OUT] [Timing] Search: 7.33 ms, dist_count=37857
[OUT] [Timing] Search: 11.19 ms, dist_count=78259
[OUT] [Timing] Search: 6.96 ms, dist_count=33058
[OUT] [Timing] Search: 11.70 ms, dist_count=82112
[OUT] [Timing] Search: 9.74 ms, dist_count=60292
[OUT] [Timing] Search: 6.11 ms, dist_count=27256
[OUT] [Timing] Search: 10.41 ms, dist_count=56182
[OUT] [Timing] Search: 8.36 ms, dist_count=28316
[OUT] [Timing] Search: 11.52 ms, dist_count=57907
[OUT] [Timing] Search: 9.95 ms, dist_count=44377
[OUT] [Timing] Search: 10.11 ms, dist_count=47982
[OUT] [Timing] Search: 16.02 ms, dist_count=95392
[OUT] [Timing] Search: 7.64 ms, dist_count=25956
[OUT] [Timing] Search: 6.39 ms, dist_count=20948
[OUT] [Timing] Search: 10.23 ms, dist_count=48763
[OUT] [Timing] Search: 13.29 ms, dist_count=94244
[OUT] [Timing] Search: 5.31 ms, dist_count=16154
[OUT] [Timing] Search: 5.61 ms, dist_count=22999
[OUT] [Timing] Search: 12.55 ms, dist_count=84663
[OUT] [Timing] Search: 6.57 ms, dist_count=29895
[OUT] [Timing] Search: 6.43 ms, dist_count=32678
[OUT] [Timing] Search: 11.64 ms, dist_count=82812
[OUT] [Timing] Search: 9.94 ms, dist_count=65539
[OUT] [Timing] Search: 11.46 ms, dist_count=75341
[OUT] [Timing] Search: 11.58 ms, dist_count=81711
[OUT] [Timing] Search: 4.54 ms, dist_count=14232
[OUT] [Timing] Search: 8.08 ms, dist_count=43479
[OUT] [Timing] Search: 12.38 ms, dist_count=82596
[OUT] [Timing] Search: 7.06 ms, dist_count=36641
[OUT] [Timing] Search: 9.43 ms, dist_count=46789
[OUT] [Timing] Search: 7.80 ms, dist_count=42774
[OUT] [Timing] Search: 8.06 ms, dist_count=45431
[OUT] [Timing] Search: 7.12 ms, dist_count=36482
[OUT] [Timing] Search: 11.55 ms, dist_count=79002
[OUT] [Timing] Search: 7.38 ms, dist_count=33937
[OUT] [Timing] Search: 10.42 ms, dist_count=65014
[OUT] [Timing] Search: 6.54 ms, dist_count=27743
[OUT] [Timing] Search: 12.79 ms, dist_count=83009
[OUT] [Timing] Search: 7.71 ms, dist_count=39148
[OUT] [Timing] Search: 10.94 ms, dist_count=73707
[OUT] [Timing] Search: 9.93 ms, dist_count=63843
[OUT] [Timing] Search: 8.18 ms, dist_count=43038
[OUT] [Timing] Search: 7.25 ms, dist_count=40633
[OUT] [Timing] Search: 9.52 ms, dist_count=60597
[OUT] [Timing] Search: 6.09 ms, dist_count=30110
[OUT] [Timing] Search: 10.29 ms, dist_count=66530
[OUT] [Timing] Search: 4.95 ms, dist_count=20637
[OUT] [Timing] Search: 13.06 ms, dist_count=84782
[OUT] [Timing] Search: 10.74 ms, dist_count=63403
[OUT] [Timing] Search: 11.99 ms, dist_count=81715
[OUT] [Timing] Search: 7.55 ms, dist_count=38375
[OUT] [Timing] Search: 8.17 ms, dist_count=44877
[OUT] [Timing] Search: 11.34 ms, dist_count=79048
[OUT] [Timing] Search: 10.04 ms, dist_count=63097
[OUT] [Timing] Search: 13.18 ms, dist_count=98375
[OUT] [Timing] Search: 7.15 ms, dist_count=38930
[OUT] [Timing] Search: 5.26 ms, dist_count=20746
[OUT] [Timing] Search: 7.34 ms, dist_count=35481
[OUT] [Timing] Search: 11.34 ms, dist_count=75885
[OUT] [Timing] Search: 8.78 ms, dist_count=50128
[OUT] [Timing] Search: 12.49 ms, dist_count=88895
[OUT] [Timing] Search: 8.01 ms, dist_count=41400
[OUT] [Timing] Search: 8.36 ms, dist_count=45790
[OUT] [Timing] Search: 6.75 ms, dist_count=33821
[OUT] [Timing] Search: 9.78 ms, dist_count=61821
[OUT] [Timing] Search: 4.03 ms, dist_count=8241
[OUT] [Timing] Search: 14.18 ms, dist_count=99122
[OUT] [Timing] Search: 11.85 ms, dist_count=77472
[OUT] [Timing] Search: 9.87 ms, dist_count=62449
[OUT] [Timing] Search: 7.52 ms, dist_count=40451
[OUT] [Timing] Search: 11.79 ms, dist_count=82090
[OUT] [Timing] Search: 8.52 ms, dist_count=42232
[OUT] [Timing] Search: 4.71 ms, dist_count=19445
[OUT] [Timing] Search: 6.97 ms, dist_count=32125
[OUT] [Timing] Search: 10.09 ms, dist_count=65584
[OUT] [Timing] Search: 6.76 ms, dist_count=28940
[OUT] [Timing] Search: 6.88 ms, dist_count=37947
[OUT] [Timing] Search: 7.67 ms, dist_count=39357
[OUT] [Timing] Search: 7.00 ms, dist_count=27692
[OUT] [Timing] Search: 8.20 ms, dist_count=43862
[OUT] [Timing] Search: 11.47 ms, dist_count=82937
[OUT] [Timing] Search: 5.45 ms, dist_count=22036
[OUT] [Timing] Search: 8.09 ms, dist_count=50480
[OUT] [Timing] Search: 11.01 ms, dist_count=75610
[OUT] [Timing] Search: 7.53 ms, dist_count=38972
[OUT] [Timing] Search: 5.30 ms, dist_count=20924
[OUT] [Timing] Search: 5.45 ms, dist_count=16664
[OUT] [Timing] Search: 9.37 ms, dist_count=54387
[OUT] [Timing] Search: 6.22 ms, dist_count=29351
[OUT] [Timing] Search: 7.24 ms, dist_count=33988
[OUT] [Timing] Search: 11.07 ms, dist_count=73531
[OUT] [Timing] Search: 9.99 ms, dist_count=65786
[OUT] [Timing] Search: 10.27 ms, dist_count=63710
[OUT] [Timing] Search: 10.64 ms, dist_count=71042
[OUT] [Timing] Search: 7.63 ms, dist_count=39714
[OUT] [Timing] Search: 5.48 ms, dist_count=23327
[OUT] [Timing] Search: 9.21 ms, dist_count=56446
[OUT] [Timing] Search: 11.25 ms, dist_count=79302
[OUT] [Timing] Search: 11.34 ms, dist_count=74237
[OUT] [Timing] Search: 8.95 ms, dist_count=51597
[OUT] [Timing] Search: 7.90 ms, dist_count=43891
[OUT] [Timing] Search: 8.83 ms, dist_count=53521
[OUT] [Timing] Search: 6.24 ms, dist_count=24597
[OUT] [Timing] Search: 10.13 ms, dist_count=68912
[OUT] [Timing] Search: 6.89 ms, dist_count=34959
[OUT] [Timing] Search: 13.92 ms, dist_count=103577
[OUT] [Timing] Search: 8.28 ms, dist_count=46140
[OUT] [Timing] Search: 9.79 ms, dist_count=60762
[OUT] [Timing] Search: 9.10 ms, dist_count=54977
[OUT] [Timing] Search: 5.96 ms, dist_count=21599
[OUT] [Timing] Search: 16.45 ms, dist_count=90038
[OUT] [Timing] Search: 5.41 ms, dist_count=16309
[OUT] [Timing] Search: 10.73 ms, dist_count=50189
[OUT] [Timing] Search: 9.33 ms, dist_count=51102
[OUT] [Timing] Search: 5.54 ms, dist_count=20751
[OUT] [Timing] Search: 4.56 ms, dist_count=12947
[OUT] [Timing] Search: 8.23 ms, dist_count=43576
[OUT] [Timing] Search: 8.10 ms, dist_count=46896
[OUT] [Timing] Search: 10.41 ms, dist_count=70052
[OUT] [Timing] Search: 13.40 ms, dist_count=99546
[OUT] [Timing] Search: 5.55 ms, dist_count=18251
[OUT] [Timing] Search: 11.43 ms, dist_count=78201
[OUT] [Timing] Search: 8.12 ms, dist_count=42301
[OUT] [Timing] Search: 3.85 ms, dist_count=7011
[OUT] [Timing] Search: 11.12 ms, dist_count=74005
[OUT] [Timing] Search: 8.14 ms, dist_count=49796
[OUT] [Timing] Search: 7.75 ms, dist_count=41464
[OUT] [Timing] Search: 11.12 ms, dist_count=80628
[OUT] [Timing] Search: 4.28 ms, dist_count=10554
[OUT] [Timing] Search: 12.45 ms, dist_count=88253
[OUT] [Timing] Search: 6.64 ms, dist_count=28106
[OUT] [Timing] Search: 10.75 ms, dist_count=70352
[OUT] [Timing] Search: 11.65 ms, dist_count=80286
[OUT] [Timing] Search: 7.71 ms, dist_count=37110
[OUT] [Timing] Search: 11.98 ms, dist_count=76699
[OUT] [Timing] Search: 5.40 ms, dist_count=22570
[OUT] [Timing] Search: 10.62 ms, dist_count=70416
[OUT] [Timing] Search: 8.22 ms, dist_count=50670
[OUT] [Timing] Search: 8.60 ms, dist_count=51844
[OUT] [Timing] Search: 10.04 ms, dist_count=65726
[OUT] [Timing] Search: 11.84 ms, dist_count=79741
[OUT] [Timing] Search: 8.15 ms, dist_count=44599
[OUT] [Timing] Search: 5.27 ms, dist_count=20085
[OUT] [Timing] Search: 7.71 ms, dist_count=40702
[OUT] [Timing] Search: 7.59 ms, dist_count=44368
[OUT] [Timing] Search: 11.31 ms, dist_count=79621
[OUT] [Timing] Search: 9.59 ms, dist_count=61081
[OUT] [Timing] Search: 8.80 ms, dist_count=52548
[OUT] [Timing] Search: 11.23 ms, dist_count=75481
[OUT] [Timing] Search: 10.06 ms, dist_count=66520
[OUT] [Timing] Search: 7.38 ms, dist_count=38452
[OUT] [Timing] Search: 10.76 ms, dist_count=65716
[OUT] [Timing] Search: 5.41 ms, dist_count=19486
[OUT] [Timing] Search: 9.92 ms, dist_count=64815
[OUT] [Timing] Search: 11.38 ms, dist_count=80332
[OUT] [Timing] Search: 7.86 ms, dist_count=43714
[OUT] [Timing] Search: 7.39 ms, dist_count=41217
[OUT] [Timing] Search: 11.66 ms, dist_count=78527
[OUT] [Timing] Search: 11.53 ms, dist_count=75079
[OUT] [Timing] Search: 9.22 ms, dist_count=59855
[OUT] [Timing] Search: 6.39 ms, dist_count=27480
[OUT] [Timing] Search: 11.41 ms, dist_count=72564
[OUT] [Timing] Search: 11.86 ms, dist_count=83604
[OUT] [Timing] Search: 9.85 ms, dist_count=64862
[OUT] [Timing] Search: 5.04 ms, dist_count=19428
[OUT] [Timing] Search: 9.83 ms, dist_count=63391
[OUT] [Timing] Search: 8.00 ms, dist_count=38431
[OUT] [Timing] Search: 11.43 ms, dist_count=82380
[OUT] [Timing] Search: 10.42 ms, dist_count=70596
[OUT] [Timing] Search: 14.82 ms, dist_count=88380
[OUT] [Timing] Search: 8.13 ms, dist_count=37571
[OUT] [Timing] Search: 6.76 ms, dist_count=31905
[OUT] [Timing] Search: 11.55 ms, dist_count=78324
[OUT] [Timing] Search: 10.81 ms, dist_count=70812
[OUT] [Timing] Search: 11.29 ms, dist_count=79417
[OUT] [Timing] Search: 9.79 ms, dist_count=63116
[OUT] [Timing] Search: 9.68 ms, dist_count=63574
[OUT] [Timing] Search: 4.81 ms, dist_count=19195
[OUT] [Timing] Search: 12.19 ms, dist_count=89242
[OUT] [Timing] Search: 8.54 ms, dist_count=50169
[OUT] [Timing] Search: 10.68 ms, dist_count=63292
[OUT] [Timing] Search: 4.91 ms, dist_count=15035
[OUT] [Timing] Search: 10.81 ms, dist_count=69816
[OUT] [Timing] Search: 8.56 ms, dist_count=50060
[OUT] [Timing] Search: 4.68 ms, dist_count=14827
[OUT] [Timing] Search: 10.18 ms, dist_count=68219
[OUT] [Timing] Search: 9.26 ms, dist_count=58480
[OUT] [Timing] Search: 9.18 ms, dist_count=57247
[OUT] [Timing] Search: 5.35 ms, dist_count=21225
[OUT] [Timing] Search: 7.49 ms, dist_count=38247
[OUT] [Timing] Search: 9.49 ms, dist_count=62309
[OUT] [Timing] Search: 12.52 ms, dist_count=80388
[OUT] [Timing] Search: 10.13 ms, dist_count=57600
[OUT] [Timing] Search: 8.21 ms, dist_count=47962
[OUT] [Timing] Search: 9.79 ms, dist_count=54993
[OUT] [Timing] Search: 10.81 ms, dist_count=72864
[OUT] [Timing] Search: 4.72 ms, dist_count=14519
[OUT] [Timing] Search: 5.73 ms, dist_count=22559
[OUT] [Timing] Search: 8.09 ms, dist_count=44517
[OUT] [Timing] Search: 10.09 ms, dist_count=65128
[OUT] [Timing] Search: 9.96 ms, dist_count=66513
[OUT] [Timing] Search: 12.30 ms, dist_count=76936
[OUT] [Timing] Search: 11.27 ms, dist_count=74417
[OUT] [Timing] Search: 11.23 ms, dist_count=78977
[OUT] [Timing] Search: 9.96 ms, dist_count=62013
[OUT] [Timing] Search: 10.18 ms, dist_count=59227
[OUT] [Timing] Search: 9.57 ms, dist_count=57561
[OUT] [Timing] Search: 9.25 ms, dist_count=55858
[OUT] [Timing] Search: 9.79 ms, dist_count=62169
[OUT] [Timing] Search: 6.95 ms, dist_count=40174
[OUT] [Timing] Search: 13.08 ms, dist_count=74924
[OUT] [Timing] Search: 8.78 ms, dist_count=35479
[OUT] [Timing] Search: 9.39 ms, dist_count=60201
[OUT] [Timing] Search: 10.12 ms, dist_count=62670
[OUT] [Timing] Search: 8.02 ms, dist_count=46356
[OUT] [Timing] Search: 9.35 ms, dist_count=50748
[OUT] [Timing] Search: 5.78 ms, dist_count=25689
[OUT] [Timing] Search: 10.28 ms, dist_count=63915
[OUT] [Timing] Search: 11.22 ms, dist_count=75406
[OUT] [Timing] Search: 4.97 ms, dist_count=16859
[OUT] [Timing] Search: 7.74 ms, dist_count=36532
[OUT] [Timing] Search: 4.56 ms, dist_count=13813
[OUT] [Timing] Search: 10.54 ms, dist_count=69679
[OUT] [Timing] Search: 9.81 ms, dist_count=63300
[OUT] [Timing] Search: 13.18 ms, dist_count=95475
[OUT] [Timing] Search: 8.69 ms, dist_count=45403
[OUT] [Timing] Search: 7.35 ms, dist_count=41141
[OUT] [Timing] Search: 7.62 ms, dist_count=36756
[OUT] [Timing] Search: 8.74 ms, dist_count=52570
[OUT] [Timing] Search: 8.50 ms, dist_count=47894
[OUT] [Timing] Search: 4.37 ms, dist_count=13961
[OUT] [Timing] Search: 11.98 ms, dist_count=81453
[OUT] [Timing] Search: 5.67 ms, dist_count=23124
[OUT] [Timing] Search: 10.97 ms, dist_count=74617
[OUT] [Timing] Search: 7.06 ms, dist_count=34554
[OUT] [Timing] Search: 11.77 ms, dist_count=79366
[OUT] [Timing] Search: 9.63 ms, dist_count=59037
[OUT] [Timing] Search: 9.98 ms, dist_count=67017
[OUT] [Timing] Search: 7.53 ms, dist_count=42847
[OUT] [Timing] Search: 9.70 ms, dist_count=50510
[OUT] [Timing] Search: 6.83 ms, dist_count=33613
[OUT] [Timing] Search: 7.03 ms, dist_count=28949
[OUT] [Timing] Search: 12.11 ms, dist_count=87691
[OUT] [Timing] Search: 6.20 ms, dist_count=27248
[OUT] [Timing] Search: 10.08 ms, dist_count=68137
[OUT] [Timing] Search: 9.86 ms, dist_count=65733
[OUT] [Timing] Search: 9.68 ms, dist_count=65694
[OUT] [Timing] Search: 5.25 ms, dist_count=21618
[OUT] [Timing] Search: 8.18 ms, dist_count=46201
[OUT] [Timing] Search: 8.17 ms, dist_count=47723
[OUT] [Timing] Search: 6.30 ms, dist_count=32743
[OUT] [Timing] Search: 5.21 ms, dist_count=19117
[OUT] [Timing] Search: 11.09 ms, dist_count=68516
[OUT] [Timing] Search: 4.67 ms, dist_count=17809
[OUT] [Timing] Search: 8.68 ms, dist_count=47310
[OUT] [Timing] Search: 9.05 ms, dist_count=55963
[OUT] [Timing] Search: 4.59 ms, dist_count=17055
[OUT] [Timing] Search: 11.98 ms, dist_count=71484
[OUT] [Timing] Search: 7.87 ms, dist_count=41846
[OUT] [Timing] Search: 13.17 ms, dist_count=101691
[OUT] [Timing] Search: 3.75 ms, dist_count=7835
[OUT] [Timing] Search: 5.17 ms, dist_count=18650
[OUT] [Timing] Search: 8.57 ms, dist_count=46016
[OUT] [Timing] Search: 9.22 ms, dist_count=57847
[OUT] [Timing] Search: 10.14 ms, dist_count=57018
[OUT] [Timing] Search: 8.01 ms, dist_count=40343
[OUT] [Timing] Search: 9.48 ms, dist_count=61460
[OUT] [Timing] Search: 7.88 ms, dist_count=44384
[OUT] [Timing] Search: 10.76 ms, dist_count=75735
[OUT] [Timing] Search: 5.23 ms, dist_count=19149
[OUT] [Timing] Search: 5.06 ms, dist_count=15326
[OUT] [Timing] Search: 14.36 ms, dist_count=93045
[OUT] [Timing] Search: 7.60 ms, dist_count=40715
[OUT] [Timing] Search: 4.42 ms, dist_count=11581
[OUT] [Timing] Search: 6.21 ms, dist_count=27503
[OUT] [Timing] Search: 7.38 ms, dist_count=32566
[OUT] [Timing] Search: 8.38 ms, dist_count=43172
[OUT] [Timing] Search: 13.52 ms, dist_count=64132
[OUT] [Timing] Search: 10.71 ms, dist_count=52569
[OUT] [Timing] Search: 4.04 ms, dist_count=5899
[OUT] [Timing] Search: 5.77 ms, dist_count=15246
[OUT] [Timing] Search: 10.66 ms, dist_count=69374
[OUT] [Timing] Search: 5.46 ms, dist_count=19997
[OUT] [Timing] Search: 5.04 ms, dist_count=15411
[OUT] [Timing] Search: 10.45 ms, dist_count=69847
[OUT] [Timing] Search: 7.77 ms, dist_count=43218
[OUT] [Timing] Search: 9.63 ms, dist_count=56519
[OUT] [Timing] Search: 10.25 ms, dist_count=68359
[OUT] [Timing] Search: 7.97 ms, dist_count=47092
[OUT] [Timing] Search: 5.66 ms, dist_count=25201
[OUT] [Timing] Search: 11.43 ms, dist_count=69315
[OUT] [Timing] Search: 8.15 ms, dist_count=48748
[OUT] [Timing] Search: 8.30 ms, dist_count=50159
[OUT] [Timing] Search: 8.40 ms, dist_count=47838
[OUT] [Timing] Search: 4.58 ms, dist_count=17836
[OUT] [Timing] Search: 4.22 ms, dist_count=12124
[OUT] [Timing] Search: 5.07 ms, dist_count=18002
[OUT] [Timing] Search: 11.67 ms, dist_count=85820
[OUT] [Timing] Search: 13.40 ms, dist_count=96937
[OUT] [Timing] Search: 7.29 ms, dist_count=37939
[OUT] [Timing] Search: 7.10 ms, dist_count=35876
[OUT] [Timing] Search: 7.25 ms, dist_count=34442
[OUT] [Timing] Search: 8.54 ms, dist_count=46691
[OUT] [Timing] Search: 6.12 ms, dist_count=25344
[OUT] [Timing] Search: 10.71 ms, dist_count=74327
[OUT] [Timing] Search: 10.32 ms, dist_count=66087
[OUT] [Timing] Search: 7.29 ms, dist_count=40672
[OUT] [Timing] Search: 10.56 ms, dist_count=69062
[OUT] [Timing] Search: 7.07 ms, dist_count=30862
[OUT] [Timing] Search: 11.04 ms, dist_count=79408
[OUT] [Timing] Search: 9.36 ms, dist_count=56009
[OUT] [Timing] Search: 13.07 ms, dist_count=92871
[OUT] [Timing] Search: 11.70 ms, dist_count=78155
[OUT] [Timing] Search: 4.83 ms, dist_count=13496
[OUT] [Timing] Search: 10.68 ms, dist_count=72894
[OUT] [Timing] Search: 11.13 ms, dist_count=76047
[OUT] [Timing] Search: 10.80 ms, dist_count=71681
[OUT] [Timing] Search: 10.96 ms, dist_count=67963
[OUT] [Timing] Search: 11.13 ms, dist_count=63234
[OUT] [Timing] Search: 10.09 ms, dist_count=48013
[OUT] [Timing] Search: 5.91 ms, dist_count=17984
[OUT] [Timing] Search: 4.90 ms, dist_count=14376
[OUT] [Timing] Search: 6.39 ms, dist_count=21840
[OUT] [Timing] Search: 13.14 ms, dist_count=69355
[OUT] [Timing] Search: 12.17 ms, dist_count=61196
[OUT] [Timing] Search: 8.52 ms, dist_count=33916
[OUT] [Timing] Search: 7.99 ms, dist_count=33833
[OUT] [Timing] Search: 11.34 ms, dist_count=63077
[OUT] [Timing] Search: 12.10 ms, dist_count=83877
[OUT] [Timing] Search: 7.76 ms, dist_count=41796
[OUT] [Timing] Search: 8.72 ms, dist_count=46255
[OUT] [Timing] Search: 7.72 ms, dist_count=43012
[OUT] [Timing] Search: 12.96 ms, dist_count=91876
[OUT] [Timing] Search: 10.70 ms, dist_count=68855
[OUT] [Timing] Search: 5.10 ms, dist_count=17887
[OUT] [Timing] Search: 6.25 ms, dist_count=27485
[OUT] [Timing] Search: 8.75 ms, dist_count=50060
[OUT] [Timing] Search: 5.34 ms, dist_count=19660
[OUT] [Timing] Search: 6.01 ms, dist_count=21797
[OUT] [Timing] Search: 4.24 ms, dist_count=10082
[OUT] [Timing] Search: 11.99 ms, dist_count=82372
[OUT] [Timing] Search: 11.97 ms, dist_count=78230
[OUT] [Timing] Search: 5.27 ms, dist_count=18771
[OUT] [Timing] Search: 12.07 ms, dist_count=84536
[OUT] [Timing] Search: 11.95 ms, dist_count=80870
[OUT] [Timing] Search: 4.21 ms, dist_count=13703
[OUT] [Timing] Search: 4.64 ms, dist_count=19193
[OUT] [Timing] Search: 7.56 ms, dist_count=40395
[OUT] [Timing] Search: 9.12 ms, dist_count=58106
[OUT] [Timing] Search: 8.78 ms, dist_count=51686
[OUT] [Timing] Search: 7.23 ms, dist_count=33554
[OUT] [Timing] Search: 11.92 ms, dist_count=80975
[OUT] [Timing] Search: 10.35 ms, dist_count=69586
[OUT] [Timing] Search: 10.54 ms, dist_count=70664
[OUT] [Timing] Search: 4.78 ms, dist_count=13736
[OUT] [Timing] Search: 8.94 ms, dist_count=51491
[OUT] [Timing] Search: 9.55 ms, dist_count=56423
[OUT] [Timing] Search: 4.06 ms, dist_count=10635
[OUT] [Timing] Search: 10.79 ms, dist_count=70540
[OUT] [Timing] Search: 13.86 ms, dist_count=102856
[OUT] [Timing] Search: 4.84 ms, dist_count=15845
[OUT] [Timing] Search: 8.62 ms, dist_count=41306
[OUT] [Timing] Search: 5.21 ms, dist_count=17943
[OUT] [Timing] Search: 11.32 ms, dist_count=77179
[OUT] [Timing] Search: 8.29 ms, dist_count=48381
[OUT] [Timing] Search: 8.45 ms, dist_count=48428
[OUT] [Timing] Search: 10.62 ms, dist_count=70345
[OUT] [Timing] Search: 7.22 ms, dist_count=43775
[OUT] [Timing] Search: 6.59 ms, dist_count=28166
[OUT] [Timing] Search: 6.09 ms, dist_count=27926
[OUT] [Timing] Search: 3.97 ms, dist_count=9655
[OUT] [Timing] Search: 8.48 ms, dist_count=46871
[OUT] [Timing] Search: 11.03 ms, dist_count=69492
[OUT] [Timing] Search: 8.55 ms, dist_count=53533
[OUT] [Timing] Search: 5.16 ms, dist_count=19684
[OUT] [Timing] Search: 10.77 ms, dist_count=70155
[OUT] [Timing] Search: 8.03 ms, dist_count=42487
[OUT] [Timing] Search: 8.68 ms, dist_count=52300
[OUT] [Timing] Search: 9.62 ms, dist_count=57340
[OUT] [Timing] Search: 5.17 ms, dist_count=15814
[OUT] [Timing] Search: 13.19 ms, dist_count=92747
[OUT] [Timing] Search: 8.17 ms, dist_count=45628
[OUT] [Timing] Search: 9.09 ms, dist_count=56827
[OUT] [Timing] Search: 5.88 ms, dist_count=20110
[OUT] [Timing] Search: 9.71 ms, dist_count=61039
[OUT] [Timing] Search: 7.57 ms, dist_count=38086
[OUT] [Timing] Search: 7.39 ms, dist_count=36656
[OUT] [Timing] Search: 7.21 ms, dist_count=32536
[OUT] [Timing] Search: 9.13 ms, dist_count=60224
[OUT] [Timing] Search: 6.48 ms, dist_count=27446
[OUT] [Timing] Search: 6.40 ms, dist_count=32754
[OUT] [Timing] Search: 5.72 ms, dist_count=20756
[OUT] [Timing] Search: 12.90 ms, dist_count=100033
[OUT] [Timing] Search: 13.23 ms, dist_count=93580
[OUT] [Timing] Search: 10.30 ms, dist_count=60097
[OUT] [Timing] Search: 9.17 ms, dist_count=54569
[OUT] [Timing] Search: 9.81 ms, dist_count=63333
[OUT] [Timing] Search: 9.53 ms, dist_count=54831
[OUT] [Timing] Search: 7.45 ms, dist_count=40568
[OUT] [Timing] Search: 11.73 ms, dist_count=84607
[OUT] [Timing] Search: 10.52 ms, dist_count=63477
[OUT] [Timing] Search: 5.03 ms, dist_count=16374
[OUT] [Timing] Search: 9.98 ms, dist_count=63374
[OUT] [Timing] Search: 5.93 ms, dist_count=27507
[OUT] [Timing] Search: 10.03 ms, dist_count=57130
[OUT] [Timing] Search: 7.75 ms, dist_count=46202
[OUT] [Timing] Search: 5.58 ms, dist_count=21158
[OUT] [Timing] Search: 4.63 ms, dist_count=19203
[OUT] [Timing] Search: 9.16 ms, dist_count=55057
[OUT] [Timing] Search: 5.22 ms, dist_count=17485
[OUT] [Timing] Search: 8.15 ms, dist_count=45437
[OUT] [Timing] Search: 4.17 ms, dist_count=10651
[OUT] [Timing] Search: 9.66 ms, dist_count=64367
[OUT] [Timing] Search: 11.00 ms, dist_count=75740
[OUT] [Timing] Search: 8.38 ms, dist_count=47255
[OUT] [Timing] Search: 12.79 ms, dist_count=92691
[OUT] [Timing] Search: 7.81 ms, dist_count=38524
[OUT] [Timing] Search: 7.62 ms, dist_count=39537
[OUT] [Timing] Search: 6.95 ms, dist_count=33814
[OUT] [Timing] Search: 8.41 ms, dist_count=49058
[OUT] [Timing] Search: 8.38 ms, dist_count=47942
[OUT] [Timing] Search: 11.46 ms, dist_count=78068
[OUT] [Timing] Search: 5.61 ms, dist_count=27791
[OUT] [Timing] Search: 3.51 ms, dist_count=8547
[OUT] [Timing] Search: 11.54 ms, dist_count=80733
[OUT] [Timing] Search: 8.56 ms, dist_count=50040
[OUT] [Timing] Search: 9.98 ms, dist_count=53928
[OUT] [Timing] Search: 11.42 ms, dist_count=57396
[OUT] [Timing] Search: 7.77 ms, dist_count=28072
[OUT] [Timing] Search: 5.34 ms, dist_count=13038
[OUT] [Timing] Search: 8.06 ms, dist_count=44295
[OUT] [Timing] Search: 8.88 ms, dist_count=49250
[OUT] [Timing] Search: 13.24 ms, dist_count=96828
[OUT] [Timing] Search: 9.73 ms, dist_count=62603
[OUT] [Timing] Search: 7.77 ms, dist_count=39523
[OUT] [Timing] Search: 11.02 ms, dist_count=70560
[OUT] [Timing] Search: 10.72 ms, dist_count=70314
[OUT] [Timing] Search: 9.45 ms, dist_count=56803
[OUT] [Timing] Search: 12.25 ms, dist_count=83880
[OUT] [Timing] Search: 8.86 ms, dist_count=54230
[OUT] [Timing] Search: 7.59 ms, dist_count=39917
[OUT] [Timing] Search: 5.56 ms, dist_count=21972
[OUT] [Timing] Search: 9.40 ms, dist_count=58892
[OUT] [Timing] Search: 6.95 ms, dist_count=32577
[OUT] [Timing] Search: 8.26 ms, dist_count=48459
[OUT] [Timing] Search: 10.33 ms, dist_count=62866
[OUT] [Timing] Search: 10.62 ms, dist_count=70907
[OUT] [Timing] Search: 11.09 ms, dist_count=71870
[OUT] [Timing] Search: 5.20 ms, dist_count=19016
[OUT] [Timing] Search: 11.70 ms, dist_count=84333
[OUT] [Timing] Search: 11.25 ms, dist_count=75323
[OUT] [Timing] Search: 7.35 ms, dist_count=36933
[OUT] [Timing] Search: 7.53 ms, dist_count=37491
[OUT] [Timing] Search: 11.19 ms, dist_count=74892
[OUT] [Timing] Search: 8.37 ms, dist_count=49580
[OUT] [Timing] Search: 11.66 ms, dist_count=78560
[OUT] [Timing] Search: 6.72 ms, dist_count=35386
[OUT] [Timing] Search: 9.48 ms, dist_count=51181
[OUT] [Timing] Search: 4.78 ms, dist_count=13862
[OUT] [Timing] Search: 6.78 ms, dist_count=29928
[OUT] [Timing] Search: 4.30 ms, dist_count=15369
[OUT] [Timing] Search: 11.92 ms, dist_count=80043
[OUT] [Timing] Search: 5.39 ms, dist_count=25290
[OUT] [Timing] Search: 6.91 ms, dist_count=31197
[OUT] [Timing] Search: 7.12 ms, dist_count=35777
[OUT] [Timing] Search: 4.61 ms, dist_count=12388
[OUT] [Timing] Search: 4.08 ms, dist_count=9174
[OUT] [Timing] Search: 9.17 ms, dist_count=60366
[OUT] [Timing] Search: 5.20 ms, dist_count=16845
[OUT] [Timing] Search: 10.47 ms, dist_count=71201
[OUT] [Timing] Search: 8.56 ms, dist_count=48348
[OUT] [Timing] Search: 5.66 ms, dist_count=30398
[OUT] [Timing] Search: 7.21 ms, dist_count=31225
[OUT] [Timing] Search: 5.03 ms, dist_count=16698
[OUT] [Timing] Search: 7.72 ms, dist_count=39368
[OUT] [Timing] Search: 8.46 ms, dist_count=47510
[OUT] [Timing] Search: 10.80 ms, dist_count=72132
[OUT] [Timing] Search: 9.36 ms, dist_count=55653
[OUT] [Timing] Search: 6.28 ms, dist_count=26765
[OUT]   Processed 6000 queries
[OUT] 
[OUT] [Timing] Search: 9.05 ms, dist_count=54548
[OUT] [Timing] Search: 10.13 ms, dist_count=65229
[OUT] [Timing] Search: 3.68 ms, dist_count=9544
[OUT] [Timing] Search: 7.93 ms, dist_count=37576
[OUT] [Timing] Search: 8.43 ms, dist_count=49256
[OUT] [Timing] Search: 4.56 ms, dist_count=14989
[OUT] [Timing] Search: 8.07 ms, dist_count=44692
[OUT] [Timing] Search: 12.16 ms, dist_count=88829
[OUT] [Timing] Search: 6.99 ms, dist_count=34611
[OUT] [Timing] Search: 9.65 ms, dist_count=57428
[OUT] [Timing] Search: 11.20 ms, dist_count=70036
[OUT] [Timing] Search: 7.59 ms, dist_count=38689
[OUT] [Timing] Search: 4.12 ms, dist_count=12180
[OUT] [Timing] Search: 4.49 ms, dist_count=15247
[OUT] [Timing] Search: 11.57 ms, dist_count=73178
[OUT] [Timing] Search: 6.19 ms, dist_count=29782
[OUT] [Timing] Search: 10.23 ms, dist_count=63753
[OUT] [Timing] Search: 11.62 ms, dist_count=80537
[OUT] [Timing] Search: 8.54 ms, dist_count=52233
[OUT] [Timing] Search: 10.69 ms, dist_count=66028
[OUT] [Timing] Search: 5.85 ms, dist_count=24900
[OUT] [Timing] Search: 10.84 ms, dist_count=68163
[OUT] [Timing] Search: 11.91 ms, dist_count=80404
[OUT] [Timing] Search: 6.66 ms, dist_count=31373
[OUT] [Timing] Search: 10.42 ms, dist_count=63997
[OUT] [Timing] Search: 3.28 ms, dist_count=6493
[OUT] [Timing] Search: 8.40 ms, dist_count=50147
[OUT] [Timing] Search: 6.99 ms, dist_count=32708
[OUT] [Timing] Search: 9.23 ms, dist_count=57035
[OUT] [Timing] Search: 7.63 ms, dist_count=39695
[OUT] [Timing] Search: 10.93 ms, dist_count=73482
[OUT] [Timing] Search: 12.32 ms, dist_count=88780
[OUT] [Timing] Search: 6.49 ms, dist_count=26842
[OUT] [Timing] Search: 3.98 ms, dist_count=9762
[OUT] [Timing] Search: 13.10 ms, dist_count=96440
[OUT] [Timing] Search: 8.38 ms, dist_count=44309
[OUT] [Timing] Search: 7.20 ms, dist_count=37990
[OUT] [Timing] Search: 11.40 ms, dist_count=74301
[OUT] [Timing] Search: 8.47 ms, dist_count=49557
[OUT] [Timing] Search: 11.26 ms, dist_count=81249
[OUT] [Timing] Search: 7.21 ms, dist_count=36910
[OUT] [Timing] Search: 7.22 ms, dist_count=35961
[OUT] [Timing] Search: 7.27 ms, dist_count=34842
[OUT] [Timing] Search: 10.57 ms, dist_count=66985
[OUT] [Timing] Search: 9.45 ms, dist_count=58739
[OUT] [Timing] Search: 4.62 ms, dist_count=13821
[OUT] [Timing] Search: 5.11 ms, dist_count=15590
[OUT] [Timing] Search: 6.44 ms, dist_count=29425
[OUT] [Timing] Search: 8.28 ms, dist_count=44983
[OUT] [Timing] Search: 3.90 ms, dist_count=8505
[OUT] [Timing] Search: 13.24 ms, dist_count=94689
[OUT] [Timing] Search: 7.37 ms, dist_count=35069
[OUT] [Timing] Search: 6.35 ms, dist_count=26325
[OUT] [Timing] Search: 10.97 ms, dist_count=75973
[OUT] [Timing] Search: 9.24 ms, dist_count=58117
[OUT] [Timing] Search: 11.93 ms, dist_count=82932
[OUT] [Timing] Search: 4.33 ms, dist_count=11313
[OUT] [Timing] Search: 7.77 ms, dist_count=38284
[OUT] [Timing] Search: 10.88 ms, dist_count=54713
[OUT] [Timing] Search: 7.24 ms, dist_count=25787
[OUT] [Timing] Search: 15.19 ms, dist_count=91746
[OUT] [Timing] Search: 11.54 ms, dist_count=60173
[OUT] [Timing] Search: 10.96 ms, dist_count=59240
[OUT] [Timing] Search: 8.76 ms, dist_count=35287
[OUT] [Timing] Search: 10.38 ms, dist_count=68593
[OUT] [Timing] Search: 12.21 ms, dist_count=89282
[OUT] [Timing] Search: 3.52 ms, dist_count=7553
[OUT] [Timing] Search: 13.17 ms, dist_count=82762
[OUT] [Timing] Search: 12.47 ms, dist_count=87947
[OUT] [Timing] Search: 8.91 ms, dist_count=55316
[OUT] [Timing] Search: 8.70 ms, dist_count=49747
[OUT] [Timing] Search: 11.07 ms, dist_count=79606
[OUT] [Timing] Search: 5.43 ms, dist_count=21801
[OUT] [Timing] Search: 8.38 ms, dist_count=47567
[OUT] [Timing] Search: 5.60 ms, dist_count=22357
[OUT] [Timing] Search: 10.17 ms, dist_count=70182
[OUT] [Timing] Search: 5.26 ms, dist_count=18960
[OUT] [Timing] Search: 8.71 ms, dist_count=49086
[OUT] [Timing] Search: 10.52 ms, dist_count=70260
[OUT] [Timing] Search: 8.38 ms, dist_count=42592
[OUT] [Timing] Search: 7.45 ms, dist_count=38885
[OUT] [Timing] Search: 5.30 ms, dist_count=22223
[OUT] [Timing] Search: 10.18 ms, dist_count=66296
[OUT] [Timing] Search: 7.39 ms, dist_count=41335
[OUT] [Timing] Search: 11.94 ms, dist_count=85533
[OUT] [Timing] Search: 12.34 ms, dist_count=80309
[OUT] [Timing] Search: 8.50 ms, dist_count=48728
[OUT] [Timing] Search: 9.40 ms, dist_count=59275
[OUT] [Timing] Search: 6.63 ms, dist_count=25754
[OUT] [Timing] Search: 5.05 ms, dist_count=15676
[OUT] [Timing] Search: 3.95 ms, dist_count=11529
[OUT] [Timing] Search: 6.94 ms, dist_count=32231
[OUT] [Timing] Search: 7.34 ms, dist_count=37852
[OUT] [Timing] Search: 7.60 ms, dist_count=37700
[OUT] [Timing] Search: 9.77 ms, dist_count=53342
[OUT] [Timing] Search: 14.33 ms, dist_count=84544
[OUT] [Timing] Search: 10.12 ms, dist_count=46525
[OUT] [Timing] Search: 9.43 ms, dist_count=52499
[OUT] [Timing] Search: 5.78 ms, dist_count=24277
[OUT] [Timing] Search: 5.89 ms, dist_count=21146
[OUT] [Timing] Search: 12.08 ms, dist_count=85021
[OUT] [Timing] Search: 4.51 ms, dist_count=14466
[OUT] [Timing] Search: 11.11 ms, dist_count=75725
[OUT] [Timing] Search: 8.99 ms, dist_count=52478
[OUT] [Timing] Search: 7.11 ms, dist_count=34563
[OUT] [Timing] Search: 4.72 ms, dist_count=15605
[OUT] [Timing] Search: 8.93 ms, dist_count=53936
[OUT] [Timing] Search: 6.99 ms, dist_count=37540
[OUT] [Timing] Search: 7.65 ms, dist_count=43087
[OUT] [Timing] Search: 10.60 ms, dist_count=70183
[OUT] [Timing] Search: 10.07 ms, dist_count=63901
[OUT] [Timing] Search: 11.69 ms, dist_count=84062
[OUT] [Timing] Search: 7.68 ms, dist_count=40284
[OUT] [Timing] Search: 5.78 ms, dist_count=25452
[OUT] [Timing] Search: 9.84 ms, dist_count=55876
[OUT] [Timing] Search: 6.76 ms, dist_count=28415
[OUT] [Timing] Search: 13.48 ms, dist_count=91477
[OUT] [Timing] Search: 11.25 ms, dist_count=73560
[OUT] [Timing] Search: 9.63 ms, dist_count=62401
[OUT] [Timing] Search: 9.91 ms, dist_count=60044
[OUT] [Timing] Search: 8.20 ms, dist_count=40552
[OUT] [Timing] Search: 7.98 ms, dist_count=39845
[OUT] [Timing] Search: 8.38 ms, dist_count=48735
[OUT] [Timing] Search: 8.45 ms, dist_count=50916
[OUT] [Timing] Search: 10.41 ms, dist_count=68382
[OUT] [Timing] Search: 6.84 ms, dist_count=34258
[OUT] [Timing] Search: 10.12 ms, dist_count=62913
[OUT] [Timing] Search: 5.60 ms, dist_count=21756
[OUT] [Timing] Search: 5.78 ms, dist_count=24349
[OUT] [Timing] Search: 6.82 ms, dist_count=32897
[OUT] [Timing] Search: 8.02 ms, dist_count=41055
[OUT] [Timing] Search: 11.59 ms, dist_count=73371
[OUT] [Timing] Search: 8.72 ms, dist_count=47595
[OUT] [Timing] Search: 10.85 ms, dist_count=69278
[OUT] [Timing] Search: 12.47 ms, dist_count=93984
[OUT] [Timing] Search: 6.60 ms, dist_count=33066
[OUT] [Timing] Search: 9.59 ms, dist_count=60118
[OUT] [Timing] Search: 11.00 ms, dist_count=79245
[OUT] [Timing] Search: 6.92 ms, dist_count=32612
[OUT] [Timing] Search: 6.51 ms, dist_count=32453
[OUT] [Timing] Search: 9.00 ms, dist_count=47667
[OUT] [Timing] Search: 6.54 ms, dist_count=28908
[OUT] [Timing] Search: 8.66 ms, dist_count=50648
[OUT] [Timing] Search: 11.27 ms, dist_count=78616
[OUT] [Timing] Search: 11.66 ms, dist_count=84940
[OUT] [Timing] Search: 10.32 ms, dist_count=67374
[OUT] [Timing] Search: 10.23 ms, dist_count=62729
[OUT] [Timing] Search: 6.25 ms, dist_count=29838
[OUT] [Timing] Search: 5.01 ms, dist_count=17399
[OUT] [Timing] Search: 6.35 ms, dist_count=27123
[OUT] [Timing] Search: 9.19 ms, dist_count=56623
[OUT] [Timing] Search: 10.35 ms, dist_count=63261
[OUT] [Timing] Search: 5.97 ms, dist_count=23160
[OUT] [Timing] Search: 9.22 ms, dist_count=53163
[OUT] [Timing] Search: 9.88 ms, dist_count=62194
[OUT] [Timing] Search: 6.09 ms, dist_count=25989
[OUT] [Timing] Search: 8.68 ms, dist_count=49109
[OUT] [Timing] Search: 6.05 ms, dist_count=28368
[OUT] [Timing] Search: 5.30 ms, dist_count=21852
[OUT] [Timing] Search: 10.07 ms, dist_count=66008
[OUT] [Timing] Search: 4.95 ms, dist_count=17194
[OUT] [Timing] Search: 5.32 ms, dist_count=18792
[OUT] [Timing] Search: 13.98 ms, dist_count=103769
[OUT] [Timing] Search: 13.91 ms, dist_count=94588
[OUT] [Timing] Search: 13.71 ms, dist_count=74169
[OUT] [Timing] Search: 8.51 ms, dist_count=34246
[OUT] [Timing] Search: 14.36 ms, dist_count=84780
[OUT] [Timing] Search: 10.59 ms, dist_count=67433
[OUT] [Timing] Search: 7.74 ms, dist_count=44106
[OUT] [Timing] Search: 6.20 ms, dist_count=27780
[OUT] [Timing] Search: 8.71 ms, dist_count=49817
[OUT] [Timing] Search: 5.04 ms, dist_count=16577
[OUT] [Timing] Search: 10.51 ms, dist_count=66529
[OUT] [Timing] Search: 9.53 ms, dist_count=56467
[OUT] [Timing] Search: 6.48 ms, dist_count=30639
[OUT] [Timing] Search: 8.08 ms, dist_count=42894
[OUT] [Timing] Search: 5.82 ms, dist_count=23045
[OUT] [Timing] Search: 7.90 ms, dist_count=40854
[OUT] [Timing] Search: 7.48 ms, dist_count=42911
[OUT] [Timing] Search: 12.43 ms, dist_count=90652
[OUT] [Timing] Search: 11.25 ms, dist_count=77536
[OUT] [Timing] Search: 12.57 ms, dist_count=95862
[OUT] [Timing] Search: 6.03 ms, dist_count=25339
[OUT] [Timing] Search: 10.32 ms, dist_count=62796
[OUT] [Timing] Search: 11.57 ms, dist_count=83825
[OUT] [Timing] Search: 6.82 ms, dist_count=31468
[OUT] [Timing] Search: 10.79 ms, dist_count=72794
[OUT] [Timing] Search: 3.71 ms, dist_count=7568
[OUT] [Timing] Search: 9.44 ms, dist_count=52696
[OUT] [Timing] Search: 6.54 ms, dist_count=29854
[OUT] [Timing] Search: 7.33 ms, dist_count=39822
[OUT] [Timing] Search: 9.25 ms, dist_count=58514
[OUT] [Timing] Search: 8.96 ms, dist_count=57287
[OUT] [Timing] Search: 3.12 ms, dist_count=6957
[OUT] [Timing] Search: 6.35 ms, dist_count=27151
[OUT] [Timing] Search: 11.74 ms, dist_count=79403
[OUT] [Timing] Search: 6.82 ms, dist_count=36086
[OUT] [Timing] Search: 7.63 ms, dist_count=42233
[OUT] [Timing] Search: 6.34 ms, dist_count=30475
[OUT] [Timing] Search: 8.32 ms, dist_count=51636
[OUT] [Timing] Search: 12.25 ms, dist_count=83643
[OUT] [Timing] Search: 11.77 ms, dist_count=85824
[OUT] [Timing] Search: 10.62 ms, dist_count=74219
[OUT] [Timing] Search: 7.79 ms, dist_count=40479
[OUT] [Timing] Search: 6.10 ms, dist_count=26320
[OUT] [Timing] Search: 7.19 ms, dist_count=32795
[OUT] [Timing] Search: 12.31 ms, dist_count=88924
[OUT] [Timing] Search: 8.49 ms, dist_count=42389
[OUT] [Timing] Search: 4.28 ms, dist_count=15298
[OUT] [Timing] Search: 7.91 ms, dist_count=38313
[OUT] [Timing] Search: 8.56 ms, dist_count=51655
[OUT] [Timing] Search: 8.19 ms, dist_count=43066
[OUT] [Timing] Search: 9.76 ms, dist_count=61104
[OUT] [Timing] Search: 8.87 ms, dist_count=55795
[OUT] [Timing] Search: 9.50 ms, dist_count=58998
[OUT] [Timing] Search: 8.80 ms, dist_count=51277
[OUT] [Timing] Search: 7.49 ms, dist_count=36057
[OUT] [Timing] Search: 6.75 ms, dist_count=36456
[OUT] [Timing] Search: 6.30 ms, dist_count=27315
[OUT] [Timing] Search: 7.63 ms, dist_count=42787
[OUT] [Timing] Search: 9.50 ms, dist_count=55191
[OUT] [Timing] Search: 11.17 ms, dist_count=69061
[OUT] [Timing] Search: 11.20 ms, dist_count=78366
[OUT] [Timing] Search: 10.10 ms, dist_count=53647
[OUT] [Timing] Search: 9.67 ms, dist_count=59280
[OUT] [Timing] Search: 6.98 ms, dist_count=36273
[OUT] [Timing] Search: 10.01 ms, dist_count=61398
[OUT] [Timing] Search: 10.35 ms, dist_count=71611
[OUT] [Timing] Search: 8.21 ms, dist_count=43684
[OUT] [Timing] Search: 8.55 ms, dist_count=52078
[OUT] [Timing] Search: 10.51 ms, dist_count=70020
[OUT] [Timing] Search: 6.61 ms, dist_count=32108
[OUT] [Timing] Search: 11.97 ms, dist_count=88415
[OUT] [Timing] Search: 12.91 ms, dist_count=89474
[OUT] [Timing] Search: 9.44 ms, dist_count=51536
[OUT] [Timing] Search: 7.96 ms, dist_count=40586
[OUT] [Timing] Search: 12.18 ms, dist_count=84574
[OUT] [Timing] Search: 7.08 ms, dist_count=39605
[OUT] [Timing] Search: 9.97 ms, dist_count=65347
[OUT] [Timing] Search: 9.93 ms, dist_count=59696
[OUT] [Timing] Search: 8.72 ms, dist_count=53275
[OUT] [Timing] Search: 12.51 ms, dist_count=94096
[OUT] [Timing] Search: 6.14 ms, dist_count=24704
[OUT] [Timing] Search: 6.06 ms, dist_count=26570
[OUT] [Timing] Search: 7.25 ms, dist_count=38553
[OUT] [Timing] Search: 10.00 ms, dist_count=60685
[OUT] [Timing] Search: 12.57 ms, dist_count=80478
[OUT] [Timing] Search: 6.29 ms, dist_count=26992
[OUT] [Timing] Search: 10.09 ms, dist_count=65795
[OUT] [Timing] Search: 10.25 ms, dist_count=64314
[OUT] [Timing] Search: 7.67 ms, dist_count=44624
[OUT] [Timing] Search: 6.51 ms, dist_count=29208
[OUT] [Timing] Search: 9.15 ms, dist_count=54582
[OUT] [Timing] Search: 10.27 ms, dist_count=67952
[OUT] [Timing] Search: 5.86 ms, dist_count=25188
[OUT] [Timing] Search: 9.82 ms, dist_count=64687
[OUT] [Timing] Search: 4.77 ms, dist_count=14313
[OUT] [Timing] Search: 7.71 ms, dist_count=35319
[OUT] [Timing] Search: 6.52 ms, dist_count=30906
[OUT] [Timing] Search: 7.61 ms, dist_count=35955
[OUT] [Timing] Search: 10.59 ms, dist_count=67457
[OUT] [Timing] Search: 7.18 ms, dist_count=36393
[OUT] [Timing] Search: 8.05 ms, dist_count=42280
[OUT] [Timing] Search: 5.88 ms, dist_count=28269
[OUT] [Timing] Search: 12.67 ms, dist_count=92827
[OUT] [Timing] Search: 5.03 ms, dist_count=19727
[OUT] [Timing] Search: 9.91 ms, dist_count=63433
[OUT] [Timing] Search: 10.59 ms, dist_count=69401
[OUT] [Timing] Search: 8.16 ms, dist_count=43742
[OUT] [Timing] Search: 12.84 ms, dist_count=71778
[OUT] [Timing] Search: 5.96 ms, dist_count=16203
[OUT] [Timing] Search: 9.76 ms, dist_count=49273
[OUT] [Timing] Search: 10.08 ms, dist_count=63736
[OUT] [Timing] Search: 8.38 ms, dist_count=45605
[OUT] [Timing] Search: 8.38 ms, dist_count=47668
[OUT] [Timing] Search: 3.77 ms, dist_count=8146
[OUT] [Timing] Search: 9.89 ms, dist_count=63318
[OUT] [Timing] Search: 8.94 ms, dist_count=56418
[OUT] [Timing] Search: 9.22 ms, dist_count=53335
[OUT] [Timing] Search: 4.69 ms, dist_count=15397
[OUT] [Timing] Search: 10.34 ms, dist_count=69343
[OUT] [Timing] Search: 9.12 ms, dist_count=56990
[OUT] [Timing] Search: 10.24 ms, dist_count=66526
[OUT] [Timing] Search: 10.56 ms, dist_count=70926
[OUT] [Timing] Search: 8.14 ms, dist_count=44855
[OUT] [Timing] Search: 9.53 ms, dist_count=60993
[OUT] [Timing] Search: 9.67 ms, dist_count=63979
[OUT] [Timing] Search: 5.22 ms, dist_count=17501
[OUT] [Timing] Search: 7.45 ms, dist_count=40297
[OUT] [Timing] Search: 4.67 ms, dist_count=10908
[OUT] [Timing] Search: 10.04 ms, dist_count=69722
[OUT] [Timing] Search: 9.59 ms, dist_count=52850
[OUT] [Timing] Search: 10.67 ms, dist_count=71062
[OUT] [Timing] Search: 9.39 ms, dist_count=60725
[OUT] [Timing] Search: 5.54 ms, dist_count=19659
[OUT] [Timing] Search: 10.74 ms, dist_count=76469
[OUT] [Timing] Search: 11.45 ms, dist_count=76259
[OUT] [Timing] Search: 8.00 ms, dist_count=41921
[OUT] [Timing] Search: 9.56 ms, dist_count=63500
[OUT] [Timing] Search: 6.42 ms, dist_count=27682
[OUT] [Timing] Search: 6.83 ms, dist_count=32261
[OUT] [Timing] Search: 6.47 ms, dist_count=30664
[OUT] [Timing] Search: 7.62 ms, dist_count=40854
[OUT] [Timing] Search: 4.05 ms, dist_count=10822
[OUT] [Timing] Search: 7.92 ms, dist_count=40598
[OUT] [Timing] Search: 7.31 ms, dist_count=38820
[OUT] [Timing] Search: 6.29 ms, dist_count=27434
[OUT] [Timing] Search: 7.99 ms, dist_count=49148
[OUT] [Timing] Search: 12.31 ms, dist_count=85942
[OUT] [Timing] Search: 7.06 ms, dist_count=38518
[OUT] [Timing] Search: 6.57 ms, dist_count=28789
[OUT] [Timing] Search: 6.57 ms, dist_count=33824
[OUT] [Timing] Search: 6.47 ms, dist_count=25175
[OUT] [Timing] Search: 8.75 ms, dist_count=54380
[OUT] [Timing] Search: 4.68 ms, dist_count=13392
[OUT] [Timing] Search: 6.71 ms, dist_count=34247
[OUT] [Timing] Search: 7.13 ms, dist_count=39992
[OUT] [Timing] Search: 4.86 ms, dist_count=16959
[OUT] [Timing] Search: 5.47 ms, dist_count=20687
[OUT] [Timing] Search: 10.10 ms, dist_count=64305
[OUT] [Timing] Search: 11.98 ms, dist_count=86777
[OUT] [Timing] Search: 6.29 ms, dist_count=30661
[OUT] [Timing] Search: 12.80 ms, dist_count=86822
[OUT] [Timing] Search: 6.58 ms, dist_count=28663
[OUT] [Timing] Search: 9.73 ms, dist_count=55458
[OUT] [Timing] Search: 9.37 ms, dist_count=56330
[OUT] [Timing] Search: 12.26 ms, dist_count=91436
[OUT] [Timing] Search: 10.83 ms, dist_count=61791
[OUT] [Timing] Search: 10.03 ms, dist_count=61496
[OUT] [Timing] Search: 11.04 ms, dist_count=73627
[OUT] [Timing] Search: 7.76 ms, dist_count=43252
[OUT] [Timing] Search: 7.90 ms, dist_count=37636
[OUT] [Timing] Search: 6.66 ms, dist_count=30602
[OUT] [Timing] Search: 14.42 ms, dist_count=100255
[OUT] [Timing] Search: 5.09 ms, dist_count=16061
[OUT] [Timing] Search: 10.30 ms, dist_count=62866
[OUT] [Timing] Search: 4.63 ms, dist_count=18559
[OUT] [Timing] Search: 8.35 ms, dist_count=49891
[OUT] [Timing] Search: 9.20 ms, dist_count=61686
[OUT] [Timing] Search: 11.27 ms, dist_count=78233
[OUT] [Timing] Search: 11.64 ms, dist_count=79228
[OUT] [Timing] Search: 11.66 ms, dist_count=80333
[OUT] [Timing] Search: 5.48 ms, dist_count=23135
[OUT] [Timing] Search: 8.18 ms, dist_count=46063
[OUT] [Timing] Search: 12.78 ms, dist_count=92508
[OUT] [Timing] Search: 12.62 ms, dist_count=82343
[OUT] [Timing] Search: 12.75 ms, dist_count=90473
[OUT] [Timing] Search: 8.03 ms, dist_count=43560
[OUT] [Timing] Search: 6.90 ms, dist_count=35759
[OUT] [Timing] Search: 4.51 ms, dist_count=14344
[OUT] [Timing] Search: 10.31 ms, dist_count=67781
[OUT] [Timing] Search: 7.51 ms, dist_count=32006
[OUT] [Timing] Search: 4.56 ms, dist_count=13387
[OUT] [Timing] Search: 9.16 ms, dist_count=56548
[OUT] [Timing] Search: 7.27 ms, dist_count=33216
[OUT] [Timing] Search: 8.79 ms, dist_count=49460
[OUT] [Timing] Search: 10.52 ms, dist_count=69506
[OUT] [Timing] Search: 9.92 ms, dist_count=62774
[OUT] [Timing] Search: 4.97 ms, dist_count=19542
[OUT] [Timing] Search: 8.57 ms, dist_count=42923
[OUT] [Timing] Search: 5.81 ms, dist_count=23775
[OUT] [Timing] Search: 8.45 ms, dist_count=50429
[OUT] [Timing] Search: 9.91 ms, dist_count=64135
[OUT] [Timing] Search: 11.69 ms, dist_count=82857
[OUT] [Timing] Search: 11.07 ms, dist_count=67756
[OUT] [Timing] Search: 12.04 ms, dist_count=86406
[OUT] [Timing] Search: 9.00 ms, dist_count=52851
[OUT] [Timing] Search: 8.43 ms, dist_count=46006
[OUT] [Timing] Search: 11.19 ms, dist_count=77998
[OUT] [Timing] Search: 4.74 ms, dist_count=13848
[OUT] [Timing] Search: 6.95 ms, dist_count=39751
[OUT] [Timing] Search: 4.57 ms, dist_count=14428
[OUT] [Timing] Search: 8.76 ms, dist_count=54466
[OUT] [Timing] Search: 4.88 ms, dist_count=19971
[OUT] [Timing] Search: 11.23 ms, dist_count=79351
[OUT] [Timing] Search: 7.17 ms, dist_count=37875
[OUT] [Timing] Search: 7.38 ms, dist_count=36672
[OUT] [Timing] Search: 11.87 ms, dist_count=53944
[OUT] [Timing] Search: 14.21 ms, dist_count=76863
[OUT] [Timing] Search: 9.15 ms, dist_count=37714
[OUT] [Timing] Search: 14.71 ms, dist_count=83857
[OUT] [Timing] Search: 6.54 ms, dist_count=20416
[OUT] [Timing] Search: 6.67 ms, dist_count=23972
[OUT] [Timing] Search: 11.34 ms, dist_count=72501
[OUT] [Timing] Search: 7.92 ms, dist_count=45332
[OUT] [Timing] Search: 7.51 ms, dist_count=33476
[OUT] [Timing] Search: 9.76 ms, dist_count=61428
[OUT] [Timing] Search: 4.31 ms, dist_count=12199
[OUT] [Timing] Search: 8.68 ms, dist_count=46612
[OUT] [Timing] Search: 8.17 ms, dist_count=42584
[OUT] [Timing] Search: 10.68 ms, dist_count=61033
[OUT] [Timing] Search: 7.33 ms, dist_count=43533
[OUT] [Timing] Search: 11.52 ms, dist_count=78310
[OUT] [Timing] Search: 4.20 ms, dist_count=12162
[OUT] [Timing] Search: 10.95 ms, dist_count=65331
[OUT] [Timing] Search: 6.50 ms, dist_count=31039
[OUT] [Timing] Search: 11.72 ms, dist_count=48124
[OUT] [Timing] Search: 7.32 ms, dist_count=16051
[OUT] [Timing] Search: 11.33 ms, dist_count=48158
[OUT] [Timing] Search: 5.55 ms, dist_count=19007
[OUT] [Timing] Search: 9.55 ms, dist_count=60548
[OUT] [Timing] Search: 9.72 ms, dist_count=63950
[OUT] [Timing] Search: 7.46 ms, dist_count=38194
[OUT] [Timing] Search: 6.42 ms, dist_count=29533
[OUT] [Timing] Search: 10.77 ms, dist_count=72695
[OUT] [Timing] Search: 5.36 ms, dist_count=23125
[OUT] [Timing] Search: 8.42 ms, dist_count=44336
[OUT] [Timing] Search: 8.93 ms, dist_count=51789
[OUT] [Timing] Search: 5.41 ms, dist_count=17383
[OUT] [Timing] Search: 9.84 ms, dist_count=63018
[OUT] [Timing] Search: 3.17 ms, dist_count=6865
[OUT] [Timing] Search: 11.76 ms, dist_count=83060
[OUT] [Timing] Search: 8.94 ms, dist_count=50886
[OUT] [Timing] Search: 10.15 ms, dist_count=68387
[OUT] [Timing] Search: 11.22 ms, dist_count=74006
[OUT] [Timing] Search: 9.06 ms, dist_count=55720
[OUT] [Timing] Search: 10.76 ms, dist_count=77929
[OUT] [Timing] Search: 4.03 ms, dist_count=9290
[OUT] [Timing] Search: 5.59 ms, dist_count=21726
[OUT] [Timing] Search: 6.51 ms, dist_count=26492
[OUT] [Timing] Search: 9.35 ms, dist_count=55560
[OUT] [Timing] Search: 7.49 ms, dist_count=36741
[OUT] [Timing] Search: 7.06 ms, dist_count=39190
[OUT] [Timing] Search: 8.27 ms, dist_count=45831
[OUT] [Timing] Search: 8.42 ms, dist_count=50326
[OUT] [Timing] Search: 11.80 ms, dist_count=84318
[OUT] [Timing] Search: 6.35 ms, dist_count=29526
[OUT] [Timing] Search: 9.35 ms, dist_count=60078
[OUT] [Timing] Search: 7.68 ms, dist_count=40528
[OUT] [Timing] Search: 9.35 ms, dist_count=60260
[OUT] [Timing] Search: 8.56 ms, dist_count=40388
[OUT] [Timing] Search: 4.57 ms, dist_count=12866
[OUT] [Timing] Search: 6.70 ms, dist_count=32197
[OUT] [Timing] Search: 8.37 ms, dist_count=49796
[OUT] [Timing] Search: 10.66 ms, dist_count=65174
[OUT] [Timing] Search: 5.06 ms, dist_count=18068
[OUT] [Timing] Search: 8.75 ms, dist_count=46644
[OUT] [Timing] Search: 5.72 ms, dist_count=22674
[OUT] [Timing] Search: 9.29 ms, dist_count=53562
[OUT] [Timing] Search: 7.52 ms, dist_count=41220
[OUT] [Timing] Search: 8.65 ms, dist_count=55239
[OUT] [Timing] Search: 10.51 ms, dist_count=68094
[OUT] [Timing] Search: 9.76 ms, dist_count=53751
[OUT] [Timing] Search: 12.66 ms, dist_count=90104
[OUT] [Timing] Search: 8.28 ms, dist_count=49479
[OUT] [Timing] Search: 7.90 ms, dist_count=41866
[OUT] [Timing] Search: 8.24 ms, dist_count=50700
[OUT] [Timing] Search: 6.46 ms, dist_count=27067
[OUT] [Timing] Search: 9.71 ms, dist_count=62905
[OUT] [Timing] Search: 8.75 ms, dist_count=52657
[OUT] [Timing] Search: 9.48 ms, dist_count=59757
[OUT] [Timing] Search: 6.33 ms, dist_count=28543
[OUT] [Timing] Search: 5.24 ms, dist_count=21711
[OUT] [Timing] Search: 9.19 ms, dist_count=52200
[OUT] [Timing] Search: 11.23 ms, dist_count=76769
[OUT] [Timing] Search: 2.99 ms, dist_count=5997
[OUT] [Timing] Search: 4.42 ms, dist_count=15445
[OUT] [Timing] Search: 8.02 ms, dist_count=40007
[OUT] [Timing] Search: 11.68 ms, dist_count=74467
[OUT] [Timing] Search: 6.18 ms, dist_count=27973
[OUT] [Timing] Search: 9.77 ms, dist_count=62250
[OUT] [Timing] Search: 9.29 ms, dist_count=55799
[OUT] [Timing] Search: 7.50 ms, dist_count=35935
[OUT] [Timing] Search: 8.96 ms, dist_count=54697
[OUT] [Timing] Search: 3.77 ms, dist_count=6258
[OUT] [Timing] Search: 10.81 ms, dist_count=65814
[OUT] [Timing] Search: 3.90 ms, dist_count=9343
[OUT] [Timing] Search: 8.31 ms, dist_count=44515
[OUT] [Timing] Search: 4.53 ms, dist_count=13429
[OUT] [Timing] Search: 6.34 ms, dist_count=28150
[OUT] [Timing] Search: 11.22 ms, dist_count=78153
[OUT] [Timing] Search: 5.31 ms, dist_count=19567
[OUT] [Timing] Search: 12.56 ms, dist_count=92023
[OUT] [Timing] Search: 4.11 ms, dist_count=12879
[OUT] [Timing] Search: 6.28 ms, dist_count=29136
[OUT] [Timing] Search: 11.24 ms, dist_count=80626
[OUT] [Timing] Search: 12.74 ms, dist_count=73368
[OUT] [Timing] Search: 11.15 ms, dist_count=67619
[OUT] [Timing] Search: 6.85 ms, dist_count=33392
[OUT] [Timing] Search: 11.56 ms, dist_count=79632
[OUT] [Timing] Search: 9.79 ms, dist_count=60883
[OUT] [Timing] Search: 8.74 ms, dist_count=51049
[OUT] [Timing] Search: 9.62 ms, dist_count=57761
[OUT] [Timing] Search: 11.76 ms, dist_count=85205
[OUT] [Timing] Search: 10.91 ms, dist_count=77167
[OUT] [Timing] Search: 7.00 ms, dist_count=28930
[OUT] [Timing] Search: 5.87 ms, dist_count=15483
[OUT] [Timing] Search: 5.47 ms, dist_count=11923
[OUT] [Timing] Search: 14.85 ms, dist_count=80713
[OUT] [Timing] Search: 10.51 ms, dist_count=52691
[OUT] [Timing] Search: 10.44 ms, dist_count=50656
[OUT] [Timing] Search: 15.47 ms, dist_count=99514
[OUT] [Timing] Search: 10.10 ms, dist_count=64283
[OUT] [Timing] Search: 5.88 ms, dist_count=29455
[OUT] [Timing] Search: 12.51 ms, dist_count=87343
[OUT] [Timing] Search: 8.54 ms, dist_count=50646
[OUT] [Timing] Search: 8.91 ms, dist_count=47956
[OUT] [Timing] Search: 10.49 ms, dist_count=70245
[OUT] [Timing] Search: 4.92 ms, dist_count=15075
[OUT] [Timing] Search: 8.11 ms, dist_count=48156
[OUT] [Timing] Search: 11.04 ms, dist_count=79049
[OUT] [Timing] Search: 10.84 ms, dist_count=70111
[OUT] [Timing] Search: 6.17 ms, dist_count=27828
[OUT] [Timing] Search: 9.83 ms, dist_count=61651
[OUT] [Timing] Search: 12.52 ms, dist_count=87997
[OUT] [Timing] Search: 8.33 ms, dist_count=44090
[OUT] [Timing] Search: 10.43 ms, dist_count=66860
[OUT] [Timing] Search: 7.39 ms, dist_count=31785
[OUT] [Timing] Search: 7.71 ms, dist_count=41350
[OUT] [Timing] Search: 13.24 ms, dist_count=99939
[OUT] [Timing] Search: 6.36 ms, dist_count=28901
[OUT] [Timing] Search: 9.88 ms, dist_count=61835
[OUT] [Timing] Search: 10.82 ms, dist_count=74103
[OUT] [Timing] Search: 5.98 ms, dist_count=24881
[OUT] [Timing] Search: 4.89 ms, dist_count=16786
[OUT] [Timing] Search: 6.52 ms, dist_count=25873
[OUT] [Timing] Search: 10.47 ms, dist_count=68249
[OUT] [Timing] Search: 9.44 ms, dist_count=59549
[OUT] [Timing] Search: 9.21 ms, dist_count=54242
[OUT] [Timing] Search: 10.00 ms, dist_count=67825
[OUT] [Timing] Search: 7.04 ms, dist_count=35543
[OUT] [Timing] Search: 8.44 ms, dist_count=42353
[OUT] [Timing] Search: 7.36 ms, dist_count=34453
[OUT] [Timing] Search: 11.03 ms, dist_count=76992
[OUT] [Timing] Search: 5.81 ms, dist_count=24044
[OUT] [Timing] Search: 11.82 ms, dist_count=85096
[OUT] [Timing] Search: 6.64 ms, dist_count=26812
[OUT] [Timing] Search: 12.50 ms, dist_count=86459
[OUT] [Timing] Search: 9.71 ms, dist_count=60755
[OUT] [Timing] Search: 7.35 ms, dist_count=39364
[OUT] [Timing] Search: 11.53 ms, dist_count=78139
[OUT] [Timing] Search: 10.27 ms, dist_count=67976
[OUT] [Timing] Search: 8.65 ms, dist_count=51259
[OUT] [Timing] Search: 10.39 ms, dist_count=66806
[OUT] [Timing] Search: 8.53 ms, dist_count=55447
[OUT] [Timing] Search: 10.40 ms, dist_count=61610
[OUT] [Timing] Search: 6.54 ms, dist_count=31281
[OUT] [Timing] Search: 11.32 ms, dist_count=78405
[OUT] [Timing] Search: 13.32 ms, dist_count=89354
[OUT] [Timing] Search: 9.48 ms, dist_count=54899
[OUT] [Timing] Search: 5.38 ms, dist_count=21458
[OUT] [Timing] Search: 6.27 ms, dist_count=29517
[OUT] [Timing] Search: 11.15 ms, dist_count=79557
[OUT] [Timing] Search: 10.52 ms, dist_count=70221
[OUT] [Timing] Search: 10.48 ms, dist_count=72981
[OUT] [Timing] Search: 6.35 ms, dist_count=24832
[OUT] [Timing] Search: 6.82 ms, dist_count=30973
[OUT] [Timing] Search: 4.46 ms, dist_count=14465
[OUT] [Timing] Search: 5.40 ms, dist_count=24370
[OUT] [Timing] Search: 11.41 ms, dist_count=76082
[OUT] [Timing] Search: 8.60 ms, dist_count=48841
[OUT] [Timing] Search: 6.58 ms, dist_count=28783
[OUT] [Timing] Search: 4.16 ms, dist_count=11607
[OUT] [Timing] Search: 8.60 ms, dist_count=42826
[OUT] [Timing] Search: 11.00 ms, dist_count=76011
[OUT] [Timing] Search: 8.99 ms, dist_count=53947
[OUT] [Timing] Search: 4.47 ms, dist_count=14946
[OUT] [Timing] Search: 5.34 ms, dist_count=19280
[OUT] [Timing] Search: 8.87 ms, dist_count=52702
[OUT] [Timing] Search: 9.57 ms, dist_count=58354
[OUT] [Timing] Search: 11.12 ms, dist_count=81170
[OUT] [Timing] Search: 13.03 ms, dist_count=98336
[OUT] [Timing] Search: 10.46 ms, dist_count=65798
[OUT] [Timing] Search: 7.53 ms, dist_count=41568
[OUT] [Timing] Search: 6.56 ms, dist_count=30253
[OUT] [Timing] Search: 9.65 ms, dist_count=59505
[OUT] [Timing] Search: 3.09 ms, dist_count=5614
[OUT] [Timing] Search: 4.69 ms, dist_count=17442
[OUT] [Timing] Search: 13.19 ms, dist_count=91677
[OUT] [Timing] Search: 5.89 ms, dist_count=24098
[OUT] [Timing] Search: 6.84 ms, dist_count=34014
[OUT] [Timing] Search: 8.22 ms, dist_count=49239
[OUT] [Timing] Search: 9.27 ms, dist_count=58711
[OUT] [Timing] Search: 12.29 ms, dist_count=88293
[OUT] [Timing] Search: 4.06 ms, dist_count=12869
[OUT] [Timing] Search: 10.95 ms, dist_count=65995
[OUT] [Timing] Search: 7.57 ms, dist_count=41010
[OUT] [Timing] Search: 3.57 ms, dist_count=6650
[OUT] [Timing] Search: 7.35 ms, dist_count=41788
[OUT] [Timing] Search: 7.35 ms, dist_count=35283
[OUT] [Timing] Search: 11.61 ms, dist_count=75947
[OUT] [Timing] Search: 11.68 ms, dist_count=79946
[OUT] [Timing] Search: 8.73 ms, dist_count=49540
[OUT] [Timing] Search: 7.26 ms, dist_count=39279
[OUT] [Timing] Search: 11.95 ms, dist_count=86046
[OUT] [Timing] Search: 11.33 ms, dist_count=80491
[OUT] [Timing] Search: 9.28 ms, dist_count=59956
[OUT] [Timing] Search: 10.27 ms, dist_count=67749
[OUT] [Timing] Search: 6.49 ms, dist_count=30011
[OUT] [Timing] Search: 10.94 ms, dist_count=68017
[OUT] [Timing] Search: 7.02 ms, dist_count=32228
[OUT] [Timing] Search: 10.28 ms, dist_count=55462
[OUT] [Timing] Search: 9.82 ms, dist_count=39816
[OUT] [Timing] Search: 8.16 ms, dist_count=34723
[OUT] [Timing] Search: 12.63 ms, dist_count=69360
[OUT] [Timing] Search: 5.81 ms, dist_count=15061
[OUT] [Timing] Search: 8.00 ms, dist_count=39752
[OUT] [Timing] Search: 12.69 ms, dist_count=85931
[OUT] [Timing] Search: 12.51 ms, dist_count=85742
[OUT] [Timing] Search: 4.98 ms, dist_count=13885
[OUT] [Timing] Search: 10.70 ms, dist_count=72977
[OUT] [Timing] Search: 6.42 ms, dist_count=29825
[OUT] [Timing] Search: 6.22 ms, dist_count=30560
[OUT] [Timing] Search: 9.43 ms, dist_count=63397
[OUT] [Timing] Search: 7.76 ms, dist_count=40917
[OUT] [Timing] Search: 11.06 ms, dist_count=77681
[OUT] [Timing] Search: 12.94 ms, dist_count=97524
[OUT] [Timing] Search: 13.62 ms, dist_count=99579
[OUT] [Timing] Search: 11.32 ms, dist_count=68696
[OUT] [Timing] Search: 11.61 ms, dist_count=76064
[OUT] [Timing] Search: 8.93 ms, dist_count=52286
[OUT] [Timing] Search: 10.20 ms, dist_count=64929
[OUT] [Timing] Search: 9.85 ms, dist_count=63029
[OUT] [Timing] Search: 5.03 ms, dist_count=18047
[OUT] [Timing] Search: 8.62 ms, dist_count=53226
[OUT] [Timing] Search: 6.76 ms, dist_count=32042
[OUT] [Timing] Search: 10.24 ms, dist_count=65840
[OUT] [Timing] Search: 6.68 ms, dist_count=31499
[OUT] [Timing] Search: 4.02 ms, dist_count=10734
[OUT] [Timing] Search: 5.02 ms, dist_count=19318
[OUT] [Timing] Search: 12.36 ms, dist_count=78988
[OUT] [Timing] Search: 10.86 ms, dist_count=75546
[OUT] [Timing] Search: 11.81 ms, dist_count=80958
[OUT] [Timing] Search: 13.02 ms, dist_count=94938
[OUT] [Timing] Search: 5.71 ms, dist_count=21730
[OUT] [Timing] Search: 11.40 ms, dist_count=71276
[OUT] [Timing] Search: 5.72 ms, dist_count=25353
[OUT] [Timing] Search: 6.45 ms, dist_count=28489
[OUT] [Timing] Search: 9.22 ms, dist_count=54490
[OUT] [Timing] Search: 13.49 ms, dist_count=94168
[OUT] [Timing] Search: 10.50 ms, dist_count=66174
[OUT] [Timing] Search: 4.12 ms, dist_count=12076
[OUT] [Timing] Search: 5.24 ms, dist_count=18953
[OUT] [Timing] Search: 8.48 ms, dist_count=46169
[OUT] [Timing] Search: 4.38 ms, dist_count=13232
[OUT] [Timing] Search: 11.25 ms, dist_count=76238
[OUT] [Timing] Search: 6.10 ms, dist_count=28616
[OUT] [Timing] Search: 10.68 ms, dist_count=70501
[OUT] [Timing] Search: 10.64 ms, dist_count=65882
[OUT] [Timing] Search: 8.61 ms, dist_count=52920
[OUT] [Timing] Search: 8.74 ms, dist_count=49174
[OUT] [Timing] Search: 6.13 ms, dist_count=20213
[OUT] [Timing] Search: 3.85 ms, dist_count=9139
[OUT] [Timing] Search: 14.05 ms, dist_count=88651
[OUT] [Timing] Search: 6.64 ms, dist_count=34213
[OUT] [Timing] Search: 4.83 ms, dist_count=13218
[OUT] [Timing] Search: 8.27 ms, dist_count=44532
[OUT] [Timing] Search: 9.69 ms, dist_count=59494
[OUT] [Timing] Search: 8.73 ms, dist_count=53040
[OUT] [Timing] Search: 9.20 ms, dist_count=54763
[OUT] [Timing] Search: 6.50 ms, dist_count=31696
[OUT] [Timing] Search: 9.28 ms, dist_count=51687
[OUT] [Timing] Search: 9.00 ms, dist_count=54319
[OUT] [Timing] Search: 7.90 ms, dist_count=44829
[OUT] [Timing] Search: 7.91 ms, dist_count=45602
[OUT] [Timing] Search: 9.34 ms, dist_count=61832
[OUT] [Timing] Search: 12.60 ms, dist_count=77048
[OUT] [Timing] Search: 7.34 ms, dist_count=37156
[OUT] [Timing] Search: 8.46 ms, dist_count=49847
[OUT] [Timing] Search: 12.14 ms, dist_count=89373
[OUT] [Timing] Search: 6.91 ms, dist_count=34176
[OUT] [Timing] Search: 10.33 ms, dist_count=66423
[OUT] [Timing] Search: 9.41 ms, dist_count=56404
[OUT] [Timing] Search: 12.75 ms, dist_count=95258
[OUT] [Timing] Search: 11.68 ms, dist_count=85340
[OUT] [Timing] Search: 6.23 ms, dist_count=26999
[OUT] [Timing] Search: 11.76 ms, dist_count=77439
[OUT] [Timing] Search: 9.49 ms, dist_count=57228
[OUT] [Timing] Search: 7.44 ms, dist_count=41363
[OUT] [Timing] Search: 6.92 ms, dist_count=33357
[OUT] [Timing] Search: 10.47 ms, dist_count=70487
[OUT] [Timing] Search: 3.31 ms, dist_count=5592
[OUT] [Timing] Search: 7.01 ms, dist_count=35726
[OUT] [Timing] Search: 7.97 ms, dist_count=47935
[OUT] [Timing] Search: 10.95 ms, dist_count=71160
[OUT] [Timing] Search: 7.21 ms, dist_count=35394
[OUT] [Timing] Search: 7.18 ms, dist_count=32289
[OUT] [Timing] Search: 5.21 ms, dist_count=20672
[OUT] [Timing] Search: 8.02 ms, dist_count=50602
[OUT] [Timing] Search: 12.35 ms, dist_count=88128
[OUT] [Timing] Search: 12.10 ms, dist_count=76196
[OUT] [Timing] Search: 12.06 ms, dist_count=84054
[OUT] [Timing] Search: 8.14 ms, dist_count=43020
[OUT] [Timing] Search: 9.16 ms, dist_count=53200
[OUT] [Timing] Search: 7.48 ms, dist_count=42529
[OUT] [Timing] Search: 7.47 ms, dist_count=37883
[OUT] [Timing] Search: 7.42 ms, dist_count=41259
[OUT] [Timing] Search: 7.24 ms, dist_count=36143
[OUT] [Timing] Search: 6.03 ms, dist_count=25925
[OUT] [Timing] Search: 5.94 ms, dist_count=23483
[OUT] [Timing] Search: 5.80 ms, dist_count=27289
[OUT] [Timing] Search: 10.69 ms, dist_count=73569
[OUT] [Timing] Search: 7.73 ms, dist_count=36848
[OUT] [Timing] Search: 5.21 ms, dist_count=22025
[OUT] [Timing] Search: 4.30 ms, dist_count=11002
[OUT] [Timing] Search: 6.70 ms, dist_count=26887
[OUT] [Timing] Search: 7.28 ms, dist_count=31465
[OUT] [Timing] Search: 12.14 ms, dist_count=86656
[OUT] [Timing] Search: 11.55 ms, dist_count=59485
[OUT] [Timing] Search: 5.21 ms, dist_count=11805
[OUT] [Timing] Search: 15.63 ms, dist_count=90011
[OUT] [Timing] Search: 10.69 ms, dist_count=53821
[OUT] [Timing] Search: 9.40 ms, dist_count=47882
[OUT] [Timing] Search: 11.16 ms, dist_count=71121
[OUT] [Timing] Search: 10.59 ms, dist_count=63001
[OUT] [Timing] Search: 9.72 ms, dist_count=63282
[OUT] [Timing] Search: 6.78 ms, dist_count=26086
[OUT] [Timing] Search: 8.00 ms, dist_count=31180
[OUT] [Timing] Search: 14.24 ms, dist_count=80152
[OUT] [Timing] Search: 8.17 ms, dist_count=29290
[OUT] [Timing] Search: 13.03 ms, dist_count=93712
[OUT] [Timing] Search: 12.10 ms, dist_count=85099
[OUT] [Timing] Search: 8.18 ms, dist_count=43297
[OUT] [Timing] Search: 11.00 ms, dist_count=71899
[OUT] [Timing] Search: 9.05 ms, dist_count=47088
[OUT] [Timing] Search: 7.55 ms, dist_count=33001
[OUT] [Timing] Search: 6.20 ms, dist_count=28919
[OUT] [Timing] Search: 9.69 ms, dist_count=62089
[OUT] [Timing] Search: 5.31 ms, dist_count=21256
[OUT] [Timing] Search: 6.18 ms, dist_count=28760
[OUT] [Timing] Search: 7.45 ms, dist_count=38129
[OUT] [Timing] Search: 5.94 ms, dist_count=29844
[OUT] [Timing] Search: 6.55 ms, dist_count=25955
[OUT] [Timing] Search: 7.62 ms, dist_count=43022
[OUT] [Timing] Search: 6.50 ms, dist_count=26939
[OUT] [Timing] Search: 12.29 ms, dist_count=87498
[OUT] [Timing] Search: 8.15 ms, dist_count=43820
[OUT] [Timing] Search: 5.29 ms, dist_count=20154
[OUT] [Timing] Search: 11.29 ms, dist_count=79016
[OUT] [Timing] Search: 8.51 ms, dist_count=44329
[OUT] [Timing] Search: 11.79 ms, dist_count=84064
[OUT] [Timing] Search: 12.00 ms, dist_count=87480
[OUT] [Timing] Search: 11.81 ms, dist_count=83534
[OUT] [Timing] Search: 5.90 ms, dist_count=30698
[OUT] [Timing] Search: 5.55 ms, dist_count=22426
[OUT] [Timing] Search: 8.77 ms, dist_count=60685
[OUT] [Timing] Search: 11.94 ms, dist_count=76122
[OUT] [Timing] Search: 7.81 ms, dist_count=42752
[OUT] [Timing] Search: 9.82 ms, dist_count=65880
[OUT] [Timing] Search: 8.08 ms, dist_count=47370
[OUT] [Timing] Search: 8.19 ms, dist_count=50928
[OUT] [Timing] Search: 6.72 ms, dist_count=33023
[OUT] [Timing] Search: 9.98 ms, dist_count=63679
[OUT] [Timing] Search: 9.46 ms, dist_count=56735
[OUT] [Timing] Search: 4.12 ms, dist_count=13141
[OUT] [Timing] Search: 12.55 ms, dist_count=88870
[OUT] [Timing] Search: 5.69 ms, dist_count=19798
[OUT] [Timing] Search: 5.69 ms, dist_count=19175
[OUT] [Timing] Search: 9.19 ms, dist_count=56603
[OUT] [Timing] Search: 10.99 ms, dist_count=70289
[OUT] [Timing] Search: 10.59 ms, dist_count=68366
[OUT] [Timing] Search: 6.41 ms, dist_count=29522
[OUT] [Timing] Search: 11.07 ms, dist_count=72769
[OUT] [Timing] Search: 10.10 ms, dist_count=61868
[OUT] [Timing] Search: 5.01 ms, dist_count=22237
[OUT] [Timing] Search: 13.78 ms, dist_count=98223
[OUT] [Timing] Search: 10.56 ms, dist_count=61002
[OUT] [Timing] Search: 5.89 ms, dist_count=24805
[OUT] [Timing] Search: 7.56 ms, dist_count=40131
[OUT] [Timing] Search: 11.02 ms, dist_count=73697
[OUT] [Timing] Search: 11.84 ms, dist_count=80868
[OUT] [Timing] Search: 5.28 ms, dist_count=21746
[OUT] [Timing] Search: 6.29 ms, dist_count=26660
[OUT] [Timing] Search: 6.86 ms, dist_count=37199
[OUT] [Timing] Search: 11.58 ms, dist_count=77723
[OUT] [Timing] Search: 11.78 ms, dist_count=82309
[OUT] [Timing] Search: 8.42 ms, dist_count=47567
[OUT] [Timing] Search: 4.48 ms, dist_count=9912
[OUT] [Timing] Search: 9.48 ms, dist_count=57717
[OUT] [Timing] Search: 5.99 ms, dist_count=25711
[OUT] [Timing] Search: 10.69 ms, dist_count=73111
[OUT] [Timing] Search: 6.05 ms, dist_count=23861
[OUT] [Timing] Search: 12.65 ms, dist_count=90727
[OUT] [Timing] Search: 10.93 ms, dist_count=76317
[OUT] [Timing] Search: 6.29 ms, dist_count=27902
[OUT] [Timing] Search: 7.26 ms, dist_count=40592
[OUT] [Timing] Search: 9.32 ms, dist_count=54559
[OUT] [Timing] Search: 6.33 ms, dist_count=31048
[OUT] [Timing] Search: 9.74 ms, dist_count=59834
[OUT] [Timing] Search: 5.58 ms, dist_count=25832
[OUT] [Timing] Search: 8.62 ms, dist_count=48029
[OUT] [Timing] Search: 11.38 ms, dist_count=81065
[OUT] [Timing] Search: 9.99 ms, dist_count=63790
[OUT] [Timing] Search: 4.40 ms, dist_count=11903
[OUT] [Timing] Search: 12.01 ms, dist_count=86288
[OUT] [Timing] Search: 5.17 ms, dist_count=17046
[OUT] [Timing] Search: 9.99 ms, dist_count=67514
[OUT] [Timing] Search: 3.72 ms, dist_count=9231
[OUT] [Timing] Search: 8.82 ms, dist_count=52133
[OUT] [Timing] Search: 10.77 ms, dist_count=66302
[OUT] [Timing] Search: 7.25 ms, dist_count=40146
[OUT] [Timing] Search: 11.29 ms, dist_count=78233
[OUT] [Timing] Search: 11.33 ms, dist_count=80074
[OUT] [Timing] Search: 9.94 ms, dist_count=67215
[OUT] [Timing] Search: 4.92 ms, dist_count=14906
[OUT] [Timing] Search: 6.65 ms, dist_count=32681
[OUT] [Timing] Search: 8.80 ms, dist_count=49831
[OUT] [Timing] Search: 10.81 ms, dist_count=75466
[OUT] [Timing] Search: 8.38 ms, dist_count=49926
[OUT] [Timing] Search: 5.97 ms, dist_count=21758
[OUT] [Timing] Search: 8.13 ms, dist_count=43518
[OUT] [Timing] Search: 6.56 ms, dist_count=32498
[OUT] [Timing] Search: 6.12 ms, dist_count=26962
[OUT] [Timing] Search: 5.75 ms, dist_count=23437
[OUT] [Timing] Search: 11.21 ms, dist_count=64180
[OUT] [Timing] Search: 3.71 ms, dist_count=7668
[OUT] [Timing] Search: 10.88 ms, dist_count=70851
[OUT] [Timing] Search: 6.74 ms, dist_count=33568
[OUT] [Timing] Search: 9.20 ms, dist_count=59275
[OUT] [Timing] Search: 12.86 ms, dist_count=94450
[OUT] [Timing] Search: 8.92 ms, dist_count=52752
[OUT] [Timing] Search: 12.20 ms, dist_count=76778
[OUT] [Timing] Search: 11.19 ms, dist_count=78350
[OUT] [Timing] Search: 5.97 ms, dist_count=28488
[OUT] [Timing] Search: 9.58 ms, dist_count=58852
[OUT] [Timing] Search: 7.90 ms, dist_count=49034
[OUT] [Timing] Search: 11.72 ms, dist_count=82229
[OUT] [Timing] Search: 9.05 ms, dist_count=53303
[OUT] [Timing] Search: 8.71 ms, dist_count=53143
[OUT] [Timing] Search: 8.03 ms, dist_count=42705
[OUT] [Timing] Search: 7.91 ms, dist_count=47091
[OUT] [Timing] Search: 12.39 ms, dist_count=84068
[OUT] [Timing] Search: 4.37 ms, dist_count=12508
[OUT] [Timing] Search: 8.68 ms, dist_count=50693
[OUT] [Timing] Search: 12.73 ms, dist_count=90895
[OUT] [Timing] Search: 10.51 ms, dist_count=70907
[OUT] [Timing] Search: 9.61 ms, dist_count=65344
[OUT] [Timing] Search: 7.98 ms, dist_count=39475
[OUT] [Timing] Search: 6.52 ms, dist_count=29743
[OUT] [Timing] Search: 11.40 ms, dist_count=80221
[OUT] [Timing] Search: 4.49 ms, dist_count=12929
[OUT] [Timing] Search: 9.35 ms, dist_count=50312
[OUT] [Timing] Search: 13.40 ms, dist_count=101281
[OUT] [Timing] Search: 8.10 ms, dist_count=47833
[OUT] [Timing] Search: 9.75 ms, dist_count=63707
[OUT] [Timing] Search: 11.74 ms, dist_count=79208
[OUT] [Timing] Search: 8.45 ms, dist_count=50411
[OUT] [Timing] Search: 8.19 ms, dist_count=50903
[OUT] [Timing] Search: 4.74 ms, dist_count=16752
[OUT] [Timing] Search: 4.00 ms, dist_count=9453
[OUT] [Timing] Search: 13.33 ms, dist_count=89472
[OUT] [Timing] Search: 3.58 ms, dist_count=9543
[OUT] [Timing] Search: 8.45 ms, dist_count=39595
[OUT] [Timing] Search: 10.48 ms, dist_count=70375
[OUT] [Timing] Search: 7.15 ms, dist_count=37959
[OUT] [Timing] Search: 8.79 ms, dist_count=49576
[OUT] [Timing] Search: 6.80 ms, dist_count=38697
[OUT] [Timing] Search: 8.18 ms, dist_count=43771
[OUT] [Timing] Search: 10.25 ms, dist_count=70872
[OUT] [Timing] Search: 5.72 ms, dist_count=22228
[OUT] [Timing] Search: 5.92 ms, dist_count=27910
[OUT] [Timing] Search: 8.05 ms, dist_count=41730
[OUT] [Timing] Search: 11.87 ms, dist_count=80798
[OUT] [Timing] Search: 8.14 ms, dist_count=35071
[OUT] [Timing] Search: 12.51 ms, dist_count=81209
[OUT] [Timing] Search: 8.97 ms, dist_count=52229
[OUT] [Timing] Search: 11.20 ms, dist_count=77290
[OUT] [Timing] Search: 6.22 ms, dist_count=27153
[OUT] [Timing] Search: 7.82 ms, dist_count=44516
[OUT] [Timing] Search: 8.91 ms, dist_count=55643
[OUT] [Timing] Search: 8.85 ms, dist_count=54849
[OUT] [Timing] Search: 11.18 ms, dist_count=77458
[OUT] [Timing] Search: 9.12 ms, dist_count=58705
[OUT] [Timing] Search: 5.81 ms, dist_count=20644
[OUT] [Timing] Search: 6.31 ms, dist_count=30497
[OUT] [Timing] Search: 12.46 ms, dist_count=84718
[OUT] [Timing] Search: 3.56 ms, dist_count=7283
[OUT] [Timing] Search: 6.77 ms, dist_count=30921
[OUT] [Timing] Search: 9.37 ms, dist_count=59676
[OUT] [Timing] Search: 11.75 ms, dist_count=86033
[OUT] [Timing] Search: 12.04 ms, dist_count=86386
[OUT] [Timing] Search: 11.26 ms, dist_count=78413
[OUT] [Timing] Search: 10.19 ms, dist_count=70245
[OUT] [Timing] Search: 7.69 ms, dist_count=37482
[OUT] [Timing] Search: 6.57 ms, dist_count=32251
[OUT] [Timing] Search: 6.43 ms, dist_count=27535
[OUT] [Timing] Search: 3.30 ms, dist_count=5556
[OUT] [Timing] Search: 13.26 ms, dist_count=92677
[OUT] [Timing] Search: 10.04 ms, dist_count=67662
[OUT] [Timing] Search: 7.55 ms, dist_count=40362
[OUT] [Timing] Search: 10.77 ms, dist_count=71117
[OUT] [Timing] Search: 8.26 ms, dist_count=48737
[OUT] [Timing] Search: 6.67 ms, dist_count=32629
[OUT] [Timing] Search: 6.06 ms, dist_count=25167
[OUT] [Timing] Search: 5.91 ms, dist_count=24408
[OUT] [Timing] Search: 8.36 ms, dist_count=43234
[OUT] [Timing] Search: 6.84 ms, dist_count=33328
[OUT] [Timing] Search: 4.17 ms, dist_count=11547
[OUT] [Timing] Search: 5.90 ms, dist_count=30980
[OUT] [Timing] Search: 11.45 ms, dist_count=76761
[OUT] [Timing] Search: 3.88 ms, dist_count=11228
[OUT] [Timing] Search: 8.09 ms, dist_count=41849
[OUT] [Timing] Search: 7.33 ms, dist_count=40954
[OUT] [Timing] Search: 10.68 ms, dist_count=70845
[OUT] [Timing] Search: 13.43 ms, dist_count=100656
[OUT] [Timing] Search: 7.62 ms, dist_count=43181
[OUT] [Timing] Search: 6.94 ms, dist_count=31116
[OUT] [Timing] Search: 7.51 ms, dist_count=39291
[OUT] [Timing] Search: 5.75 ms, dist_count=20707
[OUT] [Timing] Search: 5.87 ms, dist_count=26326
[OUT] [Timing] Search: 11.16 ms, dist_count=74660
[OUT] [Timing] Search: 4.14 ms, dist_count=12265
[OUT] [Timing] Search: 12.62 ms, dist_count=87265
[OUT] [Timing] Search: 11.10 ms, dist_count=76571
[OUT] [Timing] Search: 10.75 ms, dist_count=76016
[OUT] [Timing] Search: 10.08 ms, dist_count=66597
[OUT] [Timing] Search: 12.19 ms, dist_count=85976
[OUT] [Timing] Search: 5.89 ms, dist_count=22763
[OUT] [Timing] Search: 10.29 ms, dist_count=68659
[OUT] [Timing] Search: 6.43 ms, dist_count=31058
[OUT] [Timing] Search: 13.58 ms, dist_count=95725
[OUT] [Timing] Search: 8.96 ms, dist_count=38644
[OUT] [Timing] Search: 3.83 ms, dist_count=5930
[OUT] [Timing] Search: 8.46 ms, dist_count=36635
[OUT] [Timing] Search: 8.62 ms, dist_count=36524
[OUT] [Timing] Search: 7.00 ms, dist_count=20020
[OUT] [Timing] Search: 11.12 ms, dist_count=66539
[OUT] [Timing] Search: 10.16 ms, dist_count=61917
[OUT] [Timing] Search: 5.66 ms, dist_count=22962
[OUT] [Timing] Search: 5.90 ms, dist_count=22463
[OUT] [Timing] Search: 4.30 ms, dist_count=12802
[OUT] [Timing] Search: 4.06 ms, dist_count=10190
[OUT] [Timing] Search: 10.25 ms, dist_count=70560
[OUT] [Timing] Search: 12.65 ms, dist_count=90280
[OUT] [Timing] Search: 4.43 ms, dist_count=13111
[OUT] [Timing] Search: 7.70 ms, dist_count=41439
[OUT] [Timing] Search: 8.13 ms, dist_count=47941
[OUT] [Timing] Search: 4.94 ms, dist_count=18363
[OUT] [Timing] Search: 6.12 ms, dist_count=30764
[OUT] [Timing] Search: 10.53 ms, dist_count=67954
[OUT] [Timing] Search: 14.65 ms, dist_count=94972
[OUT] [Timing] Search: 10.51 ms, dist_count=67385
[OUT] [Timing] Search: 9.30 ms, dist_count=55833
[OUT] [Timing] Search: 9.04 ms, dist_count=55542
[OUT] [Timing] Search: 9.12 ms, dist_count=57172
[OUT] [Timing] Search: 5.57 ms, dist_count=21487
[OUT] [Timing] Search: 4.80 ms, dist_count=14362
[OUT] [Timing] Search: 10.24 ms, dist_count=69136
[OUT] [Timing] Search: 7.27 ms, dist_count=37824
[OUT] [Timing] Search: 3.94 ms, dist_count=12974
[OUT] [Timing] Search: 3.46 ms, dist_count=6922
[OUT] [Timing] Search: 8.12 ms, dist_count=41445
[OUT] [Timing] Search: 10.74 ms, dist_count=67807
[OUT] [Timing] Search: 10.34 ms, dist_count=71796
[OUT] [Timing] Search: 8.44 ms, dist_count=49594
[OUT] [Timing] Search: 2.50 ms, dist_count=4075
[OUT] [Timing] Search: 8.20 ms, dist_count=49524
[OUT] [Timing] Search: 5.61 ms, dist_count=22332
[OUT] [Timing] Search: 5.18 ms, dist_count=24544
[OUT] [Timing] Search: 9.14 ms, dist_count=51950
[OUT] [Timing] Search: 10.36 ms, dist_count=69805
[OUT] [Timing] Search: 8.56 ms, dist_count=51860
[OUT] [Timing] Search: 4.63 ms, dist_count=14039
[OUT] [Timing] Search: 13.18 ms, dist_count=88304
[OUT] [Timing] Search: 11.19 ms, dist_count=71617
[OUT] [Timing] Search: 3.72 ms, dist_count=8339
[OUT] [Timing] Search: 7.50 ms, dist_count=37452
[OUT] [Timing] Search: 9.39 ms, dist_count=60976
[OUT] [Timing] Search: 5.72 ms, dist_count=22976
[OUT] [Timing] Search: 11.40 ms, dist_count=80920
[OUT] [Timing] Search: 5.42 ms, dist_count=19045
[OUT] [Timing] Search: 3.41 ms, dist_count=6038
[OUT] [Timing] Search: 9.24 ms, dist_count=55444
[OUT] [Timing] Search: 9.57 ms, dist_count=61333
[OUT] [Timing] Search: 7.24 ms, dist_count=31955
[OUT] [Timing] Search: 13.45 ms, dist_count=84811
[OUT] [Timing] Search: 14.18 ms, dist_count=100550
[OUT] [Timing] Search: 11.30 ms, dist_count=77238
[OUT] [Timing] Search: 8.61 ms, dist_count=29026
[OUT] [Timing] Search: 6.50 ms, dist_count=31848
[OUT] [Timing] Search: 9.65 ms, dist_count=57180
[OUT] [Timing] Search: 4.36 ms, dist_count=11872
[OUT] [Timing] Search: 9.89 ms, dist_count=60134
[OUT] [Timing] Search: 10.40 ms, dist_count=70066
[OUT] [Timing] Search: 6.57 ms, dist_count=31533
[OUT] [Timing] Search: 7.01 ms, dist_count=30427
[OUT] [Timing] Search: 8.45 ms, dist_count=45506
[OUT] [Timing] Search: 10.55 ms, dist_count=65673
[OUT] [Timing] Search: 5.77 ms, dist_count=26543
[OUT] [Timing] Search: 10.71 ms, dist_count=65675
[OUT] [Timing] Search: 7.34 ms, dist_count=37947
[OUT] [Timing] Search: 6.14 ms, dist_count=29640
[OUT] [Timing] Search: 9.38 ms, dist_count=59369
[OUT] [Timing] Search: 8.24 ms, dist_count=46646
[OUT] [Timing] Search: 5.49 ms, dist_count=23481
[OUT] [Timing] Search: 9.16 ms, dist_count=52439
[OUT] [Timing] Search: 4.13 ms, dist_count=9924
[OUT] [Timing] Search: 9.44 ms, dist_count=56692
[OUT] [Timing] Search: 10.37 ms, dist_count=64954
[OUT] [Timing] Search: 7.02 ms, dist_count=30412
[OUT] [Timing] Search: 10.44 ms, dist_count=70402
[OUT] [Timing] Search: 5.53 ms, dist_count=20973
[OUT] [Timing] Search: 5.81 ms, dist_count=20566
[OUT] [Timing] Search: 5.63 ms, dist_count=20874
[OUT] [Timing] Search: 6.18 ms, dist_count=32378
[OUT] [Timing] Search: 3.77 ms, dist_count=9847
[OUT] [Timing] Search: 4.04 ms, dist_count=12397
[OUT] [Timing] Search: 5.25 ms, dist_count=20148
[OUT] [Timing] Search: 10.34 ms, dist_count=67232
[OUT] [Timing] Search: 4.83 ms, dist_count=16855
[OUT]   Processed 7000 queries
[OUT] 
[OUT] [Timing] Search: 9.97 ms, dist_count=61116
[OUT] [Timing] Search: 7.29 ms, dist_count=39263
[OUT] [Timing] Search: 13.34 ms, dist_count=78317
[OUT] [Timing] Search: 6.18 ms, dist_count=21961
[OUT] [Timing] Search: 7.39 ms, dist_count=24675
[OUT] [Timing] Search: 17.26 ms, dist_count=94811
[OUT] [Timing] Search: 12.36 ms, dist_count=83576
[OUT] [Timing] Search: 9.63 ms, dist_count=60261
[OUT] [Timing] Search: 7.48 ms, dist_count=39393
[OUT] [Timing] Search: 11.83 ms, dist_count=67303
[OUT] [Timing] Search: 12.03 ms, dist_count=88692
[OUT] [Timing] Search: 7.55 ms, dist_count=42249
[OUT] [Timing] Search: 12.83 ms, dist_count=95293
[OUT] [Timing] Search: 10.31 ms, dist_count=69167
[OUT] [Timing] Search: 10.18 ms, dist_count=66038
[OUT] [Timing] Search: 4.57 ms, dist_count=12094
[OUT] [Timing] Search: 9.17 ms, dist_count=57450
[OUT] [Timing] Search: 6.34 ms, dist_count=27088
[OUT] [Timing] Search: 9.07 ms, dist_count=54901
[OUT] [Timing] Search: 5.67 ms, dist_count=22240
[OUT] [Timing] Search: 11.60 ms, dist_count=77010
[OUT] [Timing] Search: 7.03 ms, dist_count=36357
[OUT] [Timing] Search: 9.90 ms, dist_count=68053
[OUT] [Timing] Search: 5.90 ms, dist_count=23402
[OUT] [Timing] Search: 16.14 ms, dist_count=100572
[OUT] [Timing] Search: 5.12 ms, dist_count=15134
[OUT] [Timing] Search: 5.23 ms, dist_count=13881
[OUT] [Timing] Search: 11.19 ms, dist_count=56569
[OUT] [Timing] Search: 11.81 ms, dist_count=61204
[OUT] [Timing] Search: 6.59 ms, dist_count=21334
[OUT] [Timing] Search: 4.17 ms, dist_count=8646
[OUT] [Timing] Search: 12.00 ms, dist_count=61453
[OUT] [Timing] Search: 15.59 ms, dist_count=105792
[OUT] [Timing] Search: 11.25 ms, dist_count=78385
[OUT] [Timing] Search: 8.95 ms, dist_count=53158
[OUT] [Timing] Search: 5.02 ms, dist_count=19514
[OUT] [Timing] Search: 4.97 ms, dist_count=17763
[OUT] [Timing] Search: 6.17 ms, dist_count=26377
[OUT] [Timing] Search: 9.90 ms, dist_count=64954
[OUT] [Timing] Search: 12.85 ms, dist_count=88888
[OUT] [Timing] Search: 9.11 ms, dist_count=51997
[OUT] [Timing] Search: 8.34 ms, dist_count=45710
[OUT] [Timing] Search: 6.73 ms, dist_count=31185
[OUT] [Timing] Search: 9.92 ms, dist_count=62810
[OUT] [Timing] Search: 7.87 ms, dist_count=44719
[OUT] [Timing] Search: 7.50 ms, dist_count=42841
[OUT] [Timing] Search: 3.40 ms, dist_count=5770
[OUT] [Timing] Search: 8.97 ms, dist_count=57120
[OUT] [Timing] Search: 11.68 ms, dist_count=85245
[OUT] [Timing] Search: 6.39 ms, dist_count=26581
[OUT] [Timing] Search: 13.15 ms, dist_count=92617
[OUT] [Timing] Search: 7.01 ms, dist_count=30107
[OUT] [Timing] Search: 8.79 ms, dist_count=52247
[OUT] [Timing] Search: 5.83 ms, dist_count=25558
[OUT] [Timing] Search: 6.69 ms, dist_count=33223
[OUT] [Timing] Search: 10.63 ms, dist_count=61968
[OUT] [Timing] Search: 4.09 ms, dist_count=9106
[OUT] [Timing] Search: 9.11 ms, dist_count=53082
[OUT] [Timing] Search: 6.18 ms, dist_count=32475
[OUT] [Timing] Search: 13.95 ms, dist_count=107303
[OUT] [Timing] Search: 6.65 ms, dist_count=31443
[OUT] [Timing] Search: 8.49 ms, dist_count=53052
[OUT] [Timing] Search: 5.89 ms, dist_count=16960
[OUT] [Timing] Search: 4.80 ms, dist_count=16638
[OUT] [Timing] Search: 10.81 ms, dist_count=73545
[OUT] [Timing] Search: 8.89 ms, dist_count=56931
[OUT] [Timing] Search: 7.91 ms, dist_count=43200
[OUT] [Timing] Search: 6.83 ms, dist_count=32132
[OUT] [Timing] Search: 11.20 ms, dist_count=74246
[OUT] [Timing] Search: 7.81 ms, dist_count=45595
[OUT] [Timing] Search: 7.47 ms, dist_count=37698
[OUT] [Timing] Search: 6.42 ms, dist_count=31597
[OUT] [Timing] Search: 6.98 ms, dist_count=34324
[OUT] [Timing] Search: 7.76 ms, dist_count=41915
[OUT] [Timing] Search: 10.93 ms, dist_count=61006
[OUT] [Timing] Search: 6.94 ms, dist_count=33835
[OUT] [Timing] Search: 7.66 ms, dist_count=39526
[OUT] [Timing] Search: 7.77 ms, dist_count=41007
[OUT] [Timing] Search: 10.02 ms, dist_count=70133
[OUT] [Timing] Search: 5.64 ms, dist_count=20967
[OUT] [Timing] Search: 9.67 ms, dist_count=61965
[OUT] [Timing] Search: 12.21 ms, dist_count=82866
[OUT] [Timing] Search: 8.75 ms, dist_count=50533
[OUT] [Timing] Search: 9.64 ms, dist_count=65178
[OUT] [Timing] Search: 10.38 ms, dist_count=65195
[OUT] [Timing] Search: 8.85 ms, dist_count=52876
[OUT] [Timing] Search: 6.42 ms, dist_count=26863
[OUT] [Timing] Search: 12.77 ms, dist_count=85816
[OUT] [Timing] Search: 10.39 ms, dist_count=68451
[OUT] [Timing] Search: 5.29 ms, dist_count=18432
[OUT] [Timing] Search: 11.85 ms, dist_count=83186
[OUT] [Timing] Search: 5.52 ms, dist_count=23574
[OUT] [Timing] Search: 8.23 ms, dist_count=45433
[OUT] [Timing] Search: 9.06 ms, dist_count=55241
[OUT] [Timing] Search: 12.50 ms, dist_count=88697
[OUT] [Timing] Search: 5.77 ms, dist_count=25654
[OUT] [Timing] Search: 12.04 ms, dist_count=86369
[OUT] [Timing] Search: 6.79 ms, dist_count=33634
[OUT] [Timing] Search: 6.19 ms, dist_count=25794
[OUT] [Timing] Search: 4.60 ms, dist_count=15341
[OUT] [Timing] Search: 11.94 ms, dist_count=81690
[OUT] [Timing] Search: 4.47 ms, dist_count=13128
[OUT] [Timing] Search: 10.21 ms, dist_count=66120
[OUT] [Timing] Search: 7.08 ms, dist_count=40154
[OUT] [Timing] Search: 9.22 ms, dist_count=57320
[OUT] [Timing] Search: 4.52 ms, dist_count=13470
[OUT] [Timing] Search: 10.71 ms, dist_count=65689
[OUT] [Timing] Search: 5.06 ms, dist_count=19047
[OUT] [Timing] Search: 11.68 ms, dist_count=84105
[OUT] [Timing] Search: 7.78 ms, dist_count=40728
[OUT] [Timing] Search: 8.00 ms, dist_count=48693
[OUT] [Timing] Search: 8.36 ms, dist_count=48628
[OUT] [Timing] Search: 7.63 ms, dist_count=45912
[OUT] [Timing] Search: 12.47 ms, dist_count=84711
[OUT] [Timing] Search: 11.55 ms, dist_count=78038
[OUT] [Timing] Search: 10.78 ms, dist_count=71937
[OUT] [Timing] Search: 8.83 ms, dist_count=50781
[OUT] [Timing] Search: 12.04 ms, dist_count=86735
[OUT] [Timing] Search: 5.52 ms, dist_count=23975
[OUT] [Timing] Search: 6.82 ms, dist_count=34863
[OUT] [Timing] Search: 7.37 ms, dist_count=40490
[OUT] [Timing] Search: 8.61 ms, dist_count=50707
[OUT] [Timing] Search: 3.97 ms, dist_count=9715
[OUT] [Timing] Search: 11.09 ms, dist_count=77123
[OUT] [Timing] Search: 6.09 ms, dist_count=22411
[OUT] [Timing] Search: 10.77 ms, dist_count=62969
[OUT] [Timing] Search: 9.05 ms, dist_count=57503
[OUT] [Timing] Search: 7.62 ms, dist_count=36275
[OUT] [Timing] Search: 12.28 ms, dist_count=89389
[OUT] [Timing] Search: 7.65 ms, dist_count=43718
[OUT] [Timing] Search: 12.79 ms, dist_count=92137
[OUT] [Timing] Search: 7.93 ms, dist_count=40192
[OUT] [Timing] Search: 13.03 ms, dist_count=74908
[OUT] [Timing] Search: 14.05 ms, dist_count=83565
[OUT] [Timing] Search: 12.18 ms, dist_count=62998
[OUT] [Timing] Search: 11.54 ms, dist_count=71544
[OUT] [Timing] Search: 10.54 ms, dist_count=67146
[OUT] [Timing] Search: 7.40 ms, dist_count=41056
[OUT] [Timing] Search: 11.05 ms, dist_count=74530
[OUT] [Timing] Search: 10.46 ms, dist_count=67860
[OUT] [Timing] Search: 11.14 ms, dist_count=78522
[OUT] [Timing] Search: 11.65 ms, dist_count=84397
[OUT] [Timing] Search: 6.77 ms, dist_count=33450
[OUT] [Timing] Search: 8.72 ms, dist_count=53476
[OUT] [Timing] Search: 5.85 ms, dist_count=24250
[OUT] [Timing] Search: 6.80 ms, dist_count=26215
[OUT] [Timing] Search: 9.19 ms, dist_count=47002
[OUT] [Timing] Search: 11.04 ms, dist_count=72743
[OUT] [Timing] Search: 13.11 ms, dist_count=92743
[OUT] [Timing] Search: 9.24 ms, dist_count=54352
[OUT] [Timing] Search: 6.69 ms, dist_count=32284
[OUT] [Timing] Search: 8.35 ms, dist_count=47314
[OUT] [Timing] Search: 10.58 ms, dist_count=75571
[OUT] [Timing] Search: 6.14 ms, dist_count=24967
[OUT] [Timing] Search: 7.89 ms, dist_count=49447
[OUT] [Timing] Search: 9.50 ms, dist_count=53861
[OUT] [Timing] Search: 9.27 ms, dist_count=55370
[OUT] [Timing] Search: 8.93 ms, dist_count=50935
[OUT] [Timing] Search: 9.58 ms, dist_count=58468
[OUT] [Timing] Search: 5.78 ms, dist_count=25526
[OUT] [Timing] Search: 6.80 ms, dist_count=30156
[OUT] [Timing] Search: 10.85 ms, dist_count=75361
[OUT] [Timing] Search: 8.03 ms, dist_count=45920
[OUT] [Timing] Search: 11.17 ms, dist_count=80398
[OUT] [Timing] Search: 6.31 ms, dist_count=28429
[OUT] [Timing] Search: 11.66 ms, dist_count=80049
[OUT] [Timing] Search: 8.64 ms, dist_count=55289
[OUT] [Timing] Search: 11.98 ms, dist_count=82766
[OUT] [Timing] Search: 5.49 ms, dist_count=21016
[OUT] [Timing] Search: 13.17 ms, dist_count=96152
[OUT] [Timing] Search: 8.28 ms, dist_count=47343
[OUT] [Timing] Search: 11.82 ms, dist_count=85837
[OUT] [Timing] Search: 8.95 ms, dist_count=52709
[OUT] [Timing] Search: 8.01 ms, dist_count=41868
[OUT] [Timing] Search: 9.04 ms, dist_count=53359
[OUT] [Timing] Search: 11.60 ms, dist_count=71481
[OUT] [Timing] Search: 9.74 ms, dist_count=59435
[OUT] [Timing] Search: 7.36 ms, dist_count=43745
[OUT] [Timing] Search: 8.50 ms, dist_count=49028
[OUT] [Timing] Search: 4.47 ms, dist_count=14879
[OUT] [Timing] Search: 13.20 ms, dist_count=92496
[OUT] [Timing] Search: 8.81 ms, dist_count=52830
[OUT] [Timing] Search: 5.63 ms, dist_count=23319
[OUT] [Timing] Search: 9.12 ms, dist_count=57555
[OUT] [Timing] Search: 6.26 ms, dist_count=31965
[OUT] [Timing] Search: 5.45 ms, dist_count=24856
[OUT] [Timing] Search: 9.34 ms, dist_count=50639
[OUT] [Timing] Search: 11.50 ms, dist_count=80167
[OUT] [Timing] Search: 4.54 ms, dist_count=13039
[OUT] [Timing] Search: 5.14 ms, dist_count=17419
[OUT] [Timing] Search: 9.45 ms, dist_count=57969
[OUT] [Timing] Search: 10.20 ms, dist_count=61325
[OUT] [Timing] Search: 3.95 ms, dist_count=10412
[OUT] [Timing] Search: 13.84 ms, dist_count=95312
[OUT] [Timing] Search: 5.09 ms, dist_count=14862
[OUT] [Timing] Search: 8.11 ms, dist_count=41964
[OUT] [Timing] Search: 9.14 ms, dist_count=59607
[OUT] [Timing] Search: 8.05 ms, dist_count=41494
[OUT] [Timing] Search: 9.30 ms, dist_count=58483
[OUT] [Timing] Search: 6.16 ms, dist_count=27799
[OUT] [Timing] Search: 6.21 ms, dist_count=30070
[OUT] [Timing] Search: 9.76 ms, dist_count=61994
[OUT] [Timing] Search: 11.65 ms, dist_count=89090
[OUT] [Timing] Search: 7.02 ms, dist_count=36184
[OUT] [Timing] Search: 10.39 ms, dist_count=66143
[OUT] [Timing] Search: 11.54 ms, dist_count=80724
[OUT] [Timing] Search: 6.78 ms, dist_count=27659
[OUT] [Timing] Search: 3.13 ms, dist_count=7173
[OUT] [Timing] Search: 13.23 ms, dist_count=96170
[OUT] [Timing] Search: 8.41 ms, dist_count=49529
[OUT] [Timing] Search: 11.52 ms, dist_count=84615
[OUT] [Timing] Search: 11.37 ms, dist_count=77175
[OUT] [Timing] Search: 12.38 ms, dist_count=89556
[OUT] [Timing] Search: 10.62 ms, dist_count=72279
[OUT] [Timing] Search: 4.40 ms, dist_count=11923
[OUT] [Timing] Search: 7.18 ms, dist_count=37076
[OUT] [Timing] Search: 9.38 ms, dist_count=56876
[OUT] [Timing] Search: 7.09 ms, dist_count=36169
[OUT] [Timing] Search: 4.88 ms, dist_count=15130
[OUT] [Timing] Search: 12.96 ms, dist_count=88461
[OUT] [Timing] Search: 9.04 ms, dist_count=56044
[OUT] [Timing] Search: 7.11 ms, dist_count=32747
[OUT] [Timing] Search: 5.04 ms, dist_count=19063
[OUT] [Timing] Search: 6.45 ms, dist_count=32213
[OUT] [Timing] Search: 11.34 ms, dist_count=80788
[OUT] [Timing] Search: 12.14 ms, dist_count=81965
[OUT] [Timing] Search: 5.57 ms, dist_count=23541
[OUT] [Timing] Search: 9.86 ms, dist_count=59349
[OUT] [Timing] Search: 7.32 ms, dist_count=39231
[OUT] [Timing] Search: 6.85 ms, dist_count=28167
[OUT] [Timing] Search: 8.06 ms, dist_count=41924
[OUT] [Timing] Search: 5.48 ms, dist_count=21120
[OUT] [Timing] Search: 5.76 ms, dist_count=20592
[OUT] [Timing] Search: 7.40 ms, dist_count=38058
[OUT] [Timing] Search: 8.89 ms, dist_count=56550
[OUT] [Timing] Search: 9.60 ms, dist_count=61634
[OUT] [Timing] Search: 9.88 ms, dist_count=58502
[OUT] [Timing] Search: 6.95 ms, dist_count=24132
[OUT] [Timing] Search: 13.48 ms, dist_count=71828
[OUT] [Timing] Search: 3.96 ms, dist_count=6295
[OUT] [Timing] Search: 10.16 ms, dist_count=48364
[OUT] [Timing] Search: 5.54 ms, dist_count=14132
[OUT] [Timing] Search: 14.01 ms, dist_count=90770
[OUT] [Timing] Search: 8.71 ms, dist_count=43158
[OUT] [Timing] Search: 6.66 ms, dist_count=34270
[OUT] [Timing] Search: 3.51 ms, dist_count=8524
[OUT] [Timing] Search: 5.62 ms, dist_count=21602
[OUT] [Timing] Search: 11.19 ms, dist_count=78533
[OUT] [Timing] Search: 5.76 ms, dist_count=20290
[OUT] [Timing] Search: 5.86 ms, dist_count=24443
[OUT] [Timing] Search: 12.53 ms, dist_count=89699
[OUT] [Timing] Search: 9.11 ms, dist_count=54776
[OUT] [Timing] Search: 8.69 ms, dist_count=48669
[OUT] [Timing] Search: 11.50 ms, dist_count=78724
[OUT] [Timing] Search: 6.01 ms, dist_count=32767
[OUT] [Timing] Search: 12.11 ms, dist_count=88461
[OUT] [Timing] Search: 8.76 ms, dist_count=47742
[OUT] [Timing] Search: 8.52 ms, dist_count=50322
[OUT] [Timing] Search: 10.47 ms, dist_count=68322
[OUT] [Timing] Search: 4.41 ms, dist_count=12809
[OUT] [Timing] Search: 8.55 ms, dist_count=47211
[OUT] [Timing] Search: 12.71 ms, dist_count=91936
[OUT] [Timing] Search: 6.90 ms, dist_count=33129
[OUT] [Timing] Search: 6.80 ms, dist_count=29492
[OUT] [Timing] Search: 10.86 ms, dist_count=76306
[OUT] [Timing] Search: 11.64 ms, dist_count=81725
[OUT] [Timing] Search: 8.81 ms, dist_count=50180
[OUT] [Timing] Search: 9.52 ms, dist_count=59340
[OUT] [Timing] Search: 8.17 ms, dist_count=41734
[OUT] [Timing] Search: 10.92 ms, dist_count=76818
[OUT] [Timing] Search: 12.22 ms, dist_count=90324
[OUT] [Timing] Search: 10.30 ms, dist_count=62363
[OUT] [Timing] Search: 6.69 ms, dist_count=33602
[OUT] [Timing] Search: 9.80 ms, dist_count=60636
[OUT] [Timing] Search: 8.22 ms, dist_count=50319
[OUT] [Timing] Search: 8.78 ms, dist_count=53967
[OUT] [Timing] Search: 7.85 ms, dist_count=42768
[OUT] [Timing] Search: 10.81 ms, dist_count=76040
[OUT] [Timing] Search: 6.71 ms, dist_count=26169
[OUT] [Timing] Search: 11.31 ms, dist_count=77531
[OUT] [Timing] Search: 9.28 ms, dist_count=60346
[OUT] [Timing] Search: 10.06 ms, dist_count=59854
[OUT] [Timing] Search: 5.98 ms, dist_count=25644
[OUT] [Timing] Search: 12.25 ms, dist_count=79946
[OUT] [Timing] Search: 3.99 ms, dist_count=12186
[OUT] [Timing] Search: 11.95 ms, dist_count=81244
[OUT] [Timing] Search: 8.26 ms, dist_count=44704
[OUT] [Timing] Search: 3.70 ms, dist_count=8154
[OUT] [Timing] Search: 4.98 ms, dist_count=17458
[OUT] [Timing] Search: 10.96 ms, dist_count=73366
[OUT] [Timing] Search: 12.84 ms, dist_count=86243
[OUT] [Timing] Search: 11.32 ms, dist_count=79957
[OUT] [Timing] Search: 4.93 ms, dist_count=16339
[OUT] [Timing] Search: 8.99 ms, dist_count=49999
[OUT] [Timing] Search: 10.52 ms, dist_count=67242
[OUT] [Timing] Search: 7.90 ms, dist_count=41854
[OUT] [Timing] Search: 3.53 ms, dist_count=6244
[OUT] [Timing] Search: 6.84 ms, dist_count=33703
[OUT] [Timing] Search: 11.28 ms, dist_count=78880
[OUT] [Timing] Search: 6.87 ms, dist_count=33303
[OUT] [Timing] Search: 8.05 ms, dist_count=46354
[OUT] [Timing] Search: 12.31 ms, dist_count=85369
[OUT] [Timing] Search: 8.42 ms, dist_count=51296
[OUT] [Timing] Search: 12.53 ms, dist_count=84799
[OUT] [Timing] Search: 7.74 ms, dist_count=42042
[OUT] [Timing] Search: 6.80 ms, dist_count=30969
[OUT] [Timing] Search: 8.60 ms, dist_count=48600
[OUT] [Timing] Search: 9.14 ms, dist_count=59552
[OUT] [Timing] Search: 5.97 ms, dist_count=24680
[OUT] [Timing] Search: 7.37 ms, dist_count=37973
[OUT] [Timing] Search: 12.21 ms, dist_count=87334
[OUT] [Timing] Search: 8.40 ms, dist_count=46752
[OUT] [Timing] Search: 15.41 ms, dist_count=99630
[OUT] [Timing] Search: 6.07 ms, dist_count=15319
[OUT] [Timing] Search: 6.60 ms, dist_count=21307
[OUT] [Timing] Search: 5.43 ms, dist_count=19659
[OUT] [Timing] Search: 2946.32 ms, dist_count=48646
[OUT] [Timing] Search: 5.76 ms, dist_count=22724
[OUT] [Timing] Search: 10.27 ms, dist_count=63206
[OUT] [Timing] Search: 6.60 ms, dist_count=29270
[OUT] [Timing] Search: 10.53 ms, dist_count=66134
[OUT] [Timing] Search: 7.19 ms, dist_count=35341
[OUT] [Timing] Search: 8.19 ms, dist_count=46293
[OUT] [Timing] Search: 8.46 ms, dist_count=52911
[OUT] [Timing] Search: 11.33 ms, dist_count=79222
[OUT] [Timing] Search: 10.47 ms, dist_count=65210
[OUT] [Timing] Search: 12.27 ms, dist_count=81444
[OUT] [Timing] Search: 6.24 ms, dist_count=23879
[OUT] [Timing] Search: 6.04 ms, dist_count=27184
[OUT] [Timing] Search: 9.75 ms, dist_count=62259
[OUT] [Timing] Search: 8.17 ms, dist_count=46117
[OUT] [Timing] Search: 7.60 ms, dist_count=38722
[OUT] [Timing] Search: 12.88 ms, dist_count=88181
[OUT] [Timing] Search: 5.89 ms, dist_count=24124
[OUT] [Timing] Search: 9.54 ms, dist_count=59226
[OUT] [Timing] Search: 5.80 ms, dist_count=22935
[OUT] [Timing] Search: 12.27 ms, dist_count=90108
[OUT] [Timing] Search: 5.81 ms, dist_count=22763
[OUT] [Timing] Search: 9.38 ms, dist_count=60727
[OUT] [Timing] Search: 9.38 ms, dist_count=53160
[OUT] [Timing] Search: 11.76 ms, dist_count=83682
[OUT] [Timing] Search: 9.33 ms, dist_count=54552
[OUT] [Timing] Search: 9.63 ms, dist_count=38409
[OUT] [Timing] Search: 13.79 ms, dist_count=79321
[OUT] [Timing] Search: 5.04 ms, dist_count=13065
[OUT] [Timing] Search: 13.92 ms, dist_count=76885
[OUT] [Timing] Search: 11.38 ms, dist_count=72721
[OUT] [Timing] Search: 5.69 ms, dist_count=22179
[OUT] [Timing] Search: 6.90 ms, dist_count=38363
[OUT] [Timing] Search: 8.80 ms, dist_count=55180
[OUT] [Timing] Search: 4.99 ms, dist_count=16662
[OUT] [Timing] Search: 6.62 ms, dist_count=27356
[OUT] [Timing] Search: 7.75 ms, dist_count=45448
[OUT] [Timing] Search: 9.42 ms, dist_count=54699
[OUT] [Timing] Search: 12.79 ms, dist_count=83331
[OUT] [Timing] Search: 4.84 ms, dist_count=15072
[OUT] [Timing] Search: 6.80 ms, dist_count=27602
[OUT] [Timing] Search: 6.03 ms, dist_count=22934
[OUT] [Timing] Search: 5.97 ms, dist_count=30289
[OUT] [Timing] Search: 8.41 ms, dist_count=46620
[OUT] [Timing] Search: 9.77 ms, dist_count=64823
[OUT] [Timing] Search: 8.51 ms, dist_count=52795
[OUT] [Timing] Search: 10.74 ms, dist_count=74621
[OUT] [Timing] Search: 6.32 ms, dist_count=29860
[OUT] [Timing] Search: 12.09 ms, dist_count=80216
[OUT] [Timing] Search: 7.53 ms, dist_count=38507
[OUT] [Timing] Search: 10.84 ms, dist_count=72119
[OUT] [Timing] Search: 7.33 ms, dist_count=34016
[OUT] [Timing] Search: 6.76 ms, dist_count=32681
[OUT] [Timing] Search: 10.61 ms, dist_count=72055
[OUT] [Timing] Search: 8.32 ms, dist_count=50826
[OUT] [Timing] Search: 12.34 ms, dist_count=89046
[OUT] [Timing] Search: 10.06 ms, dist_count=61813
[OUT] [Timing] Search: 4.44 ms, dist_count=16015
[OUT] [Timing] Search: 7.33 ms, dist_count=39274
[OUT] [Timing] Search: 8.67 ms, dist_count=56454
[OUT] [Timing] Search: 6.33 ms, dist_count=26183
[OUT] [Timing] Search: 5.20 ms, dist_count=16562
[OUT] [Timing] Search: 13.71 ms, dist_count=94566
[OUT] [Timing] Search: 10.63 ms, dist_count=68825
[OUT] [Timing] Search: 10.91 ms, dist_count=75698
[OUT] [Timing] Search: 9.23 ms, dist_count=58629
[OUT] [Timing] Search: 9.73 ms, dist_count=63512
[OUT] [Timing] Search: 11.29 ms, dist_count=83789
[OUT] [Timing] Search: 13.95 ms, dist_count=93739
[OUT] [Timing] Search: 14.57 ms, dist_count=101711
[OUT] [Timing] Search: 14.44 ms, dist_count=94402
[OUT] [Timing] Search: 12.94 ms, dist_count=89528
[OUT] [Timing] Search: 7.60 ms, dist_count=41950
[OUT] [Timing] Search: 3.76 ms, dist_count=7759
[OUT] [Timing] Search: 7.12 ms, dist_count=38225
[OUT] [Timing] Search: 3.70 ms, dist_count=7944
[OUT] [Timing] Search: 9.71 ms, dist_count=63192
[OUT] [Timing] Search: 10.11 ms, dist_count=66611
[OUT] [Timing] Search: 8.09 ms, dist_count=49290
[OUT] [Timing] Search: 12.99 ms, dist_count=95937
[OUT] [Timing] Search: 3.35 ms, dist_count=5872
[OUT] [Timing] Search: 12.60 ms, dist_count=80580
[OUT] [Timing] Search: 4.75 ms, dist_count=18123
[OUT] [Timing] Search: 4.82 ms, dist_count=13003
[OUT] [Timing] Search: 13.96 ms, dist_count=100104
[OUT] [Timing] Search: 10.40 ms, dist_count=70917
[OUT] [Timing] Search: 7.05 ms, dist_count=33107
[OUT] [Timing] Search: 4.97 ms, dist_count=19048
[OUT] [Timing] Search: 6.50 ms, dist_count=29691
[OUT] [Timing] Search: 10.80 ms, dist_count=76451
[OUT] [Timing] Search: 5.51 ms, dist_count=18330
[OUT] [Timing] Search: 7.49 ms, dist_count=39118
[OUT] [Timing] Search: 6.67 ms, dist_count=26449
[OUT] [Timing] Search: 8.46 ms, dist_count=47071
[OUT] [Timing] Search: 8.89 ms, dist_count=49557
[OUT] [Timing] Search: 4.62 ms, dist_count=15412
[OUT] [Timing] Search: 8.11 ms, dist_count=44098
[OUT] [Timing] Search: 6.74 ms, dist_count=34383
[OUT] [Timing] Search: 9.19 ms, dist_count=53097
[OUT] [Timing] Search: 9.00 ms, dist_count=59234
[OUT] [Timing] Search: 8.26 ms, dist_count=48169
[OUT] [Timing] Search: 4.22 ms, dist_count=13211
[OUT] [Timing] Search: 6.70 ms, dist_count=33890
[OUT] [Timing] Search: 10.74 ms, dist_count=75952
[OUT] [Timing] Search: 10.77 ms, dist_count=64942
[OUT] [Timing] Search: 11.29 ms, dist_count=77522
[OUT] [Timing] Search: 9.12 ms, dist_count=58540
[OUT] [Timing] Search: 4.84 ms, dist_count=14317
[OUT] [Timing] Search: 11.66 ms, dist_count=84404
[OUT] [Timing] Search: 10.52 ms, dist_count=64474
[OUT] [Timing] Search: 7.90 ms, dist_count=42693
[OUT] [Timing] Search: 10.96 ms, dist_count=77812
[OUT] [Timing] Search: 11.06 ms, dist_count=75663
[OUT] [Timing] Search: 9.90 ms, dist_count=59827
[OUT] [Timing] Search: 12.08 ms, dist_count=90017
[OUT] [Timing] Search: 10.57 ms, dist_count=71569
[OUT] [Timing] Search: 6.41 ms, dist_count=27257
[OUT] [Timing] Search: 7.34 ms, dist_count=38304
[OUT] [Timing] Search: 5.52 ms, dist_count=23153
[OUT] [Timing] Search: 10.92 ms, dist_count=75578
[OUT] [Timing] Search: 8.28 ms, dist_count=35568
[OUT] [Timing] Search: 5.82 ms, dist_count=22062
[OUT] [Timing] Search: 6.70 ms, dist_count=31629
[OUT] [Timing] Search: 11.09 ms, dist_count=75892
[OUT] [Timing] Search: 11.02 ms, dist_count=69555
[OUT] [Timing] Search: 8.37 ms, dist_count=45805
[OUT] [Timing] Search: 7.85 ms, dist_count=45665
[OUT] [Timing] Search: 6.75 ms, dist_count=37184
[OUT] [Timing] Search: 6.26 ms, dist_count=24567
[OUT] [Timing] Search: 13.07 ms, dist_count=94957
[OUT] [Timing] Search: 9.88 ms, dist_count=66382
[OUT] [Timing] Search: 13.82 ms, dist_count=74276
[OUT] [Timing] Search: 13.76 ms, dist_count=65941
[OUT] [Timing] Search: 15.79 ms, dist_count=89210
[OUT] [Timing] Search: 8.31 ms, dist_count=35328
[OUT] [Timing] Search: 8.50 ms, dist_count=49369
[OUT] [Timing] Search: 6.82 ms, dist_count=32506
[OUT] [Timing] Search: 9.69 ms, dist_count=59866
[OUT] [Timing] Search: 14.17 ms, dist_count=100821
[OUT] [Timing] Search: 12.96 ms, dist_count=90559
[OUT] [Timing] Search: 9.59 ms, dist_count=58338
[OUT] [Timing] Search: 10.65 ms, dist_count=72359
[OUT] [Timing] Search: 7.40 ms, dist_count=32424
[OUT] [Timing] Search: 8.37 ms, dist_count=44269
[OUT] [Timing] Search: 12.51 ms, dist_count=91120
[OUT] [Timing] Search: 11.43 ms, dist_count=76837
[OUT] [Timing] Search: 13.28 ms, dist_count=91541
[OUT] [Timing] Search: 7.76 ms, dist_count=39489
[OUT] [Timing] Search: 11.59 ms, dist_count=82500
[OUT] [Timing] Search: 6.50 ms, dist_count=27493
[OUT] [Timing] Search: 12.35 ms, dist_count=90924
[OUT] [Timing] Search: 9.06 ms, dist_count=51497
[OUT] [Timing] Search: 9.74 ms, dist_count=60619
[OUT] [Timing] Search: 6.51 ms, dist_count=29688
[OUT] [Timing] Search: 2.99 ms, dist_count=6237
[OUT] [Timing] Search: 11.84 ms, dist_count=74554
[OUT] [Timing] Search: 8.39 ms, dist_count=46865
[OUT] [Timing] Search: 11.04 ms, dist_count=78646
[OUT] [Timing] Search: 3.96 ms, dist_count=8466
[OUT] [Timing] Search: 9.61 ms, dist_count=60675
[OUT] [Timing] Search: 8.62 ms, dist_count=48087
[OUT] [Timing] Search: 9.29 ms, dist_count=58041
[OUT] [Timing] Search: 6.95 ms, dist_count=32911
[OUT] [Timing] Search: 4.58 ms, dist_count=15805
[OUT] [Timing] Search: 12.97 ms, dist_count=94117
[OUT] [Timing] Search: 8.06 ms, dist_count=39650
[OUT] [Timing] Search: 7.28 ms, dist_count=37557
[OUT] [Timing] Search: 11.84 ms, dist_count=77023
[OUT] [Timing] Search: 10.85 ms, dist_count=72489
[OUT] [Timing] Search: 12.18 ms, dist_count=81269
[OUT] [Timing] Search: 8.28 ms, dist_count=41982
[OUT] [Timing] Search: 7.35 ms, dist_count=36770
[OUT] [Timing] Search: 7.47 ms, dist_count=34655
[OUT] [Timing] Search: 9.59 ms, dist_count=61006
[OUT] [Timing] Search: 6.74 ms, dist_count=28801
[OUT] [Timing] Search: 7.60 ms, dist_count=40057
[OUT] [Timing] Search: 12.17 ms, dist_count=90296
[OUT] [Timing] Search: 11.79 ms, dist_count=80355
[OUT] [Timing] Search: 8.06 ms, dist_count=42461
[OUT] [Timing] Search: 7.74 ms, dist_count=43815
[OUT] [Timing] Search: 7.17 ms, dist_count=37104
[OUT] [Timing] Search: 6.15 ms, dist_count=28174
[OUT] [Timing] Search: 4.94 ms, dist_count=17634
[OUT] [Timing] Search: 11.76 ms, dist_count=74859
[OUT] [Timing] Search: 7.46 ms, dist_count=38485
[OUT] [Timing] Search: 9.61 ms, dist_count=63873
[OUT] [Timing] Search: 5.34 ms, dist_count=24281
[OUT] [Timing] Search: 7.80 ms, dist_count=40340
[OUT] [Timing] Search: 7.35 ms, dist_count=37290
[OUT] [Timing] Search: 11.55 ms, dist_count=82040
[OUT] [Timing] Search: 9.34 ms, dist_count=51591
[OUT] [Timing] Search: 12.03 ms, dist_count=87734
[OUT] [Timing] Search: 13.22 ms, dist_count=89948
[OUT] [Timing] Search: 13.52 ms, dist_count=96074
[OUT] [Timing] Search: 11.28 ms, dist_count=78196
[OUT] [Timing] Search: 4.69 ms, dist_count=14892
[OUT] [Timing] Search: 7.22 ms, dist_count=37487
[OUT] [Timing] Search: 10.15 ms, dist_count=64981
[OUT] [Timing] Search: 9.04 ms, dist_count=57082
[OUT] [Timing] Search: 6.88 ms, dist_count=34737
[OUT] [Timing] Search: 5.82 ms, dist_count=22919
[OUT] [Timing] Search: 8.88 ms, dist_count=52205
[OUT] [Timing] Search: 10.77 ms, dist_count=73663
[OUT] [Timing] Search: 11.41 ms, dist_count=74678
[OUT] [Timing] Search: 7.60 ms, dist_count=39650
[OUT] [Timing] Search: 10.77 ms, dist_count=75083
[OUT] [Timing] Search: 9.69 ms, dist_count=59318
[OUT] [Timing] Search: 5.19 ms, dist_count=23029
[OUT] [Timing] Search: 8.08 ms, dist_count=39914
[OUT] [Timing] Search: 9.36 ms, dist_count=58236
[OUT] [Timing] Search: 7.25 ms, dist_count=39444
[OUT] [Timing] Search: 9.89 ms, dist_count=61238
[OUT] [Timing] Search: 8.85 ms, dist_count=53925
[OUT] [Timing] Search: 4.85 ms, dist_count=13815
[OUT] [Timing] Search: 6.16 ms, dist_count=27644
[OUT] [Timing] Search: 6.15 ms, dist_count=26999
[OUT] [Timing] Search: 6.46 ms, dist_count=29247
[OUT] [Timing] Search: 6.02 ms, dist_count=24020
[OUT] [Timing] Search: 9.89 ms, dist_count=63257
[OUT] [Timing] Search: 10.59 ms, dist_count=74889
[OUT] [Timing] Search: 10.86 ms, dist_count=77101
[OUT] [Timing] Search: 3.62 ms, dist_count=6696
[OUT] [Timing] Search: 10.55 ms, dist_count=64254
[OUT] [Timing] Search: 10.78 ms, dist_count=74097
[OUT] [Timing] Search: 8.45 ms, dist_count=50127
[OUT] [Timing] Search: 11.94 ms, dist_count=80015
[OUT] [Timing] Search: 12.20 ms, dist_count=81063
[OUT] [Timing] Search: 5.24 ms, dist_count=20091
[OUT] [Timing] Search: 6.54 ms, dist_count=28688
[OUT] [Timing] Search: 6.37 ms, dist_count=30173
[OUT] [Timing] Search: 9.04 ms, dist_count=51932
[OUT] [Timing] Search: 8.34 ms, dist_count=51949
[OUT] [Timing] Search: 8.29 ms, dist_count=45491
[OUT] [Timing] Search: 7.52 ms, dist_count=44394
[OUT] [Timing] Search: 12.61 ms, dist_count=69805
[OUT] [Timing] Search: 7.51 ms, dist_count=25107
[OUT] [Timing] Search: 8.91 ms, dist_count=36932
[OUT] [Timing] Search: 10.15 ms, dist_count=46090
[OUT] [Timing] Search: 10.46 ms, dist_count=53039
[OUT] [Timing] Search: 11.54 ms, dist_count=77533
[OUT] [Timing] Search: 12.41 ms, dist_count=88037
[OUT] [Timing] Search: 9.56 ms, dist_count=59881
[OUT] [Timing] Search: 9.15 ms, dist_count=57044
[OUT] [Timing] Search: 10.86 ms, dist_count=73242
[OUT] [Timing] Search: 8.04 ms, dist_count=46814
[OUT] [Timing] Search: 12.54 ms, dist_count=81066
[OUT] [Timing] Search: 8.36 ms, dist_count=40931
[OUT] [Timing] Search: 7.11 ms, dist_count=35953
[OUT] [Timing] Search: 5.74 ms, dist_count=23990
[OUT] [Timing] Search: 7.44 ms, dist_count=38399
[OUT] [Timing] Search: 11.56 ms, dist_count=78410
[OUT] [Timing] Search: 11.42 ms, dist_count=74841
[OUT] [Timing] Search: 3.89 ms, dist_count=10176
[OUT] [Timing] Search: 9.43 ms, dist_count=55570
[OUT] [Timing] Search: 5.15 ms, dist_count=22095
[OUT] [Timing] Search: 9.39 ms, dist_count=61156
[OUT] [Timing] Search: 10.20 ms, dist_count=66062
[OUT] [Timing] Search: 5.16 ms, dist_count=15445
[OUT] [Timing] Search: 11.19 ms, dist_count=77744
[OUT] [Timing] Search: 7.57 ms, dist_count=42423
[OUT] [Timing] Search: 7.57 ms, dist_count=35475
[OUT] [Timing] Search: 11.28 ms, dist_count=64935
[OUT] [Timing] Search: 6.84 ms, dist_count=31807
[OUT] [Timing] Search: 6.86 ms, dist_count=28106
[OUT] [Timing] Search: 10.49 ms, dist_count=67880
[OUT] [Timing] Search: 8.76 ms, dist_count=55511
[OUT] [Timing] Search: 10.36 ms, dist_count=64490
[OUT] [Timing] Search: 12.58 ms, dist_count=89814
[OUT] [Timing] Search: 6.72 ms, dist_count=34677
[OUT] [Timing] Search: 6.42 ms, dist_count=28018
[OUT] [Timing] Search: 9.03 ms, dist_count=58497
[OUT] [Timing] Search: 12.36 ms, dist_count=85442
[OUT] [Timing] Search: 6.97 ms, dist_count=33095
[OUT] [Timing] Search: 5.86 ms, dist_count=19504
[OUT] [Timing] Search: 7.43 ms, dist_count=33594
[OUT] [Timing] Search: 11.37 ms, dist_count=72858
[OUT] [Timing] Search: 10.76 ms, dist_count=68679
[OUT] [Timing] Search: 5.79 ms, dist_count=23739
[OUT] [Timing] Search: 11.25 ms, dist_count=73548
[OUT] [Timing] Search: 11.05 ms, dist_count=69468
[OUT] [Timing] Search: 10.30 ms, dist_count=70229
[OUT] [Timing] Search: 7.57 ms, dist_count=41507
[OUT] [Timing] Search: 9.59 ms, dist_count=60934
[OUT] [Timing] Search: 7.74 ms, dist_count=44116
[OUT] [Timing] Search: 7.82 ms, dist_count=41534
[OUT] [Timing] Search: 7.30 ms, dist_count=37801
[OUT] [Timing] Search: 10.66 ms, dist_count=62977
[OUT] [Timing] Search: 12.33 ms, dist_count=83917
[OUT] [Timing] Search: 10.12 ms, dist_count=67600
[OUT] [Timing] Search: 8.17 ms, dist_count=46952
[OUT] [Timing] Search: 10.52 ms, dist_count=70739
[OUT] [Timing] Search: 9.30 ms, dist_count=56996
[OUT] [Timing] Search: 7.71 ms, dist_count=43089
[OUT] [Timing] Search: 11.94 ms, dist_count=83647
[OUT] [Timing] Search: 11.12 ms, dist_count=71621
[OUT] [Timing] Search: 11.20 ms, dist_count=75486
[OUT] [Timing] Search: 10.09 ms, dist_count=60925
[OUT] [Timing] Search: 4.24 ms, dist_count=9519
[OUT] [Timing] Search: 9.68 ms, dist_count=61909
[OUT] [Timing] Search: 5.74 ms, dist_count=26792
[OUT] [Timing] Search: 10.22 ms, dist_count=69150
[OUT] [Timing] Search: 7.29 ms, dist_count=36426
[OUT] [Timing] Search: 4.10 ms, dist_count=13795
[OUT] [Timing] Search: 6.47 ms, dist_count=18034
[OUT] [Timing] Search: 8.11 ms, dist_count=34181
[OUT] [Timing] Search: 3.96 ms, dist_count=6207
[OUT] [Timing] Search: 11.74 ms, dist_count=56551
[OUT] [Timing] Search: 10.48 ms, dist_count=64357
[OUT] [Timing] Search: 8.58 ms, dist_count=43344
[OUT] [Timing] Search: 11.61 ms, dist_count=80488
[OUT] [Timing] Search: 7.43 ms, dist_count=32580
[OUT] [Timing] Search: 9.40 ms, dist_count=59598
[OUT] [Timing] Search: 12.00 ms, dist_count=83768
[OUT] [Timing] Search: 9.33 ms, dist_count=56946
[OUT] [Timing] Search: 11.58 ms, dist_count=83455
[OUT] [Timing] Search: 12.86 ms, dist_count=96358
[OUT] [Timing] Search: 11.38 ms, dist_count=77962
[OUT] [Timing] Search: 12.71 ms, dist_count=90284
[OUT] [Timing] Search: 9.77 ms, dist_count=64713
[OUT] [Timing] Search: 11.33 ms, dist_count=80337
[OUT] [Timing] Search: 9.11 ms, dist_count=57702
[OUT] [Timing] Search: 7.35 ms, dist_count=39912
[OUT] [Timing] Search: 6.56 ms, dist_count=24968
[OUT] [Timing] Search: 9.31 ms, dist_count=58420
[OUT] [Timing] Search: 6.38 ms, dist_count=29679
[OUT] [Timing] Search: 10.33 ms, dist_count=66675
[OUT] [Timing] Search: 6.24 ms, dist_count=27765
[OUT] [Timing] Search: 10.32 ms, dist_count=62643
[OUT] [Timing] Search: 8.70 ms, dist_count=57277
[OUT] [Timing] Search: 7.98 ms, dist_count=41451
[OUT] [Timing] Search: 4.22 ms, dist_count=11853
[OUT] [Timing] Search: 11.38 ms, dist_count=73085
[OUT] [Timing] Search: 9.36 ms, dist_count=60954
[OUT] [Timing] Search: 8.65 ms, dist_count=50508
[OUT] [Timing] Search: 10.76 ms, dist_count=73324
[OUT] [Timing] Search: 4.59 ms, dist_count=15635
[OUT] [Timing] Search: 10.23 ms, dist_count=52499
[OUT] [Timing] Search: 9.48 ms, dist_count=43328
[OUT] [Timing] Search: 9.48 ms, dist_count=38584
[OUT] [Timing] Search: 7.60 ms, dist_count=32658
[OUT] [Timing] Search: 8.03 ms, dist_count=30080
[OUT] [Timing] Search: 3.67 ms, dist_count=8176
[OUT] [Timing] Search: 11.17 ms, dist_count=71860
[OUT] [Timing] Search: 11.38 ms, dist_count=77453
[OUT] [Timing] Search: 13.75 ms, dist_count=104816
[OUT] [Timing] Search: 5.91 ms, dist_count=23547
[OUT] [Timing] Search: 11.09 ms, dist_count=73653
[OUT] [Timing] Search: 12.32 ms, dist_count=86723
[OUT] [Timing] Search: 9.50 ms, dist_count=50530
[OUT] [Timing] Search: 11.04 ms, dist_count=73156
[OUT] [Timing] Search: 12.50 ms, dist_count=92129
[OUT] [Timing] Search: 8.78 ms, dist_count=53257
[OUT] [Timing] Search: 8.97 ms, dist_count=49436
[OUT] [Timing] Search: 8.34 ms, dist_count=48004
[OUT] [Timing] Search: 12.39 ms, dist_count=91052
[OUT] [Timing] Search: 11.57 ms, dist_count=76524
[OUT] [Timing] Search: 8.56 ms, dist_count=46059
[OUT] [Timing] Search: 6.91 ms, dist_count=31689
[OUT] [Timing] Search: 9.62 ms, dist_count=60478
[OUT] [Timing] Search: 7.72 ms, dist_count=43367
[OUT] [Timing] Search: 11.72 ms, dist_count=85801
[OUT] [Timing] Search: 11.90 ms, dist_count=83783
[OUT] [Timing] Search: 9.95 ms, dist_count=69621
[OUT] [Timing] Search: 6.38 ms, dist_count=25633
[OUT] [Timing] Search: 6.79 ms, dist_count=30683
[OUT] [Timing] Search: 6.12 ms, dist_count=23377
[OUT] [Timing] Search: 6.77 ms, dist_count=34220
[OUT] [Timing] Search: 8.32 ms, dist_count=45710
[OUT] [Timing] Search: 9.44 ms, dist_count=54446
[OUT] [Timing] Search: 9.87 ms, dist_count=60779
[OUT] [Timing] Search: 9.44 ms, dist_count=60348
[OUT] [Timing] Search: 10.15 ms, dist_count=59504
[OUT] [Timing] Search: 11.55 ms, dist_count=74029
[OUT] [Timing] Search: 8.13 ms, dist_count=46721
[OUT] [Timing] Search: 6.20 ms, dist_count=26601
[OUT] [Timing] Search: 8.29 ms, dist_count=49747
[OUT] [Timing] Search: 8.83 ms, dist_count=46669
[OUT] [Timing] Search: 6.18 ms, dist_count=29446
[OUT] [Timing] Search: 12.55 ms, dist_count=85687
[OUT] [Timing] Search: 11.54 ms, dist_count=80274
[OUT] [Timing] Search: 6.46 ms, dist_count=26559
[OUT] [Timing] Search: 9.11 ms, dist_count=45638
[OUT] [Timing] Search: 4.20 ms, dist_count=10916
[OUT] [Timing] Search: 10.28 ms, dist_count=64323
[OUT] [Timing] Search: 6.93 ms, dist_count=31684
[OUT] [Timing] Search: 6.35 ms, dist_count=25753
[OUT] [Timing] Search: 5.74 ms, dist_count=21279
[OUT] [Timing] Search: 9.55 ms, dist_count=57310
[OUT] [Timing] Search: 11.86 ms, dist_count=67597
[OUT] [Timing] Search: 5.76 ms, dist_count=20359
[OUT] [Timing] Search: 8.04 ms, dist_count=44447
[OUT] [Timing] Search: 10.68 ms, dist_count=73147
[OUT] [Timing] Search: 7.43 ms, dist_count=33988
[OUT] [Timing] Search: 5.93 ms, dist_count=25570
[OUT] [Timing] Search: 9.37 ms, dist_count=56928
[OUT] [Timing] Search: 9.70 ms, dist_count=61573
[OUT] [Timing] Search: 9.76 ms, dist_count=61368
[OUT] [Timing] Search: 6.43 ms, dist_count=29646
[OUT] [Timing] Search: 11.62 ms, dist_count=81839
[OUT] [Timing] Search: 9.44 ms, dist_count=53954
[OUT] [Timing] Search: 8.80 ms, dist_count=55969
[OUT] [Timing] Search: 11.85 ms, dist_count=80188
[OUT] [Timing] Search: 4.71 ms, dist_count=16377
[OUT] [Timing] Search: 8.37 ms, dist_count=47840
[OUT] [Timing] Search: 9.37 ms, dist_count=57779
[OUT] [Timing] Search: 6.08 ms, dist_count=26130
[OUT] [Timing] Search: 9.63 ms, dist_count=59367
[OUT] [Timing] Search: 7.61 ms, dist_count=43866
[OUT] [Timing] Search: 5.27 ms, dist_count=19325
[OUT] [Timing] Search: 9.56 ms, dist_count=57244
[OUT] [Timing] Search: 10.00 ms, dist_count=58942
[OUT] [Timing] Search: 6.08 ms, dist_count=30256
[OUT] [Timing] Search: 4.80 ms, dist_count=16309
[OUT] [Timing] Search: 7.11 ms, dist_count=37449
[OUT] [Timing] Search: 4.65 ms, dist_count=15205
[OUT] [Timing] Search: 4.51 ms, dist_count=12467
[OUT] [Timing] Search: 6.77 ms, dist_count=29212
[OUT] [Timing] Search: 11.57 ms, dist_count=71664
[OUT] [Timing] Search: 8.08 ms, dist_count=48321
[OUT] [Timing] Search: 10.41 ms, dist_count=64520
[OUT] [Timing] Search: 8.26 ms, dist_count=40130
[OUT] [Timing] Search: 4.04 ms, dist_count=10166
[OUT] [Timing] Search: 9.94 ms, dist_count=66446
[OUT] [Timing] Search: 9.55 ms, dist_count=54573
[OUT] [Timing] Search: 7.07 ms, dist_count=33404
[OUT] [Timing] Search: 10.68 ms, dist_count=74169
[OUT] [Timing] Search: 11.62 ms, dist_count=81369
[OUT] [Timing] Search: 4.70 ms, dist_count=14781
[OUT] [Timing] Search: 12.50 ms, dist_count=83023
[OUT] [Timing] Search: 4.99 ms, dist_count=16751
[OUT] [Timing] Search: 12.15 ms, dist_count=81916
[OUT] [Timing] Search: 8.17 ms, dist_count=44879
[OUT] [Timing] Search: 12.23 ms, dist_count=85646
[OUT] [Timing] Search: 8.25 ms, dist_count=45000
[OUT] [Timing] Search: 8.92 ms, dist_count=53723
[OUT] [Timing] Search: 10.32 ms, dist_count=70811
[OUT] [Timing] Search: 4.48 ms, dist_count=13469
[OUT] [Timing] Search: 8.42 ms, dist_count=50141
[OUT] [Timing] Search: 8.31 ms, dist_count=45358
[OUT] [Timing] Search: 6.95 ms, dist_count=36657
[OUT] [Timing] Search: 11.93 ms, dist_count=84490
[OUT] [Timing] Search: 7.24 ms, dist_count=40897
[OUT] [Timing] Search: 7.20 ms, dist_count=27637
[OUT] [Timing] Search: 9.24 ms, dist_count=36613
[OUT] [Timing] Search: 6.07 ms, dist_count=17432
[OUT] [Timing] Search: 13.92 ms, dist_count=77162
[OUT] [Timing] Search: 9.85 ms, dist_count=60715
[OUT] [Timing] Search: 10.14 ms, dist_count=67729
[OUT] [Timing] Search: 5.87 ms, dist_count=23266
[OUT] [Timing] Search: 8.55 ms, dist_count=50552
[OUT] [Timing] Search: 6.83 ms, dist_count=27920
[OUT] [Timing] Search: 7.22 ms, dist_count=38160
[OUT] [Timing] Search: 8.73 ms, dist_count=49630
[OUT] [Timing] Search: 5.33 ms, dist_count=20146
[OUT] [Timing] Search: 6.27 ms, dist_count=29706
[OUT] [Timing] Search: 6.23 ms, dist_count=17367
[OUT] [Timing] Search: 9.26 ms, dist_count=54016
[OUT] [Timing] Search: 8.51 ms, dist_count=45953
[OUT] [Timing] Search: 5.58 ms, dist_count=27939
[OUT] [Timing] Search: 9.09 ms, dist_count=54357
[OUT] [Timing] Search: 8.63 ms, dist_count=49996
[OUT] [Timing] Search: 11.83 ms, dist_count=85787
[OUT] [Timing] Search: 11.28 ms, dist_count=79236
[OUT] [Timing] Search: 3.97 ms, dist_count=10211
[OUT] [Timing] Search: 11.71 ms, dist_count=82138
[OUT] [Timing] Search: 13.33 ms, dist_count=94154
[OUT] [Timing] Search: 4.90 ms, dist_count=17962
[OUT] [Timing] Search: 10.08 ms, dist_count=64379
[OUT] [Timing] Search: 10.57 ms, dist_count=74061
[OUT] [Timing] Search: 6.14 ms, dist_count=25101
[OUT] [Timing] Search: 12.39 ms, dist_count=89390
[OUT] [Timing] Search: 11.60 ms, dist_count=83968
[OUT] [Timing] Search: 10.75 ms, dist_count=82358
[OUT] [Timing] Search: 8.45 ms, dist_count=50139
[OUT] [Timing] Search: 10.86 ms, dist_count=73470
[OUT] [Timing] Search: 11.38 ms, dist_count=78654
[OUT] [Timing] Search: 7.63 ms, dist_count=37979
[OUT] [Timing] Search: 12.78 ms, dist_count=95331
[OUT] [Timing] Search: 7.62 ms, dist_count=43497
[OUT] [Timing] Search: 7.12 ms, dist_count=29446
[OUT] [Timing] Search: 11.39 ms, dist_count=72450
[OUT] [Timing] Search: 12.33 ms, dist_count=79783
[OUT] [Timing] Search: 9.43 ms, dist_count=55583
[OUT] [Timing] Search: 13.65 ms, dist_count=96949
[OUT] [Timing] Search: 4.88 ms, dist_count=16882
[OUT] [Timing] Search: 6.08 ms, dist_count=27821
[OUT] [Timing] Search: 7.21 ms, dist_count=35672
[OUT] [Timing] Search: 12.30 ms, dist_count=89934
[OUT] [Timing] Search: 7.98 ms, dist_count=41288
[OUT] [Timing] Search: 7.22 ms, dist_count=33990
[OUT] [Timing] Search: 9.17 ms, dist_count=55283
[OUT] [Timing] Search: 13.85 ms, dist_count=100505
[OUT] [Timing] Search: 8.20 ms, dist_count=43691
[OUT] [Timing] Search: 8.88 ms, dist_count=54927
[OUT] [Timing] Search: 10.96 ms, dist_count=69297
[OUT] [Timing] Search: 3.28 ms, dist_count=6747
[OUT] [Timing] Search: 4.89 ms, dist_count=15112
[OUT] [Timing] Search: 9.59 ms, dist_count=64554
[OUT] [Timing] Search: 4.11 ms, dist_count=9067
[OUT] [Timing] Search: 9.03 ms, dist_count=51736
[OUT] [Timing] Search: 6.51 ms, dist_count=28465
[OUT] [Timing] Search: 11.96 ms, dist_count=87422
[OUT] [Timing] Search: 12.19 ms, dist_count=82011
[OUT] [Timing] Search: 9.00 ms, dist_count=46931
[OUT] [Timing] Search: 12.59 ms, dist_count=91881
[OUT] [Timing] Search: 6.95 ms, dist_count=29998
[OUT] [Timing] Search: 11.87 ms, dist_count=83354
[OUT] [Timing] Search: 4.59 ms, dist_count=13429
[OUT] [Timing] Search: 12.77 ms, dist_count=87478
[OUT] [Timing] Search: 6.63 ms, dist_count=33273
[OUT] [Timing] Search: 9.92 ms, dist_count=62385
[OUT] [Timing] Search: 13.05 ms, dist_count=97831
[OUT] [Timing] Search: 4.86 ms, dist_count=11275
[OUT] [Timing] Search: 10.72 ms, dist_count=62927
[OUT] [Timing] Search: 8.13 ms, dist_count=48091
[OUT] [Timing] Search: 4.95 ms, dist_count=14007
[OUT] [Timing] Search: 10.75 ms, dist_count=72536
[OUT] [Timing] Search: 12.09 ms, dist_count=89685
[OUT] [Timing] Search: 8.88 ms, dist_count=49568
[OUT] [Timing] Search: 8.76 ms, dist_count=56610
[OUT] [Timing] Search: 7.95 ms, dist_count=41657
[OUT] [Timing] Search: 6.51 ms, dist_count=36562
[OUT] [Timing] Search: 9.08 ms, dist_count=55425
[OUT] [Timing] Search: 12.22 ms, dist_count=87180
[OUT] [Timing] Search: 5.70 ms, dist_count=31733
[OUT] [Timing] Search: 9.07 ms, dist_count=51989
[OUT] [Timing] Search: 9.12 ms, dist_count=50019
[OUT] [Timing] Search: 10.29 ms, dist_count=67103
[OUT] [Timing] Search: 9.86 ms, dist_count=62903
[OUT] [Timing] Search: 8.51 ms, dist_count=55790
[OUT] [Timing] Search: 6.81 ms, dist_count=28569
[OUT] [Timing] Search: 8.14 ms, dist_count=47813
[OUT] [Timing] Search: 11.54 ms, dist_count=75594
[OUT] [Timing] Search: 10.09 ms, dist_count=64389
[OUT] [Timing] Search: 10.86 ms, dist_count=72515
[OUT] [Timing] Search: 12.32 ms, dist_count=82324
[OUT] [Timing] Search: 9.81 ms, dist_count=64966
[OUT] [Timing] Search: 3.07 ms, dist_count=6564
[OUT] [Timing] Search: 5.86 ms, dist_count=26093
[OUT] [Timing] Search: 6.54 ms, dist_count=30209
[OUT] [Timing] Search: 9.73 ms, dist_count=63137
[OUT] [Timing] Search: 5.42 ms, dist_count=21270
[OUT] [Timing] Search: 6.15 ms, dist_count=24196
[OUT] [Timing] Search: 7.57 ms, dist_count=40172
[OUT] [Timing] Search: 9.35 ms, dist_count=60869
[OUT] [Timing] Search: 10.79 ms, dist_count=69185
[OUT] [Timing] Search: 14.82 ms, dist_count=97390
[OUT] [Timing] Search: 13.00 ms, dist_count=69121
[OUT] [Timing] Search: 13.86 ms, dist_count=79029
[OUT] [Timing] Search: 6.59 ms, dist_count=22810
[OUT] [Timing] Search: 11.56 ms, dist_count=59012
[OUT] [Timing] Search: 10.58 ms, dist_count=62150
[OUT] [Timing] Search: 12.63 ms, dist_count=90744
[OUT] [Timing] Search: 11.32 ms, dist_count=80318
[OUT] [Timing] Search: 9.10 ms, dist_count=52982
[OUT] [Timing] Search: 8.09 ms, dist_count=44014
[OUT] [Timing] Search: 8.39 ms, dist_count=48710
[OUT] [Timing] Search: 6.61 ms, dist_count=36264
[OUT] [Timing] Search: 4.52 ms, dist_count=14623
[OUT] [Timing] Search: 7.90 ms, dist_count=41854
[OUT] [Timing] Search: 13.13 ms, dist_count=95308
[OUT] [Timing] Search: 7.89 ms, dist_count=43882
[OUT] [Timing] Search: 5.77 ms, dist_count=22602
[OUT] [Timing] Search: 5.94 ms, dist_count=24580
[OUT] [Timing] Search: 8.90 ms, dist_count=49554
[OUT] [Timing] Search: 11.86 ms, dist_count=83750
[OUT] [Timing] Search: 9.82 ms, dist_count=62768
[OUT] [Timing] Search: 10.20 ms, dist_count=66397
[OUT] [Timing] Search: 4.65 ms, dist_count=14464
[OUT] [Timing] Search: 8.64 ms, dist_count=48069
[OUT] [Timing] Search: 9.06 ms, dist_count=57047
[OUT] [Timing] Search: 10.77 ms, dist_count=73883
[OUT] [Timing] Search: 6.43 ms, dist_count=25830
[OUT] [Timing] Search: 9.71 ms, dist_count=65882
[OUT] [Timing] Search: 11.15 ms, dist_count=79946
[OUT] [Timing] Search: 10.48 ms, dist_count=67966
[OUT] [Timing] Search: 6.61 ms, dist_count=28839
[OUT] [Timing] Search: 7.79 ms, dist_count=31872
[OUT] [Timing] Search: 5.20 ms, dist_count=18946
[OUT] [Timing] Search: 6.26 ms, dist_count=26091
[OUT] [Timing] Search: 10.07 ms, dist_count=67057
[OUT] [Timing] Search: 8.24 ms, dist_count=42209
[OUT] [Timing] Search: 14.98 ms, dist_count=104882
[OUT] [Timing] Search: 11.47 ms, dist_count=76479
[OUT] [Timing] Search: 11.98 ms, dist_count=83851
[OUT] [Timing] Search: 7.92 ms, dist_count=37687
[OUT] [Timing] Search: 7.66 ms, dist_count=38787
[OUT] [Timing] Search: 9.04 ms, dist_count=54674
[OUT] [Timing] Search: 4.11 ms, dist_count=11926
[OUT] [Timing] Search: 8.83 ms, dist_count=52557
[OUT] [Timing] Search: 11.96 ms, dist_count=92482
[OUT] [Timing] Search: 8.73 ms, dist_count=49351
[OUT] [Timing] Search: 5.28 ms, dist_count=23080
[OUT] [Timing] Search: 11.23 ms, dist_count=74828
[OUT] [Timing] Search: 8.02 ms, dist_count=44523
[OUT] [Timing] Search: 9.89 ms, dist_count=58163
[OUT] [Timing] Search: 9.25 ms, dist_count=34361
[OUT] [Timing] Search: 11.16 ms, dist_count=50109
[OUT] [Timing] Search: 14.56 ms, dist_count=75640
[OUT] [Timing] Search: 13.20 ms, dist_count=96595
[OUT] [Timing] Search: 9.76 ms, dist_count=65061
[OUT] [Timing] Search: 7.82 ms, dist_count=47104
[OUT] [Timing] Search: 6.92 ms, dist_count=36553
[OUT] [Timing] Search: 6.46 ms, dist_count=30466
[OUT] [Timing] Search: 13.64 ms, dist_count=99482
[OUT] [Timing] Search: 12.83 ms, dist_count=83880
[OUT] [Timing] Search: 8.33 ms, dist_count=44899
[OUT] [Timing] Search: 6.80 ms, dist_count=34328
[OUT] [Timing] Search: 5.07 ms, dist_count=17048
[OUT] [Timing] Search: 9.87 ms, dist_count=61334
[OUT] [Timing] Search: 12.38 ms, dist_count=84074
[OUT] [Timing] Search: 8.03 ms, dist_count=48285
[OUT] [Timing] Search: 9.64 ms, dist_count=65630
[OUT] [Timing] Search: 10.08 ms, dist_count=65788
[OUT] [Timing] Search: 5.49 ms, dist_count=22756
[OUT] [Timing] Search: 7.23 ms, dist_count=38010
[OUT] [Timing] Search: 4.10 ms, dist_count=10647
[OUT] [Timing] Search: 4.45 ms, dist_count=18397
[OUT] [Timing] Search: 4.23 ms, dist_count=11675
[OUT] [Timing] Search: 5.52 ms, dist_count=16622
[OUT] [Timing] Search: 9.40 ms, dist_count=56584
[OUT] [Timing] Search: 12.79 ms, dist_count=79431
[OUT] [Timing] Search: 6.30 ms, dist_count=25859
[OUT] [Timing] Search: 9.76 ms, dist_count=64213
[OUT] [Timing] Search: 8.07 ms, dist_count=44499
[OUT] [Timing] Search: 5.67 ms, dist_count=23721
[OUT] [Timing] Search: 7.46 ms, dist_count=38615
[OUT] [Timing] Search: 10.09 ms, dist_count=68746
[OUT] [Timing] Search: 8.26 ms, dist_count=48756
[OUT] [Timing] Search: 11.25 ms, dist_count=76967
[OUT] [Timing] Search: 11.51 ms, dist_count=72282
[OUT] [Timing] Search: 11.30 ms, dist_count=69993
[OUT] [Timing] Search: 3.86 ms, dist_count=9073
[OUT] [Timing] Search: 8.08 ms, dist_count=33016
[OUT] [Timing] Search: 12.97 ms, dist_count=82659
[OUT] [Timing] Search: 9.78 ms, dist_count=51519
[OUT] [Timing] Search: 9.93 ms, dist_count=43586
[OUT] [Timing] Search: 9.22 ms, dist_count=48604
[OUT] [Timing] Search: 9.89 ms, dist_count=66375
[OUT] [Timing] Search: 11.02 ms, dist_count=71566
[OUT] [Timing] Search: 10.72 ms, dist_count=70255
[OUT] [Timing] Search: 11.56 ms, dist_count=78993
[OUT] [Timing] Search: 6.73 ms, dist_count=30249
[OUT] [Timing] Search: 5.72 ms, dist_count=28123
[OUT] [Timing] Search: 7.92 ms, dist_count=42880
[OUT] [Timing] Search: 7.68 ms, dist_count=47315
[OUT] [Timing] Search: 9.92 ms, dist_count=65370
[OUT] [Timing] Search: 12.00 ms, dist_count=86943
[OUT] [Timing] Search: 8.83 ms, dist_count=55655
[OUT] [Timing] Search: 12.77 ms, dist_count=73177
[OUT] [Timing] Search: 11.56 ms, dist_count=80558
[OUT] [Timing] Search: 6.06 ms, dist_count=26321
[OUT] [Timing] Search: 12.64 ms, dist_count=91820
[OUT] [Timing] Search: 10.53 ms, dist_count=67580
[OUT] [Timing] Search: 8.07 ms, dist_count=46363
[OUT] [Timing] Search: 5.21 ms, dist_count=18346
[OUT] [Timing] Search: 8.48 ms, dist_count=51319
[OUT] [Timing] Search: 11.14 ms, dist_count=77210
[OUT] [Timing] Search: 6.78 ms, dist_count=30180
[OUT] [Timing] Search: 4.32 ms, dist_count=9418
[OUT] [Timing] Search: 11.16 ms, dist_count=77012
[OUT] [Timing] Search: 7.22 ms, dist_count=35602
[OUT] [Timing] Search: 12.47 ms, dist_count=90408
[OUT] [Timing] Search: 13.03 ms, dist_count=89071
[OUT] [Timing] Search: 4.82 ms, dist_count=14734
[OUT] [Timing] Search: 7.66 ms, dist_count=40143
[OUT] [Timing] Search: 9.98 ms, dist_count=65860
[OUT] [Timing] Search: 4.86 ms, dist_count=14654
[OUT] [Timing] Search: 9.01 ms, dist_count=53622
[OUT] [Timing] Search: 8.74 ms, dist_count=52044
[OUT] [Timing] Search: 8.89 ms, dist_count=52132
[OUT] [Timing] Search: 9.46 ms, dist_count=53531
[OUT] [Timing] Search: 9.79 ms, dist_count=63267
[OUT] [Timing] Search: 7.02 ms, dist_count=36819
[OUT] [Timing] Search: 5.82 ms, dist_count=23330
[OUT] [Timing] Search: 7.81 ms, dist_count=36358
[OUT] [Timing] Search: 10.69 ms, dist_count=70943
[OUT] [Timing] Search: 3.69 ms, dist_count=9080
[OUT] [Timing] Search: 8.63 ms, dist_count=52958
[OUT] [Timing] Search: 3.95 ms, dist_count=9660
[OUT] [Timing] Search: 6.16 ms, dist_count=28968
[OUT] [Timing] Search: 4.86 ms, dist_count=16804
[OUT] [Timing] Search: 13.62 ms, dist_count=97945
[OUT] [Timing] Search: 10.47 ms, dist_count=65796
[OUT]   Processed 8000 queries
[OUT] 
[OUT] [Timing] Search: 9.15 ms, dist_count=54499
[OUT] [Timing] Search: 11.52 ms, dist_count=78371
[OUT] [Timing] Search: 9.89 ms, dist_count=56604
[OUT] [Timing] Search: 6.22 ms, dist_count=23009
[OUT] [Timing] Search: 7.39 ms, dist_count=31373
[OUT] [Timing] Search: 9.70 ms, dist_count=61354
[OUT] [Timing] Search: 6.75 ms, dist_count=32011
[OUT] [Timing] Search: 14.26 ms, dist_count=102757
[OUT] [Timing] Search: 9.40 ms, dist_count=56575
[OUT] [Timing] Search: 9.50 ms, dist_count=61124
[OUT] [Timing] Search: 8.82 ms, dist_count=50293
[OUT] [Timing] Search: 3.30 ms, dist_count=7271
[OUT] [Timing] Search: 6.46 ms, dist_count=33060
[OUT] [Timing] Search: 9.45 ms, dist_count=58063
[OUT] [Timing] Search: 8.02 ms, dist_count=45462
[OUT] [Timing] Search: 7.90 ms, dist_count=41323
[OUT] [Timing] Search: 13.25 ms, dist_count=89317
[OUT] [Timing] Search: 4.83 ms, dist_count=15816
[OUT] [Timing] Search: 10.85 ms, dist_count=65354
[OUT] [Timing] Search: 5.03 ms, dist_count=18574
[OUT] [Timing] Search: 10.39 ms, dist_count=69391
[OUT] [Timing] Search: 12.25 ms, dist_count=88641
[OUT] [Timing] Search: 3.21 ms, dist_count=6952
[OUT] [Timing] Search: 11.71 ms, dist_count=84673
[OUT] [Timing] Search: 12.03 ms, dist_count=82086
[OUT] [Timing] Search: 6.13 ms, dist_count=27986
[OUT] [Timing] Search: 9.95 ms, dist_count=60772
[OUT] [Timing] Search: 8.59 ms, dist_count=50588
[OUT] [Timing] Search: 6.99 ms, dist_count=31200
[OUT] [Timing] Search: 11.73 ms, dist_count=74892
[OUT] [Timing] Search: 5.93 ms, dist_count=27616
[OUT] [Timing] Search: 10.75 ms, dist_count=72426
[OUT] [Timing] Search: 5.59 ms, dist_count=22985
[OUT] [Timing] Search: 8.33 ms, dist_count=47244
[OUT] [Timing] Search: 7.39 ms, dist_count=38894
[OUT] [Timing] Search: 8.99 ms, dist_count=57174
[OUT] [Timing] Search: 4.94 ms, dist_count=16095
[OUT] [Timing] Search: 8.56 ms, dist_count=51502
[OUT] [Timing] Search: 10.80 ms, dist_count=75096
[OUT] [Timing] Search: 10.27 ms, dist_count=63080
[OUT] [Timing] Search: 11.12 ms, dist_count=71156
[OUT] [Timing] Search: 9.78 ms, dist_count=61697
[OUT] [Timing] Search: 8.47 ms, dist_count=45905
[OUT] [Timing] Search: 11.57 ms, dist_count=84663
[OUT] [Timing] Search: 4.79 ms, dist_count=15348
[OUT] [Timing] Search: 11.81 ms, dist_count=86371
[OUT] [Timing] Search: 9.37 ms, dist_count=58282
[OUT] [Timing] Search: 6.43 ms, dist_count=32067
[OUT] [Timing] Search: 7.57 ms, dist_count=41742
[OUT] [Timing] Search: 9.02 ms, dist_count=55263
[OUT] [Timing] Search: 7.28 ms, dist_count=34563
[OUT] [Timing] Search: 8.33 ms, dist_count=38581
[OUT] [Timing] Search: 10.91 ms, dist_count=75265
[OUT] [Timing] Search: 10.03 ms, dist_count=64100
[OUT] [Timing] Search: 7.70 ms, dist_count=44271
[OUT] [Timing] Search: 7.67 ms, dist_count=47887
[OUT] [Timing] Search: 7.97 ms, dist_count=39966
[OUT] [Timing] Search: 9.59 ms, dist_count=64331
[OUT] [Timing] Search: 5.56 ms, dist_count=21015
[OUT] [Timing] Search: 7.55 ms, dist_count=42079
[OUT] [Timing] Search: 6.62 ms, dist_count=33706
[OUT] [Timing] Search: 13.14 ms, dist_count=97118
[OUT] [Timing] Search: 5.00 ms, dist_count=15097
[OUT] [Timing] Search: 11.30 ms, dist_count=74846
[OUT] [Timing] Search: 6.30 ms, dist_count=26415
[OUT] [Timing] Search: 6.23 ms, dist_count=30384
[OUT] [Timing] Search: 5.29 ms, dist_count=19592
[OUT] [Timing] Search: 11.22 ms, dist_count=80407
[OUT] [Timing] Search: 10.59 ms, dist_count=72768
[OUT] [Timing] Search: 6.15 ms, dist_count=27543
[OUT] [Timing] Search: 6.04 ms, dist_count=28604
[OUT] [Timing] Search: 12.67 ms, dist_count=93964
[OUT] [Timing] Search: 8.11 ms, dist_count=47211
[OUT] [Timing] Search: 12.95 ms, dist_count=70146
[OUT] [Timing] Search: 11.49 ms, dist_count=51787
[OUT] [Timing] Search: 10.97 ms, dist_count=50446
[OUT] [Timing] Search: 13.77 ms, dist_count=78098
[OUT] [Timing] Search: 11.60 ms, dist_count=69392
[OUT] [Timing] Search: 8.44 ms, dist_count=48431
[OUT] [Timing] Search: 10.98 ms, dist_count=76670
[OUT] [Timing] Search: 10.43 ms, dist_count=69184
[OUT] [Timing] Search: 7.89 ms, dist_count=43056
[OUT] [Timing] Search: 8.22 ms, dist_count=51920
[OUT] [Timing] Search: 7.56 ms, dist_count=38913
[OUT] [Timing] Search: 7.26 ms, dist_count=39362
[OUT] [Timing] Search: 7.20 ms, dist_count=36246
[OUT] [Timing] Search: 6.56 ms, dist_count=30287
[OUT] [Timing] Search: 7.39 ms, dist_count=37558
[OUT] [Timing] Search: 4.17 ms, dist_count=12346
[OUT] [Timing] Search: 10.26 ms, dist_count=69319
[OUT] [Timing] Search: 10.67 ms, dist_count=76512
[OUT] [Timing] Search: 10.15 ms, dist_count=62623
[OUT] [Timing] Search: 11.75 ms, dist_count=78541
[OUT] [Timing] Search: 10.30 ms, dist_count=73513
[OUT] [Timing] Search: 11.21 ms, dist_count=76060
[OUT] [Timing] Search: 6.94 ms, dist_count=29164
[OUT] [Timing] Search: 8.57 ms, dist_count=51211
[OUT] [Timing] Search: 9.36 ms, dist_count=51213
[OUT] [Timing] Search: 7.27 ms, dist_count=43480
[OUT] [Timing] Search: 8.90 ms, dist_count=53887
[OUT] [Timing] Search: 4.00 ms, dist_count=10012
[OUT] [Timing] Search: 2.38 ms, dist_count=4331
[OUT] [Timing] Search: 9.45 ms, dist_count=60113
[OUT] [Timing] Search: 10.53 ms, dist_count=66162
[OUT] [Timing] Search: 7.70 ms, dist_count=42476
[OUT] [Timing] Search: 11.10 ms, dist_count=74986
[OUT] [Timing] Search: 13.79 ms, dist_count=96698
[OUT] [Timing] Search: 10.66 ms, dist_count=68677
[OUT] [Timing] Search: 7.57 ms, dist_count=40548
[OUT] [Timing] Search: 4.34 ms, dist_count=12950
[OUT] [Timing] Search: 12.32 ms, dist_count=81359
[OUT] [Timing] Search: 10.91 ms, dist_count=76104
[OUT] [Timing] Search: 6.70 ms, dist_count=32789
[OUT] [Timing] Search: 5.40 ms, dist_count=17682
[OUT] [Timing] Search: 10.58 ms, dist_count=73375
[OUT] [Timing] Search: 8.53 ms, dist_count=46976
[OUT] [Timing] Search: 10.45 ms, dist_count=73687
[OUT] [Timing] Search: 8.79 ms, dist_count=53908
[OUT] [Timing] Search: 6.28 ms, dist_count=23350
[OUT] [Timing] Search: 12.66 ms, dist_count=93695
[OUT] [Timing] Search: 8.28 ms, dist_count=44929
[OUT] [Timing] Search: 11.99 ms, dist_count=80768
[OUT] [Timing] Search: 10.58 ms, dist_count=69312
[OUT] [Timing] Search: 13.93 ms, dist_count=105434
[OUT] [Timing] Search: 8.71 ms, dist_count=46004
[OUT] [Timing] Search: 7.01 ms, dist_count=38493
[OUT] [Timing] Search: 8.32 ms, dist_count=47558
[OUT] [Timing] Search: 10.30 ms, dist_count=72300
[OUT] [Timing] Search: 11.50 ms, dist_count=83161
[OUT] [Timing] Search: 6.68 ms, dist_count=29251
[OUT] [Timing] Search: 10.08 ms, dist_count=67480
[OUT] [Timing] Search: 5.27 ms, dist_count=17246
[OUT] [Timing] Search: 11.81 ms, dist_count=70263
[OUT] [Timing] Search: 5.62 ms, dist_count=22958
[OUT] [Timing] Search: 6.68 ms, dist_count=35797
[OUT] [Timing] Search: 9.82 ms, dist_count=62225
[OUT] [Timing] Search: 6.81 ms, dist_count=32158
[OUT] [Timing] Search: 11.30 ms, dist_count=77848
[OUT] [Timing] Search: 11.85 ms, dist_count=86106
[OUT] [Timing] Search: 10.74 ms, dist_count=72230
[OUT] [Timing] Search: 7.80 ms, dist_count=48801
[OUT] [Timing] Search: 5.78 ms, dist_count=23468
[OUT] [Timing] Search: 7.55 ms, dist_count=43070
[OUT] [Timing] Search: 4.69 ms, dist_count=13675
[OUT] [Timing] Search: 11.90 ms, dist_count=76725
[OUT] [Timing] Search: 10.29 ms, dist_count=69263
[OUT] [Timing] Search: 10.02 ms, dist_count=64280
[OUT] [Timing] Search: 7.08 ms, dist_count=43347
[OUT] [Timing] Search: 11.38 ms, dist_count=76656
[OUT] [Timing] Search: 6.78 ms, dist_count=33720
[OUT] [Timing] Search: 9.16 ms, dist_count=57208
[OUT] [Timing] Search: 12.10 ms, dist_count=84390
[OUT] [Timing] Search: 13.25 ms, dist_count=93000
[OUT] [Timing] Search: 13.47 ms, dist_count=96853
[OUT] [Timing] Search: 6.98 ms, dist_count=30184
[OUT] [Timing] Search: 3.51 ms, dist_count=9832
[OUT] [Timing] Search: 4.98 ms, dist_count=20874
[OUT] [Timing] Search: 10.57 ms, dist_count=72272
[OUT] [Timing] Search: 11.95 ms, dist_count=88953
[OUT] [Timing] Search: 7.72 ms, dist_count=43855
[OUT] [Timing] Search: 8.70 ms, dist_count=49190
[OUT] [Timing] Search: 4.79 ms, dist_count=15685
[OUT] [Timing] Search: 9.38 ms, dist_count=53311
[OUT] [Timing] Search: 8.45 ms, dist_count=44680
[OUT] [Timing] Search: 6.50 ms, dist_count=25443
[OUT] [Timing] Search: 4.77 ms, dist_count=20218
[OUT] [Timing] Search: 8.66 ms, dist_count=48956
[OUT] [Timing] Search: 12.35 ms, dist_count=89982
[OUT] [Timing] Search: 6.93 ms, dist_count=35927
[OUT] [Timing] Search: 12.41 ms, dist_count=93442
[OUT] [Timing] Search: 9.47 ms, dist_count=62728
[OUT] [Timing] Search: 6.42 ms, dist_count=30561
[OUT] [Timing] Search: 9.64 ms, dist_count=64800
[OUT] [Timing] Search: 10.94 ms, dist_count=76885
[OUT] [Timing] Search: 8.14 ms, dist_count=36066
[OUT] [Timing] Search: 3.34 ms, dist_count=9431
[OUT] [Timing] Search: 11.75 ms, dist_count=64744
[OUT] [Timing] Search: 12.94 ms, dist_count=67352
[OUT] [Timing] Search: 8.43 ms, dist_count=36516
[OUT] [Timing] Search: 7.79 ms, dist_count=28306
[OUT] [Timing] Search: 13.26 ms, dist_count=76297
[OUT] [Timing] Search: 12.76 ms, dist_count=73601
[OUT] [Timing] Search: 6.74 ms, dist_count=29322
[OUT] [Timing] Search: 12.19 ms, dist_count=77088
[OUT] [Timing] Search: 8.61 ms, dist_count=51021
[OUT] [Timing] Search: 10.87 ms, dist_count=72883
[OUT] [Timing] Search: 10.01 ms, dist_count=65031
[OUT] [Timing] Search: 6.15 ms, dist_count=25328
[OUT] [Timing] Search: 4.74 ms, dist_count=15625
[OUT] [Timing] Search: 3.87 ms, dist_count=12495
[OUT] [Timing] Search: 10.96 ms, dist_count=42765
[OUT] [Timing] Search: 12.86 ms, dist_count=65434
[OUT] [Timing] Search: 8.84 ms, dist_count=26287
[OUT] [Timing] Search: 9.84 ms, dist_count=59867
[OUT] [Timing] Search: 8.11 ms, dist_count=34613
[OUT] [Timing] Search: 7.02 ms, dist_count=37244
[OUT] [Timing] Search: 6.05 ms, dist_count=24651
[OUT] [Timing] Search: 6.34 ms, dist_count=29222
[OUT] [Timing] Search: 6.29 ms, dist_count=30333
[OUT] [Timing] Search: 11.35 ms, dist_count=81042
[OUT] [Timing] Search: 8.64 ms, dist_count=50640
[OUT] [Timing] Search: 9.98 ms, dist_count=63825
[OUT] [Timing] Search: 7.77 ms, dist_count=34806
[OUT] [Timing] Search: 4.12 ms, dist_count=12786
[OUT] [Timing] Search: 6.49 ms, dist_count=31180
[OUT] [Timing] Search: 11.98 ms, dist_count=83746
[OUT] [Timing] Search: 12.19 ms, dist_count=87439
[OUT] [Timing] Search: 10.38 ms, dist_count=58829
[OUT] [Timing] Search: 13.32 ms, dist_count=89336
[OUT] [Timing] Search: 4.37 ms, dist_count=11819
[OUT] [Timing] Search: 5.83 ms, dist_count=23425
[OUT] [Timing] Search: 9.57 ms, dist_count=61389
[OUT] [Timing] Search: 9.33 ms, dist_count=59024
[OUT] [Timing] Search: 11.34 ms, dist_count=74282
[OUT] [Timing] Search: 9.15 ms, dist_count=55226
[OUT] [Timing] Search: 10.53 ms, dist_count=66766
[OUT] [Timing] Search: 6.33 ms, dist_count=34380
[OUT] [Timing] Search: 7.70 ms, dist_count=39720
[OUT] [Timing] Search: 9.27 ms, dist_count=60614
[OUT] [Timing] Search: 11.07 ms, dist_count=72706
[OUT] [Timing] Search: 4.66 ms, dist_count=16667
[OUT] [Timing] Search: 10.17 ms, dist_count=60025
[OUT] [Timing] Search: 11.77 ms, dist_count=82198
[OUT] [Timing] Search: 3.98 ms, dist_count=11532
[OUT] [Timing] Search: 5.65 ms, dist_count=21777
[OUT] [Timing] Search: 12.02 ms, dist_count=80720
[OUT] [Timing] Search: 6.47 ms, dist_count=27072
[OUT] [Timing] Search: 12.51 ms, dist_count=92657
[OUT] [Timing] Search: 6.89 ms, dist_count=31821
[OUT] [Timing] Search: 4.87 ms, dist_count=19254
[OUT] [Timing] Search: 11.40 ms, dist_count=76160
[OUT] [Timing] Search: 8.01 ms, dist_count=44666
[OUT] [Timing] Search: 6.42 ms, dist_count=29770
[OUT] [Timing] Search: 7.39 ms, dist_count=37744
[OUT] [Timing] Search: 9.22 ms, dist_count=59189
[OUT] [Timing] Search: 9.31 ms, dist_count=57663
[OUT] [Timing] Search: 7.47 ms, dist_count=40699
[OUT] [Timing] Search: 9.77 ms, dist_count=56089
[OUT] [Timing] Search: 7.35 ms, dist_count=35486
[OUT] [Timing] Search: 6.16 ms, dist_count=23303
[OUT] [Timing] Search: 7.94 ms, dist_count=45827
[OUT] [Timing] Search: 8.69 ms, dist_count=51926
[OUT] [Timing] Search: 9.42 ms, dist_count=60125
[OUT] [Timing] Search: 7.73 ms, dist_count=40826
[OUT] [Timing] Search: 10.28 ms, dist_count=72076
[OUT] [Timing] Search: 7.38 ms, dist_count=40249
[OUT] [Timing] Search: 9.93 ms, dist_count=65104
[OUT] [Timing] Search: 10.24 ms, dist_count=72942
[OUT] [Timing] Search: 11.07 ms, dist_count=63672
[OUT] [Timing] Search: 11.44 ms, dist_count=73229
[OUT] [Timing] Search: 10.05 ms, dist_count=63627
[OUT] [Timing] Search: 8.39 ms, dist_count=52819
[OUT] [Timing] Search: 6.19 ms, dist_count=26901
[OUT] [Timing] Search: 8.43 ms, dist_count=48147
[OUT] [Timing] Search: 11.91 ms, dist_count=82223
[OUT] [Timing] Search: 10.41 ms, dist_count=70041
[OUT] [Timing] Search: 11.28 ms, dist_count=80840
[OUT] [Timing] Search: 8.73 ms, dist_count=49283
[OUT] [Timing] Search: 7.18 ms, dist_count=34608
[OUT] [Timing] Search: 13.36 ms, dist_count=90087
[OUT] [Timing] Search: 5.23 ms, dist_count=18424
[OUT] [Timing] Search: 10.94 ms, dist_count=70504
[OUT] [Timing] Search: 9.10 ms, dist_count=45290
[OUT] [Timing] Search: 6.24 ms, dist_count=25947
[OUT] [Timing] Search: 6.08 ms, dist_count=18818
[OUT] [Timing] Search: 9.68 ms, dist_count=52556
[OUT] [Timing] Search: 8.85 ms, dist_count=47676
[OUT] [Timing] Search: 4.48 ms, dist_count=14447
[OUT] [Timing] Search: 6.88 ms, dist_count=26391
[OUT] [Timing] Search: 9.15 ms, dist_count=45875
[OUT] [Timing] Search: 8.25 ms, dist_count=40232
[OUT] [Timing] Search: 8.88 ms, dist_count=49016
[OUT] [Timing] Search: 9.56 ms, dist_count=57781
[OUT] [Timing] Search: 10.62 ms, dist_count=71016
[OUT] [Timing] Search: 10.30 ms, dist_count=72843
[OUT] [Timing] Search: 9.22 ms, dist_count=55969
[OUT] [Timing] Search: 6.72 ms, dist_count=36756
[OUT] [Timing] Search: 8.83 ms, dist_count=51969
[OUT] [Timing] Search: 5.54 ms, dist_count=25621
[OUT] [Timing] Search: 7.84 ms, dist_count=41966
[OUT] [Timing] Search: 3.92 ms, dist_count=9720
[OUT] [Timing] Search: 6.29 ms, dist_count=27584
[OUT] [Timing] Search: 5.07 ms, dist_count=19965
[OUT] [Timing] Search: 12.09 ms, dist_count=68216
[OUT] [Timing] Search: 7.74 ms, dist_count=28640
[OUT] [Timing] Search: 13.48 ms, dist_count=72742
[OUT] [Timing] Search: 9.57 ms, dist_count=46709
[OUT] [Timing] Search: 6.62 ms, dist_count=32250
[OUT] [Timing] Search: 8.49 ms, dist_count=46468
[OUT] [Timing] Search: 7.29 ms, dist_count=39333
[OUT] [Timing] Search: 6.29 ms, dist_count=28476
[OUT] [Timing] Search: 13.42 ms, dist_count=97465
[OUT] [Timing] Search: 4.43 ms, dist_count=11655
[OUT] [Timing] Search: 7.42 ms, dist_count=40529
[OUT] [Timing] Search: 8.71 ms, dist_count=52517
[OUT] [Timing] Search: 7.69 ms, dist_count=44067
[OUT] [Timing] Search: 7.01 ms, dist_count=31750
[OUT] [Timing] Search: 8.14 ms, dist_count=49356
[OUT] [Timing] Search: 10.53 ms, dist_count=63647
[OUT] [Timing] Search: 6.69 ms, dist_count=31056
[OUT] [Timing] Search: 6.49 ms, dist_count=30444
[OUT] [Timing] Search: 8.09 ms, dist_count=45035
[OUT] [Timing] Search: 9.91 ms, dist_count=55275
[OUT] [Timing] Search: 12.48 ms, dist_count=91634
[OUT] [Timing] Search: 6.76 ms, dist_count=35433
[OUT] [Timing] Search: 13.14 ms, dist_count=95860
[OUT] [Timing] Search: 12.12 ms, dist_count=85813
[OUT] [Timing] Search: 12.31 ms, dist_count=92129
[OUT] [Timing] Search: 10.10 ms, dist_count=66023
[OUT] [Timing] Search: 11.98 ms, dist_count=85067
[OUT] [Timing] Search: 13.80 ms, dist_count=103830
[OUT] [Timing] Search: 7.83 ms, dist_count=39653
[OUT] [Timing] Search: 9.83 ms, dist_count=60180
[OUT] [Timing] Search: 12.47 ms, dist_count=88512
[OUT] [Timing] Search: 6.06 ms, dist_count=32648
[OUT] [Timing] Search: 7.32 ms, dist_count=37224
[OUT] [Timing] Search: 10.78 ms, dist_count=72391
[OUT] [Timing] Search: 3.92 ms, dist_count=10080
[OUT] [Timing] Search: 4.08 ms, dist_count=12049
[OUT] [Timing] Search: 11.83 ms, dist_count=80849
[OUT] [Timing] Search: 12.30 ms, dist_count=86667
[OUT] [Timing] Search: 7.93 ms, dist_count=40416
[OUT] [Timing] Search: 10.11 ms, dist_count=64272
[OUT] [Timing] Search: 11.55 ms, dist_count=77847
[OUT] [Timing] Search: 7.76 ms, dist_count=44212
[OUT] [Timing] Search: 8.86 ms, dist_count=49936
[OUT] [Timing] Search: 6.23 ms, dist_count=28627
[OUT] [Timing] Search: 11.90 ms, dist_count=83895
[OUT] [Timing] Search: 4.01 ms, dist_count=13274
[OUT] [Timing] Search: 9.32 ms, dist_count=56421
[OUT] [Timing] Search: 6.12 ms, dist_count=25665
[OUT] [Timing] Search: 9.15 ms, dist_count=52037
[OUT] [Timing] Search: 10.59 ms, dist_count=68096
[OUT] [Timing] Search: 7.05 ms, dist_count=37671
[OUT] [Timing] Search: 5.11 ms, dist_count=17862
[OUT] [Timing] Search: 13.67 ms, dist_count=101530
[OUT] [Timing] Search: 6.19 ms, dist_count=25838
[OUT] [Timing] Search: 8.76 ms, dist_count=56521
[OUT] [Timing] Search: 11.03 ms, dist_count=70618
[OUT] [Timing] Search: 12.40 ms, dist_count=89595
[OUT] [Timing] Search: 6.91 ms, dist_count=35476
[OUT] [Timing] Search: 6.55 ms, dist_count=30259
[OUT] [Timing] Search: 8.57 ms, dist_count=46699
[OUT] [Timing] Search: 9.07 ms, dist_count=55190
[OUT] [Timing] Search: 3.93 ms, dist_count=10547
[OUT] [Timing] Search: 5.10 ms, dist_count=18419
[OUT] [Timing] Search: 10.05 ms, dist_count=63089
[OUT] [Timing] Search: 11.58 ms, dist_count=81105
[OUT] [Timing] Search: 12.14 ms, dist_count=91026
[OUT] [Timing] Search: 6.22 ms, dist_count=30805
[OUT] [Timing] Search: 8.15 ms, dist_count=45391
[OUT] [Timing] Search: 5.49 ms, dist_count=21333
[OUT] [Timing] Search: 8.01 ms, dist_count=51641
[OUT] [Timing] Search: 7.52 ms, dist_count=38001
[OUT] [Timing] Search: 10.20 ms, dist_count=68262
[OUT] [Timing] Search: 12.60 ms, dist_count=87840
[OUT] [Timing] Search: 9.60 ms, dist_count=62057
[OUT] [Timing] Search: 8.39 ms, dist_count=49522
[OUT] [Timing] Search: 9.51 ms, dist_count=61862
[OUT] [Timing] Search: 10.08 ms, dist_count=71288
[OUT] [Timing] Search: 8.22 ms, dist_count=48188
[OUT] [Timing] Search: 9.33 ms, dist_count=58216
[OUT] [Timing] Search: 10.68 ms, dist_count=72782
[OUT] [Timing] Search: 9.07 ms, dist_count=52862
[OUT] [Timing] Search: 12.12 ms, dist_count=82277
[OUT] [Timing] Search: 11.81 ms, dist_count=78196
[OUT] [Timing] Search: 7.86 ms, dist_count=42874
[OUT] [Timing] Search: 6.26 ms, dist_count=28580
[OUT] [Timing] Search: 6.75 ms, dist_count=34170
[OUT] [Timing] Search: 9.17 ms, dist_count=56647
[OUT] [Timing] Search: 6.61 ms, dist_count=35640
[OUT] [Timing] Search: 5.65 ms, dist_count=24067
[OUT] [Timing] Search: 10.40 ms, dist_count=72357
[OUT] [Timing] Search: 3.33 ms, dist_count=5441
[OUT] [Timing] Search: 5.50 ms, dist_count=21830
[OUT] [Timing] Search: 5.59 ms, dist_count=20524
[OUT] [Timing] Search: 9.88 ms, dist_count=61689
[OUT] [Timing] Search: 4.65 ms, dist_count=15486
[OUT] [Timing] Search: 9.08 ms, dist_count=54202
[OUT] [Timing] Search: 11.52 ms, dist_count=85097
[OUT] [Timing] Search: 7.69 ms, dist_count=38897
[OUT] [Timing] Search: 9.21 ms, dist_count=53002
[OUT] [Timing] Search: 6.08 ms, dist_count=27992
[OUT] [Timing] Search: 8.49 ms, dist_count=48296
[OUT] [Timing] Search: 11.25 ms, dist_count=81393
[OUT] [Timing] Search: 12.02 ms, dist_count=86649
[OUT] [Timing] Search: 6.01 ms, dist_count=26113
[OUT] [Timing] Search: 3.12 ms, dist_count=5087
[OUT] [Timing] Search: 9.02 ms, dist_count=53989
[OUT] [Timing] Search: 12.10 ms, dist_count=73194
[OUT] [Timing] Search: 6.57 ms, dist_count=28630
[OUT] [Timing] Search: 10.57 ms, dist_count=69413
[OUT] [Timing] Search: 12.18 ms, dist_count=84615
[OUT] [Timing] Search: 6.59 ms, dist_count=24181
[OUT] [Timing] Search: 6.13 ms, dist_count=26077
[OUT] [Timing] Search: 12.07 ms, dist_count=79696
[OUT] [Timing] Search: 4.76 ms, dist_count=15010
[OUT] [Timing] Search: 9.58 ms, dist_count=58810
[OUT] [Timing] Search: 4.18 ms, dist_count=12481
[OUT] [Timing] Search: 9.09 ms, dist_count=58889
[OUT] [Timing] Search: 10.90 ms, dist_count=74994
[OUT] [Timing] Search: 3.21 ms, dist_count=8201
[OUT] [Timing] Search: 8.84 ms, dist_count=53589
[OUT] [Timing] Search: 11.87 ms, dist_count=89095
[OUT] [Timing] Search: 10.69 ms, dist_count=70342
[OUT] [Timing] Search: 9.62 ms, dist_count=59740
[OUT] [Timing] Search: 9.12 ms, dist_count=51458
[OUT] [Timing] Search: 8.07 ms, dist_count=44420
[OUT] [Timing] Search: 6.67 ms, dist_count=29505
[OUT] [Timing] Search: 4.26 ms, dist_count=12529
[OUT] [Timing] Search: 11.64 ms, dist_count=84898
[OUT] [Timing] Search: 10.35 ms, dist_count=74323
[OUT] [Timing] Search: 3.82 ms, dist_count=9822
[OUT] [Timing] Search: 10.00 ms, dist_count=65297
[OUT] [Timing] Search: 12.15 ms, dist_count=90589
[OUT] [Timing] Search: 9.05 ms, dist_count=55670
[OUT] [Timing] Search: 12.01 ms, dist_count=86000
[OUT] [Timing] Search: 11.74 ms, dist_count=76528
[OUT] [Timing] Search: 7.28 ms, dist_count=31882
[OUT] [Timing] Search: 6.23 ms, dist_count=28546
[OUT] [Timing] Search: 6.74 ms, dist_count=31289
[OUT] [Timing] Search: 10.23 ms, dist_count=68126
[OUT] [Timing] Search: 6.97 ms, dist_count=31923
[OUT] [Timing] Search: 7.78 ms, dist_count=46545
[OUT] [Timing] Search: 8.74 ms, dist_count=51350
[OUT] [Timing] Search: 8.01 ms, dist_count=43401
[OUT] [Timing] Search: 9.73 ms, dist_count=67231
[OUT] [Timing] Search: 7.92 ms, dist_count=40125
[OUT] [Timing] Search: 7.90 ms, dist_count=44383
[OUT] [Timing] Search: 11.37 ms, dist_count=72702
[OUT] [Timing] Search: 7.06 ms, dist_count=35008
[OUT] [Timing] Search: 8.41 ms, dist_count=51997
[OUT] [Timing] Search: 9.55 ms, dist_count=61448
[OUT] [Timing] Search: 8.35 ms, dist_count=47803
[OUT] [Timing] Search: 5.62 ms, dist_count=21870
[OUT] [Timing] Search: 7.51 ms, dist_count=41489
[OUT] [Timing] Search: 5.53 ms, dist_count=23680
[OUT] [Timing] Search: 10.28 ms, dist_count=68752
[OUT] [Timing] Search: 11.26 ms, dist_count=80399
[OUT] [Timing] Search: 3.23 ms, dist_count=7064
[OUT] [Timing] Search: 4.19 ms, dist_count=15945
[OUT] [Timing] Search: 12.83 ms, dist_count=90720
[OUT] [Timing] Search: 4.00 ms, dist_count=9866
[OUT] [Timing] Search: 6.93 ms, dist_count=34501
[OUT] [Timing] Search: 5.40 ms, dist_count=21429
[OUT] [Timing] Search: 10.32 ms, dist_count=67963
[OUT] [Timing] Search: 9.02 ms, dist_count=57164
[OUT] [Timing] Search: 8.99 ms, dist_count=59542
[OUT] [Timing] Search: 4.03 ms, dist_count=10238
[OUT] [Timing] Search: 8.34 ms, dist_count=43840
[OUT] [Timing] Search: 8.96 ms, dist_count=54106
[OUT] [Timing] Search: 8.68 ms, dist_count=57941
[OUT] [Timing] Search: 13.09 ms, dist_count=91357
[OUT] [Timing] Search: 10.91 ms, dist_count=67880
[OUT] [Timing] Search: 7.96 ms, dist_count=42963
[OUT] [Timing] Search: 5.78 ms, dist_count=22238
[OUT] [Timing] Search: 9.51 ms, dist_count=59672
[OUT] [Timing] Search: 9.30 ms, dist_count=57287
[OUT] [Timing] Search: 5.21 ms, dist_count=21956
[OUT] [Timing] Search: 8.40 ms, dist_count=47064
[OUT] [Timing] Search: 7.00 ms, dist_count=37303
[OUT] [Timing] Search: 4.05 ms, dist_count=10754
[OUT] [Timing] Search: 9.23 ms, dist_count=56400
[OUT] [Timing] Search: 12.16 ms, dist_count=79897
[OUT] [Timing] Search: 10.53 ms, dist_count=73266
[OUT] [Timing] Search: 10.59 ms, dist_count=69800
[OUT] [Timing] Search: 4.50 ms, dist_count=13193
[OUT] [Timing] Search: 5.57 ms, dist_count=20132
[OUT] [Timing] Search: 5.02 ms, dist_count=15706
[OUT] [Timing] Search: 7.94 ms, dist_count=39742
[OUT] [Timing] Search: 6.41 ms, dist_count=31272
[OUT] [Timing] Search: 8.70 ms, dist_count=52197
[OUT] [Timing] Search: 11.55 ms, dist_count=85894
[OUT] [Timing] Search: 7.87 ms, dist_count=44825
[OUT] [Timing] Search: 9.89 ms, dist_count=64370
[OUT] [Timing] Search: 5.30 ms, dist_count=16604
[OUT] [Timing] Search: 10.88 ms, dist_count=73467
[OUT] [Timing] Search: 8.73 ms, dist_count=53954
[OUT] [Timing] Search: 9.92 ms, dist_count=63094
[OUT] [Timing] Search: 5.37 ms, dist_count=20668
[OUT] [Timing] Search: 10.80 ms, dist_count=71010
[OUT] [Timing] Search: 3.63 ms, dist_count=7443
[OUT] [Timing] Search: 8.05 ms, dist_count=43110
[OUT] [Timing] Search: 6.83 ms, dist_count=39451
[OUT] [Timing] Search: 8.54 ms, dist_count=51809
[OUT] [Timing] Search: 11.33 ms, dist_count=73648
[OUT] [Timing] Search: 8.53 ms, dist_count=52154
[OUT] [Timing] Search: 11.18 ms, dist_count=68157
[OUT] [Timing] Search: 12.26 ms, dist_count=60763
[OUT] [Timing] Search: 3.44 ms, dist_count=6001
[OUT] [Timing] Search: 16.10 ms, dist_count=90219
[OUT] [Timing] Search: 3.78 ms, dist_count=9716
[OUT] [Timing] Search: 5.02 ms, dist_count=15137
[OUT] [Timing] Search: 8.70 ms, dist_count=48125
[OUT] [Timing] Search: 8.97 ms, dist_count=54978
[OUT] [Timing] Search: 9.46 ms, dist_count=64420
[OUT] [Timing] Search: 13.42 ms, dist_count=88134
[OUT] [Timing] Search: 7.39 ms, dist_count=33800
[OUT] [Timing] Search: 5.09 ms, dist_count=18649
[OUT] [Timing] Search: 4.67 ms, dist_count=16764
[OUT] [Timing] Search: 10.42 ms, dist_count=52029
[OUT] [Timing] Search: 12.47 ms, dist_count=64143
[OUT] [Timing] Search: 5.92 ms, dist_count=19827
[OUT] [Timing] Search: 5.38 ms, dist_count=12690
[OUT] [Timing] Search: 8.64 ms, dist_count=33913
[OUT] [Timing] Search: 11.78 ms, dist_count=59864
[OUT] [Timing] Search: 11.71 ms, dist_count=54480
[OUT] [Timing] Search: 14.06 ms, dist_count=90800
[OUT] [Timing] Search: 10.57 ms, dist_count=72161
[OUT] [Timing] Search: 10.49 ms, dist_count=70666
[OUT] [Timing] Search: 7.59 ms, dist_count=41165
[OUT] [Timing] Search: 8.38 ms, dist_count=50176
[OUT] [Timing] Search: 10.26 ms, dist_count=69211
[OUT] [Timing] Search: 5.78 ms, dist_count=24821
[OUT] [Timing] Search: 4.63 ms, dist_count=14517
[OUT] [Timing] Search: 10.25 ms, dist_count=66848
[OUT] [Timing] Search: 10.72 ms, dist_count=64967
[OUT] [Timing] Search: 8.58 ms, dist_count=51124
[OUT] [Timing] Search: 13.16 ms, dist_count=97920
[OUT] [Timing] Search: 6.53 ms, dist_count=29713
[OUT] [Timing] Search: 8.33 ms, dist_count=50250
[OUT] [Timing] Search: 6.09 ms, dist_count=24605
[OUT] [Timing] Search: 7.70 ms, dist_count=43101
[OUT] [Timing] Search: 5.16 ms, dist_count=19217
[OUT] [Timing] Search: 6.61 ms, dist_count=28179
[OUT] [Timing] Search: 7.23 ms, dist_count=40180
[OUT] [Timing] Search: 10.18 ms, dist_count=61637
[OUT] [Timing] Search: 12.62 ms, dist_count=84081
[OUT] [Timing] Search: 8.74 ms, dist_count=52625
[OUT] [Timing] Search: 3.92 ms, dist_count=8121
[OUT] [Timing] Search: 7.74 ms, dist_count=37626
[OUT] [Timing] Search: 6.06 ms, dist_count=23351
[OUT] [Timing] Search: 13.36 ms, dist_count=100008
[OUT] [Timing] Search: 7.79 ms, dist_count=42478
[OUT] [Timing] Search: 10.30 ms, dist_count=62127
[OUT] [Timing] Search: 8.25 ms, dist_count=46738
[OUT] [Timing] Search: 9.62 ms, dist_count=60607
[OUT] [Timing] Search: 5.34 ms, dist_count=22536
[OUT] [Timing] Search: 5.91 ms, dist_count=21900
[OUT] [Timing] Search: 9.52 ms, dist_count=60126
[OUT] [Timing] Search: 6.71 ms, dist_count=33106
[OUT] [Timing] Search: 8.77 ms, dist_count=54570
[OUT] [Timing] Search: 4.18 ms, dist_count=10535
[OUT] [Timing] Search: 11.55 ms, dist_count=75544
[OUT] [Timing] Search: 10.55 ms, dist_count=66714
[OUT] [Timing] Search: 4.78 ms, dist_count=18491
[OUT] [Timing] Search: 9.78 ms, dist_count=62222
[OUT] [Timing] Search: 7.66 ms, dist_count=43399
[OUT] [Timing] Search: 8.98 ms, dist_count=49336
[OUT] [Timing] Search: 13.37 ms, dist_count=96447
[OUT] [Timing] Search: 6.39 ms, dist_count=29999
[OUT] [Timing] Search: 7.71 ms, dist_count=42386
[OUT] [Timing] Search: 9.66 ms, dist_count=55482
[OUT] [Timing] Search: 8.94 ms, dist_count=54281
[OUT] [Timing] Search: 9.58 ms, dist_count=61720
[OUT] [Timing] Search: 7.10 ms, dist_count=38463
[OUT] [Timing] Search: 10.29 ms, dist_count=64476
[OUT] [Timing] Search: 9.77 ms, dist_count=64115
[OUT] [Timing] Search: 7.27 ms, dist_count=37153
[OUT] [Timing] Search: 3.14 ms, dist_count=5458
[OUT] [Timing] Search: 8.87 ms, dist_count=47243
[OUT] [Timing] Search: 3.89 ms, dist_count=10503
[OUT] [Timing] Search: 5.63 ms, dist_count=25606
[OUT] [Timing] Search: 6.17 ms, dist_count=25707
[OUT] [Timing] Search: 6.50 ms, dist_count=33838
[OUT] [Timing] Search: 8.39 ms, dist_count=49140
[OUT] [Timing] Search: 7.27 ms, dist_count=38939
[OUT] [Timing] Search: 4.62 ms, dist_count=16507
[OUT] [Timing] Search: 12.47 ms, dist_count=94797
[OUT] [Timing] Search: 6.63 ms, dist_count=28397
[OUT] [Timing] Search: 4.34 ms, dist_count=10555
[OUT] [Timing] Search: 6.57 ms, dist_count=29950
[OUT] [Timing] Search: 5.95 ms, dist_count=22299
[OUT] [Timing] Search: 13.87 ms, dist_count=97426
[OUT] [Timing] Search: 11.83 ms, dist_count=83295
[OUT] [Timing] Search: 8.90 ms, dist_count=54603
[OUT] [Timing] Search: 11.11 ms, dist_count=77872
[OUT] [Timing] Search: 10.54 ms, dist_count=74659
[OUT] [Timing] Search: 8.25 ms, dist_count=49732
[OUT] [Timing] Search: 5.29 ms, dist_count=19305
[OUT] [Timing] Search: 4.37 ms, dist_count=13315
[OUT] [Timing] Search: 7.73 ms, dist_count=44281
[OUT] [Timing] Search: 6.20 ms, dist_count=24215
[OUT] [Timing] Search: 10.26 ms, dist_count=69144
[OUT] [Timing] Search: 11.06 ms, dist_count=68021
[OUT] [Timing] Search: 12.12 ms, dist_count=81552
[OUT] [Timing] Search: 9.23 ms, dist_count=57431
[OUT] [Timing] Search: 5.91 ms, dist_count=22723
[OUT] [Timing] Search: 10.13 ms, dist_count=68588
[OUT] [Timing] Search: 9.34 ms, dist_count=60239
[OUT] [Timing] Search: 7.26 ms, dist_count=37667
[OUT] [Timing] Search: 7.66 ms, dist_count=43290
[OUT] [Timing] Search: 4.70 ms, dist_count=15787
[OUT] [Timing] Search: 5.20 ms, dist_count=19829
[OUT] [Timing] Search: 5.33 ms, dist_count=23002
[OUT] [Timing] Search: 4.84 ms, dist_count=16047
[OUT] [Timing] Search: 9.11 ms, dist_count=48688
[OUT] [Timing] Search: 9.25 ms, dist_count=49366
[OUT] [Timing] Search: 7.94 ms, dist_count=44955
[OUT] [Timing] Search: 7.54 ms, dist_count=40206
[OUT] [Timing] Search: 6.99 ms, dist_count=36143
[OUT] [Timing] Search: 10.25 ms, dist_count=67469
[OUT] [Timing] Search: 7.90 ms, dist_count=47143
[OUT] [Timing] Search: 8.53 ms, dist_count=50514
[OUT] [Timing] Search: 8.28 ms, dist_count=49122
[OUT] [Timing] Search: 7.25 ms, dist_count=40431
[OUT] [Timing] Search: 11.61 ms, dist_count=80749
[OUT] [Timing] Search: 10.69 ms, dist_count=68902
[OUT] [Timing] Search: 11.45 ms, dist_count=80014
[OUT] [Timing] Search: 6.36 ms, dist_count=23794
[OUT] [Timing] Search: 11.28 ms, dist_count=71596
[OUT] [Timing] Search: 12.22 ms, dist_count=64900
[OUT] [Timing] Search: 5.74 ms, dist_count=18139
[OUT] [Timing] Search: 6.99 ms, dist_count=23934
[OUT] [Timing] Search: 6.92 ms, dist_count=36200
[OUT] [Timing] Search: 9.40 ms, dist_count=52020
[OUT] [Timing] Search: 11.87 ms, dist_count=80499
[OUT] [Timing] Search: 9.71 ms, dist_count=58874
[OUT] [Timing] Search: 9.11 ms, dist_count=51752
[OUT] [Timing] Search: 12.00 ms, dist_count=85129
[OUT] [Timing] Search: 13.09 ms, dist_count=92292
[OUT] [Timing] Search: 3.16 ms, dist_count=8164
[OUT] [Timing] Search: 10.66 ms, dist_count=72895
[OUT] [Timing] Search: 6.25 ms, dist_count=27881
[OUT] [Timing] Search: 8.90 ms, dist_count=51946
[OUT] [Timing] Search: 6.74 ms, dist_count=33536
[OUT] [Timing] Search: 7.01 ms, dist_count=38099
[OUT] [Timing] Search: 12.32 ms, dist_count=87370
[OUT] [Timing] Search: 8.44 ms, dist_count=49130
[OUT] [Timing] Search: 6.76 ms, dist_count=31926
[OUT] [Timing] Search: 4.31 ms, dist_count=14726
[OUT] [Timing] Search: 10.03 ms, dist_count=68476
[OUT] [Timing] Search: 5.54 ms, dist_count=19289
[OUT] [Timing] Search: 4.50 ms, dist_count=12525
[OUT] [Timing] Search: 6.21 ms, dist_count=29841
[OUT] [Timing] Search: 9.08 ms, dist_count=51691
[OUT] [Timing] Search: 5.89 ms, dist_count=26711
[OUT] [Timing] Search: 5.50 ms, dist_count=24314
[OUT] [Timing] Search: 11.36 ms, dist_count=79236
[OUT] [Timing] Search: 4.54 ms, dist_count=14695
[OUT] [Timing] Search: 8.51 ms, dist_count=42392
[OUT] [Timing] Search: 8.95 ms, dist_count=43671
[OUT] [Timing] Search: 12.67 ms, dist_count=90197
[OUT] [Timing] Search: 5.10 ms, dist_count=16841
[OUT] [Timing] Search: 7.04 ms, dist_count=29310
[OUT] [Timing] Search: 8.74 ms, dist_count=44551
[OUT] [Timing] Search: 5.93 ms, dist_count=24256
[OUT] [Timing] Search: 10.37 ms, dist_count=57750
[OUT] [Timing] Search: 7.24 ms, dist_count=35123
[OUT] [Timing] Search: 9.51 ms, dist_count=61918
[OUT] [Timing] Search: 6.40 ms, dist_count=30256
[OUT] [Timing] Search: 6.79 ms, dist_count=31250
[OUT] [Timing] Search: 8.63 ms, dist_count=49467
[OUT] [Timing] Search: 10.94 ms, dist_count=78615
[OUT] [Timing] Search: 11.87 ms, dist_count=79116
[OUT] [Timing] Search: 8.42 ms, dist_count=48672
[OUT] [Timing] Search: 12.24 ms, dist_count=86891
[OUT] [Timing] Search: 12.42 ms, dist_count=81664
[OUT] [Timing] Search: 5.73 ms, dist_count=20846
[OUT] [Timing] Search: 12.33 ms, dist_count=89949
[OUT] [Timing] Search: 8.62 ms, dist_count=50678
[OUT] [Timing] Search: 12.26 ms, dist_count=89609
[OUT] [Timing] Search: 9.37 ms, dist_count=62356
[OUT] [Timing] Search: 6.16 ms, dist_count=28685
[OUT] [Timing] Search: 6.53 ms, dist_count=31390
[OUT] [Timing] Search: 5.71 ms, dist_count=20210
[OUT] [Timing] Search: 6.65 ms, dist_count=33586
[OUT] [Timing] Search: 10.81 ms, dist_count=77517
[OUT] [Timing] Search: 9.39 ms, dist_count=59472
[OUT] [Timing] Search: 10.01 ms, dist_count=63016
[OUT] [Timing] Search: 11.38 ms, dist_count=75924
[OUT] [Timing] Search: 11.15 ms, dist_count=76872
[OUT] [Timing] Search: 9.65 ms, dist_count=63067
[OUT] [Timing] Search: 5.28 ms, dist_count=20910
[OUT] [Timing] Search: 11.61 ms, dist_count=80191
[OUT] [Timing] Search: 11.00 ms, dist_count=72259
[OUT] [Timing] Search: 5.58 ms, dist_count=21979
[OUT] [Timing] Search: 9.98 ms, dist_count=68300
[OUT] [Timing] Search: 12.33 ms, dist_count=88557
[OUT] [Timing] Search: 7.29 ms, dist_count=41439
[OUT] [Timing] Search: 10.08 ms, dist_count=61426
[OUT] [Timing] Search: 9.04 ms, dist_count=46403
[OUT] [Timing] Search: 12.07 ms, dist_count=79774
[OUT] [Timing] Search: 8.07 ms, dist_count=47572
[OUT] [Timing] Search: 10.24 ms, dist_count=70217
[OUT] [Timing] Search: 12.58 ms, dist_count=95250
[OUT] [Timing] Search: 12.26 ms, dist_count=89383
[OUT] [Timing] Search: 5.23 ms, dist_count=18065
[OUT] [Timing] Search: 7.96 ms, dist_count=46158
[OUT] [Timing] Search: 8.57 ms, dist_count=49720
[OUT] [Timing] Search: 11.97 ms, dist_count=77505
[OUT] [Timing] Search: 7.46 ms, dist_count=35786
[OUT] [Timing] Search: 6.09 ms, dist_count=24328
[OUT] [Timing] Search: 8.73 ms, dist_count=49355
[OUT] [Timing] Search: 11.13 ms, dist_count=78569
[OUT] [Timing] Search: 11.02 ms, dist_count=81334
[OUT] [Timing] Search: 12.26 ms, dist_count=86917
[OUT] [Timing] Search: 7.66 ms, dist_count=39676
[OUT] [Timing] Search: 11.61 ms, dist_count=83969
[OUT] [Timing] Search: 7.04 ms, dist_count=37364
[OUT] [Timing] Search: 5.40 ms, dist_count=20659
[OUT] [Timing] Search: 7.60 ms, dist_count=38634
[OUT] [Timing] Search: 7.11 ms, dist_count=38185
[OUT] [Timing] Search: 9.01 ms, dist_count=51113
[OUT] [Timing] Search: 9.64 ms, dist_count=62308
[OUT] [Timing] Search: 8.71 ms, dist_count=53901
[OUT] [Timing] Search: 4.31 ms, dist_count=11889
[OUT] [Timing] Search: 11.09 ms, dist_count=76355
[OUT] [Timing] Search: 12.69 ms, dist_count=91631
[OUT] [Timing] Search: 3.98 ms, dist_count=9440
[OUT] [Timing] Search: 11.60 ms, dist_count=78986
[OUT] [Timing] Search: 11.72 ms, dist_count=74321
[OUT] [Timing] Search: 5.42 ms, dist_count=24249
[OUT] [Timing] Search: 8.66 ms, dist_count=50587
[OUT] [Timing] Search: 4.17 ms, dist_count=12440
[OUT] [Timing] Search: 10.20 ms, dist_count=62771
[OUT] [Timing] Search: 13.99 ms, dist_count=93012
[OUT] [Timing] Search: 15.78 ms, dist_count=93469
[OUT] [Timing] Search: 8.13 ms, dist_count=31202
[OUT] [Timing] Search: 10.80 ms, dist_count=57950
[OUT] [Timing] Search: 11.00 ms, dist_count=73793
[OUT] [Timing] Search: 6.50 ms, dist_count=26378
[OUT] [Timing] Search: 6.33 ms, dist_count=31697
[OUT] [Timing] Search: 4.69 ms, dist_count=13409
[OUT] [Timing] Search: 9.23 ms, dist_count=56905
[OUT] [Timing] Search: 9.41 ms, dist_count=51239
[OUT] [Timing] Search: 6.76 ms, dist_count=30625
[OUT] [Timing] Search: 7.24 ms, dist_count=36257
[OUT] [Timing] Search: 4.60 ms, dist_count=15549
[OUT] [Timing] Search: 5.25 ms, dist_count=19164
[OUT] [Timing] Search: 4.85 ms, dist_count=14607
[OUT] [Timing] Search: 7.40 ms, dist_count=39864
[OUT] [Timing] Search: 8.30 ms, dist_count=47111
[OUT] [Timing] Search: 5.99 ms, dist_count=27452
[OUT] [Timing] Search: 7.65 ms, dist_count=38356
[OUT] [Timing] Search: 9.96 ms, dist_count=66213
[OUT] [Timing] Search: 9.26 ms, dist_count=53571
[OUT] [Timing] Search: 10.08 ms, dist_count=65490
[OUT] [Timing] Search: 3.62 ms, dist_count=7837
[OUT] [Timing] Search: 8.42 ms, dist_count=51332
[OUT] [Timing] Search: 11.91 ms, dist_count=83975
[OUT] [Timing] Search: 12.52 ms, dist_count=89289
[OUT] [Timing] Search: 11.44 ms, dist_count=74474
[OUT] [Timing] Search: 9.99 ms, dist_count=57290
[OUT] [Timing] Search: 8.98 ms, dist_count=49266
[OUT] [Timing] Search: 10.11 ms, dist_count=62193
[OUT] [Timing] Search: 7.83 ms, dist_count=43837
[OUT] [Timing] Search: 11.32 ms, dist_count=75654
[OUT] [Timing] Search: 3.64 ms, dist_count=7522
[OUT] [Timing] Search: 9.57 ms, dist_count=55678
[OUT] [Timing] Search: 7.39 ms, dist_count=41483
[OUT] [Timing] Search: 8.52 ms, dist_count=44899
[OUT] [Timing] Search: 12.15 ms, dist_count=84256
[OUT] [Timing] Search: 10.32 ms, dist_count=67159
[OUT] [Timing] Search: 4.49 ms, dist_count=13167
[OUT] [Timing] Search: 5.19 ms, dist_count=18307
[OUT] [Timing] Search: 10.71 ms, dist_count=69162
[OUT] [Timing] Search: 6.11 ms, dist_count=28522
[OUT] [Timing] Search: 8.74 ms, dist_count=48053
[OUT] [Timing] Search: 6.83 ms, dist_count=34219
[OUT] [Timing] Search: 6.88 ms, dist_count=33486
[OUT] [Timing] Search: 12.92 ms, dist_count=96773
[OUT] [Timing] Search: 9.33 ms, dist_count=56435
[OUT] [Timing] Search: 12.11 ms, dist_count=73497
[OUT] [Timing] Search: 5.58 ms, dist_count=23697
[OUT] [Timing] Search: 5.18 ms, dist_count=14138
[OUT] [Timing] Search: 8.40 ms, dist_count=52491
[OUT] [Timing] Search: 7.10 ms, dist_count=37170
[OUT] [Timing] Search: 5.90 ms, dist_count=24789
[OUT] [Timing] Search: 9.87 ms, dist_count=63083
[OUT] [Timing] Search: 9.48 ms, dist_count=60572
[OUT] [Timing] Search: 6.32 ms, dist_count=30108
[OUT] [Timing] Search: 6.26 ms, dist_count=31384
[OUT] [Timing] Search: 6.86 ms, dist_count=36174
[OUT] [Timing] Search: 9.24 ms, dist_count=62134
[OUT] [Timing] Search: 12.23 ms, dist_count=84452
[OUT] [Timing] Search: 7.21 ms, dist_count=31912
[OUT] [Timing] Search: 12.46 ms, dist_count=83829
[OUT] [Timing] Search: 6.85 ms, dist_count=31026
[OUT] [Timing] Search: 10.50 ms, dist_count=72299
[OUT] [Timing] Search: 10.90 ms, dist_count=73242
[OUT] [Timing] Search: 10.50 ms, dist_count=59874
[OUT] [Timing] Search: 6.46 ms, dist_count=27975
[OUT] [Timing] Search: 6.07 ms, dist_count=21855
[OUT] [Timing] Search: 4.56 ms, dist_count=12025
[OUT] [Timing] Search: 7.04 ms, dist_count=33015
[OUT] [Timing] Search: 17.80 ms, dist_count=78674
[OUT] [Timing] Search: 11.99 ms, dist_count=52810
[OUT] [Timing] Search: 10.29 ms, dist_count=46645
[OUT] [Timing] Search: 11.45 ms, dist_count=72457
[OUT] [Timing] Search: 5.68 ms, dist_count=18959
[OUT] [Timing] Search: 7.84 ms, dist_count=37731
[OUT] [Timing] Search: 4.67 ms, dist_count=13434
[OUT] [Timing] Search: 6.43 ms, dist_count=25848
[OUT] [Timing] Search: 13.68 ms, dist_count=94666
[OUT] [Timing] Search: 5.38 ms, dist_count=19448
[OUT] [Timing] Search: 5.45 ms, dist_count=22778
[OUT] [Timing] Search: 5.73 ms, dist_count=18159
[OUT] [Timing] Search: 6.65 ms, dist_count=27088
[OUT] [Timing] Search: 7.80 ms, dist_count=47198
[OUT] [Timing] Search: 9.05 ms, dist_count=52120
[OUT] [Timing] Search: 7.65 ms, dist_count=42894
[OUT] [Timing] Search: 5.46 ms, dist_count=17502
[OUT] [Timing] Search: 4.74 ms, dist_count=13876
[OUT] [Timing] Search: 9.02 ms, dist_count=57462
[OUT] [Timing] Search: 7.48 ms, dist_count=39746
[OUT] [Timing] Search: 10.57 ms, dist_count=68060
[OUT] [Timing] Search: 6.82 ms, dist_count=38011
[OUT] [Timing] Search: 8.96 ms, dist_count=48176
[OUT] [Timing] Search: 10.29 ms, dist_count=69048
[OUT] [Timing] Search: 5.37 ms, dist_count=22332
[OUT] [Timing] Search: 4.40 ms, dist_count=14671
[OUT] [Timing] Search: 12.75 ms, dist_count=93192
[OUT] [Timing] Search: 12.26 ms, dist_count=93551
[OUT] [Timing] Search: 9.38 ms, dist_count=56497
[OUT] [Timing] Search: 7.15 ms, dist_count=35944
[OUT] [Timing] Search: 7.47 ms, dist_count=45476
[OUT] [Timing] Search: 9.62 ms, dist_count=60139
[OUT] [Timing] Search: 12.01 ms, dist_count=85170
[OUT] [Timing] Search: 6.03 ms, dist_count=25438
[OUT] [Timing] Search: 7.59 ms, dist_count=30905
[OUT] [Timing] Search: 10.73 ms, dist_count=72708
[OUT] [Timing] Search: 5.44 ms, dist_count=23193
[OUT] [Timing] Search: 10.91 ms, dist_count=75199
[OUT] [Timing] Search: 6.76 ms, dist_count=34928
[OUT] [Timing] Search: 7.53 ms, dist_count=41755
[OUT] [Timing] Search: 10.11 ms, dist_count=44647
[OUT] [Timing] Search: 13.72 ms, dist_count=68521
[OUT] [Timing] Search: 12.41 ms, dist_count=54315
[OUT] [Timing] Search: 8.66 ms, dist_count=38492
[OUT] [Timing] Search: 7.43 ms, dist_count=33677
[OUT] [Timing] Search: 10.29 ms, dist_count=67058
[OUT] [Timing] Search: 6.97 ms, dist_count=36587
[OUT] [Timing] Search: 9.19 ms, dist_count=56270
[OUT] [Timing] Search: 12.50 ms, dist_count=93702
[OUT] [Timing] Search: 7.63 ms, dist_count=42592
[OUT] [Timing] Search: 5.83 ms, dist_count=23666
[OUT] [Timing] Search: 9.49 ms, dist_count=59823
[OUT] [Timing] Search: 8.60 ms, dist_count=49088
[OUT] [Timing] Search: 10.44 ms, dist_count=71024
[OUT] [Timing] Search: 11.32 ms, dist_count=68565
[OUT] [Timing] Search: 3.89 ms, dist_count=10802
[OUT] [Timing] Search: 7.97 ms, dist_count=42265
[OUT] [Timing] Search: 6.95 ms, dist_count=35834
[OUT] [Timing] Search: 3.34 ms, dist_count=6078
[OUT] [Timing] Search: 4.86 ms, dist_count=15703
[OUT] [Timing] Search: 10.17 ms, dist_count=68650
[OUT] [Timing] Search: 9.61 ms, dist_count=59466
[OUT] [Timing] Search: 12.43 ms, dist_count=86260
[OUT] [Timing] Search: 13.67 ms, dist_count=99769
[OUT] [Timing] Search: 9.05 ms, dist_count=40546
[OUT] [Timing] Search: 12.32 ms, dist_count=72448
[OUT] [Timing] Search: 12.84 ms, dist_count=87939
[OUT] [Timing] Search: 13.06 ms, dist_count=92130
[OUT] [Timing] Search: 6.79 ms, dist_count=34841
[OUT] [Timing] Search: 12.11 ms, dist_count=84207
[OUT] [Timing] Search: 10.67 ms, dist_count=70545
[OUT] [Timing] Search: 9.64 ms, dist_count=66347
[OUT] [Timing] Search: 4.36 ms, dist_count=14844
[OUT] [Timing] Search: 9.27 ms, dist_count=59377
[OUT] [Timing] Search: 7.93 ms, dist_count=43173
[OUT] [Timing] Search: 11.74 ms, dist_count=70826
[OUT] [Timing] Search: 8.51 ms, dist_count=49827
[OUT] [Timing] Search: 11.14 ms, dist_count=75901
[OUT] [Timing] Search: 11.32 ms, dist_count=83101
[OUT] [Timing] Search: 9.83 ms, dist_count=68565
[OUT] [Timing] Search: 6.70 ms, dist_count=36306
[OUT] [Timing] Search: 8.61 ms, dist_count=49449
[OUT] [Timing] Search: 7.61 ms, dist_count=43797
[OUT] [Timing] Search: 5.36 ms, dist_count=23629
[OUT] [Timing] Search: 8.91 ms, dist_count=48725
[OUT] [Timing] Search: 5.72 ms, dist_count=24476
[OUT] [Timing] Search: 9.02 ms, dist_count=55598
[OUT] [Timing] Search: 7.73 ms, dist_count=44219
[OUT] [Timing] Search: 10.22 ms, dist_count=60893
[OUT] [Timing] Search: 11.22 ms, dist_count=80442
[OUT] [Timing] Search: 9.40 ms, dist_count=62014
[OUT] [Timing] Search: 6.35 ms, dist_count=26537
[OUT] [Timing] Search: 7.77 ms, dist_count=48252
[OUT] [Timing] Search: 4.28 ms, dist_count=12298
[OUT] [Timing] Search: 7.12 ms, dist_count=35512
[OUT] [Timing] Search: 11.86 ms, dist_count=81189
[OUT] [Timing] Search: 7.20 ms, dist_count=35795
[OUT] [Timing] Search: 6.53 ms, dist_count=27632
[OUT] [Timing] Search: 10.30 ms, dist_count=69691
[OUT] [Timing] Search: 8.45 ms, dist_count=42770
[OUT] [Timing] Search: 11.72 ms, dist_count=71141
[OUT] [Timing] Search: 5.04 ms, dist_count=18210
[OUT] [Timing] Search: 11.98 ms, dist_count=84164
[OUT] [Timing] Search: 7.47 ms, dist_count=40973
[OUT] [Timing] Search: 6.46 ms, dist_count=26505
[OUT] [Timing] Search: 6.69 ms, dist_count=33773
[OUT] [Timing] Search: 12.24 ms, dist_count=81544
[OUT] [Timing] Search: 3.28 ms, dist_count=5033
[OUT] [Timing] Search: 9.92 ms, dist_count=61456
[OUT] [Timing] Search: 5.46 ms, dist_count=20225
[OUT] [Timing] Search: 9.18 ms, dist_count=53602
[OUT] [Timing] Search: 8.00 ms, dist_count=47162
[OUT] [Timing] Search: 6.82 ms, dist_count=31993
[OUT] [Timing] Search: 10.89 ms, dist_count=73378
[OUT] [Timing] Search: 11.89 ms, dist_count=86472
[OUT] [Timing] Search: 10.35 ms, dist_count=69204
[OUT] [Timing] Search: 6.26 ms, dist_count=26081
[OUT] [Timing] Search: 10.29 ms, dist_count=59076
[OUT] [Timing] Search: 8.98 ms, dist_count=55873
[OUT] [Timing] Search: 6.21 ms, dist_count=25080
[OUT] [Timing] Search: 12.03 ms, dist_count=86591
[OUT] [Timing] Search: 12.23 ms, dist_count=89974
[OUT] [Timing] Search: 12.54 ms, dist_count=89933
[OUT] [Timing] Search: 8.18 ms, dist_count=42476
[OUT] [Timing] Search: 11.91 ms, dist_count=81780
[OUT] [Timing] Search: 8.43 ms, dist_count=52097
[OUT] [Timing] Search: 11.11 ms, dist_count=72970
[OUT] [Timing] Search: 13.07 ms, dist_count=89523
[OUT] [Timing] Search: 11.49 ms, dist_count=78981
[OUT] [Timing] Search: 7.16 ms, dist_count=36810
[OUT] [Timing] Search: 5.23 ms, dist_count=22198
[OUT] [Timing] Search: 9.79 ms, dist_count=59300
[OUT] [Timing] Search: 8.39 ms, dist_count=49876
[OUT] [Timing] Search: 4.88 ms, dist_count=16860
[OUT] [Timing] Search: 8.13 ms, dist_count=43519
[OUT] [Timing] Search: 10.64 ms, dist_count=72449
[OUT] [Timing] Search: 12.07 ms, dist_count=85844
[OUT] [Timing] Search: 10.10 ms, dist_count=58894
[OUT] [Timing] Search: 7.20 ms, dist_count=33814
[OUT] [Timing] Search: 10.06 ms, dist_count=65337
[OUT] [Timing] Search: 7.26 ms, dist_count=40678
[OUT] [Timing] Search: 5.54 ms, dist_count=19048
[OUT] [Timing] Search: 12.13 ms, dist_count=91247
[OUT] [Timing] Search: 7.00 ms, dist_count=20124
[OUT] [Timing] Search: 8.28 ms, dist_count=36555
[OUT] [Timing] Search: 14.77 ms, dist_count=91562
[OUT] [Timing] Search: 10.46 ms, dist_count=61911
[OUT] [Timing] Search: 3.59 ms, dist_count=9433
[OUT] [Timing] Search: 7.74 ms, dist_count=40535
[OUT] [Timing] Search: 7.52 ms, dist_count=42481
[OUT] [Timing] Search: 6.41 ms, dist_count=31132
[OUT] [Timing] Search: 5.74 ms, dist_count=26042
[OUT] [Timing] Search: 9.00 ms, dist_count=52655
[OUT] [Timing] Search: 6.87 ms, dist_count=33967
[OUT] [Timing] Search: 9.48 ms, dist_count=59148
[OUT] [Timing] Search: 11.85 ms, dist_count=84328
[OUT] [Timing] Search: 4.20 ms, dist_count=11273
[OUT] [Timing] Search: 4.67 ms, dist_count=15092
[OUT] [Timing] Search: 8.67 ms, dist_count=51419
[OUT] [Timing] Search: 10.68 ms, dist_count=66707
[OUT] [Timing] Search: 6.32 ms, dist_count=26195
[OUT] [Timing] Search: 7.06 ms, dist_count=37198
[OUT] [Timing] Search: 5.95 ms, dist_count=24352
[OUT] [Timing] Search: 9.19 ms, dist_count=58953
[OUT] [Timing] Search: 6.75 ms, dist_count=31954
[OUT] [Timing] Search: 6.09 ms, dist_count=26097
[OUT] [Timing] Search: 12.90 ms, dist_count=94293
[OUT] [Timing] Search: 10.03 ms, dist_count=66081
[OUT] [Timing] Search: 7.59 ms, dist_count=43984
[OUT] [Timing] Search: 10.51 ms, dist_count=57882
[OUT] [Timing] Search: 10.24 ms, dist_count=62031
[OUT] [Timing] Search: 8.72 ms, dist_count=45371
[OUT] [Timing] Search: 10.68 ms, dist_count=69047
[OUT] [Timing] Search: 8.30 ms, dist_count=46722
[OUT] [Timing] Search: 5.55 ms, dist_count=20814
[OUT] [Timing] Search: 12.25 ms, dist_count=89867
[OUT] [Timing] Search: 4.69 ms, dist_count=14099
[OUT] [Timing] Search: 9.42 ms, dist_count=59482
[OUT] [Timing] Search: 12.47 ms, dist_count=88209
[OUT] [Timing] Search: 4.18 ms, dist_count=14164
[OUT] [Timing] Search: 7.94 ms, dist_count=38186
[OUT] [Timing] Search: 9.55 ms, dist_count=60624
[OUT] [Timing] Search: 8.46 ms, dist_count=47359
[OUT] [Timing] Search: 5.09 ms, dist_count=14779
[OUT] [Timing] Search: 10.68 ms, dist_count=68566
[OUT] [Timing] Search: 3.29 ms, dist_count=5050
[OUT] [Timing] Search: 7.01 ms, dist_count=33393
[OUT] [Timing] Search: 10.43 ms, dist_count=72606
[OUT] [Timing] Search: 7.12 ms, dist_count=36970
[OUT] [Timing] Search: 5.35 ms, dist_count=21807
[OUT] [Timing] Search: 7.68 ms, dist_count=42189
[OUT] [Timing] Search: 7.35 ms, dist_count=40391
[OUT] [Timing] Search: 9.30 ms, dist_count=54923
[OUT] [Timing] Search: 4.71 ms, dist_count=15111
[OUT] [Timing] Search: 11.87 ms, dist_count=81855
[OUT] [Timing] Search: 3.33 ms, dist_count=7965
[OUT] [Timing] Search: 10.35 ms, dist_count=63613
[OUT] [Timing] Search: 9.14 ms, dist_count=57112
[OUT] [Timing] Search: 10.26 ms, dist_count=70148
[OUT] [Timing] Search: 7.26 ms, dist_count=36959
[OUT] [Timing] Search: 7.66 ms, dist_count=43095
[OUT] [Timing] Search: 6.08 ms, dist_count=28317
[OUT] [Timing] Search: 10.58 ms, dist_count=75082
[OUT] [Timing] Search: 5.10 ms, dist_count=17727
[OUT] [Timing] Search: 7.21 ms, dist_count=35434
[OUT] [Timing] Search: 11.33 ms, dist_count=79120
[OUT] [Timing] Search: 7.64 ms, dist_count=43278
[OUT] [Timing] Search: 12.31 ms, dist_count=91689
[OUT] [Timing] Search: 6.46 ms, dist_count=30008
[OUT] [Timing] Search: 9.97 ms, dist_count=61934
[OUT] [Timing] Search: 7.75 ms, dist_count=41331
[OUT] [Timing] Search: 11.95 ms, dist_count=86283
[OUT] [Timing] Search: 11.46 ms, dist_count=83240
[OUT] [Timing] Search: 5.71 ms, dist_count=22647
[OUT]   Processed 9000 queries
[OUT] 
[OUT] [Timing] Search: 10.80 ms, dist_count=68882
[OUT] [Timing] Search: 11.05 ms, dist_count=75175
[OUT] [Timing] Search: 6.41 ms, dist_count=27843
[OUT] [Timing] Search: 9.88 ms, dist_count=67484
[OUT] [Timing] Search: 9.35 ms, dist_count=54092
[OUT] [Timing] Search: 10.42 ms, dist_count=67020
[OUT] [Timing] Search: 8.17 ms, dist_count=43830
[OUT] [Timing] Search: 7.81 ms, dist_count=38148
[OUT] [Timing] Search: 9.41 ms, dist_count=56964
[OUT] [Timing] Search: 11.64 ms, dist_count=76479
[OUT] [Timing] Search: 6.37 ms, dist_count=25916
[OUT] [Timing] Search: 11.99 ms, dist_count=85067
[OUT] [Timing] Search: 6.96 ms, dist_count=32403
[OUT] [Timing] Search: 5.62 ms, dist_count=22678
[OUT] [Timing] Search: 8.20 ms, dist_count=48026
[OUT] [Timing] Search: 12.54 ms, dist_count=95159
[OUT] [Timing] Search: 7.44 ms, dist_count=37358
[OUT] [Timing] Search: 5.84 ms, dist_count=29619
[OUT] [Timing] Search: 13.54 ms, dist_count=90096
[OUT] [Timing] Search: 11.85 ms, dist_count=69539
[OUT] [Timing] Search: 13.23 ms, dist_count=97133
[OUT] [Timing] Search: 6.32 ms, dist_count=30630
[OUT] [Timing] Search: 8.03 ms, dist_count=43676
[OUT] [Timing] Search: 5.89 ms, dist_count=30246
[OUT] [Timing] Search: 5.09 ms, dist_count=19165
[OUT] [Timing] Search: 9.85 ms, dist_count=66140
[OUT] [Timing] Search: 3.54 ms, dist_count=7079
[OUT] [Timing] Search: 11.16 ms, dist_count=76520
[OUT] [Timing] Search: 6.85 ms, dist_count=33700
[OUT] [Timing] Search: 5.24 ms, dist_count=23640
[OUT] [Timing] Search: 10.65 ms, dist_count=72111
[OUT] [Timing] Search: 8.24 ms, dist_count=46054
[OUT] [Timing] Search: 6.49 ms, dist_count=28356
[OUT] [Timing] Search: 13.06 ms, dist_count=97975
[OUT] [Timing] Search: 4.60 ms, dist_count=14465
[OUT] [Timing] Search: 10.05 ms, dist_count=65784
[OUT] [Timing] Search: 9.43 ms, dist_count=60331
[OUT] [Timing] Search: 11.83 ms, dist_count=81251
[OUT] [Timing] Search: 8.63 ms, dist_count=43257
[OUT] [Timing] Search: 9.59 ms, dist_count=42306
[OUT] [Timing] Search: 11.72 ms, dist_count=54273
[OUT] [Timing] Search: 12.47 ms, dist_count=67695
[OUT] [Timing] Search: 16.83 ms, dist_count=97611
[OUT] [Timing] Search: 7.20 ms, dist_count=35223
[OUT] [Timing] Search: 7.11 ms, dist_count=35872
[OUT] [Timing] Search: 10.63 ms, dist_count=75531
[OUT] [Timing] Search: 8.44 ms, dist_count=47616
[OUT] [Timing] Search: 8.48 ms, dist_count=51857
[OUT] [Timing] Search: 12.39 ms, dist_count=93129
[OUT] [Timing] Search: 5.47 ms, dist_count=21172
[OUT] [Timing] Search: 5.62 ms, dist_count=22325
[OUT] [Timing] Search: 7.13 ms, dist_count=31270
[OUT] [Timing] Search: 9.95 ms, dist_count=64456
[OUT] [Timing] Search: 8.83 ms, dist_count=52119
[OUT] [Timing] Search: 9.28 ms, dist_count=60902
[OUT] [Timing] Search: 9.06 ms, dist_count=50513
[OUT] [Timing] Search: 7.15 ms, dist_count=41164
[OUT] [Timing] Search: 5.16 ms, dist_count=16969
[OUT] [Timing] Search: 11.54 ms, dist_count=79272
[OUT] [Timing] Search: 6.07 ms, dist_count=19459
[OUT] [Timing] Search: 7.39 ms, dist_count=35496
[OUT] [Timing] Search: 8.82 ms, dist_count=51038
[OUT] [Timing] Search: 6.88 ms, dist_count=30991
[OUT] [Timing] Search: 4.55 ms, dist_count=11392
[OUT] [Timing] Search: 13.26 ms, dist_count=80540
[OUT] [Timing] Search: 12.01 ms, dist_count=82277
[OUT] [Timing] Search: 8.58 ms, dist_count=49986
[OUT] [Timing] Search: 6.05 ms, dist_count=26212
[OUT] [Timing] Search: 9.85 ms, dist_count=61163
[OUT] [Timing] Search: 11.33 ms, dist_count=80141
[OUT] [Timing] Search: 8.81 ms, dist_count=53118
[OUT] [Timing] Search: 14.18 ms, dist_count=98601
[OUT] [Timing] Search: 7.60 ms, dist_count=36877
[OUT] [Timing] Search: 12.22 ms, dist_count=87784
[OUT] [Timing] Search: 5.59 ms, dist_count=22339
[OUT] [Timing] Search: 6.91 ms, dist_count=33222
[OUT] [Timing] Search: 5.78 ms, dist_count=23085
[OUT] [Timing] Search: 5.95 ms, dist_count=26202
[OUT] [Timing] Search: 9.79 ms, dist_count=63141
[OUT] [Timing] Search: 5.40 ms, dist_count=18989
[OUT] [Timing] Search: 12.09 ms, dist_count=84421
[OUT] [Timing] Search: 9.42 ms, dist_count=57317
[OUT] [Timing] Search: 8.59 ms, dist_count=50459
[OUT] [Timing] Search: 9.42 ms, dist_count=45976
[OUT] [Timing] Search: 10.21 ms, dist_count=65715
[OUT] [Timing] Search: 7.62 ms, dist_count=38908
[OUT] [Timing] Search: 9.30 ms, dist_count=63299
[OUT] [Timing] Search: 5.58 ms, dist_count=21878
[OUT] [Timing] Search: 6.57 ms, dist_count=32587
[OUT] [Timing] Search: 11.62 ms, dist_count=78829
[OUT] [Timing] Search: 5.68 ms, dist_count=20467
[OUT] [Timing] Search: 8.20 ms, dist_count=23298
[OUT] [Timing] Search: 10.10 ms, dist_count=39185
[OUT] [Timing] Search: 10.62 ms, dist_count=35102
[OUT] [Timing] Search: 5.22 ms, dist_count=19371
[OUT] [Timing] Search: 6.58 ms, dist_count=29001
[OUT] [Timing] Search: 8.58 ms, dist_count=51915
[OUT] [Timing] Search: 11.88 ms, dist_count=85682
[OUT] [Timing] Search: 7.89 ms, dist_count=40889
[OUT] [Timing] Search: 6.73 ms, dist_count=32125
[OUT] [Timing] Search: 10.75 ms, dist_count=73109
[OUT] [Timing] Search: 7.73 ms, dist_count=35144
[OUT] [Timing] Search: 8.91 ms, dist_count=51487
[OUT] [Timing] Search: 10.18 ms, dist_count=64392
[OUT] [Timing] Search: 11.71 ms, dist_count=75441
[OUT] [Timing] Search: 7.61 ms, dist_count=40099
[OUT] [Timing] Search: 10.81 ms, dist_count=67341
[OUT] [Timing] Search: 5.88 ms, dist_count=24439
[OUT] [Timing] Search: 6.94 ms, dist_count=32800
[OUT] [Timing] Search: 11.93 ms, dist_count=86047
[OUT] [Timing] Search: 7.31 ms, dist_count=38197
[OUT] [Timing] Search: 9.41 ms, dist_count=57333
[OUT] [Timing] Search: 6.69 ms, dist_count=34383
[OUT] [Timing] Search: 7.88 ms, dist_count=36917
[OUT] [Timing] Search: 4.06 ms, dist_count=13751
[OUT] [Timing] Search: 11.77 ms, dist_count=71318
[OUT] [Timing] Search: 5.85 ms, dist_count=24911
[OUT] [Timing] Search: 7.89 ms, dist_count=43147
[OUT] [Timing] Search: 7.30 ms, dist_count=33712
[OUT] [Timing] Search: 5.17 ms, dist_count=18106
[OUT] [Timing] Search: 12.20 ms, dist_count=85215
[OUT] [Timing] Search: 13.49 ms, dist_count=98702
[OUT] [Timing] Search: 7.09 ms, dist_count=37136
[OUT] [Timing] Search: 10.31 ms, dist_count=68535
[OUT] [Timing] Search: 3.60 ms, dist_count=7636
[OUT] [Timing] Search: 4.25 ms, dist_count=11328
[OUT] [Timing] Search: 5.90 ms, dist_count=24997
[OUT] [Timing] Search: 7.15 ms, dist_count=29627
[OUT] [Timing] Search: 7.58 ms, dist_count=39195
[OUT] [Timing] Search: 11.75 ms, dist_count=78383
[OUT] [Timing] Search: 9.77 ms, dist_count=62931
[OUT] [Timing] Search: 6.95 ms, dist_count=33673
[OUT] [Timing] Search: 3.82 ms, dist_count=9786
[OUT] [Timing] Search: 6.67 ms, dist_count=30385
[OUT] [Timing] Search: 7.63 ms, dist_count=45330
[OUT] [Timing] Search: 6.50 ms, dist_count=30837
[OUT] [Timing] Search: 10.61 ms, dist_count=72286
[OUT] [Timing] Search: 12.99 ms, dist_count=92775
[OUT] [Timing] Search: 12.58 ms, dist_count=85554
[OUT] [Timing] Search: 10.22 ms, dist_count=62000
[OUT] [Timing] Search: 13.92 ms, dist_count=102929
[OUT] [Timing] Search: 8.41 ms, dist_count=42698
[OUT] [Timing] Search: 5.12 ms, dist_count=21501
[OUT] [Timing] Search: 3.46 ms, dist_count=5237
[OUT] [Timing] Search: 9.04 ms, dist_count=55258
[OUT] [Timing] Search: 11.67 ms, dist_count=69925
[OUT] [Timing] Search: 12.81 ms, dist_count=70590
[OUT] [Timing] Search: 11.71 ms, dist_count=59702
[OUT] [Timing] Search: 12.94 ms, dist_count=77176
[OUT] [Timing] Search: 7.13 ms, dist_count=30123
[OUT] [Timing] Search: 6.16 ms, dist_count=25194
[OUT] [Timing] Search: 11.37 ms, dist_count=75063
[OUT] [Timing] Search: 13.87 ms, dist_count=99195
[OUT] [Timing] Search: 7.02 ms, dist_count=37166
[OUT] [Timing] Search: 10.90 ms, dist_count=76984
[OUT] [Timing] Search: 4.30 ms, dist_count=11358
[OUT] [Timing] Search: 12.99 ms, dist_count=97397
[OUT] [Timing] Search: 12.93 ms, dist_count=81483
[OUT] [Timing] Search: 6.45 ms, dist_count=31397
[OUT] [Timing] Search: 10.38 ms, dist_count=68624
[OUT] [Timing] Search: 10.41 ms, dist_count=64222
[OUT] [Timing] Search: 13.56 ms, dist_count=96133
[OUT] [Timing] Search: 7.12 ms, dist_count=36493
[OUT] [Timing] Search: 7.73 ms, dist_count=38626
[OUT] [Timing] Search: 11.41 ms, dist_count=75785
[OUT] [Timing] Search: 8.11 ms, dist_count=44726
[OUT] [Timing] Search: 11.47 ms, dist_count=71629
[OUT] [Timing] Search: 7.93 ms, dist_count=42333
[OUT] [Timing] Search: 12.65 ms, dist_count=92779
[OUT] [Timing] Search: 6.46 ms, dist_count=29570
[OUT] [Timing] Search: 11.59 ms, dist_count=80657
[OUT] [Timing] Search: 8.92 ms, dist_count=50580
[OUT] [Timing] Search: 4.45 ms, dist_count=14304
[OUT] [Timing] Search: 8.85 ms, dist_count=51407
[OUT] [Timing] Search: 10.83 ms, dist_count=73566
[OUT] [Timing] Search: 6.33 ms, dist_count=28898
[OUT] [Timing] Search: 5.23 ms, dist_count=19584
[OUT] [Timing] Search: 13.20 ms, dist_count=84115
[OUT] [Timing] Search: 11.14 ms, dist_count=69252
[OUT] [Timing] Search: 8.77 ms, dist_count=54601
[OUT] [Timing] Search: 4.74 ms, dist_count=14818
[OUT] [Timing] Search: 7.20 ms, dist_count=38495
[OUT] [Timing] Search: 9.04 ms, dist_count=50077
[OUT] [Timing] Search: 7.45 ms, dist_count=40803
[OUT] [Timing] Search: 10.07 ms, dist_count=66035
[OUT] [Timing] Search: 7.88 ms, dist_count=42903
[OUT] [Timing] Search: 9.25 ms, dist_count=57442
[OUT] [Timing] Search: 4.56 ms, dist_count=15417
[OUT] [Timing] Search: 9.48 ms, dist_count=51259
[OUT] [Timing] Search: 8.55 ms, dist_count=48863
[OUT] [Timing] Search: 9.37 ms, dist_count=60797
[OUT] [Timing] Search: 7.42 ms, dist_count=38422
[OUT] [Timing] Search: 6.03 ms, dist_count=28869
[OUT] [Timing] Search: 10.08 ms, dist_count=65872
[OUT] [Timing] Search: 5.88 ms, dist_count=23883
[OUT] [Timing] Search: 13.06 ms, dist_count=93082
[OUT] [Timing] Search: 12.31 ms, dist_count=89020
[OUT] [Timing] Search: 11.99 ms, dist_count=85186
[OUT] [Timing] Search: 6.62 ms, dist_count=36151
[OUT] [Timing] Search: 5.84 ms, dist_count=25680
[OUT] [Timing] Search: 4.65 ms, dist_count=19186
[OUT] [Timing] Search: 10.21 ms, dist_count=69547
[OUT] [Timing] Search: 10.17 ms, dist_count=68589
[OUT] [Timing] Search: 10.44 ms, dist_count=66588
[OUT] [Timing] Search: 9.00 ms, dist_count=56370
[OUT] [Timing] Search: 8.87 ms, dist_count=47130
[OUT] [Timing] Search: 3.32 ms, dist_count=5397
[OUT] [Timing] Search: 5.82 ms, dist_count=20995
[OUT] [Timing] Search: 12.24 ms, dist_count=89853
[OUT] [Timing] Search: 3.83 ms, dist_count=7892
[OUT] [Timing] Search: 8.03 ms, dist_count=41748
[OUT] [Timing] Search: 12.56 ms, dist_count=89073
[OUT] [Timing] Search: 8.26 ms, dist_count=45259
[OUT] [Timing] Search: 7.71 ms, dist_count=44741
[OUT] [Timing] Search: 7.54 ms, dist_count=42216
[OUT] [Timing] Search: 8.48 ms, dist_count=52174
[OUT] [Timing] Search: 12.18 ms, dist_count=83640
[OUT] [Timing] Search: 5.93 ms, dist_count=26899
[OUT] [Timing] Search: 9.91 ms, dist_count=56504
[OUT] [Timing] Search: 5.52 ms, dist_count=24817
[OUT] [Timing] Search: 9.44 ms, dist_count=48762
[OUT] [Timing] Search: 7.30 ms, dist_count=34735
[OUT] [Timing] Search: 7.01 ms, dist_count=31915
[OUT] [Timing] Search: 6.24 ms, dist_count=28101
[OUT] [Timing] Search: 6.34 ms, dist_count=27952
[OUT] [Timing] Search: 5.02 ms, dist_count=17780
[OUT] [Timing] Search: 7.88 ms, dist_count=43067
[OUT] [Timing] Search: 9.65 ms, dist_count=64265
[OUT] [Timing] Search: 6.40 ms, dist_count=28138
[OUT] [Timing] Search: 10.12 ms, dist_count=69353
[OUT] [Timing] Search: 9.27 ms, dist_count=56550
[OUT] [Timing] Search: 13.48 ms, dist_count=91642
[OUT] [Timing] Search: 5.50 ms, dist_count=19652
[OUT] [Timing] Search: 8.12 ms, dist_count=40402
[OUT] [Timing] Search: 11.62 ms, dist_count=84384
[OUT] [Timing] Search: 5.89 ms, dist_count=22753
[OUT] [Timing] Search: 5.68 ms, dist_count=22203
[OUT] [Timing] Search: 12.85 ms, dist_count=95762
[OUT] [Timing] Search: 9.73 ms, dist_count=62873
[OUT] [Timing] Search: 8.79 ms, dist_count=54457
[OUT] [Timing] Search: 12.59 ms, dist_count=93019
[OUT] [Timing] Search: 8.68 ms, dist_count=47905
[OUT] [Timing] Search: 12.56 ms, dist_count=91304
[OUT] [Timing] Search: 5.73 ms, dist_count=21583
[OUT] [Timing] Search: 11.11 ms, dist_count=71799
[OUT] [Timing] Search: 8.19 ms, dist_count=46311
[OUT] [Timing] Search: 6.68 ms, dist_count=31338
[OUT] [Timing] Search: 7.97 ms, dist_count=45585
[OUT] [Timing] Search: 10.24 ms, dist_count=66445
[OUT] [Timing] Search: 8.19 ms, dist_count=50356
[OUT] [Timing] Search: 6.48 ms, dist_count=21626
[OUT] [Timing] Search: 8.40 ms, dist_count=27564
[OUT] [Timing] Search: 13.78 ms, dist_count=76109
[OUT] [Timing] Search: 3.76 ms, dist_count=7400
[OUT] [Timing] Search: 8.26 ms, dist_count=43557
[OUT] [Timing] Search: 6.07 ms, dist_count=24924
[OUT] [Timing] Search: 6.76 ms, dist_count=28232
[OUT] [Timing] Search: 12.26 ms, dist_count=88133
[OUT] [Timing] Search: 7.35 ms, dist_count=41580
[OUT] [Timing] Search: 9.50 ms, dist_count=58038
[OUT] [Timing] Search: 6.81 ms, dist_count=36549
[OUT] [Timing] Search: 10.52 ms, dist_count=68591
[OUT] [Timing] Search: 7.78 ms, dist_count=44574
[OUT] [Timing] Search: 9.28 ms, dist_count=48976
[OUT] [Timing] Search: 7.19 ms, dist_count=35386
[OUT] [Timing] Search: 6.50 ms, dist_count=31228
[OUT] [Timing] Search: 7.65 ms, dist_count=40791
[OUT] [Timing] Search: 7.51 ms, dist_count=39807
[OUT] [Timing] Search: 8.43 ms, dist_count=45842
[OUT] [Timing] Search: 9.20 ms, dist_count=56327
[OUT] [Timing] Search: 3.80 ms, dist_count=10146
[OUT] [Timing] Search: 8.37 ms, dist_count=45719
[OUT] [Timing] Search: 3.17 ms, dist_count=5747
[OUT] [Timing] Search: 10.33 ms, dist_count=62624
[OUT] [Timing] Search: 8.80 ms, dist_count=56149
[OUT] [Timing] Search: 13.10 ms, dist_count=87894
[OUT] [Timing] Search: 6.55 ms, dist_count=31845
[OUT] [Timing] Search: 10.02 ms, dist_count=66510
[OUT] [Timing] Search: 5.81 ms, dist_count=22861
[OUT] [Timing] Search: 6.65 ms, dist_count=33176
[OUT] [Timing] Search: 7.00 ms, dist_count=33674
[OUT] [Timing] Search: 10.87 ms, dist_count=65502
[OUT] [Timing] Search: 6.47 ms, dist_count=31914
[OUT] [Timing] Search: 9.32 ms, dist_count=63721
[OUT] [Timing] Search: 8.41 ms, dist_count=49343
[OUT] [Timing] Search: 6.81 ms, dist_count=35764
[OUT] [Timing] Search: 8.21 ms, dist_count=40624
[OUT] [Timing] Search: 8.52 ms, dist_count=51233
[OUT] [Timing] Search: 9.63 ms, dist_count=58780
[OUT] [Timing] Search: 9.81 ms, dist_count=63846
[OUT] [Timing] Search: 3.37 ms, dist_count=6579
[OUT] [Timing] Search: 11.63 ms, dist_count=79921
[OUT] [Timing] Search: 10.56 ms, dist_count=68671
[OUT] [Timing] Search: 3.89 ms, dist_count=7405
[OUT] [Timing] Search: 13.98 ms, dist_count=101543
[OUT] [Timing] Search: 10.52 ms, dist_count=70591
[OUT] [Timing] Search: 10.82 ms, dist_count=67988
[OUT] [Timing] Search: 6.20 ms, dist_count=30696
[OUT] [Timing] Search: 4.74 ms, dist_count=18743
[OUT] [Timing] Search: 12.23 ms, dist_count=90490
[OUT] [Timing] Search: 10.67 ms, dist_count=73411
[OUT] [Timing] Search: 6.98 ms, dist_count=33807
[OUT] [Timing] Search: 6.41 ms, dist_count=27843
[OUT] [Timing] Search: 6.16 ms, dist_count=26842
[OUT] [Timing] Search: 8.55 ms, dist_count=49364
[OUT] [Timing] Search: 4.81 ms, dist_count=15747
[OUT] [Timing] Search: 5.95 ms, dist_count=22613
[OUT] [Timing] Search: 8.45 ms, dist_count=52220
[OUT] [Timing] Search: 6.73 ms, dist_count=27166
[OUT] [Timing] Search: 10.11 ms, dist_count=64538
[OUT] [Timing] Search: 10.11 ms, dist_count=65947
[OUT] [Timing] Search: 8.22 ms, dist_count=47276
[OUT] [Timing] Search: 8.42 ms, dist_count=52272
[OUT] [Timing] Search: 7.17 ms, dist_count=37552
[OUT] [Timing] Search: 12.18 ms, dist_count=88327
[OUT] [Timing] Search: 10.05 ms, dist_count=57832
[OUT] [Timing] Search: 7.84 ms, dist_count=34071
[OUT] [Timing] Search: 13.03 ms, dist_count=89330
[OUT] [Timing] Search: 9.68 ms, dist_count=55551
[OUT] [Timing] Search: 13.85 ms, dist_count=106076
[OUT] [Timing] Search: 7.16 ms, dist_count=34578
[OUT] [Timing] Search: 5.26 ms, dist_count=17073
[OUT] [Timing] Search: 8.83 ms, dist_count=53526
[OUT] [Timing] Search: 10.33 ms, dist_count=66881
[OUT] [Timing] Search: 7.38 ms, dist_count=39739
[OUT] [Timing] Search: 11.16 ms, dist_count=78118
[OUT] [Timing] Search: 10.28 ms, dist_count=64755
[OUT] [Timing] Search: 6.34 ms, dist_count=31227
[OUT] [Timing] Search: 12.29 ms, dist_count=77019
[OUT] [Timing] Search: 9.06 ms, dist_count=53353
[OUT] [Timing] Search: 11.31 ms, dist_count=81992
[OUT] [Timing] Search: 10.65 ms, dist_count=74986
[OUT] [Timing] Search: 8.24 ms, dist_count=51152
[OUT] [Timing] Search: 12.27 ms, dist_count=93152
[OUT] [Timing] Search: 12.60 ms, dist_count=94895
[OUT] [Timing] Search: 12.44 ms, dist_count=88701
[OUT] [Timing] Search: 4.94 ms, dist_count=15010
[OUT] [Timing] Search: 6.65 ms, dist_count=28910
[OUT] [Timing] Search: 4.21 ms, dist_count=10279
[OUT] [Timing] Search: 9.49 ms, dist_count=60635
[OUT] [Timing] Search: 5.36 ms, dist_count=18450
[OUT] [Timing] Search: 11.33 ms, dist_count=73556
[OUT] [Timing] Search: 9.08 ms, dist_count=55957
[OUT] [Timing] Search: 7.88 ms, dist_count=46828
[OUT] [Timing] Search: 10.45 ms, dist_count=71292
[OUT] [Timing] Search: 9.09 ms, dist_count=58679
[OUT] [Timing] Search: 11.04 ms, dist_count=75651
[OUT] [Timing] Search: 9.49 ms, dist_count=61243
[OUT] [Timing] Search: 8.31 ms, dist_count=47370
[OUT] [Timing] Search: 7.41 ms, dist_count=37538
[OUT] [Timing] Search: 4.89 ms, dist_count=18399
[OUT] [Timing] Search: 6.16 ms, dist_count=29606
[OUT] [Timing] Search: 8.74 ms, dist_count=53880
[OUT] [Timing] Search: 5.90 ms, dist_count=30089
[OUT] [Timing] Search: 12.43 ms, dist_count=83988
[OUT] [Timing] Search: 9.79 ms, dist_count=62225
[OUT] [Timing] Search: 8.85 ms, dist_count=56314
[OUT] [Timing] Search: 6.51 ms, dist_count=29777
[OUT] [Timing] Search: 4.63 ms, dist_count=15770
[OUT] [Timing] Search: 6.70 ms, dist_count=17976
[OUT] [Timing] Search: 16.03 ms, dist_count=89178
[OUT] [Timing] Search: 12.16 ms, dist_count=66199
[OUT] [Timing] Search: 9.22 ms, dist_count=40044
[OUT] [Timing] Search: 13.27 ms, dist_count=75441
[OUT] [Timing] Search: 4.05 ms, dist_count=6518
[OUT] [Timing] Search: 12.95 ms, dist_count=76811
[OUT] [Timing] Search: 11.20 ms, dist_count=72303
[OUT] [Timing] Search: 3.66 ms, dist_count=8426
[OUT] [Timing] Search: 5.55 ms, dist_count=23086
[OUT] [Timing] Search: 9.91 ms, dist_count=64005
[OUT] [Timing] Search: 7.35 ms, dist_count=32496
[OUT] [Timing] Search: 5.41 ms, dist_count=19989
[OUT] [Timing] Search: 9.34 ms, dist_count=56264
[OUT] [Timing] Search: 7.29 ms, dist_count=38015
[OUT] [Timing] Search: 7.47 ms, dist_count=41340
[OUT] [Timing] Search: 9.55 ms, dist_count=55372
[OUT] [Timing] Search: 10.39 ms, dist_count=58341
[OUT] [Timing] Search: 9.25 ms, dist_count=56416
[OUT] [Timing] Search: 12.31 ms, dist_count=81648
[OUT] [Timing] Search: 4.49 ms, dist_count=12479
[OUT] [Timing] Search: 3.67 ms, dist_count=7018
[OUT] [Timing] Search: 5.83 ms, dist_count=20430
[OUT] [Timing] Search: 9.35 ms, dist_count=55666
[OUT] [Timing] Search: 7.99 ms, dist_count=46317
[OUT] [Timing] Search: 4.95 ms, dist_count=15479
[OUT] [Timing] Search: 9.77 ms, dist_count=62716
[OUT] [Timing] Search: 7.48 ms, dist_count=40379
[OUT] [Timing] Search: 9.68 ms, dist_count=64732
[OUT] [Timing] Search: 7.83 ms, dist_count=39451
[OUT] [Timing] Search: 12.90 ms, dist_count=66995
[OUT] [Timing] Search: 6.12 ms, dist_count=19263
[OUT] [Timing] Search: 7.93 ms, dist_count=26168
[OUT] [Timing] Search: 8.23 ms, dist_count=35113
[OUT] [Timing] Search: 12.13 ms, dist_count=79357
[OUT] [Timing] Search: 7.44 ms, dist_count=41425
[OUT] [Timing] Search: 5.90 ms, dist_count=20446
[OUT] [Timing] Search: 7.95 ms, dist_count=43616
[OUT] [Timing] Search: 12.93 ms, dist_count=94002
[OUT] [Timing] Search: 10.70 ms, dist_count=73549
[OUT] [Timing] Search: 4.76 ms, dist_count=19354
[OUT] [Timing] Search: 6.22 ms, dist_count=27409
[OUT] [Timing] Search: 6.34 ms, dist_count=33277
[OUT] [Timing] Search: 8.02 ms, dist_count=41777
[OUT] [Timing] Search: 9.35 ms, dist_count=54924
[OUT] [Timing] Search: 8.48 ms, dist_count=49568
[OUT] [Timing] Search: 9.14 ms, dist_count=54539
[OUT] [Timing] Search: 6.20 ms, dist_count=22869
[OUT] [Timing] Search: 6.26 ms, dist_count=31330
[OUT] [Timing] Search: 11.30 ms, dist_count=75559
[OUT] [Timing] Search: 6.91 ms, dist_count=34243
[OUT] [Timing] Search: 8.76 ms, dist_count=53838
[OUT] [Timing] Search: 9.04 ms, dist_count=57602
[OUT] [Timing] Search: 7.50 ms, dist_count=43247
[OUT] [Timing] Search: 5.10 ms, dist_count=19186
[OUT] [Timing] Search: 12.79 ms, dist_count=93349
[OUT] [Timing] Search: 10.25 ms, dist_count=64998
[OUT] [Timing] Search: 6.18 ms, dist_count=29443
[OUT] [Timing] Search: 11.01 ms, dist_count=74543
[OUT] [Timing] Search: 5.41 ms, dist_count=25094
[OUT] [Timing] Search: 10.08 ms, dist_count=60927
[OUT] [Timing] Search: 8.92 ms, dist_count=53301
[OUT] [Timing] Search: 12.32 ms, dist_count=94549
[OUT] [Timing] Search: 10.25 ms, dist_count=69251
[OUT] [Timing] Search: 10.67 ms, dist_count=72778
[OUT] [Timing] Search: 11.16 ms, dist_count=69920
[OUT] [Timing] Search: 9.78 ms, dist_count=66836
[OUT] [Timing] Search: 5.15 ms, dist_count=18798
[OUT] [Timing] Search: 5.05 ms, dist_count=17032
[OUT] [Timing] Search: 8.16 ms, dist_count=45907
[OUT] [Timing] Search: 12.13 ms, dist_count=85328
[OUT] [Timing] Search: 6.38 ms, dist_count=26475
[OUT] [Timing] Search: 7.13 ms, dist_count=34526
[OUT] [Timing] Search: 6.24 ms, dist_count=22419
[OUT] [Timing] Search: 10.75 ms, dist_count=75546
[OUT] [Timing] Search: 12.66 ms, dist_count=93692
[OUT] [Timing] Search: 9.39 ms, dist_count=52582
[OUT] [Timing] Search: 8.19 ms, dist_count=46220
[OUT] [Timing] Search: 6.25 ms, dist_count=23701
[OUT] [Timing] Search: 11.06 ms, dist_count=77435
[OUT] [Timing] Search: 7.82 ms, dist_count=42270
[OUT] [Timing] Search: 6.18 ms, dist_count=27162
[OUT] [Timing] Search: 5.43 ms, dist_count=19117
[OUT] [Timing] Search: 8.91 ms, dist_count=55797
[OUT] [Timing] Search: 12.80 ms, dist_count=91324
[OUT] [Timing] Search: 8.45 ms, dist_count=46109
[OUT] [Timing] Search: 6.10 ms, dist_count=29843
[OUT] [Timing] Search: 7.60 ms, dist_count=38247
[OUT] [Timing] Search: 10.19 ms, dist_count=71681
[OUT] [Timing] Search: 11.31 ms, dist_count=77764
[OUT] [Timing] Search: 8.58 ms, dist_count=51380
[OUT] [Timing] Search: 7.44 ms, dist_count=42433
[OUT] [Timing] Search: 5.44 ms, dist_count=19495
[OUT] [Timing] Search: 13.23 ms, dist_count=91527
[OUT] [Timing] Search: 3.55 ms, dist_count=5270
[OUT] [Timing] Search: 7.07 ms, dist_count=33873
[OUT] [Timing] Search: 6.68 ms, dist_count=31998
[OUT] [Timing] Search: 10.47 ms, dist_count=72671
[OUT] [Timing] Search: 7.63 ms, dist_count=37004
[OUT] [Timing] Search: 12.20 ms, dist_count=93811
[OUT] [Timing] Search: 6.35 ms, dist_count=30578
[OUT] [Timing] Search: 5.22 ms, dist_count=19825
[OUT] [Timing] Search: 9.44 ms, dist_count=58062
[OUT] [Timing] Search: 7.53 ms, dist_count=41172
[OUT] [Timing] Search: 8.34 ms, dist_count=47290
[OUT] [Timing] Search: 6.60 ms, dist_count=33119
[OUT] [Timing] Search: 11.60 ms, dist_count=79837
[OUT] [Timing] Search: 9.36 ms, dist_count=54806
[OUT] [Timing] Search: 11.05 ms, dist_count=64143
[OUT] [Timing] Search: 11.82 ms, dist_count=55723
[OUT] [Timing] Search: 14.61 ms, dist_count=87072
[OUT] [Timing] Search: 12.97 ms, dist_count=73265
[OUT] [Timing] Search: 8.79 ms, dist_count=52363
[OUT] [Timing] Search: 12.20 ms, dist_count=87118
[OUT] [Timing] Search: 10.95 ms, dist_count=69488
[OUT] [Timing] Search: 8.12 ms, dist_count=42191
[OUT] [Timing] Search: 10.10 ms, dist_count=66260
[OUT] [Timing] Search: 12.37 ms, dist_count=86400
[OUT] [Timing] Search: 8.02 ms, dist_count=44928
[OUT] [Timing] Search: 3.95 ms, dist_count=11309
[OUT] [Timing] Search: 11.42 ms, dist_count=84016
[OUT] [Timing] Search: 9.83 ms, dist_count=66713
[OUT] [Timing] Search: 7.64 ms, dist_count=38888
[OUT] [Timing] Search: 6.55 ms, dist_count=31234
[OUT] [Timing] Search: 9.81 ms, dist_count=55459
[OUT] [Timing] Search: 8.49 ms, dist_count=47439
[OUT] [Timing] Search: 5.03 ms, dist_count=17142
[OUT] [Timing] Search: 13.20 ms, dist_count=91800
[OUT] [Timing] Search: 6.10 ms, dist_count=30263
[OUT] [Timing] Search: 6.99 ms, dist_count=39220
[OUT] [Timing] Search: 10.45 ms, dist_count=70916
[OUT] [Timing] Search: 6.82 ms, dist_count=32180
[OUT] [Timing] Search: 5.11 ms, dist_count=17445
[OUT] [Timing] Search: 10.28 ms, dist_count=67789
[OUT] [Timing] Search: 11.30 ms, dist_count=79324
[OUT] [Timing] Search: 4.82 ms, dist_count=15640
[OUT] [Timing] Search: 10.11 ms, dist_count=67609
[OUT] [Timing] Search: 4.86 ms, dist_count=15771
[OUT] [Timing] Search: 8.97 ms, dist_count=50072
[OUT] [Timing] Search: 6.43 ms, dist_count=21063
[OUT] [Timing] Search: 11.91 ms, dist_count=88302
[OUT] [Timing] Search: 4.89 ms, dist_count=17379
[OUT] [Timing] Search: 9.77 ms, dist_count=62922
[OUT] [Timing] Search: 6.62 ms, dist_count=33021
[OUT] [Timing] Search: 10.99 ms, dist_count=75438
[OUT] [Timing] Search: 11.76 ms, dist_count=86276
[OUT] [Timing] Search: 2.54 ms, dist_count=3983
[OUT] [Timing] Search: 4.14 ms, dist_count=11613
[OUT] [Timing] Search: 10.29 ms, dist_count=61799
[OUT] [Timing] Search: 12.19 ms, dist_count=82506
[OUT] [Timing] Search: 8.81 ms, dist_count=38198
[OUT] [Timing] Search: 5.56 ms, dist_count=20343
[OUT] [Timing] Search: 5.98 ms, dist_count=21036
[OUT] [Timing] Search: 9.50 ms, dist_count=60817
[OUT] [Timing] Search: 6.72 ms, dist_count=31639
[OUT] [Timing] Search: 11.40 ms, dist_count=83315
[OUT] [Timing] Search: 4.87 ms, dist_count=18803
[OUT] [Timing] Search: 6.29 ms, dist_count=31922
[OUT] [Timing] Search: 8.18 ms, dist_count=48995
[OUT] [Timing] Search: 4.59 ms, dist_count=13526
[OUT] [Timing] Search: 7.62 ms, dist_count=42568
[OUT] [Timing] Search: 4.24 ms, dist_count=13586
[OUT] [Timing] Search: 2.34 ms, dist_count=2991
[OUT] [Timing] Search: 11.01 ms, dist_count=69563
[OUT] [Timing] Search: 4.48 ms, dist_count=13690
[OUT] [Timing] Search: 6.34 ms, dist_count=27350
[OUT] [Timing] Search: 4.83 ms, dist_count=12946
[OUT] [Timing] Search: 13.08 ms, dist_count=92843
[OUT] [Timing] Search: 11.35 ms, dist_count=81512
[OUT] [Timing] Search: 9.92 ms, dist_count=60373
[OUT] [Timing] Search: 11.98 ms, dist_count=84549
[OUT] [Timing] Search: 8.61 ms, dist_count=54420
[OUT] [Timing] Search: 6.70 ms, dist_count=29081
[OUT] [Timing] Search: 11.68 ms, dist_count=79839
[OUT] [Timing] Search: 5.62 ms, dist_count=21077
[OUT] [Timing] Search: 11.61 ms, dist_count=73812
[OUT] [Timing] Search: 3.93 ms, dist_count=8970
[OUT] [Timing] Search: 8.84 ms, dist_count=46909
[OUT] [Timing] Search: 9.49 ms, dist_count=59433
[OUT] [Timing] Search: 10.06 ms, dist_count=65775
[OUT] [Timing] Search: 4.71 ms, dist_count=15114
[OUT] [Timing] Search: 6.98 ms, dist_count=34404
[OUT] [Timing] Search: 8.39 ms, dist_count=48764
[OUT] [Timing] Search: 12.87 ms, dist_count=95194
[OUT] [Timing] Search: 7.83 ms, dist_count=44623
[OUT] [Timing] Search: 5.83 ms, dist_count=19605
[OUT] [Timing] Search: 5.86 ms, dist_count=25512
[OUT] [Timing] Search: 12.16 ms, dist_count=86206
[OUT] [Timing] Search: 8.90 ms, dist_count=54043
[OUT] [Timing] Search: 7.26 ms, dist_count=31253
[OUT] [Timing] Search: 10.35 ms, dist_count=63802
[OUT] [Timing] Search: 12.40 ms, dist_count=84201
[OUT] [Timing] Search: 9.29 ms, dist_count=64140
[OUT] [Timing] Search: 11.98 ms, dist_count=78168
[OUT] [Timing] Search: 8.48 ms, dist_count=50829
[OUT] [Timing] Search: 8.17 ms, dist_count=39958
[OUT] [Timing] Search: 9.13 ms, dist_count=55301
[OUT] [Timing] Search: 6.32 ms, dist_count=34275
[OUT] [Timing] Search: 10.22 ms, dist_count=61398
[OUT] [Timing] Search: 7.77 ms, dist_count=43362
[OUT] [Timing] Search: 10.27 ms, dist_count=58858
[OUT] [Timing] Search: 3.68 ms, dist_count=8247
[OUT] [Timing] Search: 8.83 ms, dist_count=51952
[OUT] [Timing] Search: 10.29 ms, dist_count=69942
[OUT] [Timing] Search: 11.31 ms, dist_count=77960
[OUT] [Timing] Search: 10.36 ms, dist_count=65399
[OUT] [Timing] Search: 9.68 ms, dist_count=63394
[OUT] [Timing] Search: 9.55 ms, dist_count=61993
[OUT] [Timing] Search: 11.65 ms, dist_count=81579
[OUT] [Timing] Search: 6.34 ms, dist_count=30542
[OUT] [Timing] Search: 7.46 ms, dist_count=37495
[OUT] [Timing] Search: 9.69 ms, dist_count=65876
[OUT] [Timing] Search: 11.74 ms, dist_count=77392
[OUT] [Timing] Search: 6.38 ms, dist_count=25706
[OUT] [Timing] Search: 7.19 ms, dist_count=41666
[OUT] [Timing] Search: 9.10 ms, dist_count=42245
[OUT] [Timing] Search: 5.15 ms, dist_count=11305
[OUT] [Timing] Search: 13.17 ms, dist_count=81645
[OUT] [Timing] Search: 7.12 ms, dist_count=34619
[OUT] [Timing] Search: 11.08 ms, dist_count=77825
[OUT] [Timing] Search: 10.84 ms, dist_count=72571
[OUT] [Timing] Search: 9.50 ms, dist_count=58599
[OUT] [Timing] Search: 5.92 ms, dist_count=25208
[OUT] [Timing] Search: 4.46 ms, dist_count=12565
[OUT] [Timing] Search: 9.72 ms, dist_count=58260
[OUT] [Timing] Search: 9.58 ms, dist_count=63140
[OUT] [Timing] Search: 7.87 ms, dist_count=37072
[OUT] [Timing] Search: 6.37 ms, dist_count=33961
[OUT] [Timing] Search: 7.75 ms, dist_count=41085
[OUT] [Timing] Search: 7.00 ms, dist_count=42800
[OUT] [Timing] Search: 10.99 ms, dist_count=71792
[OUT] [Timing] Search: 13.02 ms, dist_count=84061
[OUT] [Timing] Search: 4.35 ms, dist_count=10729
[OUT] [Timing] Search: 9.64 ms, dist_count=54607
[OUT] [Timing] Search: 5.04 ms, dist_count=19636
[OUT] [Timing] Search: 13.31 ms, dist_count=92108
[OUT] [Timing] Search: 11.80 ms, dist_count=77272
[OUT] [Timing] Search: 7.82 ms, dist_count=43940
[OUT] [Timing] Search: 6.79 ms, dist_count=33540
[OUT] [Timing] Search: 6.99 ms, dist_count=36696
[OUT] [Timing] Search: 5.62 ms, dist_count=19715
[OUT] [Timing] Search: 9.70 ms, dist_count=63495
[OUT] [Timing] Search: 12.33 ms, dist_count=88231
[OUT] [Timing] Search: 8.70 ms, dist_count=51135
[OUT] [Timing] Search: 11.32 ms, dist_count=82778
[OUT] [Timing] Search: 3.95 ms, dist_count=7947
[OUT] [Timing] Search: 9.23 ms, dist_count=56897
[OUT] [Timing] Search: 7.01 ms, dist_count=30304
[OUT] [Timing] Search: 9.87 ms, dist_count=63958
[OUT] [Timing] Search: 6.13 ms, dist_count=24849
[OUT] [Timing] Search: 8.76 ms, dist_count=56497
[OUT] [Timing] Search: 12.14 ms, dist_count=88379
[OUT] [Timing] Search: 3.42 ms, dist_count=7775
[OUT] [Timing] Search: 5.92 ms, dist_count=19109
[OUT] [Timing] Search: 3.46 ms, dist_count=9872
[OUT] [Timing] Search: 3.17 ms, dist_count=8759
[OUT] [Timing] Search: 8.86 ms, dist_count=51860
[OUT] [Timing] Search: 10.44 ms, dist_count=74965
[OUT] [Timing] Search: 4.95 ms, dist_count=13283
[OUT] [Timing] Search: 7.06 ms, dist_count=25471
[OUT] [Timing] Search: 11.02 ms, dist_count=62709
[OUT] [Timing] Search: 8.92 ms, dist_count=51821
[OUT] [Timing] Search: 8.22 ms, dist_count=42406
[OUT] [Timing] Search: 12.79 ms, dist_count=91446
[OUT] [Timing] Search: 3.38 ms, dist_count=8095
[OUT] [Timing] Search: 6.30 ms, dist_count=29932
[OUT] [Timing] Search: 8.71 ms, dist_count=52205
[OUT] [Timing] Search: 8.84 ms, dist_count=49783
[OUT] [Timing] Search: 10.31 ms, dist_count=70491
[OUT] [Timing] Search: 7.70 ms, dist_count=38542
[OUT] [Timing] Search: 7.83 ms, dist_count=45115
[OUT] [Timing] Search: 4.81 ms, dist_count=14495
[OUT] [Timing] Search: 8.26 ms, dist_count=44740
[OUT] [Timing] Search: 8.86 ms, dist_count=46729
[OUT] [Timing] Search: 5.17 ms, dist_count=20400
[OUT] [Timing] Search: 10.16 ms, dist_count=57871
[OUT] [Timing] Search: 5.30 ms, dist_count=21575
[OUT] [Timing] Search: 4.22 ms, dist_count=9873
[OUT] [Timing] Search: 8.85 ms, dist_count=52811
[OUT] [Timing] Search: 9.05 ms, dist_count=51468
[OUT] [Timing] Search: 6.26 ms, dist_count=29025
[OUT] [Timing] Search: 6.67 ms, dist_count=29496
[OUT] [Timing] Search: 8.83 ms, dist_count=52641
[OUT] [Timing] Search: 8.59 ms, dist_count=51208
[OUT] [Timing] Search: 11.72 ms, dist_count=79886
[OUT] [Timing] Search: 8.89 ms, dist_count=51131
[OUT] [Timing] Search: 6.64 ms, dist_count=32599
[OUT] [Timing] Search: 9.92 ms, dist_count=60727
[OUT] [Timing] Search: 10.44 ms, dist_count=71427
[OUT] [Timing] Search: 10.96 ms, dist_count=75225
[OUT] [Timing] Search: 4.60 ms, dist_count=15193
[OUT] [Timing] Search: 11.73 ms, dist_count=83878
[OUT] [Timing] Search: 6.54 ms, dist_count=31884
[OUT] [Timing] Search: 4.69 ms, dist_count=18240
[OUT] [Timing] Search: 4.21 ms, dist_count=11748
[OUT] [Timing] Search: 6.76 ms, dist_count=30383
[OUT] [Timing] Search: 10.80 ms, dist_count=72278
[OUT] [Timing] Search: 3.66 ms, dist_count=7741
[OUT] [Timing] Search: 11.78 ms, dist_count=81847
[OUT] [Timing] Search: 6.88 ms, dist_count=35300
[OUT] [Timing] Search: 9.51 ms, dist_count=54528
[OUT] [Timing] Search: 11.28 ms, dist_count=80008
[OUT] [Timing] Search: 6.56 ms, dist_count=31615
[OUT] [Timing] Search: 5.75 ms, dist_count=24480
[OUT] [Timing] Search: 10.30 ms, dist_count=68426
[OUT] [Timing] Search: 8.58 ms, dist_count=51189
[OUT] [Timing] Search: 5.43 ms, dist_count=17135
[OUT] [Timing] Search: 11.25 ms, dist_count=78102
[OUT] [Timing] Search: 9.87 ms, dist_count=61668
[OUT] [Timing] Search: 8.34 ms, dist_count=45097
[OUT] [Timing] Search: 6.49 ms, dist_count=29540
[OUT] [Timing] Search: 11.16 ms, dist_count=72370
[OUT] [Timing] Search: 4.73 ms, dist_count=15500
[OUT] [Timing] Search: 11.51 ms, dist_count=79004
[OUT] [Timing] Search: 4.91 ms, dist_count=17323
[OUT] [Timing] Search: 3.96 ms, dist_count=9529
[OUT] [Timing] Search: 6.52 ms, dist_count=32872
[OUT] [Timing] Search: 9.45 ms, dist_count=57817
[OUT] [Timing] Search: 10.20 ms, dist_count=62449
[OUT] [Timing] Search: 7.20 ms, dist_count=34387
[OUT] [Timing] Search: 6.28 ms, dist_count=27646
[OUT] [Timing] Search: 6.69 ms, dist_count=27625
[OUT] [Timing] Search: 9.24 ms, dist_count=58869
[OUT] [Timing] Search: 12.84 ms, dist_count=92646
[OUT] [Timing] Search: 13.01 ms, dist_count=87445
[OUT] [Timing] Search: 9.42 ms, dist_count=52817
[OUT] [Timing] Search: 9.55 ms, dist_count=64451
[OUT] [Timing] Search: 8.17 ms, dist_count=46429
[OUT] [Timing] Search: 12.28 ms, dist_count=66629
[OUT] [Timing] Search: 6.52 ms, dist_count=23845
[OUT] [Timing] Search: 15.67 ms, dist_count=95403
[OUT] [Timing] Search: 17.74 ms, dist_count=80331
[OUT] [Timing] Search: 11.67 ms, dist_count=42271
[OUT] [Timing] Search: 8.07 ms, dist_count=19955
[OUT] [Timing] Search: 5.79 ms, dist_count=7921
[OUT] [Timing] Search: 11.38 ms, dist_count=62053
[OUT] [Timing] Search: 6.39 ms, dist_count=26366
[OUT] [Timing] Search: 7.23 ms, dist_count=30066
[OUT] [Timing] Search: 9.31 ms, dist_count=59210
[OUT] [Timing] Search: 9.25 ms, dist_count=52377
[OUT] [Timing] Search: 10.94 ms, dist_count=79558
[OUT] [Timing] Search: 6.91 ms, dist_count=27122
[OUT] [Timing] Search: 9.77 ms, dist_count=58976
[OUT] [Timing] Search: 8.07 ms, dist_count=46292
[OUT] [Timing] Search: 8.92 ms, dist_count=49753
[OUT] [Timing] Search: 6.96 ms, dist_count=36616
[OUT] [Timing] Search: 11.66 ms, dist_count=70100
[OUT] [Timing] Search: 7.95 ms, dist_count=41364
[OUT] [Timing] Search: 10.74 ms, dist_count=75420
[OUT] [Timing] Search: 7.40 ms, dist_count=34041
[OUT] [Timing] Search: 8.37 ms, dist_count=47817
[OUT] [Timing] Search: 4.60 ms, dist_count=11584
[OUT] [Timing] Search: 7.00 ms, dist_count=33783
[OUT] [Timing] Search: 3.14 ms, dist_count=6208
[OUT] [Timing] Search: 6.77 ms, dist_count=32522
[OUT] [Timing] Search: 4.71 ms, dist_count=17426
[OUT] [Timing] Search: 8.54 ms, dist_count=48454
[OUT] [Timing] Search: 7.41 ms, dist_count=36395
[OUT] [Timing] Search: 10.41 ms, dist_count=69224
[OUT] [Timing] Search: 5.86 ms, dist_count=22995
[OUT] [Timing] Search: 9.47 ms, dist_count=55388
[OUT] [Timing] Search: 4.37 ms, dist_count=12109
[OUT] [Timing] Search: 10.32 ms, dist_count=69369
[OUT] [Timing] Search: 9.85 ms, dist_count=67829
[OUT] [Timing] Search: 7.02 ms, dist_count=32429
[OUT] [Timing] Search: 11.18 ms, dist_count=77271
[OUT] [Timing] Search: 10.39 ms, dist_count=66138
[OUT] [Timing] Search: 11.00 ms, dist_count=74459
[OUT] [Timing] Search: 11.22 ms, dist_count=77839
[OUT] [Timing] Search: 9.97 ms, dist_count=66853
[OUT] [Timing] Search: 6.11 ms, dist_count=26193
[OUT] [Timing] Search: 5.19 ms, dist_count=13258
[OUT] [Timing] Search: 10.64 ms, dist_count=67560
[OUT] [Timing] Search: 4.30 ms, dist_count=13229
[OUT] [Timing] Search: 5.16 ms, dist_count=16696
[OUT] [Timing] Search: 4.50 ms, dist_count=13338
[OUT] [Timing] Search: 8.08 ms, dist_count=46702
[OUT] [Timing] Search: 7.65 ms, dist_count=39121
[OUT] [Timing] Search: 9.96 ms, dist_count=66510
[OUT] [Timing] Search: 6.83 ms, dist_count=31022
[OUT] [Timing] Search: 5.54 ms, dist_count=24194
[OUT] [Timing] Search: 7.84 ms, dist_count=38526
[OUT] [Timing] Search: 8.68 ms, dist_count=50648
[OUT] [Timing] Search: 7.54 ms, dist_count=33727
[OUT] [Timing] Search: 3.74 ms, dist_count=8700
[OUT] [Timing] Search: 13.57 ms, dist_count=99692
[OUT] [Timing] Search: 10.08 ms, dist_count=54417
[OUT] [Timing] Search: 12.64 ms, dist_count=92142
[OUT] [Timing] Search: 9.39 ms, dist_count=57068
[OUT] [Timing] Search: 6.01 ms, dist_count=26335
[OUT] [Timing] Search: 8.64 ms, dist_count=49485
[OUT] [Timing] Search: 10.40 ms, dist_count=61777
[OUT] [Timing] Search: 5.83 ms, dist_count=20754
[OUT] [Timing] Search: 14.60 ms, dist_count=104608
[OUT] [Timing] Search: 5.38 ms, dist_count=20144
[OUT] [Timing] Search: 9.59 ms, dist_count=58866
[OUT] [Timing] Search: 9.42 ms, dist_count=56591
[OUT] [Timing] Search: 7.41 ms, dist_count=37095
[OUT] [Timing] Search: 10.50 ms, dist_count=63483
[OUT] [Timing] Search: 7.72 ms, dist_count=41319
[OUT] [Timing] Search: 4.63 ms, dist_count=12263
[OUT] [Timing] Search: 6.91 ms, dist_count=32418
[OUT] [Timing] Search: 12.04 ms, dist_count=83568
[OUT] [Timing] Search: 3.72 ms, dist_count=8079
[OUT] [Timing] Search: 9.25 ms, dist_count=48012
[OUT] [Timing] Search: 9.29 ms, dist_count=57062
[OUT] [Timing] Search: 6.25 ms, dist_count=25793
[OUT] [Timing] Search: 8.40 ms, dist_count=49587
[OUT] [Timing] Search: 9.87 ms, dist_count=63666
[OUT] [Timing] Search: 12.02 ms, dist_count=81498
[OUT] [Timing] Search: 11.51 ms, dist_count=81998
[OUT] [Timing] Search: 10.24 ms, dist_count=68709
[OUT] [Timing] Search: 4.52 ms, dist_count=12252
[OUT] [Timing] Search: 7.35 ms, dist_count=37316
[OUT] [Timing] Search: 4.80 ms, dist_count=14884
[OUT] [Timing] Search: 11.95 ms, dist_count=77392
[OUT] [Timing] Search: 3.54 ms, dist_count=7088
[OUT] [Timing] Search: 5.71 ms, dist_count=21755
[OUT] [Timing] Search: 5.39 ms, dist_count=21503
[OUT] [Timing] Search: 3.96 ms, dist_count=9927
[OUT] [Timing] Search: 9.90 ms, dist_count=57236
[OUT] [Timing] Search: 5.08 ms, dist_count=20456
[OUT] [Timing] Search: 10.07 ms, dist_count=59725
[OUT] [Timing] Search: 8.19 ms, dist_count=45750
[OUT] [Timing] Search: 7.44 ms, dist_count=38643
[OUT] [Timing] Search: 6.74 ms, dist_count=32799
[OUT] [Timing] Search: 5.74 ms, dist_count=23205
[OUT] [Timing] Search: 12.64 ms, dist_count=87236
[OUT] [Timing] Search: 6.65 ms, dist_count=31278
[OUT] [Timing] Search: 7.91 ms, dist_count=40030
[OUT] [Timing] Search: 6.65 ms, dist_count=32193
[OUT] [Timing] Search: 9.72 ms, dist_count=61258
[OUT] [Timing] Search: 10.54 ms, dist_count=73468
[OUT] [Timing] Search: 4.96 ms, dist_count=15608
[OUT] [Timing] Search: 4.39 ms, dist_count=15602
[OUT] [Timing] Search: 5.07 ms, dist_count=18951
[OUT] [Timing] Search: 6.01 ms, dist_count=16630
[OUT] [Timing] Search: 11.22 ms, dist_count=70291
[OUT] [Timing] Search: 10.44 ms, dist_count=70654
[OUT] [Timing] Search: 12.21 ms, dist_count=77928
[OUT] [Timing] Search: 15.30 ms, dist_count=89882
[OUT] [Timing] Search: 8.85 ms, dist_count=41373
[OUT] [Timing] Search: 7.12 ms, dist_count=37089
[OUT] [Timing] Search: 9.85 ms, dist_count=65993
[OUT] [Timing] Search: 8.18 ms, dist_count=46805
[OUT] [Timing] Search: 4.95 ms, dist_count=16853
[OUT] [Timing] Search: 12.38 ms, dist_count=92534
[OUT] [Timing] Search: 11.23 ms, dist_count=72613
[OUT] [Timing] Search: 9.65 ms, dist_count=49021
[OUT] [Timing] Search: 11.86 ms, dist_count=89010
[OUT] [Timing] Search: 8.05 ms, dist_count=42486
[OUT] [Timing] Search: 11.23 ms, dist_count=76188
[OUT] [Timing] Search: 6.26 ms, dist_count=30881
[OUT] [Timing] Search: 7.22 ms, dist_count=33234
[OUT] [Timing] Search: 6.11 ms, dist_count=24520
[OUT] [Timing] Search: 10.93 ms, dist_count=67999
[OUT] [Timing] Search: 7.59 ms, dist_count=41578
[OUT] [Timing] Search: 11.61 ms, dist_count=79959
[OUT] [Timing] Search: 8.73 ms, dist_count=44169
[OUT] [Timing] Search: 10.01 ms, dist_count=61911
[OUT] [Timing] Search: 10.21 ms, dist_count=62485
[OUT] [Timing] Search: 10.05 ms, dist_count=61993
[OUT] [Timing] Search: 5.26 ms, dist_count=20223
[OUT] [Timing] Search: 9.13 ms, dist_count=56837
[OUT] [Timing] Search: 9.62 ms, dist_count=62836
[OUT] [Timing] Search: 7.15 ms, dist_count=34403
[OUT] [Timing] Search: 4.34 ms, dist_count=12661
[OUT] [Timing] Search: 11.61 ms, dist_count=81363
[OUT] [Timing] Search: 7.09 ms, dist_count=33303
[OUT] [Timing] Search: 10.17 ms, dist_count=61769
[OUT] [Timing] Search: 11.50 ms, dist_count=71306
[OUT] [Timing] Search: 10.26 ms, dist_count=66741
[OUT] [Timing] Search: 4.82 ms, dist_count=14855
[OUT] [Timing] Search: 12.41 ms, dist_count=90623
[OUT] [Timing] Search: 9.07 ms, dist_count=53215
[OUT] [Timing] Search: 12.39 ms, dist_count=94477
[OUT] [Timing] Search: 7.93 ms, dist_count=45531
[OUT] [Timing] Search: 11.43 ms, dist_count=76917
[OUT] [Timing] Search: 10.76 ms, dist_count=66630
[OUT] [Timing] Search: 5.88 ms, dist_count=25045
[OUT] [Timing] Search: 11.11 ms, dist_count=76747
[OUT] [Timing] Search: 4.76 ms, dist_count=17313
[OUT] [Timing] Search: 5.97 ms, dist_count=23449
[OUT] [Timing] Search: 9.24 ms, dist_count=55498
[OUT] [Timing] Search: 8.68 ms, dist_count=48612
[OUT] [Timing] Search: 5.58 ms, dist_count=26540
[OUT] [Timing] Search: 10.67 ms, dist_count=72735
[OUT] [Timing] Search: 10.61 ms, dist_count=73033
[OUT] [Timing] Search: 10.38 ms, dist_count=70632
[OUT] [Timing] Search: 11.56 ms, dist_count=77609
[OUT] [Timing] Search: 5.54 ms, dist_count=21476
[OUT] [Timing] Search: 5.78 ms, dist_count=20980
[OUT] [Timing] Search: 12.29 ms, dist_count=84679
[OUT] [Timing] Search: 4.77 ms, dist_count=14723
[OUT] [Timing] Search: 8.20 ms, dist_count=45784
[OUT] [Timing] Search: 9.13 ms, dist_count=52057
[OUT] [Timing] Search: 9.73 ms, dist_count=62620
[OUT] [Timing] Search: 2.98 ms, dist_count=5463
[OUT] [Timing] Search: 11.64 ms, dist_count=82652
[OUT] [Timing] Search: 4.45 ms, dist_count=14702
[OUT] [Timing] Search: 4.03 ms, dist_count=12367
[OUT] [Timing] Search: 10.21 ms, dist_count=58686
[OUT] [Timing] Search: 6.52 ms, dist_count=26423
[OUT] [Timing] Search: 4.79 ms, dist_count=15167
[OUT] [Timing] Search: 9.58 ms, dist_count=60026
[OUT] [Timing] Search: 9.17 ms, dist_count=59483
[OUT] [Timing] Search: 3.16 ms, dist_count=4930
[OUT] [Timing] Search: 9.90 ms, dist_count=56721
[OUT] [Timing] Search: 13.14 ms, dist_count=95507
[OUT] [Timing] Search: 5.23 ms, dist_count=22334
[OUT] [Timing] Search: 8.77 ms, dist_count=52680
[OUT] [Timing] Search: 6.32 ms, dist_count=26678
[OUT] [Timing] Search: 7.33 ms, dist_count=40369
[OUT] [Timing] Search: 6.68 ms, dist_count=24933
[OUT] [Timing] Search: 11.51 ms, dist_count=84051
[OUT] [Timing] Search: 11.54 ms, dist_count=82683
[OUT] [Timing] Search: 7.30 ms, dist_count=36784
[OUT] [Timing] Search: 7.50 ms, dist_count=40459
[OUT] [Timing] Search: 8.43 ms, dist_count=45977
[OUT] [Timing] Search: 6.39 ms, dist_count=26069
[OUT] [Timing] Search: 7.70 ms, dist_count=37102
[OUT] [Timing] Search: 9.24 ms, dist_count=55410
[OUT] [Timing] Search: 13.87 ms, dist_count=97454
[OUT] [Timing] Search: 12.69 ms, dist_count=83442
[OUT] [Timing] Search: 7.85 ms, dist_count=41142
[OUT] [Timing] Search: 7.00 ms, dist_count=36522
[OUT] [Timing] Search: 5.38 ms, dist_count=20979
[OUT] [Timing] Search: 9.78 ms, dist_count=58593
[OUT] [Timing] Search: 7.61 ms, dist_count=36786
[OUT] [Timing] Search: 7.59 ms, dist_count=40170
[OUT] [Timing] Search: 12.26 ms, dist_count=85593
[OUT] [Timing] Search: 8.03 ms, dist_count=42629
[OUT] [Timing] Search: 9.76 ms, dist_count=55100
[OUT] [Timing] Search: 4.41 ms, dist_count=14313
[OUT] [Timing] Search: 11.77 ms, dist_count=75308
[OUT] [Timing] Search: 5.79 ms, dist_count=20988
[OUT] [Timing] Search: 8.67 ms, dist_count=50033
[OUT] [Timing] Search: 10.33 ms, dist_count=69707
[OUT] [Timing] Search: 11.67 ms, dist_count=81598
[OUT] [Timing] Search: 5.03 ms, dist_count=17327
[OUT] [Timing] Search: 10.88 ms, dist_count=73042
[OUT] [Timing] Search: 11.22 ms, dist_count=78710
[OUT] [Timing] Search: 6.85 ms, dist_count=27404
[OUT] [Timing] Search: 5.95 ms, dist_count=27236
[OUT] [Timing] Search: 6.21 ms, dist_count=25698
[OUT] [Timing] Search: 11.75 ms, dist_count=77273
[OUT] [Timing] Search: 6.61 ms, dist_count=26933
[OUT] [Timing] Search: 9.26 ms, dist_count=47078
[OUT] [Timing] Search: 11.00 ms, dist_count=50588
[OUT] [Timing] Search: 7.97 ms, dist_count=29474
[OUT] [Timing] Search: 10.05 ms, dist_count=48162
[OUT] [Timing] Search: 14.91 ms, dist_count=86344
[OUT] [Timing] Search: 12.80 ms, dist_count=70597
[OUT] [Timing] Search: 11.65 ms, dist_count=58020
[OUT] [Timing] Search: 10.28 ms, dist_count=64732
[OUT] [Timing] Search: 11.90 ms, dist_count=85613
[OUT] [Timing] Search: 9.30 ms, dist_count=49839
[OUT] [Timing] Search: 8.84 ms, dist_count=53438
[OUT] [Timing] Search: 12.41 ms, dist_count=84588
[OUT] [Timing] Search: 9.11 ms, dist_count=52552
[OUT] [Timing] Search: 6.52 ms, dist_count=31472
[OUT] [Timing] Search: 6.16 ms, dist_count=27660
[OUT] [Timing] Search: 6.49 ms, dist_count=31213
[OUT] [Timing] Search: 11.62 ms, dist_count=77255
[OUT] [Timing] Search: 9.40 ms, dist_count=49799
[OUT] [Timing] Search: 7.05 ms, dist_count=32772
[OUT] [Timing] Search: 6.52 ms, dist_count=30888
[OUT] [Timing] Search: 11.75 ms, dist_count=83387
[OUT] [Timing] Search: 9.19 ms, dist_count=54470
[OUT] [Timing] Search: 7.58 ms, dist_count=43129
[OUT] [Timing] Search: 10.46 ms, dist_count=66216
[OUT] [Timing] Search: 8.69 ms, dist_count=49863
[OUT] [Timing] Search: 6.72 ms, dist_count=31700
[OUT] [Timing] Search: 8.75 ms, dist_count=51217
[OUT] [Timing] Search: 9.21 ms, dist_count=54553
[OUT] [Timing] Search: 3.56 ms, dist_count=9029
[OUT] [Timing] Search: 5.73 ms, dist_count=18351
[OUT] [Timing] Search: 8.44 ms, dist_count=50363
[OUT] [Timing] Search: 8.53 ms, dist_count=47360
[OUT] [Timing] Search: 7.40 ms, dist_count=45656
[OUT] [Timing] Search: 8.37 ms, dist_count=43067
[OUT] [Timing] Search: 12.91 ms, dist_count=94812
[OUT] [Timing] Search: 7.12 ms, dist_count=36385
[OUT] [Timing] Search: 4.02 ms, dist_count=11328
[OUT] [Timing] Search: 9.43 ms, dist_count=63106
[OUT] [Timing] Search: 10.80 ms, dist_count=71473
[OUT] [Timing] Search: 12.31 ms, dist_count=85540
[OUT] [Timing] Search: 6.00 ms, dist_count=23988
[OUT] [Timing] Search: 12.59 ms, dist_count=82204
[OUT] [Timing] Search: 6.14 ms, dist_count=25344
[OUT] [Timing] Search: 10.07 ms, dist_count=62301
[OUT] [Timing] Search: 4.75 ms, dist_count=11944
[OUT] [Timing] Search: 7.30 ms, dist_count=36483
[OUT] [Timing] Search: 7.47 ms, dist_count=41282
[OUT] [Timing] Search: 6.61 ms, dist_count=29993
[OUT] [Timing] Search: 6.43 ms, dist_count=30452
[OUT] [Timing] Search: 7.15 ms, dist_count=37397
[OUT] [Timing] Search: 9.15 ms, dist_count=52603
[OUT] [Timing] Search: 9.33 ms, dist_count=54818
[OUT] [Timing] Search: 6.66 ms, dist_count=36617
[OUT] [Timing] Search: 11.56 ms, dist_count=78683
[OUT] [Timing] Search: 10.97 ms, dist_count=74865
[OUT] [Timing] Search: 6.42 ms, dist_count=30928
[OUT] [Timing] Search: 11.78 ms, dist_count=82635
[OUT] [Timing] Search: 8.86 ms, dist_count=57596
[OUT] [Timing] Search: 6.55 ms, dist_count=31706
[OUT] [Timing] Search: 9.07 ms, dist_count=58951
[OUT] [Timing] Search: 10.06 ms, dist_count=62623
[OUT] [Timing] Search: 10.70 ms, dist_count=68365
[OUT] [Timing] Search: 8.57 ms, dist_count=53560
[OUT] [Timing] Search: 11.20 ms, dist_count=79851
[OUT] [Timing] Search: 7.95 ms, dist_count=34174
[OUT] [Timing] Search: 11.62 ms, dist_count=81607
[OUT] [Timing] Search: 5.34 ms, dist_count=19637
[OUT] [Timing] Search: 5.11 ms, dist_count=19054
[OUT] [Timing] Search: 10.58 ms, dist_count=72847
[OUT] [Timing] Search: 6.62 ms, dist_count=37197
[OUT] [Timing] Search: 12.61 ms, dist_count=85762
[OUT] [Timing] Search: 6.38 ms, dist_count=29443
[OUT] [Timing] Search: 6.44 ms, dist_count=31251
[OUT] [Timing] Search: 6.35 ms, dist_count=33193
[OUT] [Timing] Search: 8.33 ms, dist_count=51219
[OUT] [Timing] Search: 7.40 ms, dist_count=42229
[OUT] [Timing] Search: 8.72 ms, dist_count=50599
[OUT] [Timing] Search: 6.65 ms, dist_count=33127
[OUT] [Timing] Search: 5.23 ms, dist_count=17092
[OUT] [Timing] Search: 8.88 ms, dist_count=54778
[OUT] [Timing] Search: 5.87 ms, dist_count=22170
[OUT] [Timing] Search: 8.75 ms, dist_count=51624
[OUT] [Timing] Search: 13.28 ms, dist_count=94326
[OUT] [Timing] Search: 14.41 ms, dist_count=65912
[OUT] [Timing] Search: 11.07 ms, dist_count=45685
[OUT] [Timing] Search: 9.77 ms, dist_count=40979
[OUT] [Timing] Search: 7.78 ms, dist_count=42117
[OUT] [Timing] Search: 6.12 ms, dist_count=29536
[OUT] [Timing] Search: 7.08 ms, dist_count=33917
[OUT] [Timing] Search: 10.84 ms, dist_count=67677
[OUT] [Timing] Search: 9.88 ms, dist_count=62815
[OUT] [Timing] Search: 6.26 ms, dist_count=23415
[OUT] [Timing] Search: 13.37 ms, dist_count=94263
[OUT] [Timing] Search: 6.88 ms, dist_count=31555
[OUT]   Processed 10000 queries
[OUT] 
[OUT] 
[OUT] ========== RESULTS ==========
[OUT] 
[OUT] Total queries: 10000
[OUT] 
[OUT] Average recall@10: 0.990500
[OUT] 
[OUT] Average query time: 9.293846 ms
[OUT] 
[OUT] Total query time: 92938.463292 ms
[OUT] 
[OUT] 
[OUT] ========== DISTANCE STATISTICS ==========
[OUT] 
[OUT] Total queries reported by index: 10000
[OUT] 
[OUT] Total distance computations: 499153679
[OUT] 
[OUT] Average distance ops per query: 49915.367900
[OUT] 
[OUT] Last query distance ops: 31555
[OUT] 
[OUT] 
[OUT] ========== PERFORMANCE SUMMARY ==========
[OUT] 
[OUT] Data loading time: 2124.767753 ms
[OUT] 
[OUT] Index build time: 1011632.028744 ms
[OUT] 
[OUT] Query execution time: 92938.463292 ms
[OUT] 
[OUT] Total elapsed time: 1030347.576695 ms
[OUT] 
[OUT] 
[OUT] ========== EFFICIENCY METRICS ==========
[OUT] 
[OUT] Queries per second: 107.598078
[OUT] 
[OUT] Distance ops per second: 5370797.636622
[OUT] 
[OUT] 
[OUT] ========== END OF LOG ==========
[OUT] 
[OUT] Log saved to: Log/run_20251125_185731_721.log
[OUT] 

Return Code: 0
   [PARSE ERROR] Could not extract metrics from output
