variant,csr,prefetch,simd,pruning,heap,flat_index,reorder,M,ML,EFC,EFS,build_time_internal_ms,build_time_local_ms,queries_per_sec,avg_recall,avg_query_time_ms,avg_dists,last_query_dists,total_query_time_ms,log_file,run_index
dynamic_struct,0,0,0,0,0,1,0,80,11,1301,1000,4435.312154,4440.661469, 244.646288, 0.997880, 4.087534, 53111.763900, 37568, 40875.339173,results/ablation_20251206_125021/params_M80_ML11_EFC1301_EFS1000/dynamic_struct/run_stdout_1.log,1
dynamic_with_opts,0,0,0,0,0,1,0,80,11,1301,1000,4431.262957,4436.723762, 242.831040, 0.997880, 4.118090, 53111.763900, 37568, 41180.896861,results/ablation_20251206_125021/params_M80_ML11_EFC1301_EFS1000/dynamic_with_opts/run_stdout_1.log,1
full,0,0,0,0,0,0,0,80,11,1301,1000,4399.967340,4405.638627, 234.042540, 0.997880, 4.272728, 53111.763900, 37568, 42727.275213,results/ablation_20251206_125021/params_M80_ML11_EFC1301_EFS1000/full/run_stdout_1.log,1
heap,0,0,0,0,1,0,0,80,11,1301,1000,4396.198085,4401.626909, 228.935940, 0.997880, 4.368034, 53111.763900, 37568, 43680.341325,results/ablation_20251206_125021/params_M80_ML11_EFC1301_EFS1000/heap/run_stdout_1.log,1
no_prefetch,0,1,0,0,0,0,0,80,11,1301,1000,4377.864437,4383.266715, 195.565698, 0.997880, 5.113371, 53111.763900, 37568, 51133.711472,results/ablation_20251206_125021/params_M80_ML11_EFC1301_EFS1000/no_prefetch/run_stdout_1.log,1
no_pruning,0,0,0,1,0,0,0,80,11,1301,1000,4784.477906,4791.434113, 212.530918, 0.997880, 4.705198, 53111.763900, 37568, 47051.977532,results/ablation_20251206_125021/params_M80_ML11_EFC1301_EFS1000/no_pruning/run_stdout_1.log,1
no_reorder,0,0,0,0,0,0,1,80,11,1301,1000,4303.411818,4308.786205, 223.885383, 0.997880, 4.466571, 53111.763900, 37568, 44665.711874,results/ablation_20251206_125021/params_M80_ML11_EFC1301_EFS1000/no_reorder/run_stdout_1.log,1
no_simd,0,0,1,0,0,0,0,80,11,1301,1000,4438.889547,4444.214252, 227.063963, 0.997880, 4.404045, 53111.763900, 37568, 44040.453935,results/ablation_20251206_125021/params_M80_ML11_EFC1301_EFS1000/no_simd/run_stdout_1.log,1
dynamic_struct,0,0,0,0,0,1,0,80,11,1301,1020,2738.127785,4454.141977, 232.224560, 0.997940, 4.306177, 54020.161900, 38297, 43061.767393,results/ablation_20251206_125021/params_M80_ML11_EFC1301_EFS1020/dynamic_struct/run_stdout_1.log,1
dynamic_with_opts,0,0,0,0,0,1,0,80,11,1301,1020,4351.918380,4357.945423, 234.351878, 0.997940, 4.267088, 54020.161900, 38297, 42670.876250,results/ablation_20251206_125021/params_M80_ML11_EFC1301_EFS1020/dynamic_with_opts/run_stdout_1.log,1
full,0,0,0,0,0,0,0,80,11,1301,1020,2657.857059,4395.291521, 239.521526, 0.997940, 4.174990, 54020.161900, 38297, 41749.900992,results/ablation_20251206_125021/params_M80_ML11_EFC1301_EFS1020/full/run_stdout_1.log,1
heap,0,0,0,0,1,0,0,80,11,1301,1020,4354.786340,4360.149703, 234.382022, 0.997940, 4.266539, 54020.161900, 38297, 42665.388298,results/ablation_20251206_125021/params_M80_ML11_EFC1301_EFS1020/heap/run_stdout_1.log,1
no_prefetch,0,1,0,0,0,0,0,80,11,1301,1020,4354.638727,4360.151716, 198.097138, 0.997940, 5.048029, 54020.161900, 38297, 50480.285179,results/ablation_20251206_125021/params_M80_ML11_EFC1301_EFS1020/no_prefetch/run_stdout_1.log,1
no_pruning,0,0,0,1,0,0,0,80,11,1301,1020,2866.840591,4570.014224, 239.807168, 0.997940, 4.170017, 54020.161900, 38297, 41700.171299,results/ablation_20251206_125021/params_M80_ML11_EFC1301_EFS1020/no_pruning/run_stdout_1.log,1
no_reorder,0,0,0,0,0,0,1,80,11,1301,1020,4373.697600,4379.474506, 208.750805, 0.997940, 4.790401, 54020.161900, 38297, 47904.006868,results/ablation_20251206_125021/params_M80_ML11_EFC1301_EFS1020/no_reorder/run_stdout_1.log,1
no_simd,0,0,1,0,0,0,0,80,11,1301,1020,4372.104169,4377.791424, 215.886457, 0.997940, 4.632065, 54020.161900, 38297, 46320.645293,results/ablation_20251206_125021/params_M80_ML11_EFC1301_EFS1020/no_simd/run_stdout_1.log,1
dynamic_struct,0,0,0,0,0,1,0,80,11,1301,1040,4319.305651,4325.299634, 212.912753, 0.998030, 4.696760, 54924.199500, 39076, 46967.595287,results/ablation_20251206_125021/params_M80_ML11_EFC1301_EFS1040/dynamic_struct/run_stdout_1.log,1
dynamic_with_opts,0,0,0,0,0,1,0,80,11,1301,1040,4416.007928,4422.010627, 243.075798, 0.998030, 4.113943, 54924.199500, 39076, 41139.430863,results/ablation_20251206_125021/params_M80_ML11_EFC1301_EFS1040/dynamic_with_opts/run_stdout_1.log,1
full,0,0,0,0,0,0,0,80,11,1301,1040,4673.353897,4678.900439, 224.340131, 0.998030, 4.457517, 54924.199500, 39076, 44575.172303,results/ablation_20251206_125021/params_M80_ML11_EFC1301_EFS1040/full/run_stdout_1.log,1
heap,0,0,0,0,1,0,0,80,11,1301,1040,4486.594164,4492.324009, 241.613521, 0.998030, 4.138841, 54924.199500, 39076, 41388.412160,results/ablation_20251206_125021/params_M80_ML11_EFC1301_EFS1040/heap/run_stdout_1.log,1
no_prefetch,0,1,0,0,0,0,0,80,11,1301,1040,1867.243249,4403.848913, 162.060383, 0.998030, 6.170540, 54924.199500, 39076, 61705.395473,results/ablation_20251206_125021/params_M80_ML11_EFC1301_EFS1040/no_prefetch/run_stdout_1.log,1
no_pruning,0,0,0,1,0,0,0,80,11,1301,1040,4197.469562,4202.644449, 241.721341, 0.998030, 4.136995, 54924.199500, 39076, 41369.950896,results/ablation_20251206_125021/params_M80_ML11_EFC1301_EFS1040/no_pruning/run_stdout_1.log,1
no_reorder,0,0,0,0,0,0,1,80,11,1301,1040,4443.421159,4448.897019, 245.778429, 0.998030, 4.068705, 54924.199500, 39076, 40687.053090,results/ablation_20251206_125021/params_M80_ML11_EFC1301_EFS1040/no_reorder/run_stdout_1.log,1
no_simd,0,0,1,0,0,0,0,80,11,1301,1040,2167.623053,4248.444697, 218.396776, 0.998030, 4.578822, 54924.199500, 39076, 45788.221795,results/ablation_20251206_125021/params_M80_ML11_EFC1301_EFS1040/no_simd/run_stdout_1.log,1
dynamic_struct,0,0,0,0,0,1,0,80,11,1301,1060,4325.252284,4331.488274, 222.640231, 0.998130, 4.491551, 55825.179300, 39677, 44915.512184,results/ablation_20251206_125021/params_M80_ML11_EFC1301_EFS1060/dynamic_struct/run_stdout_1.log,1
dynamic_with_opts,0,0,0,0,0,1,0,80,11,1301,1060,4789.254979,4795.618491, 207.256359, 0.998130, 4.824942, 55825.179300, 39677, 48249.424323,results/ablation_20251206_125021/params_M80_ML11_EFC1301_EFS1060/dynamic_with_opts/run_stdout_1.log,1
full,0,0,0,0,0,0,0,80,11,1301,1060,4361.562656,4366.840647, 237.273940, 0.998130, 4.214538, 55825.179300, 39677, 42145.378527,results/ablation_20251206_125021/params_M80_ML11_EFC1301_EFS1060/full/run_stdout_1.log,1
heap,0,0,0,0,1,0,0,80,11,1301,1060,3202.595970,4294.320204, 208.650154, 0.998130, 4.792712, 55825.179300, 39677, 47927.115268,results/ablation_20251206_125021/params_M80_ML11_EFC1301_EFS1060/heap/run_stdout_1.log,1
no_prefetch,0,1,0,0,0,0,0,80,11,1301,1060,4292.581151,4298.533041, 180.500255, 0.998130, 5.540158, 55825.179300, 39677, 55401.583739,results/ablation_20251206_125021/params_M80_ML11_EFC1301_EFS1060/no_prefetch/run_stdout_1.log,1
no_pruning,0,0,0,1,0,0,0,80,11,1301,1060,4555.090653,4561.070258, 220.626542, 0.998130, 4.532546, 55825.179300, 39677, 45325.462308,results/ablation_20251206_125021/params_M80_ML11_EFC1301_EFS1060/no_pruning/run_stdout_1.log,1
no_reorder,0,0,0,0,0,0,1,80,11,1301,1060,4327.919523,4333.147231, 213.969525, 0.998130, 4.673563, 55825.179300, 39677, 46735.627461,results/ablation_20251206_125021/params_M80_ML11_EFC1301_EFS1060/no_reorder/run_stdout_1.log,1
no_simd,0,0,1,0,0,0,0,80,11,1301,1060,4348.363996,4354.402082, 225.754829, 0.998130, 4.429584, 55825.179300, 39677, 44295.841009,results/ablation_20251206_125021/params_M80_ML11_EFC1301_EFS1060/no_simd/run_stdout_1.log,1
dynamic_struct,0,0,0,0,0,1,0,80,11,1301,1080,4371.213214,4376.346738, 230.622091, 0.998180, 4.336098, 56723.693600, 40277, 43360.980571,results/ablation_20251206_125021/params_M80_ML11_EFC1301_EFS1080/dynamic_struct/run_stdout_1.log,1
dynamic_with_opts,0,0,0,0,0,1,0,80,11,1301,1080,4370.850084,4376.084013, 201.995929, 0.998180, 4.950595, 56723.693600, 40277, 49505.948223,results/ablation_20251206_125021/params_M80_ML11_EFC1301_EFS1080/dynamic_with_opts/run_stdout_1.log,1
full,0,0,0,0,0,0,0,80,11,1301,1080,4696.383612,4703.983715, 226.839609, 0.998180, 4.408401, 56723.693600, 40277, 44084.011868,results/ablation_20251206_125021/params_M80_ML11_EFC1301_EFS1080/full/run_stdout_1.log,1
heap,0,0,0,0,1,0,0,80,11,1301,1080,2953.935319,4346.395857, 228.613132, 0.998180, 4.374202, 56723.693600, 40277, 43742.019180,results/ablation_20251206_125021/params_M80_ML11_EFC1301_EFS1080/heap/run_stdout_1.log,1
no_prefetch,0,1,0,0,0,0,0,80,11,1301,1080,4394.775372,4400.873815, 190.907964, 0.998180, 5.238126, 56723.693600, 40277, 52381.261448,results/ablation_20251206_125021/params_M80_ML11_EFC1301_EFS1080/no_prefetch/run_stdout_1.log,1
no_pruning,0,0,0,1,0,0,0,80,11,1301,1080,4470.286270,4477.129540, 210.294914, 0.998180, 4.755227, 56723.693600, 40277, 47552.267516,results/ablation_20251206_125021/params_M80_ML11_EFC1301_EFS1080/no_pruning/run_stdout_1.log,1
no_reorder,0,0,0,0,0,0,1,80,11,1301,1080,4500.730738,4505.919821, 227.824068, 0.998180, 4.389352, 56723.693600, 40277, 43893.518691,results/ablation_20251206_125021/params_M80_ML11_EFC1301_EFS1080/no_reorder/run_stdout_1.log,1
no_simd,0,0,1,0,0,0,0,80,11,1301,1080,4347.058356,4353.308245, 227.998816, 0.998180, 4.385988, 56723.693600, 40277, 43859.876840,results/ablation_20251206_125021/params_M80_ML11_EFC1301_EFS1080/no_simd/run_stdout_1.log,1
dynamic_struct,0,0,0,0,0,1,0,80,11,1301,1100,4290.088651,4295.369672, 223.442326, 0.998210, 4.475428, 57615.554900, 40892, 44754.278188,results/ablation_20251206_125021/params_M80_ML11_EFC1301_EFS1100/dynamic_struct/run_stdout_1.log,1
dynamic_with_opts,0,0,0,0,0,1,0,80,11,1301,1100,4383.756189,4389.683825, 227.862632, 0.998210, 4.388609, 57615.554900, 40892, 43886.090147,results/ablation_20251206_125021/params_M80_ML11_EFC1301_EFS1100/dynamic_with_opts/run_stdout_1.log,1
full,0,0,0,0,0,0,0,80,11,1301,1100,4460.901295,4466.411386, 212.942353, 0.998210, 4.696107, 57615.554900, 40892, 46961.066457,results/ablation_20251206_125021/params_M80_ML11_EFC1301_EFS1100/full/run_stdout_1.log,1
heap,0,0,0,0,1,0,0,80,11,1301,1100,4457.822481,4463.424168, 221.282993, 0.998210, 4.519100, 57615.554900, 40892, 45191.001225,results/ablation_20251206_125021/params_M80_ML11_EFC1301_EFS1100/heap/run_stdout_1.log,1
no_prefetch,0,1,0,0,0,0,0,80,11,1301,1100,4399.930015,4405.273306, 181.764077, 0.998210, 5.501637, 57615.554900, 40892, 55016.371640,results/ablation_20251206_125021/params_M80_ML11_EFC1301_EFS1100/no_prefetch/run_stdout_1.log,1
no_pruning,0,0,0,1,0,0,0,80,11,1301,1100,4543.256303,4548.771013, 210.315327, 0.998210, 4.754765, 57615.554900, 40892, 47547.652159,results/ablation_20251206_125021/params_M80_ML11_EFC1301_EFS1100/no_pruning/run_stdout_1.log,1
no_reorder,0,0,0,0,0,0,1,80,11,1301,1100,4967.806911,4974.776967, 208.587268, 0.998210, 4.794156, 57615.554900, 40892, 47941.564564,results/ablation_20251206_125021/params_M80_ML11_EFC1301_EFS1100/no_reorder/run_stdout_1.log,1
no_simd,0,0,1,0,0,0,0,80,11,1301,1100,4485.612676,4490.865811, 197.291666, 0.998210, 5.068638, 57615.554900, 40892, 50686.378267,results/ablation_20251206_125021/params_M80_ML11_EFC1301_EFS1100/no_simd/run_stdout_1.log,1
dynamic_struct,0,0,0,0,0,1,0,80,11,1301,1120,4427.482974,4433.631374, 207.476331, 0.998250, 4.819827, 58506.747800, 41431, 48198.268894,results/ablation_20251206_125021/params_M80_ML11_EFC1301_EFS1120/dynamic_struct/run_stdout_1.log,1
dynamic_with_opts,0,0,0,0,0,1,0,80,11,1301,1120,4558.244256,4564.526681, 205.620007, 0.998250, 4.863340, 58506.747800, 41431, 48633.399659,results/ablation_20251206_125021/params_M80_ML11_EFC1301_EFS1120/dynamic_with_opts/run_stdout_1.log,1
full,0,0,0,0,0,0,0,80,11,1301,1120,4372.420325,4378.186752, 217.044596, 0.998250, 4.607348, 58506.747800, 41431, 46073.480602,results/ablation_20251206_125021/params_M80_ML11_EFC1301_EFS1120/full/run_stdout_1.log,1
heap,0,0,0,0,1,0,0,80,11,1301,1120,4377.490644,4382.805112, 202.266974, 0.998250, 4.943961, 58506.747800, 41431, 49439.608486,results/ablation_20251206_125021/params_M80_ML11_EFC1301_EFS1120/heap/run_stdout_1.log,1
no_prefetch,0,1,0,0,0,0,0,80,11,1301,1120,4297.889686,4303.782938, 171.549661, 0.998250, 5.829216, 58506.747800, 41431, 58292.158426,results/ablation_20251206_125021/params_M80_ML11_EFC1301_EFS1120/no_prefetch/run_stdout_1.log,1
no_pruning,0,0,0,1,0,0,0,80,11,1301,1120,4493.657684,4499.465464, 211.940928, 0.998250, 4.718296, 58506.747800, 41431, 47182.958523,results/ablation_20251206_125021/params_M80_ML11_EFC1301_EFS1120/no_pruning/run_stdout_1.log,1
no_reorder,0,0,0,0,0,0,1,80,11,1301,1120,4464.753189,4470.688111, 203.636142, 0.998250, 4.910720, 58506.747800, 41431, 49107.196394,results/ablation_20251206_125021/params_M80_ML11_EFC1301_EFS1120/no_reorder/run_stdout_1.log,1
no_simd,0,0,1,0,0,0,0,80,11,1301,1120,4352.099296,4357.459813, 219.443945, 0.998250, 4.556972, 58506.747800, 41431, 45569.723937,results/ablation_20251206_125021/params_M80_ML11_EFC1301_EFS1120/no_simd/run_stdout_1.log,1
dynamic_struct,0,0,0,0,0,1,0,80,11,1301,1140,2765.164450,4425.801992, 216.022225, 0.998310, 4.629153, 59393.486400, 42067, 46291.533111,results/ablation_20251206_125021/params_M80_ML11_EFC1301_EFS1140/dynamic_struct/run_stdout_1.log,1
dynamic_with_opts,0,0,0,0,0,1,0,80,11,1301,1140,4326.425178,4331.736293, 198.883308, 0.998310, 5.028074, 59393.486400, 42067, 50280.740447,results/ablation_20251206_125021/params_M80_ML11_EFC1301_EFS1140/dynamic_with_opts/run_stdout_1.log,1
full,0,0,0,0,0,0,0,80,11,1301,1140,2859.051409,4452.971477, 181.876741, 0.998310, 5.498229, 59393.486400, 42067, 54982.291615,results/ablation_20251206_125021/params_M80_ML11_EFC1301_EFS1140/full/run_stdout_1.log,1
heap,0,0,0,0,1,0,0,80,11,1301,1140,4367.018171,4372.367574, 211.436565, 0.998310, 4.729551, 59393.486400, 42067, 47295.509238,results/ablation_20251206_125021/params_M80_ML11_EFC1301_EFS1140/heap/run_stdout_1.log,1
no_prefetch,0,1,0,0,0,0,0,80,11,1301,1140,2810.358512,4582.470868, 180.412568, 0.998310, 5.542851, 59393.486400, 42067, 55428.510915,results/ablation_20251206_125021/params_M80_ML11_EFC1301_EFS1140/no_prefetch/run_stdout_1.log,1
no_pruning,0,0,0,1,0,0,0,80,11,1301,1140,4378.301355,4383.607278, 201.496331, 0.998310, 4.962870, 59393.486400, 42067, 49628.695218,results/ablation_20251206_125021/params_M80_ML11_EFC1301_EFS1140/no_pruning/run_stdout_1.log,1
no_reorder,0,0,0,0,0,0,1,80,11,1301,1140,4390.984636,4396.361773, 217.480644, 0.998310, 4.598110, 59393.486400, 42067, 45981.103414,results/ablation_20251206_125021/params_M80_ML11_EFC1301_EFS1140/no_reorder/run_stdout_1.log,1
no_simd,0,0,1,0,0,0,0,80,11,1301,1140,4319.173606,4324.665607, 219.972220, 0.998310, 4.546029, 59393.486400, 42067, 45460.285768,results/ablation_20251206_125021/params_M80_ML11_EFC1301_EFS1140/no_simd/run_stdout_1.log,1
dynamic_struct,0,0,0,0,0,1,0,80,11,1301,1160,4496.904637,4502.558636, 193.170914, 0.998360, 5.176763, 60278.592200, 42600, 51767.628029,results/ablation_20251206_125021/params_M80_ML11_EFC1301_EFS1160/dynamic_struct/run_stdout_1.log,1
dynamic_with_opts,0,0,0,0,0,1,0,80,11,1301,1160,4408.903062,4414.259821, 212.075789, 0.998360, 4.715295, 60278.592200, 42600, 47152.954345,results/ablation_20251206_125021/params_M80_ML11_EFC1301_EFS1160/dynamic_with_opts/run_stdout_1.log,1
full,0,0,0,0,0,0,0,80,11,1301,1160,4353.825179,4359.243438, 202.876028, 0.998360, 4.929119, 60278.592200, 42600, 49291.185864,results/ablation_20251206_125021/params_M80_ML11_EFC1301_EFS1160/full/run_stdout_1.log,1
heap,0,0,0,0,1,0,0,80,11,1301,1160,4607.395060,4612.575437, 203.785864, 0.998360, 4.907112, 60278.592200, 42600, 49071.117010,results/ablation_20251206_125021/params_M80_ML11_EFC1301_EFS1160/heap/run_stdout_1.log,1
no_prefetch,0,1,0,0,0,0,0,80,11,1301,1160,4483.366327,4489.296396, 168.454412, 0.998360, 5.936324, 60278.592200, 42600, 59363.242017,results/ablation_20251206_125021/params_M80_ML11_EFC1301_EFS1160/no_prefetch/run_stdout_1.log,1
no_pruning,0,0,0,1,0,0,0,80,11,1301,1160,4383.610649,4388.862894, 199.994896, 0.998360, 5.000128, 60278.592200, 42600, 50001.276151,results/ablation_20251206_125021/params_M80_ML11_EFC1301_EFS1160/no_pruning/run_stdout_1.log,1
no_reorder,0,0,0,0,0,0,1,80,11,1301,1160,4387.311067,4392.711408, 212.164134, 0.998360, 4.713332, 60278.592200, 42600, 47133.319888,results/ablation_20251206_125021/params_M80_ML11_EFC1301_EFS1160/no_reorder/run_stdout_1.log,1
no_simd,0,0,1,0,0,0,0,80,11,1301,1160,4445.783020,4451.051661, 184.826878, 0.998360, 5.410468, 60278.592200, 42600, 54104.684875,results/ablation_20251206_125021/params_M80_ML11_EFC1301_EFS1160/no_simd/run_stdout_1.log,1
dynamic_struct,0,0,0,0,0,1,0,80,11,1301,1180,4424.215769,4430.423112, 195.230379, 0.998430, 5.122154, 61158.845000, 43174, 51221.536538,results/ablation_20251206_125021/params_M80_ML11_EFC1301_EFS1180/dynamic_struct/run_stdout_1.log,1
dynamic_with_opts,0,0,0,0,0,1,0,80,11,1301,1180,4521.568534,4526.854484, 176.606593, 0.998430, 5.662303, 61158.845000, 43174, 56623.027621,results/ablation_20251206_125021/params_M80_ML11_EFC1301_EFS1180/dynamic_with_opts/run_stdout_1.log,1
full,0,0,0,0,0,0,0,80,11,1301,1180,4397.089328,4402.641819, 210.930353, 0.998430, 4.740901, 61158.845000, 43174, 47409.013696,results/ablation_20251206_125021/params_M80_ML11_EFC1301_EFS1180/full/run_stdout_1.log,1
heap,0,0,0,0,1,0,0,80,11,1301,1180,4425.106804,4430.459595, 183.653762, 0.998430, 5.445029, 61158.845000, 43174, 54450.286739,results/ablation_20251206_125021/params_M80_ML11_EFC1301_EFS1180/heap/run_stdout_1.log,1
no_prefetch,0,1,0,0,0,0,0,80,11,1301,1180,4694.160932,4700.235504, 175.691252, 0.998430, 5.691803, 61158.845000, 43174, 56918.030150,results/ablation_20251206_125021/params_M80_ML11_EFC1301_EFS1180/no_prefetch/run_stdout_1.log,1
no_pruning,0,0,0,1,0,0,0,80,11,1301,1180,4342.888411,4348.496953, 203.262348, 0.998430, 4.919750, 61158.845000, 43174, 49197.503029,results/ablation_20251206_125021/params_M80_ML11_EFC1301_EFS1180/no_pruning/run_stdout_1.log,1
no_reorder,0,0,0,0,0,0,1,80,11,1301,1180,4437.816716,4443.389722, 193.197364, 0.998430, 5.176054, 61158.845000, 43174, 51760.540595,results/ablation_20251206_125021/params_M80_ML11_EFC1301_EFS1180/no_reorder/run_stdout_1.log,1
no_simd,0,0,1,0,0,0,0,80,11,1301,1180,4404.848738,4410.483619, 212.901727, 0.998430, 4.697003, 61158.845000, 43174, 46970.027582,results/ablation_20251206_125021/params_M80_ML11_EFC1301_EFS1180/no_simd/run_stdout_1.log,1
dynamic_struct,0,0,0,0,0,1,0,80,11,1301,1200,4431.891443,4437.209402, 189.610904, 0.998490, 5.273958, 62036.957600, 43612, 52739.582913,results/ablation_20251206_125021/params_M80_ML11_EFC1301_EFS1200/dynamic_struct/run_stdout_1.log,1
dynamic_with_opts,0,0,0,0,0,1,0,80,11,1301,1200,4387.116148,4392.609872, 201.457412, 0.998490, 4.963828, 62036.957600, 43612, 49638.282868,results/ablation_20251206_125021/params_M80_ML11_EFC1301_EFS1200/dynamic_with_opts/run_stdout_1.log,1
full,0,0,0,0,0,0,0,80,11,1301,1200,4462.462659,4467.914896, 195.795152, 0.998490, 5.107379, 62036.957600, 43612, 51073.787681,results/ablation_20251206_125021/params_M80_ML11_EFC1301_EFS1200/full/run_stdout_1.log,1
heap,0,0,0,0,1,0,0,80,11,1301,1200,4448.818018,4454.341775, 202.568087, 0.998490, 4.936612, 62036.957600, 43612, 49366.117652,results/ablation_20251206_125021/params_M80_ML11_EFC1301_EFS1200/heap/run_stdout_1.log,1
no_prefetch,0,1,0,0,0,0,0,80,11,1301,1200,2892.613435,4651.281466, 169.380530, 0.998490, 5.903866, 62036.957600, 43612, 59038.662763,results/ablation_20251206_125021/params_M80_ML11_EFC1301_EFS1200/no_prefetch/run_stdout_1.log,1
no_pruning,0,0,0,1,0,0,0,80,11,1301,1200,2645.079586,4431.996991, 204.389615, 0.998490, 4.892616, 62036.957600, 43612, 48926.164904,results/ablation_20251206_125021/params_M80_ML11_EFC1301_EFS1200/no_pruning/run_stdout_1.log,1
no_reorder,0,0,0,0,0,0,1,80,11,1301,1200,4384.924880,4390.263226, 202.842436, 0.998490, 4.929935, 62036.957600, 43612, 49299.348784,results/ablation_20251206_125021/params_M80_ML11_EFC1301_EFS1200/no_reorder/run_stdout_1.log,1
no_simd,0,0,1,0,0,0,0,80,11,1301,1200,2678.411054,4451.536705, 182.744329, 0.998490, 5.472126, 62036.957600, 43612, 54721.260353,results/ablation_20251206_125021/params_M80_ML11_EFC1301_EFS1200/no_simd/run_stdout_1.log,1
dynamic_struct,0,0,0,0,0,1,0,80,11,1301,1220,4416.496305,4421.742158, 201.508626, 0.998550, 4.962567, 62909.238600, 44112, 49625.667077,results/ablation_20251206_125021/params_M80_ML11_EFC1301_EFS1220/dynamic_struct/run_stdout_1.log,1
dynamic_with_opts,0,0,0,0,0,1,0,80,11,1301,1220,4411.450008,4416.865907, 184.419146, 0.998550, 5.422430, 62909.238600, 44112, 54224.304989,results/ablation_20251206_125021/params_M80_ML11_EFC1301_EFS1220/dynamic_with_opts/run_stdout_1.log,1
full,0,0,0,0,0,0,0,80,11,1301,1220,4505.545909,4511.497233, 185.999892, 0.998550, 5.376347, 62909.238600, 44112, 53763.472211,results/ablation_20251206_125021/params_M80_ML11_EFC1301_EFS1220/full/run_stdout_1.log,1
heap,0,0,0,0,1,0,0,80,11,1301,1220,4630.022811,4637.748392, 178.108400, 0.998550, 5.614558, 62909.238600, 44112, 56145.583244,results/ablation_20251206_125021/params_M80_ML11_EFC1301_EFS1220/heap/run_stdout_1.log,1
no_prefetch,0,1,0,0,0,0,0,80,11,1301,1220,4629.952393,4635.354069, 150.527359, 0.998550, 6.643311, 62909.238600, 44112, 66433.106003,results/ablation_20251206_125021/params_M80_ML11_EFC1301_EFS1220/no_prefetch/run_stdout_1.log,1
no_pruning,0,0,0,1,0,0,0,80,11,1301,1220,4529.125449,4535.102617, 187.531659, 0.998550, 5.332433, 62909.238600, 44112, 53324.329591,results/ablation_20251206_125021/params_M80_ML11_EFC1301_EFS1220/no_pruning/run_stdout_1.log,1
no_reorder,0,0,0,0,0,0,1,80,11,1301,1220,4385.979662,4391.314972, 199.953420, 0.998550, 5.001165, 62909.238600, 44112, 50011.647667,results/ablation_20251206_125021/params_M80_ML11_EFC1301_EFS1220/no_reorder/run_stdout_1.log,1
no_simd,0,0,1,0,0,0,0,80,11,1301,1220,2728.281330,4536.088380, 189.478372, 0.998550, 5.277647, 62909.238600, 44112, 52776.472124,results/ablation_20251206_125021/params_M80_ML11_EFC1301_EFS1220/no_simd/run_stdout_1.log,1
dynamic_struct,0,0,0,0,0,1,0,80,11,1301,1240,2652.272679,4494.885317, 170.176995, 0.998590, 5.876235, 63783.123200, 44883, 58762.349139,results/ablation_20251206_125021/params_M80_ML11_EFC1301_EFS1240/dynamic_struct/run_stdout_1.log,1
dynamic_with_opts,0,0,0,0,0,1,0,80,11,1301,1240,2848.107640,4676.755359, 182.428264, 0.998590, 5.481607, 63783.123200, 44883, 54816.067355,results/ablation_20251206_125021/params_M80_ML11_EFC1301_EFS1240/dynamic_with_opts/run_stdout_1.log,1
full,0,0,0,0,0,0,0,80,11,1301,1240,4405.634173,4410.923022, 193.215849, 0.998590, 5.175559, 63783.123200, 44883, 51755.588704,results/ablation_20251206_125021/params_M80_ML11_EFC1301_EFS1240/full/run_stdout_1.log,1
heap,0,0,0,0,1,0,0,80,11,1301,1240,3995.586488,5885.619066, 168.619998, 0.998590, 5.930495, 63783.123200, 44883, 59304.946562,results/ablation_20251206_125021/params_M80_ML11_EFC1301_EFS1240/heap/run_stdout_1.log,1
no_prefetch,0,1,0,0,0,0,0,80,11,1301,1240,2535.084872,4394.694292, 164.940139, 0.998590, 6.062806, 63783.123200, 44883, 60628.055984,results/ablation_20251206_125021/params_M80_ML11_EFC1301_EFS1240/no_prefetch/run_stdout_1.log,1
no_pruning,0,0,0,1,0,0,0,80,11,1301,1240,2522.260669,4396.850183, 187.978059, 0.998590, 5.319770, 63783.123200, 44883, 53197.697962,results/ablation_20251206_125021/params_M80_ML11_EFC1301_EFS1240/no_pruning/run_stdout_1.log,1
no_reorder,0,0,0,0,0,0,1,80,11,1301,1240,4687.868452,4693.884756, 182.990026, 0.998590, 5.464779, 63783.123200, 44883, 54647.787330,results/ablation_20251206_125021/params_M80_ML11_EFC1301_EFS1240/no_reorder/run_stdout_1.log,1
no_simd,0,0,1,0,0,0,0,80,11,1301,1240,4435.106744,4440.599200, 183.286599, 0.998590, 5.455936, 63783.123200, 44883, 54559.362485,results/ablation_20251206_125021/params_M80_ML11_EFC1301_EFS1240/no_simd/run_stdout_1.log,1
dynamic_struct,0,0,0,0,0,1,0,80,11,1301,1260,4552.026182,4557.363633, 191.534509, 0.998620, 5.220991, 64652.207600, 45491, 52209.912647,results/ablation_20251206_125021/params_M80_ML11_EFC1301_EFS1260/dynamic_struct/run_stdout_1.log,1
dynamic_with_opts,0,0,0,0,0,1,0,80,11,1301,1260,4830.236830,4835.806245, 168.414325, 0.998620, 5.937737, 64652.207600, 45491, 59377.371861,results/ablation_20251206_125021/params_M80_ML11_EFC1301_EFS1260/dynamic_with_opts/run_stdout_1.log,1
full,0,0,0,0,0,0,0,80,11,1301,1260,4630.647828,4637.222141, 177.139507, 0.998620, 5.645268, 64652.207600, 45491, 56452.680490,results/ablation_20251206_125021/params_M80_ML11_EFC1301_EFS1260/full/run_stdout_1.log,1
heap,0,0,0,0,1,0,0,80,11,1301,1260,4384.374491,4390.018617, 192.383488, 0.998620, 5.197951, 64652.207600, 45491, 51979.513032,results/ablation_20251206_125021/params_M80_ML11_EFC1301_EFS1260/heap/run_stdout_1.log,1
no_prefetch,0,1,0,0,0,0,0,80,11,1301,1260,4550.005640,4556.478641, 163.509264, 0.998620, 6.115861, 64652.207600, 45491, 61158.614226,results/ablation_20251206_125021/params_M80_ML11_EFC1301_EFS1260/no_prefetch/run_stdout_1.log,1
no_pruning,0,0,0,1,0,0,0,80,11,1301,1260,4503.888217,4509.194817, 175.237937, 0.998620, 5.706527, 64652.207600, 45491, 57065.268936,results/ablation_20251206_125021/params_M80_ML11_EFC1301_EFS1260/no_pruning/run_stdout_1.log,1
no_reorder,0,0,0,0,0,0,1,80,11,1301,1260,4448.761369,4454.204346, 172.120899, 0.998620, 5.809870, 64652.207600, 45491, 58098.697167,results/ablation_20251206_125021/params_M80_ML11_EFC1301_EFS1260/no_reorder/run_stdout_1.log,1
no_simd,0,0,1,0,0,0,0,80,11,1301,1260,2623.804029,4475.761142, 186.959485, 0.998620, 5.348752, 64652.207600, 45491, 53487.524261,results/ablation_20251206_125021/params_M80_ML11_EFC1301_EFS1260/no_simd/run_stdout_1.log,1
dynamic_struct,0,0,0,0,0,1,0,80,11,1301,1280,2571.698650,4439.247254, 189.162457, 0.998660, 5.286461, 65518.436300, 46091, 52864.612633,results/ablation_20251206_125021/params_M80_ML11_EFC1301_EFS1280/dynamic_struct/run_stdout_1.log,1
dynamic_with_opts,0,0,0,0,0,1,0,80,11,1301,1280,4698.143838,4704.615160, 179.308436, 0.998660, 5.576982, 65518.436300, 46091, 55769.824531,results/ablation_20251206_125021/params_M80_ML11_EFC1301_EFS1280/dynamic_with_opts/run_stdout_1.log,1
full,0,0,0,0,0,0,0,80,11,1301,1280,4735.046526,4740.548417, 175.192810, 0.998660, 5.707997, 65518.436300, 46091, 57079.968101,results/ablation_20251206_125021/params_M80_ML11_EFC1301_EFS1280/full/run_stdout_1.log,1
heap,0,0,0,0,1,0,0,80,11,1301,1280,4436.048356,4441.387607, 170.888317, 0.998660, 5.851775, 65518.436300, 46091, 58517.751186,results/ablation_20251206_125021/params_M80_ML11_EFC1301_EFS1280/heap/run_stdout_1.log,1
no_prefetch,0,1,0,0,0,0,0,80,11,1301,1280,4609.371960,4614.778284, 142.078364, 0.998660, 7.038369, 65518.436300, 46091, 70383.693185,results/ablation_20251206_125021/params_M80_ML11_EFC1301_EFS1280/no_prefetch/run_stdout_1.log,1
no_pruning,0,0,0,1,0,0,0,80,11,1301,1280,4533.680623,4540.067357, 189.029336, 0.998660, 5.290184, 65518.436300, 46091, 52901.841575,results/ablation_20251206_125021/params_M80_ML11_EFC1301_EFS1280/no_pruning/run_stdout_1.log,1
no_reorder,0,0,0,0,0,0,1,80,11,1301,1280,4392.678224,4398.161980, 185.936450, 0.998660, 5.378182, 65518.436300, 46091, 53781.816426,results/ablation_20251206_125021/params_M80_ML11_EFC1301_EFS1280/no_reorder/run_stdout_1.log,1
no_simd,0,0,1,0,0,0,0,80,11,1301,1280,4700.358697,4706.441780, 179.426027, 0.998660, 5.573327, 65518.436300, 46091, 55733.274343,results/ablation_20251206_125021/params_M80_ML11_EFC1301_EFS1280/no_simd/run_stdout_1.log,1
dynamic_struct,0,0,0,0,0,1,0,80,11,1301,1300,2773.534632,4677.690237, 165.222860, 0.998700, 6.052431, 66380.470700, 46543, 60524.312349,results/ablation_20251206_125021/params_M80_ML11_EFC1301_EFS1300/dynamic_struct/run_stdout_1.log,1
dynamic_with_opts,0,0,0,0,0,1,0,80,11,1301,1300,2549.341305,4432.694128, 189.798684, 0.998700, 5.268740, 66380.470700, 46543, 52687.404279,results/ablation_20251206_125021/params_M80_ML11_EFC1301_EFS1300/dynamic_with_opts/run_stdout_1.log,1
full,0,0,0,0,0,0,0,80,11,1301,1300,4394.418462,4399.868697, 185.655707, 0.998700, 5.386314, 66380.470700, 46543, 53863.143455,results/ablation_20251206_125021/params_M80_ML11_EFC1301_EFS1300/full/run_stdout_1.log,1
heap,0,0,0,0,1,0,0,80,11,1301,1300,2750.214824,4650.698358, 176.045289, 0.998700, 5.680356, 66380.470700, 46543, 56803.564751,results/ablation_20251206_125021/params_M80_ML11_EFC1301_EFS1300/heap/run_stdout_1.log,1
no_prefetch,0,1,0,0,0,0,0,80,11,1301,1300,4456.411902,4461.662975, 149.713669, 0.998700, 6.679417, 66380.470700, 46543, 66794.168069,results/ablation_20251206_125021/params_M80_ML11_EFC1301_EFS1300/no_prefetch/run_stdout_1.log,1
no_pruning,0,0,0,1,0,0,0,80,11,1301,1300,2858.611601,4727.769648, 176.867333, 0.998700, 5.653955, 66380.470700, 46543, 56539.553450,results/ablation_20251206_125021/params_M80_ML11_EFC1301_EFS1300/no_pruning/run_stdout_1.log,1
no_reorder,0,0,0,0,0,0,1,80,11,1301,1300,4402.548352,4407.995108, 186.393344, 0.998700, 5.364998, 66380.470700, 46543, 53649.984397,results/ablation_20251206_125021/params_M80_ML11_EFC1301_EFS1300/no_reorder/run_stdout_1.log,1
no_simd,0,0,1,0,0,0,0,80,11,1301,1300,4487.978851,4493.454839, 161.494826, 0.998700, 6.192149, 66380.470700, 46543, 61921.488527,results/ablation_20251206_125021/params_M80_ML11_EFC1301_EFS1300/no_simd/run_stdout_1.log,1
dynamic_struct,0,0,0,0,0,1,0,80,11,1301,1320,3877.627121,4351.531130, 181.405637, 0.998730, 5.512508, 67242.738200, 46982, 55125.078696,results/ablation_20251206_125021/params_M80_ML11_EFC1301_EFS1320/dynamic_struct/run_stdout_1.log,1
dynamic_with_opts,0,0,0,0,0,1,0,80,11,1301,1320,3605.818341,4160.163921, 177.931552, 0.998730, 5.620139, 67242.738200, 46982, 56201.386796,results/ablation_20251206_125021/params_M80_ML11_EFC1301_EFS1320/dynamic_with_opts/run_stdout_1.log,1
full,0,0,0,0,0,0,0,80,11,1301,1320,4573.493367,4579.062009, 168.827820, 0.998730, 5.923194, 67242.738200, 46982, 59231.944288,results/ablation_20251206_125021/params_M80_ML11_EFC1301_EFS1320/full/run_stdout_1.log,1
heap,0,0,0,0,1,0,0,80,11,1301,1320,4210.177246,4215.280708, 181.228618, 0.998730, 5.517892, 67242.738200, 46982, 55178.923094,results/ablation_20251206_125021/params_M80_ML11_EFC1301_EFS1320/heap/run_stdout_1.log,1
no_prefetch,0,1,0,0,0,0,0,80,11,1301,1320,4419.456801,4424.975509, 159.451201, 0.998730, 6.271511, 67242.738200, 46982, 62715.112449,results/ablation_20251206_125021/params_M80_ML11_EFC1301_EFS1320/no_prefetch/run_stdout_1.log,1
no_pruning,0,0,0,1,0,0,0,80,11,1301,1320,4322.332081,4327.568983, 175.396594, 0.998730, 5.701365, 67242.738200, 46982, 57013.649992,results/ablation_20251206_125021/params_M80_ML11_EFC1301_EFS1320/no_pruning/run_stdout_1.log,1
no_reorder,0,0,0,0,0,0,1,80,11,1301,1320,4326.056677,4331.017045, 168.739344, 0.998730, 5.926300, 67242.738200, 46982, 59263.001432,results/ablation_20251206_125021/params_M80_ML11_EFC1301_EFS1320/no_reorder/run_stdout_1.log,1
no_simd,0,0,1,0,0,0,0,80,11,1301,1320,4343.815411,4349.112945, 188.196940, 0.998730, 5.313583, 67242.738200, 46982, 53135.826698,results/ablation_20251206_125021/params_M80_ML11_EFC1301_EFS1320/no_simd/run_stdout_1.log,1
dynamic_struct,0,0,0,0,0,1,0,80,11,1301,1340,4118.000580,4123.012965, 195.758046, 0.998760, 5.108347, 68099.495500, 47611, 51083.468643,results/ablation_20251206_125021/params_M80_ML11_EFC1301_EFS1340/dynamic_struct/run_stdout_1.log,1
dynamic_with_opts,0,0,0,0,0,1,0,80,11,1301,1340,4233.839639,4239.023964, 175.128952, 0.998760, 5.710078, 68099.495500, 47611, 57100.781301,results/ablation_20251206_125021/params_M80_ML11_EFC1301_EFS1340/dynamic_with_opts/run_stdout_1.log,1
full,0,0,0,0,0,0,0,80,11,1301,1340,3902.016528,4459.570998, 180.356329, 0.998760, 5.544579, 68099.495500, 47611, 55445.794642,results/ablation_20251206_125021/params_M80_ML11_EFC1301_EFS1340/full/run_stdout_1.log,1
heap,0,0,0,0,1,0,0,80,11,1301,1340,4143.264484,4148.308622, 195.309021, 0.998760, 5.120091, 68099.495500, 47611, 51200.912117,results/ablation_20251206_125021/params_M80_ML11_EFC1301_EFS1340/heap/run_stdout_1.log,1
no_prefetch,0,1,0,0,0,0,0,80,11,1301,1340,4248.402069,4255.712655, 153.801711, 0.998760, 6.501878, 68099.495500, 47611, 65018.782713,results/ablation_20251206_125021/params_M80_ML11_EFC1301_EFS1340/no_prefetch/run_stdout_1.log,1
no_pruning,0,0,0,1,0,0,0,80,11,1301,1340,4149.448046,4154.505924, 181.970052, 0.998760, 5.495410, 68099.495500, 47611, 54954.097481,results/ablation_20251206_125021/params_M80_ML11_EFC1301_EFS1340/no_pruning/run_stdout_1.log,1
no_reorder,0,0,0,0,0,0,1,80,11,1301,1340,4127.418967,4132.335355, 174.273318, 0.998760, 5.738113, 68099.495500, 47611, 57381.130547,results/ablation_20251206_125021/params_M80_ML11_EFC1301_EFS1340/no_reorder/run_stdout_1.log,1
no_simd,0,0,1,0,0,0,0,80,11,1301,1340,4178.624943,4183.806852, 190.829324, 0.998760, 5.240285, 68099.495500, 47611, 52402.847727,results/ablation_20251206_125021/params_M80_ML11_EFC1301_EFS1340/no_simd/run_stdout_1.log,1
dynamic_struct,0,0,0,0,0,1,0,80,11,1301,1360,4117.185908,4122.370271, 190.475882, 0.998770, 5.250009, 68952.541000, 48275, 52500.085047,results/ablation_20251206_125021/params_M80_ML11_EFC1301_EFS1360/dynamic_struct/run_stdout_1.log,1
dynamic_with_opts,0,0,0,0,0,1,0,80,11,1301,1360,4126.304286,4131.482208, 180.466751, 0.998770, 5.541187, 68952.541000, 48275, 55411.869076,results/ablation_20251206_125021/params_M80_ML11_EFC1301_EFS1360/dynamic_with_opts/run_stdout_1.log,1
full,0,0,0,0,0,0,0,80,11,1301,1360,4232.650292,4237.724245, 175.153567, 0.998770, 5.709276, 68952.541000, 48275, 57092.756640,results/ablation_20251206_125021/params_M80_ML11_EFC1301_EFS1360/full/run_stdout_1.log,1
heap,0,0,0,0,1,0,0,80,11,1301,1360,4134.036323,4139.038250, 178.391998, 0.998770, 5.605633, 68952.541000, 48275, 56056.325999,results/ablation_20251206_125021/params_M80_ML11_EFC1301_EFS1360/heap/run_stdout_1.log,1
no_prefetch,0,1,0,0,0,0,0,80,11,1301,1360,4246.422014,4251.407662, 141.889511, 0.998770, 7.047737, 68952.541000, 48275, 70477.373176,results/ablation_20251206_125021/params_M80_ML11_EFC1301_EFS1360/no_prefetch/run_stdout_1.log,1
no_pruning,0,0,0,1,0,0,0,80,11,1301,1360,4118.617360,4123.621993, 193.368750, 0.998770, 5.171466, 68952.541000, 48275, 51714.664328,results/ablation_20251206_125021/params_M80_ML11_EFC1301_EFS1360/no_pruning/run_stdout_1.log,1
no_reorder,0,0,0,0,0,0,1,80,11,1301,1360,4166.720226,4171.926982, 189.694023, 0.998770, 5.271647, 68952.541000, 48275, 52716.473924,results/ablation_20251206_125021/params_M80_ML11_EFC1301_EFS1360/no_reorder/run_stdout_1.log,1
no_simd,0,0,1,0,0,0,0,80,11,1301,1360,4269.937356,4275.181843, 171.697889, 0.998770, 5.824183, 68952.541000, 48275, 58241.834159,results/ablation_20251206_125021/params_M80_ML11_EFC1301_EFS1360/no_simd/run_stdout_1.log,1
dynamic_struct,0,0,0,0,0,1,0,80,11,1301,1380,4359.525207,4364.724321, 181.089129, 0.998800, 5.522143, 69805.029600, 48860, 55221.426393,results/ablation_20251206_125021/params_M80_ML11_EFC1301_EFS1380/dynamic_struct/run_stdout_1.log,1
dynamic_with_opts,0,0,0,0,0,1,0,80,11,1301,1380,4321.853199,4327.008060, 174.469521, 0.998800, 5.731660, 69805.029600, 48860, 57316.601374,results/ablation_20251206_125021/params_M80_ML11_EFC1301_EFS1380/dynamic_with_opts/run_stdout_1.log,1
full,0,0,0,0,0,0,0,80,11,1301,1380,4184.309785,4189.435925, 185.714621, 0.998800, 5.384606, 69805.029600, 48860, 53846.056762,results/ablation_20251206_125021/params_M80_ML11_EFC1301_EFS1380/full/run_stdout_1.log,1
heap,0,0,0,0,1,0,0,80,11,1301,1380,4246.366160,4251.434709, 162.587447, 0.998800, 6.150536, 69805.029600, 48860, 61505.363154,results/ablation_20251206_125021/params_M80_ML11_EFC1301_EFS1380/heap/run_stdout_1.log,1
no_prefetch,0,1,0,0,0,0,0,80,11,1301,1380,4218.795219,4223.925642, 146.861487, 0.998800, 6.809137, 69805.029600, 48860, 68091.371200,results/ablation_20251206_125021/params_M80_ML11_EFC1301_EFS1380/no_prefetch/run_stdout_1.log,1
no_pruning,0,0,0,1,0,0,0,80,11,1301,1380,4242.161837,4247.155951, 175.875787, 0.998800, 5.685831, 69805.029600, 48860, 56858.309924,results/ablation_20251206_125021/params_M80_ML11_EFC1301_EFS1380/no_pruning/run_stdout_1.log,1
no_reorder,0,0,0,0,0,0,1,80,11,1301,1380,4316.731866,4322.846487, 187.721345, 0.998800, 5.327045, 69805.029600, 48860, 53270.447331,results/ablation_20251206_125021/params_M80_ML11_EFC1301_EFS1380/no_reorder/run_stdout_1.log,1
no_simd,0,0,1,0,0,0,0,80,11,1301,1380,4266.410518,4271.360256, 161.259795, 0.998800, 6.201174, 69805.029600, 48860, 62011.736887,results/ablation_20251206_125021/params_M80_ML11_EFC1301_EFS1380/no_simd/run_stdout_1.log,1
dynamic_struct,0,0,0,0,0,1,0,80,11,1301,1400,4223.452783,4229.225749, 155.559457, 0.998860, 6.428410, 70654.440300, 49286, 64284.102115,results/ablation_20251206_125021/params_M80_ML11_EFC1301_EFS1400/dynamic_struct/run_stdout_1.log,1
dynamic_with_opts,0,0,0,0,0,1,0,80,11,1301,1400,4321.123833,4326.842665, 176.247896, 0.998860, 5.673827, 70654.440300, 49286, 56738.265939,results/ablation_20251206_125021/params_M80_ML11_EFC1301_EFS1400/dynamic_with_opts/run_stdout_1.log,1
full,0,0,0,0,0,0,0,80,11,1301,1400,4109.051781,4114.207832, 183.994798, 0.998860, 5.434936, 70654.440300, 49286, 54349.362772,results/ablation_20251206_125021/params_M80_ML11_EFC1301_EFS1400/full/run_stdout_1.log,1
heap,0,0,0,0,1,0,0,80,11,1301,1400,4830.706804,4836.567368, 172.677142, 0.998860, 5.791154, 70654.440300, 49286, 57911.544682,results/ablation_20251206_125021/params_M80_ML11_EFC1301_EFS1400/heap/run_stdout_1.log,1
no_prefetch,0,1,0,0,0,0,0,80,11,1301,1400,4206.775784,4211.767320, 157.040283, 0.998860, 6.367793, 70654.440300, 49286, 63677.928857,results/ablation_20251206_125021/params_M80_ML11_EFC1301_EFS1400/no_prefetch/run_stdout_1.log,1
no_pruning,0,0,0,1,0,0,0,80,11,1301,1400,4233.880046,4239.072655, 168.660136, 0.998860, 5.929083, 70654.440300, 49286, 59290.833389,results/ablation_20251206_125021/params_M80_ML11_EFC1301_EFS1400/no_pruning/run_stdout_1.log,1
no_reorder,0,0,0,0,0,0,1,80,11,1301,1400,4391.008382,4397.382188, 169.483613, 0.998860, 5.900275, 70654.440300, 49286, 59002.754332,results/ablation_20251206_125021/params_M80_ML11_EFC1301_EFS1400/no_reorder/run_stdout_1.log,1
no_simd,0,0,1,0,0,0,0,80,11,1301,1400,4122.298099,4127.314254, 170.986699, 0.998860, 5.848408, 70654.440300, 49286, 58484.081336,results/ablation_20251206_125021/params_M80_ML11_EFC1301_EFS1400/no_simd/run_stdout_1.log,1
dynamic_struct,0,0,0,0,0,1,0,80,11,1301,1420,4216.207587,4221.869808, 158.587667, 0.998880, 6.305661, 71502.679300, 49723, 63056.605875,results/ablation_20251206_125021/params_M80_ML11_EFC1301_EFS1420/dynamic_struct/run_stdout_1.log,1
dynamic_with_opts,0,0,0,0,0,1,0,80,11,1301,1420,4632.046507,4637.439175, 165.724191, 0.998880, 6.034122, 71502.679300, 49723, 60341.220805,results/ablation_20251206_125021/params_M80_ML11_EFC1301_EFS1420/dynamic_with_opts/run_stdout_1.log,1
full,0,0,0,0,0,0,0,80,11,1301,1420,4415.892742,4421.981213, 181.633018, 0.998880, 5.505607, 71502.679300, 49723, 55056.069171,results/ablation_20251206_125021/params_M80_ML11_EFC1301_EFS1420/full/run_stdout_1.log,1
heap,0,0,0,0,1,0,0,80,11,1301,1420,4136.342733,4141.475368, 177.132117, 0.998880, 5.645504, 71502.679300, 49723, 56455.035881,results/ablation_20251206_125021/params_M80_ML11_EFC1301_EFS1420/heap/run_stdout_1.log,1
no_prefetch,0,1,0,0,0,0,0,80,11,1301,1420,4150.864394,4156.005463, 154.669522, 0.998880, 6.465398, 71502.679300, 49723, 64653.978954,results/ablation_20251206_125021/params_M80_ML11_EFC1301_EFS1420/no_prefetch/run_stdout_1.log,1
no_pruning,0,0,0,1,0,0,0,80,11,1301,1420,4137.021472,4143.409478, 180.834503, 0.998880, 5.529918, 71502.679300, 49723, 55299.181478,results/ablation_20251206_125021/params_M80_ML11_EFC1301_EFS1420/no_pruning/run_stdout_1.log,1
no_reorder,0,0,0,0,0,0,1,80,11,1301,1420,4311.159229,4316.906235, 162.015934, 0.998880, 6.172232, 71502.679300, 49723, 61722.324027,results/ablation_20251206_125021/params_M80_ML11_EFC1301_EFS1420/no_reorder/run_stdout_1.log,1
no_simd,0,0,1,0,0,0,0,80,11,1301,1420,4164.731183,4170.433281, 170.645198, 0.998880, 5.860112, 71502.679300, 49723, 58601.121761,results/ablation_20251206_125021/params_M80_ML11_EFC1301_EFS1420/no_simd/run_stdout_1.log,1
dynamic_struct,0,0,0,0,0,1,0,80,11,1301,1440,4091.332370,4096.468231, 168.165414, 0.998910, 5.946526, 72345.867600, 50358, 59465.259689,results/ablation_20251206_125021/params_M80_ML11_EFC1301_EFS1440/dynamic_struct/run_stdout_1.log,1
dynamic_with_opts,0,0,0,0,0,1,0,80,11,1301,1440,4271.378218,4277.233969, 163.822471, 0.998910, 6.104169, 72345.867600, 50358, 61041.686985,results/ablation_20251206_125021/params_M80_ML11_EFC1301_EFS1440/dynamic_with_opts/run_stdout_1.log,1
full,0,0,0,0,0,0,0,80,11,1301,1440,4324.493457,4329.620925, 154.173037, 0.998910, 6.486218, 72345.867600, 50358, 64862.184884,results/ablation_20251206_125021/params_M80_ML11_EFC1301_EFS1440/full/run_stdout_1.log,1
heap,0,0,0,0,1,0,0,80,11,1301,1440,4112.769737,4117.862660, 181.593773, 0.998910, 5.506797, 72345.867600, 50358, 55067.967565,results/ablation_20251206_125021/params_M80_ML11_EFC1301_EFS1440/heap/run_stdout_1.log,1
no_prefetch,0,1,0,0,0,0,0,80,11,1301,1440,4320.315130,4325.802823, 147.726722, 0.998910, 6.769256, 72345.867600, 50358, 67692.560185,results/ablation_20251206_125021/params_M80_ML11_EFC1301_EFS1440/no_prefetch/run_stdout_1.log,1
no_pruning,0,0,0,1,0,0,0,80,11,1301,1440,4332.847098,4338.308539, 178.456477, 0.998910, 5.603607, 72345.867600, 50358, 56036.072180,results/ablation_20251206_125021/params_M80_ML11_EFC1301_EFS1440/no_pruning/run_stdout_1.log,1
no_reorder,0,0,0,0,0,0,1,80,11,1301,1440,4168.453627,4173.582228, 177.611312, 0.998910, 5.630272, 72345.867600, 50358, 56302.720055,results/ablation_20251206_125021/params_M80_ML11_EFC1301_EFS1440/no_reorder/run_stdout_1.log,1
no_simd,0,0,1,0,0,0,0,80,11,1301,1440,4144.820915,4150.065590, 170.433486, 0.998910, 5.867392, 72345.867600, 50358, 58673.915716,results/ablation_20251206_125021/params_M80_ML11_EFC1301_EFS1440/no_simd/run_stdout_1.log,1
dynamic_struct,0,0,0,0,0,1,0,80,11,1301,1460,4159.636903,4164.669218, 165.703558, 0.998930, 6.034873, 73186.184700, 50830, 60348.734230,results/ablation_20251206_125021/params_M80_ML11_EFC1301_EFS1460/dynamic_struct/run_stdout_1.log,1
dynamic_with_opts,0,0,0,0,0,1,0,80,11,1301,1460,4172.498413,4177.724683, 177.639499, 0.998930, 5.629379, 73186.184700, 50830, 56293.786414,results/ablation_20251206_125021/params_M80_ML11_EFC1301_EFS1460/dynamic_with_opts/run_stdout_1.log,1
full,0,0,0,0,0,0,0,80,11,1301,1460,4399.262034,4404.556710, 145.996302, 0.998930, 6.849489, 73186.184700, 50830, 68494.885808,results/ablation_20251206_125021/params_M80_ML11_EFC1301_EFS1460/full/run_stdout_1.log,1
heap,0,0,0,0,1,0,0,80,11,1301,1460,4164.644261,4169.830524, 176.489619, 0.998930, 5.666056, 73186.184700, 50830, 56660.556254,results/ablation_20251206_125021/params_M80_ML11_EFC1301_EFS1460/heap/run_stdout_1.log,1
no_prefetch,0,1,0,0,0,0,0,80,11,1301,1460,4290.346194,4295.512542, 140.380422, 0.998930, 7.123500, 73186.184700, 50830, 71235.004721,results/ablation_20251206_125021/params_M80_ML11_EFC1301_EFS1460/no_prefetch/run_stdout_1.log,1
no_pruning,0,0,0,1,0,0,0,80,11,1301,1460,4168.421623,4173.551254, 176.002141, 0.998930, 5.681749, 73186.184700, 50830, 56817.490687,results/ablation_20251206_125021/params_M80_ML11_EFC1301_EFS1460/no_pruning/run_stdout_1.log,1
no_reorder,0,0,0,0,0,0,1,80,11,1301,1460,4270.055159,4275.540977, 177.594624, 0.998930, 5.630801, 73186.184700, 50830, 56308.010713,results/ablation_20251206_125021/params_M80_ML11_EFC1301_EFS1460/no_reorder/run_stdout_1.log,1
no_simd,0,0,1,0,0,0,0,80,11,1301,1460,4399.922062,4404.930871, 154.773458, 0.998930, 6.461056, 73186.184700, 50830, 64610.561471,results/ablation_20251206_125021/params_M80_ML11_EFC1301_EFS1460/no_simd/run_stdout_1.log,1
dynamic_struct,0,0,0,0,0,1,0,80,11,1301,1480,4161.527049,4166.347670, 164.698671, 0.998960, 6.071694, 74026.391300, 51373, 60716.944146,results/ablation_20251206_125021/params_M80_ML11_EFC1301_EFS1480/dynamic_struct/run_stdout_1.log,1
dynamic_with_opts,0,0,0,0,0,1,0,80,11,1301,1480,4132.798962,4137.858614, 175.761342, 0.998960, 5.689533, 74026.391300, 51373, 56895.332429,results/ablation_20251206_125021/params_M80_ML11_EFC1301_EFS1480/dynamic_with_opts/run_stdout_1.log,1
full,0,0,0,0,0,0,0,80,11,1301,1480,4157.204806,4162.390557, 156.907569, 0.998960, 6.373179, 74026.391300, 51373, 63731.788667,results/ablation_20251206_125021/params_M80_ML11_EFC1301_EFS1480/full/run_stdout_1.log,1
heap,0,0,0,0,1,0,0,80,11,1301,1480,4292.235623,4297.919348, 162.102984, 0.998960, 6.168918, 74026.391300, 51373, 61689.179019,results/ablation_20251206_125021/params_M80_ML11_EFC1301_EFS1480/heap/run_stdout_1.log,1
no_prefetch,0,1,0,0,0,0,0,80,11,1301,1480,4297.448280,4303.555033, 137.276001, 0.998960, 7.284594, 74026.391300, 51373, 72845.944687,results/ablation_20251206_125021/params_M80_ML11_EFC1301_EFS1480/no_prefetch/run_stdout_1.log,1
no_pruning,0,0,0,1,0,0,0,80,11,1301,1480,4315.750833,4320.871282, 158.223519, 0.998960, 6.320173, 74026.391300, 51373, 63201.729035,results/ablation_20251206_125021/params_M80_ML11_EFC1301_EFS1480/no_pruning/run_stdout_1.log,1
no_reorder,0,0,0,0,0,0,1,80,11,1301,1480,4133.561198,4138.796285, 172.035389, 0.998960, 5.812758, 74026.391300, 51373, 58127.575161,results/ablation_20251206_125021/params_M80_ML11_EFC1301_EFS1480/no_reorder/run_stdout_1.log,1
no_simd,0,0,1,0,0,0,0,80,11,1301,1480,4221.294514,4227.445791, 150.875679, 0.998960, 6.627973, 74026.391300, 51373, 66279.734804,results/ablation_20251206_125021/params_M80_ML11_EFC1301_EFS1480/no_simd/run_stdout_1.log,1
dynamic_struct,0,0,0,0,0,1,0,80,11,1301,1500,4301.105807,4306.319918, 147.488973, 0.998980, 6.780168, 74863.559500, 51846, 67801.679146,results/ablation_20251206_125021/params_M80_ML11_EFC1301_EFS1500/dynamic_struct/run_stdout_1.log,1
dynamic_with_opts,0,0,0,0,0,1,0,80,11,1301,1500,4328.065493,4334.643259, 162.056091, 0.998980, 6.170703, 74863.559500, 51846, 61707.029387,results/ablation_20251206_125021/params_M80_ML11_EFC1301_EFS1500/dynamic_with_opts/run_stdout_1.log,1
full,0,0,0,0,0,0,0,80,11,1301,1500,4632.830021,4639.567666, 163.900579, 0.998980, 6.101260, 74863.559500, 51846, 61012.597128,results/ablation_20251206_125021/params_M80_ML11_EFC1301_EFS1500/full/run_stdout_1.log,1
heap,0,0,0,0,1,0,0,80,11,1301,1500,4367.745586,4372.818058, 147.596966, 0.998980, 6.775207, 74863.559500, 51846, 67752.070278,results/ablation_20251206_125021/params_M80_ML11_EFC1301_EFS1500/heap/run_stdout_1.log,1
no_prefetch,0,1,0,0,0,0,0,80,11,1301,1500,4179.902765,4185.371993, 145.039856, 0.998980, 6.894657, 74863.559500, 51846, 68946.565961,results/ablation_20251206_125021/params_M80_ML11_EFC1301_EFS1500/no_prefetch/run_stdout_1.log,1
no_pruning,0,0,0,1,0,0,0,80,11,1301,1500,4416.317217,4421.738162, 156.944388, 0.998980, 6.371684, 74863.559500, 51846, 63716.836938,results/ablation_20251206_125021/params_M80_ML11_EFC1301_EFS1500/no_pruning/run_stdout_1.log,1
no_reorder,0,0,0,0,0,0,1,80,11,1301,1500,4378.514877,4383.739127, 167.697186, 0.998980, 5.963129, 74863.559500, 51846, 59631.292889,results/ablation_20251206_125021/params_M80_ML11_EFC1301_EFS1500/no_reorder/run_stdout_1.log,1
no_simd,0,0,1,0,0,0,0,80,11,1301,1500,4302.034831,4307.820305, 153.814539, 0.998980, 6.501336, 74863.559500, 51846, 65013.360164,results/ablation_20251206_125021/params_M80_ML11_EFC1301_EFS1500/no_simd/run_stdout_1.log,1
dynamic_struct,0,0,0,0,0,1,0,80,11,1301,300,4324.130615,4329.693194, 802.066147, 0.978080, 1.246780, 18528.350500, 14900, 12467.799615,results/ablation_20251206_125021/params_M80_ML11_EFC1301_EFS300/dynamic_struct/run_stdout_1.log,1
dynamic_with_opts,0,0,0,0,0,1,0,80,11,1301,300,4482.379697,4488.319442, 799.433546, 0.978080, 1.250886, 18528.350500, 14900, 12508.857121,results/ablation_20251206_125021/params_M80_ML11_EFC1301_EFS300/dynamic_with_opts/run_stdout_1.log,1
full,0,0,0,0,0,0,0,80,11,1301,300,4402.890860,4408.274260, 816.395744, 0.978080, 1.224896, 18528.350500, 14900, 12248.961454,results/ablation_20251206_125021/params_M80_ML11_EFC1301_EFS300/full/run_stdout_1.log,1
heap,0,0,0,0,1,0,0,80,11,1301,300,4330.888287,4336.091491, 747.508115, 0.978080, 1.337778, 18528.350500, 14900, 13377.781193,results/ablation_20251206_125021/params_M80_ML11_EFC1301_EFS300/heap/run_stdout_1.log,1
no_prefetch,0,1,0,0,0,0,0,80,11,1301,300,4378.344802,4384.358148, 630.782343, 0.978080, 1.585333, 18528.350500, 14900, 15853.328971,results/ablation_20251206_125021/params_M80_ML11_EFC1301_EFS300/no_prefetch/run_stdout_1.log,1
no_pruning,0,0,0,1,0,0,0,80,11,1301,300,4446.951936,4453.367309, 796.704190, 0.978080, 1.255171, 18528.350500, 14900, 12551.710063,results/ablation_20251206_125021/params_M80_ML11_EFC1301_EFS300/no_pruning/run_stdout_1.log,1
no_reorder,0,0,0,0,0,0,1,80,11,1301,300,4494.404607,4500.003582, 789.074163, 0.978080, 1.267308, 18528.350500, 14900, 12673.080005,results/ablation_20251206_125021/params_M80_ML11_EFC1301_EFS300/no_reorder/run_stdout_1.log,1
no_simd,0,0,1,0,0,0,0,80,11,1301,300,4330.724394,4336.935536, 810.592544, 0.978080, 1.233665, 18528.350500, 14900, 12336.654308,results/ablation_20251206_125021/params_M80_ML11_EFC1301_EFS300/no_simd/run_stdout_1.log,1
dynamic_struct,0,0,0,0,0,1,0,80,11,1301,320,4377.470262,4382.832972, 762.445509, 0.980180, 1.311569, 19618.730500, 15548, 13115.691391,results/ablation_20251206_125021/params_M80_ML11_EFC1301_EFS320/dynamic_struct/run_stdout_1.log,1
dynamic_with_opts,0,0,0,0,0,1,0,80,11,1301,320,4662.087225,4668.608564, 706.501478, 0.980180, 1.415425, 19618.730500, 15548, 14154.252053,results/ablation_20251206_125021/params_M80_ML11_EFC1301_EFS320/dynamic_with_opts/run_stdout_1.log,1
full,0,0,0,0,0,0,0,80,11,1301,320,4273.223697,4278.507140, 751.021201, 0.980180, 1.331520, 19618.730500, 15548, 13315.203341,results/ablation_20251206_125021/params_M80_ML11_EFC1301_EFS320/full/run_stdout_1.log,1
heap,0,0,0,0,1,0,0,80,11,1301,320,4416.341958,4422.166126, 736.007266, 0.980180, 1.358682, 19618.730500, 15548, 13586.822396,results/ablation_20251206_125021/params_M80_ML11_EFC1301_EFS320/heap/run_stdout_1.log,1
no_prefetch,0,1,0,0,0,0,0,80,11,1301,320,4407.017384,4412.429406, 586.479981, 0.980180, 1.705088, 19618.730500, 15548, 17050.880386,results/ablation_20251206_125021/params_M80_ML11_EFC1301_EFS320/no_prefetch/run_stdout_1.log,1
no_pruning,0,0,0,1,0,0,0,80,11,1301,320,4262.691408,4268.079330, 730.871773, 0.980180, 1.368229, 19618.730500, 15548, 13682.290612,results/ablation_20251206_125021/params_M80_ML11_EFC1301_EFS320/no_pruning/run_stdout_1.log,1
no_reorder,0,0,0,0,0,0,1,80,11,1301,320,2949.122706,4360.091506, 753.641747, 0.980180, 1.326890, 19618.730500, 15548, 13268.904010,results/ablation_20251206_125021/params_M80_ML11_EFC1301_EFS320/no_reorder/run_stdout_1.log,1
no_simd,0,0,1,0,0,0,0,80,11,1301,320,4315.371496,4320.880154, 746.178425, 0.980180, 1.340162, 19618.730500, 15548, 13401.620390,results/ablation_20251206_125021/params_M80_ML11_EFC1301_EFS320/no_simd/run_stdout_1.log,1
dynamic_struct,0,0,0,0,0,1,0,80,11,1301,340,4698.066512,4703.377097, 726.528449, 0.981750, 1.376409, 20700.670300, 16385, 13764.085920,results/ablation_20251206_125021/params_M80_ML11_EFC1301_EFS340/dynamic_struct/run_stdout_1.log,1
dynamic_with_opts,0,0,0,0,0,1,0,80,11,1301,340,4294.498700,4300.461737, 702.195961, 0.981750, 1.424104, 20700.670300, 16385, 14241.038911,results/ablation_20251206_125021/params_M80_ML11_EFC1301_EFS340/dynamic_with_opts/run_stdout_1.log,1
full,0,0,0,0,0,0,0,80,11,1301,340,5048.469771,5057.044292, 618.970378, 0.981750, 1.615586, 20700.670300, 16385, 16155.861983,results/ablation_20251206_125021/params_M80_ML11_EFC1301_EFS340/full/run_stdout_1.log,1
heap,0,0,0,0,1,0,0,80,11,1301,340,4608.140089,4613.552919, 725.246077, 0.981750, 1.378842, 20700.670300, 16385, 13788.423427,results/ablation_20251206_125021/params_M80_ML11_EFC1301_EFS340/heap/run_stdout_1.log,1
no_prefetch,0,1,0,0,0,0,0,80,11,1301,340,4623.730660,4629.940904, 564.538299, 0.981750, 1.771359, 20700.670300, 16385, 17713.590050,results/ablation_20251206_125021/params_M80_ML11_EFC1301_EFS340/no_prefetch/run_stdout_1.log,1
no_pruning,0,0,0,1,0,0,0,80,11,1301,340,4706.126402,4711.451799, 701.057606, 0.981750, 1.426416, 20700.670300, 16385, 14264.163045,results/ablation_20251206_125021/params_M80_ML11_EFC1301_EFS340/no_pruning/run_stdout_1.log,1
no_reorder,0,0,0,0,0,0,1,80,11,1301,340,4566.070099,4571.388592, 696.631189, 0.981750, 1.435480, 20700.670300, 16385, 14354.797996,results/ablation_20251206_125021/params_M80_ML11_EFC1301_EFS340/no_reorder/run_stdout_1.log,1
no_simd,0,0,1,0,0,0,0,80,11,1301,340,4730.472447,4735.872754, 728.187129, 0.981750, 1.373273, 20700.670300, 16385, 13732.733798,results/ablation_20251206_125021/params_M80_ML11_EFC1301_EFS340/no_simd/run_stdout_1.log,1
dynamic_struct,0,0,0,0,0,1,0,80,11,1301,360,4308.681031,4313.919310, 679.119068, 0.983540, 1.472496, 21774.674500, 17054, 14724.958357,results/ablation_20251206_125021/params_M80_ML11_EFC1301_EFS360/dynamic_struct/run_stdout_1.log,1
dynamic_with_opts,0,0,0,0,0,1,0,80,11,1301,360,4453.213323,4458.344284, 683.850488, 0.983540, 1.462308, 21774.674500, 17054, 14623.079423,results/ablation_20251206_125021/params_M80_ML11_EFC1301_EFS360/dynamic_with_opts/run_stdout_1.log,1
full,0,0,0,0,0,0,0,80,11,1301,360,4415.322284,4420.676307, 536.986153, 0.983540, 1.862245, 21774.674500, 17054, 18622.454114,results/ablation_20251206_125021/params_M80_ML11_EFC1301_EFS360/full/run_stdout_1.log,1
heap,0,0,0,0,1,0,0,80,11,1301,360,4417.295848,4422.914424, 684.851142, 0.983540, 1.460171, 21774.674500, 17054, 14601.713260,results/ablation_20251206_125021/params_M80_ML11_EFC1301_EFS360/heap/run_stdout_1.log,1
no_prefetch,0,1,0,0,0,0,0,80,11,1301,360,4406.601452,4412.667663, 534.350230, 0.983540, 1.871432, 21774.674500, 17054, 18714.317764,results/ablation_20251206_125021/params_M80_ML11_EFC1301_EFS360/no_prefetch/run_stdout_1.log,1
no_pruning,0,0,0,1,0,0,0,80,11,1301,360,4393.350763,4398.912012, 677.846490, 0.983540, 1.475260, 21774.674500, 17054, 14752.602772,results/ablation_20251206_125021/params_M80_ML11_EFC1301_EFS360/no_pruning/run_stdout_1.log,1
no_reorder,0,0,0,0,0,0,1,80,11,1301,360,4541.030548,4546.296898, 666.262216, 0.983540, 1.500911, 21774.674500, 17054, 15009.105653,results/ablation_20251206_125021/params_M80_ML11_EFC1301_EFS360/no_reorder/run_stdout_1.log,1
no_simd,0,0,1,0,0,0,0,80,11,1301,360,4342.509151,4347.921482, 665.543987, 0.983540, 1.502530, 21774.674500, 17054, 15025.302906,results/ablation_20251206_125021/params_M80_ML11_EFC1301_EFS360/no_simd/run_stdout_1.log,1
dynamic_struct,0,0,0,0,0,1,0,80,11,1301,380,4380.652355,4386.453576, 628.549671, 0.984920, 1.590964, 22842.944900, 17843, 15909.641620,results/ablation_20251206_125021/params_M80_ML11_EFC1301_EFS380/dynamic_struct/run_stdout_1.log,1
dynamic_with_opts,0,0,0,0,0,1,0,80,11,1301,380,4500.339822,4506.070872, 634.908452, 0.984920, 1.575030, 22842.944900, 17843, 15750.302220,results/ablation_20251206_125021/params_M80_ML11_EFC1301_EFS380/dynamic_with_opts/run_stdout_1.log,1
full,0,0,0,0,0,0,0,80,11,1301,380,4288.625943,4293.817233, 635.439279, 0.984920, 1.573714, 22842.944900, 17843, 15737.144891,results/ablation_20251206_125021/params_M80_ML11_EFC1301_EFS380/full/run_stdout_1.log,1
heap,0,0,0,0,1,0,0,80,11,1301,380,4442.032306,4448.002206, 607.233439, 0.984920, 1.646813, 22842.944900, 17843, 16468.131306,results/ablation_20251206_125021/params_M80_ML11_EFC1301_EFS380/heap/run_stdout_1.log,1
no_prefetch,0,1,0,0,0,0,0,80,11,1301,380,4526.208586,4533.234224, 506.900727, 0.984920, 1.972773, 22842.944900, 17843, 19727.728660,results/ablation_20251206_125021/params_M80_ML11_EFC1301_EFS380/no_prefetch/run_stdout_1.log,1
no_pruning,0,0,0,1,0,0,0,80,11,1301,380,4470.689160,4476.162190, 624.127670, 0.984920, 1.602236, 22842.944900, 17843, 16022.362873,results/ablation_20251206_125021/params_M80_ML11_EFC1301_EFS380/no_pruning/run_stdout_1.log,1
no_reorder,0,0,0,0,0,0,1,80,11,1301,380,3178.220026,4585.292342, 622.778538, 0.984920, 1.605707, 22842.944900, 17843, 16057.072287,results/ablation_20251206_125021/params_M80_ML11_EFC1301_EFS380/no_reorder/run_stdout_1.log,1
no_simd,0,0,1,0,0,0,0,80,11,1301,380,4545.813361,4552.183043, 632.156808, 0.984920, 1.581886, 22842.944900, 17843, 15818.859943,results/ablation_20251206_125021/params_M80_ML11_EFC1301_EFS380/no_simd/run_stdout_1.log,1
dynamic_struct,0,0,0,0,0,1,0,80,11,1301,400,4355.757578,4361.738978, 605.109599, 0.986180, 1.652593, 23903.419400, 18484, 16525.931861,results/ablation_20251206_125021/params_M80_ML11_EFC1301_EFS400/dynamic_struct/run_stdout_1.log,1
dynamic_with_opts,0,0,0,0,0,1,0,80,11,1301,400,4496.748201,4501.971581, 612.612165, 0.986180, 1.632354, 23903.419400, 18484, 16323.541348,results/ablation_20251206_125021/params_M80_ML11_EFC1301_EFS400/dynamic_with_opts/run_stdout_1.log,1
full,0,0,0,0,0,0,0,80,11,1301,400,4413.323922,4419.229629, 604.066983, 0.986180, 1.655446, 23903.419400, 18484, 16554.455519,results/ablation_20251206_125021/params_M80_ML11_EFC1301_EFS400/full/run_stdout_1.log,1
heap,0,0,0,0,1,0,0,80,11,1301,400,4378.427527,4384.413138, 602.095683, 0.986180, 1.660866, 23903.419400, 18484, 16608.655869,results/ablation_20251206_125021/params_M80_ML11_EFC1301_EFS400/heap/run_stdout_1.log,1
no_prefetch,0,1,0,0,0,0,0,80,11,1301,400,4530.362337,4537.029429, 477.608666, 0.986180, 2.093764, 23903.419400, 18484, 20937.643519,results/ablation_20251206_125021/params_M80_ML11_EFC1301_EFS400/no_prefetch/run_stdout_1.log,1
no_pruning,0,0,0,1,0,0,0,80,11,1301,400,4331.576845,4336.829910, 608.816206, 0.986180, 1.642532, 23903.419400, 18484, 16425.318361,results/ablation_20251206_125021/params_M80_ML11_EFC1301_EFS400/no_pruning/run_stdout_1.log,1
no_reorder,0,0,0,0,0,0,1,80,11,1301,400,4347.043774,4352.959035, 591.031259, 0.986180, 1.691958, 23903.419400, 18484, 16919.578872,results/ablation_20251206_125021/params_M80_ML11_EFC1301_EFS400/no_reorder/run_stdout_1.log,1
no_simd,0,0,1,0,0,0,0,80,11,1301,400,2912.496723,4369.168145, 608.027296, 0.986180, 1.644663, 23903.419400, 18484, 16446.630054,results/ablation_20251206_125021/params_M80_ML11_EFC1301_EFS400/no_simd/run_stdout_1.log,1
dynamic_struct,0,0,0,0,0,1,0,80,11,1301,420,4518.330395,4524.252456, 580.957697, 0.987370, 1.721296, 24955.185600, 19384, 17212.957257,results/ablation_20251206_125021/params_M80_ML11_EFC1301_EFS420/dynamic_struct/run_stdout_1.log,1
dynamic_with_opts,0,0,0,0,0,1,0,80,11,1301,420,2872.072008,4325.955995, 585.559308, 0.987370, 1.707769, 24955.185600, 19384, 17077.689434,results/ablation_20251206_125021/params_M80_ML11_EFC1301_EFS420/dynamic_with_opts/run_stdout_1.log,1
full,0,0,0,0,0,0,0,80,11,1301,420,4334.679297,4340.452668, 462.440428, 0.987370, 2.162441, 24955.185600, 19384, 21624.406945,results/ablation_20251206_125021/params_M80_ML11_EFC1301_EFS420/full/run_stdout_1.log,1
heap,0,0,0,0,1,0,0,80,11,1301,420,4492.508808,4498.117122, 584.668760, 0.987370, 1.710370, 24955.185600, 19384, 17103.701588,results/ablation_20251206_125021/params_M80_ML11_EFC1301_EFS420/heap/run_stdout_1.log,1
no_prefetch,0,1,0,0,0,0,0,80,11,1301,420,4352.762539,4358.987752, 458.891850, 0.987370, 2.179163, 24955.185600, 19384, 21791.626921,results/ablation_20251206_125021/params_M80_ML11_EFC1301_EFS420/no_prefetch/run_stdout_1.log,1
no_pruning,0,0,0,1,0,0,0,80,11,1301,420,2848.258568,4359.749022, 585.498348, 0.987370, 1.707947, 24955.185600, 19384, 17079.467499,results/ablation_20251206_125021/params_M80_ML11_EFC1301_EFS420/no_pruning/run_stdout_1.log,1
no_reorder,0,0,0,0,0,0,1,80,11,1301,420,4330.393473,4335.620672, 579.760939, 0.987370, 1.724849, 24955.185600, 19384, 17248.488700,results/ablation_20251206_125021/params_M80_ML11_EFC1301_EFS420/no_reorder/run_stdout_1.log,1
no_simd,0,0,1,0,0,0,0,80,11,1301,420,4356.212952,4361.649102, 557.253079, 0.987370, 1.794517, 24955.185600, 19384, 17945.167789,results/ablation_20251206_125021/params_M80_ML11_EFC1301_EFS420/no_simd/run_stdout_1.log,1
dynamic_struct,0,0,0,0,0,1,0,80,11,1301,440,4304.728726,4310.345688, 552.611972, 0.988220, 1.809588, 25999.109400, 20146, 18095.880111,results/ablation_20251206_125021/params_M80_ML11_EFC1301_EFS440/dynamic_struct/run_stdout_1.log,1
dynamic_with_opts,0,0,0,0,0,1,0,80,11,1301,440,4637.295769,4642.915926, 449.262579, 0.988220, 2.225870, 25999.109400, 20146, 22258.697868,results/ablation_20251206_125021/params_M80_ML11_EFC1301_EFS440/dynamic_with_opts/run_stdout_1.log,1
full,0,0,0,0,0,0,0,80,11,1301,440,4323.744001,4329.067481, 468.784880, 0.988220, 2.133175, 25999.109400, 20146, 21331.746002,results/ablation_20251206_125021/params_M80_ML11_EFC1301_EFS440/full/run_stdout_1.log,1
heap,0,0,0,0,1,0,0,80,11,1301,440,2808.258469,4315.639287, 554.044392, 0.988220, 1.804910, 25999.109400, 20146, 18049.095246,results/ablation_20251206_125021/params_M80_ML11_EFC1301_EFS440/heap/run_stdout_1.log,1
no_prefetch,0,1,0,0,0,0,0,80,11,1301,440,4343.242410,4348.662448, 443.320039, 0.988220, 2.255707, 25999.109400, 20146, 22557.067416,results/ablation_20251206_125021/params_M80_ML11_EFC1301_EFS440/no_prefetch/run_stdout_1.log,1
no_pruning,0,0,0,1,0,0,0,80,11,1301,440,4306.283805,4312.463620, 553.633206, 0.988220, 1.806250, 25999.109400, 20146, 18062.500381,results/ablation_20251206_125021/params_M80_ML11_EFC1301_EFS440/no_pruning/run_stdout_1.log,1
no_reorder,0,0,0,0,0,0,1,80,11,1301,440,4318.874477,4324.750284, 555.252905, 0.988220, 1.800981, 25999.109400, 20146, 18009.811232,results/ablation_20251206_125021/params_M80_ML11_EFC1301_EFS440/no_reorder/run_stdout_1.log,1
no_simd,0,0,1,0,0,0,0,80,11,1301,440,4530.174407,4535.451456, 571.691148, 0.988220, 1.749196, 25999.109400, 20146, 17491.962286,results/ablation_20251206_125021/params_M80_ML11_EFC1301_EFS440/no_simd/run_stdout_1.log,1
dynamic_struct,0,0,0,0,0,1,0,80,11,1301,460,4473.767542,4480.034888, 525.455621, 0.989250, 1.903110, 27039.251300, 20967, 19031.102909,results/ablation_20251206_125021/params_M80_ML11_EFC1301_EFS460/dynamic_struct/run_stdout_1.log,1
dynamic_with_opts,0,0,0,0,0,1,0,80,11,1301,460,4623.069607,4628.805900, 535.322452, 0.989250, 1.868033, 27039.251300, 20967, 18680.329884,results/ablation_20251206_125021/params_M80_ML11_EFC1301_EFS460/dynamic_with_opts/run_stdout_1.log,1
full,0,0,0,0,0,0,0,80,11,1301,460,4627.949116,4633.377862, 529.009360, 0.989250, 1.890326, 27039.251300, 20967, 18903.257207,results/ablation_20251206_125021/params_M80_ML11_EFC1301_EFS460/full/run_stdout_1.log,1
heap,0,0,0,0,1,0,0,80,11,1301,460,4366.011875,4371.457724, 509.466213, 0.989250, 1.962839, 27039.251300, 20967, 19628.387013,results/ablation_20251206_125021/params_M80_ML11_EFC1301_EFS460/heap/run_stdout_1.log,1
no_prefetch,0,1,0,0,0,0,0,80,11,1301,460,4373.489646,4379.085932, 419.292659, 0.989250, 2.384969, 27039.251300, 20967, 23849.690173,results/ablation_20251206_125021/params_M80_ML11_EFC1301_EFS460/no_prefetch/run_stdout_1.log,1
no_pruning,0,0,0,1,0,0,0,80,11,1301,460,4370.141343,4375.506573, 525.850798, 0.989250, 1.901680, 27039.251300, 20967, 19016.801024,results/ablation_20251206_125021/params_M80_ML11_EFC1301_EFS460/no_pruning/run_stdout_1.log,1
no_reorder,0,0,0,0,0,0,1,80,11,1301,460,4538.608400,4543.952768, 419.407429, 0.989250, 2.384316, 27039.251300, 20967, 23843.163732,results/ablation_20251206_125021/params_M80_ML11_EFC1301_EFS460/no_reorder/run_stdout_1.log,1
no_simd,0,0,1,0,0,0,0,80,11,1301,460,2802.802748,4346.976275, 525.407383, 0.989250, 1.903285, 27039.251300, 20967, 19032.850189,results/ablation_20251206_125021/params_M80_ML11_EFC1301_EFS460/no_simd/run_stdout_1.log,1
dynamic_struct,0,0,0,0,0,1,0,80,11,1301,480,4301.945811,4307.160274, 437.868153, 0.990200, 2.283792, 28071.801000, 21623, 22837.924935,results/ablation_20251206_125021/params_M80_ML11_EFC1301_EFS480/dynamic_struct/run_stdout_1.log,1
dynamic_with_opts,0,0,0,0,0,1,0,80,11,1301,480,4311.733939,4317.083342, 519.249845, 0.990200, 1.925855, 28071.801000, 21623, 19258.551725,results/ablation_20251206_125021/params_M80_ML11_EFC1301_EFS480/dynamic_with_opts/run_stdout_1.log,1
full,0,0,0,0,0,0,0,80,11,1301,480,4521.460152,4526.780169, 513.686697, 0.990200, 1.946712, 28071.801000, 21623, 19467.118890,results/ablation_20251206_125021/params_M80_ML11_EFC1301_EFS480/full/run_stdout_1.log,1
heap,0,0,0,0,1,0,0,80,11,1301,480,4321.055603,4326.337888, 510.567838, 0.990200, 1.958604, 28071.801000, 21623, 19586.035897,results/ablation_20251206_125021/params_M80_ML11_EFC1301_EFS480/heap/run_stdout_1.log,1
no_prefetch,0,1,0,0,0,0,0,80,11,1301,480,4268.130778,4273.455854, 398.321575, 0.990200, 2.510534, 28071.801000, 21623, 25105.343587,results/ablation_20251206_125021/params_M80_ML11_EFC1301_EFS480/no_prefetch/run_stdout_1.log,1
no_pruning,0,0,0,1,0,0,0,80,11,1301,480,4286.051571,4291.376265, 515.090920, 0.990200, 1.941405, 28071.801000, 21623, 19414.048309,results/ablation_20251206_125021/params_M80_ML11_EFC1301_EFS480/no_pruning/run_stdout_1.log,1
no_reorder,0,0,0,0,0,0,1,80,11,1301,480,4379.378200,4384.694860, 516.614612, 0.990200, 1.935679, 28071.801000, 21623, 19356.788907,results/ablation_20251206_125021/params_M80_ML11_EFC1301_EFS480/no_reorder/run_stdout_1.log,1
no_simd,0,0,1,0,0,0,0,80,11,1301,480,4393.444676,4399.076032, 494.969546, 0.990200, 2.020326, 28071.801000, 21623, 20203.263154,results/ablation_20251206_125021/params_M80_ML11_EFC1301_EFS480/no_simd/run_stdout_1.log,1
dynamic_struct,0,0,0,0,0,1,0,80,11,1301,500,4282.167737,4287.680972, 491.155687, 0.990890, 2.036014, 29097.190700, 22204, 20360.142936,results/ablation_20251206_125021/params_M80_ML11_EFC1301_EFS500/dynamic_struct/run_stdout_1.log,1
dynamic_with_opts,0,0,0,0,0,1,0,80,11,1301,500,2754.548553,4346.437859, 493.097062, 0.990890, 2.027998, 29097.190700, 22204, 20279.982920,results/ablation_20251206_125021/params_M80_ML11_EFC1301_EFS500/dynamic_with_opts/run_stdout_1.log,1
full,0,0,0,0,0,0,0,80,11,1301,500,2865.371995,4413.947711, 494.916291, 0.990890, 2.020544, 29097.190700, 22204, 20205.437105,results/ablation_20251206_125021/params_M80_ML11_EFC1301_EFS500/full/run_stdout_1.log,1
heap,0,0,0,0,1,0,0,80,11,1301,500,4500.553886,4506.480501, 468.474265, 0.990890, 2.134589, 29097.190700, 22204, 21345.889727,results/ablation_20251206_125021/params_M80_ML11_EFC1301_EFS500/heap/run_stdout_1.log,1
no_prefetch,0,1,0,0,0,0,0,80,11,1301,500,4487.300453,4492.754011, 394.437993, 0.990890, 2.535253, 29097.190700, 22204, 25352.527326,results/ablation_20251206_125021/params_M80_ML11_EFC1301_EFS500/no_prefetch/run_stdout_1.log,1
no_pruning,0,0,0,1,0,0,0,80,11,1301,500,4331.056205,4336.502577, 489.036525, 0.990890, 2.044837, 29097.190700, 22204, 20448.370377,results/ablation_20251206_125021/params_M80_ML11_EFC1301_EFS500/no_pruning/run_stdout_1.log,1
no_reorder,0,0,0,0,0,0,1,80,11,1301,500,4289.546077,4294.739454, 493.605270, 0.990890, 2.025910, 29097.190700, 22204, 20259.102970,results/ablation_20251206_125021/params_M80_ML11_EFC1301_EFS500/no_reorder/run_stdout_1.log,1
no_simd,0,0,1,0,0,0,0,80,11,1301,500,4525.228565,4530.616721, 483.440160, 0.990890, 2.068508, 29097.190700, 22204, 20685.083360,results/ablation_20251206_125021/params_M80_ML11_EFC1301_EFS500/no_simd/run_stdout_1.log,1
dynamic_struct,0,0,0,0,0,1,0,80,11,1301,520,4452.049015,4457.437419, 468.143961, 0.991530, 2.136095, 30115.224900, 22878, 21360.950541,results/ablation_20251206_125021/params_M80_ML11_EFC1301_EFS520/dynamic_struct/run_stdout_1.log,1
dynamic_with_opts,0,0,0,0,0,1,0,80,11,1301,520,4325.269082,4330.848368, 468.661267, 0.991530, 2.133737, 30115.224900, 22878, 21337.372425,results/ablation_20251206_125021/params_M80_ML11_EFC1301_EFS520/dynamic_with_opts/run_stdout_1.log,1
full,0,0,0,0,0,0,0,80,11,1301,520,4346.008397,4351.355916, 469.856082, 0.991530, 2.128311, 30115.224900, 22878, 21283.112802,results/ablation_20251206_125021/params_M80_ML11_EFC1301_EFS520/full/run_stdout_1.log,1
heap,0,0,0,0,1,0,0,80,11,1301,520,4303.204190,4308.524808, 468.977591, 0.991530, 2.132298, 30115.224900, 22878, 21322.980428,results/ablation_20251206_125021/params_M80_ML11_EFC1301_EFS520/heap/run_stdout_1.log,1
no_prefetch,0,1,0,0,0,0,0,80,11,1301,520,4342.633955,4347.926494, 375.469888, 0.991530, 2.663329, 30115.224900, 22878, 26633.294220,results/ablation_20251206_125021/params_M80_ML11_EFC1301_EFS520/no_prefetch/run_stdout_1.log,1
no_pruning,0,0,0,1,0,0,0,80,11,1301,520,4287.614485,4292.865574, 466.551485, 0.991530, 2.143386, 30115.224900, 22878, 21433.861673,results/ablation_20251206_125021/params_M80_ML11_EFC1301_EFS520/no_pruning/run_stdout_1.log,1
no_reorder,0,0,0,0,0,0,1,80,11,1301,520,4564.204316,4569.623078, 467.887560, 0.991530, 2.137266, 30115.224900, 22878, 21372.656279,results/ablation_20251206_125021/params_M80_ML11_EFC1301_EFS520/no_reorder/run_stdout_1.log,1
no_simd,0,0,1,0,0,0,0,80,11,1301,520,4369.690287,4374.874605, 402.549493, 0.991530, 2.484167, 30115.224900, 22878, 24841.665845,results/ablation_20251206_125021/params_M80_ML11_EFC1301_EFS520/no_simd/run_stdout_1.log,1
dynamic_struct,0,0,0,0,0,1,0,80,11,1301,540,2649.331326,4280.585498, 445.733118, 0.992010, 2.243495, 31128.008500, 23450, 22434.949539,results/ablation_20251206_125021/params_M80_ML11_EFC1301_EFS540/dynamic_struct/run_stdout_1.log,1
dynamic_with_opts,0,0,0,0,0,1,0,80,11,1301,540,4290.180800,4295.447869, 392.049914, 0.992010, 2.550696, 31128.008500, 23450, 25506.956260,results/ablation_20251206_125021/params_M80_ML11_EFC1301_EFS540/dynamic_with_opts/run_stdout_1.log,1
full,0,0,0,0,0,0,0,80,11,1301,540,4295.933182,4301.411936, 450.044946, 0.992010, 2.222000, 31128.008500, 23450, 22220.002885,results/ablation_20251206_125021/params_M80_ML11_EFC1301_EFS540/full/run_stdout_1.log,1
heap,0,0,0,0,1,0,0,80,11,1301,540,4318.078826,4323.391664, 432.726754, 0.992010, 2.310927, 31128.008500, 23450, 23109.271417,results/ablation_20251206_125021/params_M80_ML11_EFC1301_EFS540/heap/run_stdout_1.log,1
no_prefetch,0,1,0,0,0,0,0,80,11,1301,540,4278.665042,4284.029690, 320.492764, 0.992010, 3.120195, 31128.008500, 23450, 31201.952496,results/ablation_20251206_125021/params_M80_ML11_EFC1301_EFS540/no_prefetch/run_stdout_1.log,1
no_pruning,0,0,0,1,0,0,0,80,11,1301,540,4289.719974,4295.274633, 457.326108, 0.992010, 2.186623, 31128.008500, 23450, 21866.234697,results/ablation_20251206_125021/params_M80_ML11_EFC1301_EFS540/no_pruning/run_stdout_1.log,1
no_reorder,0,0,0,0,0,0,1,80,11,1301,540,4309.680574,4314.922950, 453.495614, 0.992010, 2.205093, 31128.008500, 23450, 22050.929895,results/ablation_20251206_125021/params_M80_ML11_EFC1301_EFS540/no_reorder/run_stdout_1.log,1
no_simd,0,0,1,0,0,0,0,80,11,1301,540,4496.035286,4501.588590, 457.913339, 0.992010, 2.183819, 31128.008500, 23450, 21838.193264,results/ablation_20251206_125021/params_M80_ML11_EFC1301_EFS540/no_simd/run_stdout_1.log,1
dynamic_struct,0,0,0,0,0,1,0,80,11,1301,560,4335.037469,4340.414739, 376.206987, 0.992550, 2.658111, 32136.811400, 24122, 26581.111872,results/ablation_20251206_125021/params_M80_ML11_EFC1301_EFS560/dynamic_struct/run_stdout_1.log,1
dynamic_with_opts,0,0,0,0,0,1,0,80,11,1301,560,4308.693298,4313.940520, 434.651717, 0.992550, 2.300693, 32136.811400, 24122, 23006.926239,results/ablation_20251206_125021/params_M80_ML11_EFC1301_EFS560/dynamic_with_opts/run_stdout_1.log,1
full,0,0,0,0,0,0,0,80,11,1301,560,4255.671227,4261.105928, 433.113519, 0.992550, 2.308864, 32136.811400, 24122, 23088.635086,results/ablation_20251206_125021/params_M80_ML11_EFC1301_EFS560/full/run_stdout_1.log,1
heap,0,0,0,0,1,0,0,80,11,1301,560,4329.840397,4335.417257, 440.509669, 0.992550, 2.270098, 32136.811400, 24122, 22700.977294,results/ablation_20251206_125021/params_M80_ML11_EFC1301_EFS560/heap/run_stdout_1.log,1
no_prefetch,0,1,0,0,0,0,0,80,11,1301,560,4316.777371,4322.284637, 356.279527, 0.992550, 2.806785, 32136.811400, 24122, 28067.849083,results/ablation_20251206_125021/params_M80_ML11_EFC1301_EFS560/no_prefetch/run_stdout_1.log,1
no_pruning,0,0,0,1,0,0,0,80,11,1301,560,4363.120000,4368.576852, 443.270139, 0.992550, 2.255961, 32136.811400, 24122, 22559.606730,results/ablation_20251206_125021/params_M80_ML11_EFC1301_EFS560/no_pruning/run_stdout_1.log,1
no_reorder,0,0,0,0,0,0,1,80,11,1301,560,4422.347851,4427.775288, 427.873260, 0.992550, 2.337141, 32136.811400, 24122, 23371.406738,results/ablation_20251206_125021/params_M80_ML11_EFC1301_EFS560/no_reorder/run_stdout_1.log,1
no_simd,0,0,1,0,0,0,0,80,11,1301,560,4237.535322,4242.914417, 444.087416, 0.992550, 2.251809, 32136.811400, 24122, 22518.089103,results/ablation_20251206_125021/params_M80_ML11_EFC1301_EFS560/no_simd/run_stdout_1.log,1
dynamic_struct,0,0,0,0,0,1,0,80,11,1301,580,4419.432527,4424.883060, 429.992921, 0.993070, 2.325620, 33139.905500, 24735, 23256.196822,results/ablation_20251206_125021/params_M80_ML11_EFC1301_EFS580/dynamic_struct/run_stdout_1.log,1
dynamic_with_opts,0,0,0,0,0,1,0,80,11,1301,580,4357.434740,4362.887260, 419.468569, 0.993070, 2.383969, 33139.905500, 24735, 23839.688455,results/ablation_20251206_125021/params_M80_ML11_EFC1301_EFS580/dynamic_with_opts/run_stdout_1.log,1
full,0,0,0,0,0,0,0,80,11,1301,580,4326.847493,4332.218655, 418.997286, 0.993070, 2.386650, 33139.905500, 24735, 23866.503023,results/ablation_20251206_125021/params_M80_ML11_EFC1301_EFS580/full/run_stdout_1.log,1
heap,0,0,0,0,1,0,0,80,11,1301,580,4367.281277,4372.726216, 431.942083, 0.993070, 2.315125, 33139.905500, 24735, 23151.251950,results/ablation_20251206_125021/params_M80_ML11_EFC1301_EFS580/heap/run_stdout_1.log,1
no_prefetch,0,1,0,0,0,0,0,80,11,1301,580,4329.978234,4335.295225, 340.190336, 0.993070, 2.939531, 33139.905500, 24735, 29395.308834,results/ablation_20251206_125021/params_M80_ML11_EFC1301_EFS580/no_prefetch/run_stdout_1.log,1
no_pruning,0,0,0,1,0,0,0,80,11,1301,580,4396.539222,4401.772876, 368.257018, 0.993070, 2.715495, 33139.905500, 24735, 27154.947495,results/ablation_20251206_125021/params_M80_ML11_EFC1301_EFS580/no_pruning/run_stdout_1.log,1
no_reorder,0,0,0,0,0,0,1,80,11,1301,580,4311.769937,4317.221856, 416.785388, 0.993070, 2.399316, 33139.905500, 24735, 23993.163593,results/ablation_20251206_125021/params_M80_ML11_EFC1301_EFS580/no_reorder/run_stdout_1.log,1
no_simd,0,0,1,0,0,0,0,80,11,1301,580,4367.866554,4373.409272, 422.055109, 0.993070, 2.369359, 33139.905500, 24735, 23693.588310,results/ablation_20251206_125021/params_M80_ML11_EFC1301_EFS580/no_simd/run_stdout_1.log,1
dynamic_struct,0,0,0,0,0,1,0,80,11,1301,600,4564.888581,4570.461193, 410.491970, 0.993540, 2.436101, 34137.262000, 25395, 24361.012489,results/ablation_20251206_125021/params_M80_ML11_EFC1301_EFS600/dynamic_struct/run_stdout_1.log,1
dynamic_with_opts,0,0,0,0,0,1,0,80,11,1301,600,4551.171289,4556.749087, 358.325685, 0.993540, 2.790757, 34137.262000, 25395, 27907.572412,results/ablation_20251206_125021/params_M80_ML11_EFC1301_EFS600/dynamic_with_opts/run_stdout_1.log,1
full,0,0,0,0,0,0,0,80,11,1301,600,4331.075178,4336.475834, 406.045680, 0.993540, 2.462777, 34137.262000, 25395, 24627.770973,results/ablation_20251206_125021/params_M80_ML11_EFC1301_EFS600/full/run_stdout_1.log,1
heap,0,0,0,0,1,0,0,80,11,1301,600,4585.612388,4591.014276, 412.680990, 0.993540, 2.423179, 34137.262000, 25395, 24231.792187,results/ablation_20251206_125021/params_M80_ML11_EFC1301_EFS600/heap/run_stdout_1.log,1
no_prefetch,0,1,0,0,0,0,0,80,11,1301,600,4335.423042,4341.310480, 298.530950, 0.993540, 3.349736, 34137.262000, 25395, 33497.364396,results/ablation_20251206_125021/params_M80_ML11_EFC1301_EFS600/no_prefetch/run_stdout_1.log,1
no_pruning,0,0,0,1,0,0,0,80,11,1301,600,4573.143479,4578.752086, 412.349691, 0.993540, 2.425126, 34137.262000, 25395, 24251.261029,results/ablation_20251206_125021/params_M80_ML11_EFC1301_EFS600/no_pruning/run_stdout_1.log,1
no_reorder,0,0,0,0,0,0,1,80,11,1301,600,4518.343161,4523.755410, 411.195870, 0.993540, 2.431931, 34137.262000, 25395, 24319.310428,results/ablation_20251206_125021/params_M80_ML11_EFC1301_EFS600/no_reorder/run_stdout_1.log,1
no_simd,0,0,1,0,0,0,0,80,11,1301,600,4581.508260,4587.062048, 420.676995, 0.993540, 2.377121, 34137.262000, 25395, 23771.207180,results/ablation_20251206_125021/params_M80_ML11_EFC1301_EFS600/no_simd/run_stdout_1.log,1
dynamic_struct,0,0,0,0,0,1,0,80,11,1301,620,4674.627627,4680.758136, 372.399906, 0.993910, 2.685285, 35128.925600, 26106, 26852.853208,results/ablation_20251206_125021/params_M80_ML11_EFC1301_EFS620/dynamic_struct/run_stdout_1.log,1
dynamic_with_opts,0,0,0,0,0,1,0,80,11,1301,620,2731.930781,4371.042125, 377.272271, 0.993910, 2.650606, 35128.925600, 26106, 26506.056155,results/ablation_20251206_125021/params_M80_ML11_EFC1301_EFS620/dynamic_with_opts/run_stdout_1.log,1
full,0,0,0,0,0,0,0,80,11,1301,620,4402.336356,4407.963566, 392.598508, 0.993910, 2.547131, 35128.925600, 26106, 25471.314293,results/ablation_20251206_125021/params_M80_ML11_EFC1301_EFS620/full/run_stdout_1.log,1
heap,0,0,0,0,1,0,0,80,11,1301,620,4360.327103,4365.699561, 379.990417, 0.993910, 2.631645, 35128.925600, 26106, 26316.453121,results/ablation_20251206_125021/params_M80_ML11_EFC1301_EFS620/heap/run_stdout_1.log,1
no_prefetch,0,1,0,0,0,0,0,80,11,1301,620,4315.680947,4321.140757, 320.759633, 0.993910, 3.117599, 35128.925600, 26106, 31175.992811,results/ablation_20251206_125021/params_M80_ML11_EFC1301_EFS620/no_prefetch/run_stdout_1.log,1
no_pruning,0,0,0,1,0,0,0,80,11,1301,620,4344.007233,4349.240111, 376.570115, 0.993910, 2.655548, 35128.925600, 26106, 26555.479606,results/ablation_20251206_125021/params_M80_ML11_EFC1301_EFS620/no_pruning/run_stdout_1.log,1
no_reorder,0,0,0,0,0,0,1,80,11,1301,620,2832.995748,4498.396152, 374.945974, 0.993910, 2.667051, 35128.925600, 26106, 26670.509043,results/ablation_20251206_125021/params_M80_ML11_EFC1301_EFS620/no_reorder/run_stdout_1.log,1
no_simd,0,0,1,0,0,0,0,80,11,1301,620,4362.893058,4368.620848, 393.964103, 0.993910, 2.538302, 35128.925600, 26106, 25383.023285,results/ablation_20251206_125021/params_M80_ML11_EFC1301_EFS620/no_simd/run_stdout_1.log,1
dynamic_struct,0,0,0,0,0,1,0,80,11,1301,640,3065.535841,4693.421245, 365.279175, 0.994230, 2.737632, 36116.653300, 26700, 27376.321161,results/ablation_20251206_125021/params_M80_ML11_EFC1301_EFS640/dynamic_struct/run_stdout_1.log,1
dynamic_with_opts,0,0,0,0,0,1,0,80,11,1301,640,4526.868729,4532.263384, 329.473608, 0.994230, 3.035144, 36116.653300, 26700, 30351.444691,results/ablation_20251206_125021/params_M80_ML11_EFC1301_EFS640/dynamic_with_opts/run_stdout_1.log,1
full,0,0,0,0,0,0,0,80,11,1301,640,2818.798416,4453.858282, 351.724128, 0.994230, 2.843137, 36116.653300, 26700, 28431.373342,results/ablation_20251206_125021/params_M80_ML11_EFC1301_EFS640/full/run_stdout_1.log,1
heap,0,0,0,0,1,0,0,80,11,1301,640,4566.841162,4572.064511, 352.069705, 0.994230, 2.840347, 36116.653300, 26700, 28403.466314,results/ablation_20251206_125021/params_M80_ML11_EFC1301_EFS640/heap/run_stdout_1.log,1
no_prefetch,0,1,0,0,0,0,0,80,11,1301,640,4641.187961,4646.836904, 276.931073, 0.994230, 3.611007, 36116.653300, 26700, 36110.068457,results/ablation_20251206_125021/params_M80_ML11_EFC1301_EFS640/no_prefetch/run_stdout_1.log,1
no_pruning,0,0,0,1,0,0,0,80,11,1301,640,4498.863899,4504.465078, 332.669559, 0.994230, 3.005986, 36116.653300, 26700, 30059.858862,results/ablation_20251206_125021/params_M80_ML11_EFC1301_EFS640/no_pruning/run_stdout_1.log,1
no_reorder,0,0,0,0,0,0,1,80,11,1301,640,4656.325886,4661.810244, 381.223688, 0.994230, 2.623132, 36116.653300, 26700, 26231.318544,results/ablation_20251206_125021/params_M80_ML11_EFC1301_EFS640/no_reorder/run_stdout_1.log,1
no_simd,0,0,1,0,0,0,0,80,11,1301,640,4501.072972,4506.531012, 299.963522, 0.994230, 3.333739, 36116.653300, 26700, 33337.386899,results/ablation_20251206_125021/params_M80_ML11_EFC1301_EFS640/no_simd/run_stdout_1.log,1
dynamic_struct,0,0,0,0,0,1,0,80,11,1301,660,4363.301436,4368.918842, 363.605384, 0.994710, 2.750234, 37098.252500, 27351, 27502.343065,results/ablation_20251206_125021/params_M80_ML11_EFC1301_EFS660/dynamic_struct/run_stdout_1.log,1
dynamic_with_opts,0,0,0,0,0,1,0,80,11,1301,660,4386.316786,4391.519680, 369.848166, 0.994710, 2.703812, 37098.252500, 27351, 27038.122425,results/ablation_20251206_125021/params_M80_ML11_EFC1301_EFS660/dynamic_with_opts/run_stdout_1.log,1
full,0,0,0,0,0,0,0,80,11,1301,660,4451.294371,4456.873492, 361.124419, 0.994710, 2.769129, 37098.252500, 27351, 27691.287177,results/ablation_20251206_125021/params_M80_ML11_EFC1301_EFS660/full/run_stdout_1.log,1
heap,0,0,0,0,1,0,0,80,11,1301,660,4606.166549,4611.684371, 321.892166, 0.994710, 3.106630, 37098.252500, 27351, 31066.304332,results/ablation_20251206_125021/params_M80_ML11_EFC1301_EFS660/heap/run_stdout_1.log,1
no_prefetch,0,1,0,0,0,0,0,80,11,1301,660,4399.513285,4404.966989, 285.322788, 0.994710, 3.504802, 37098.252500, 27351, 35048.024324,results/ablation_20251206_125021/params_M80_ML11_EFC1301_EFS660/no_prefetch/run_stdout_1.log,1
no_pruning,0,0,0,1,0,0,0,80,11,1301,660,4538.131656,4543.493774, 364.825443, 0.994710, 2.741037, 37098.252500, 27351, 27410.368943,results/ablation_20251206_125021/params_M80_ML11_EFC1301_EFS660/no_pruning/run_stdout_1.log,1
no_reorder,0,0,0,0,0,0,1,80,11,1301,660,4424.407069,4429.759091, 368.242280, 0.994710, 2.715603, 37098.252500, 27351, 27156.034314,results/ablation_20251206_125021/params_M80_ML11_EFC1301_EFS660/no_reorder/run_stdout_1.log,1
no_simd,0,0,1,0,0,0,0,80,11,1301,660,4442.027975,4447.313642, 348.471991, 0.994710, 2.869671, 37098.252500, 27351, 28696.710940,results/ablation_20251206_125021/params_M80_ML11_EFC1301_EFS660/no_simd/run_stdout_1.log,1
dynamic_struct,0,0,0,0,0,1,0,80,11,1301,680,2630.004019,4411.317328, 353.049872, 0.995040, 2.832461, 38076.870000, 27921, 28324.610185,results/ablation_20251206_125021/params_M80_ML11_EFC1301_EFS680/dynamic_struct/run_stdout_1.log,1
dynamic_with_opts,0,0,0,0,0,1,0,80,11,1301,680,4387.383758,4393.555706, 316.553610, 0.995040, 3.159023, 38076.870000, 27921, 31590.225725,results/ablation_20251206_125021/params_M80_ML11_EFC1301_EFS680/dynamic_with_opts/run_stdout_1.log,1
full,0,0,0,0,0,0,0,80,11,1301,680,4402.179885,4407.462880, 359.117250, 0.995040, 2.784606, 38076.870000, 27921, 27846.058609,results/ablation_20251206_125021/params_M80_ML11_EFC1301_EFS680/full/run_stdout_1.log,1
heap,0,0,0,0,1,0,0,80,11,1301,680,2672.838901,4391.342609, 352.842421, 0.995040, 2.834126, 38076.870000, 27921, 28341.263428,results/ablation_20251206_125021/params_M80_ML11_EFC1301_EFS680/heap/run_stdout_1.log,1
no_prefetch,0,1,0,0,0,0,0,80,11,1301,680,4408.812214,4414.101760, 281.644551, 0.995040, 3.550575, 38076.870000, 27921, 35505.746403,results/ablation_20251206_125021/params_M80_ML11_EFC1301_EFS680/no_prefetch/run_stdout_1.log,1
no_pruning,0,0,0,1,0,0,0,80,11,1301,680,4505.232318,4510.810750, 344.697546, 0.995040, 2.901094, 38076.870000, 27921, 29010.940522,results/ablation_20251206_125021/params_M80_ML11_EFC1301_EFS680/no_pruning/run_stdout_1.log,1
no_reorder,0,0,0,0,0,0,1,80,11,1301,680,4377.728410,4382.934835, 354.842924, 0.995040, 2.818148, 38076.870000, 27921, 28181.483458,results/ablation_20251206_125021/params_M80_ML11_EFC1301_EFS680/no_reorder/run_stdout_1.log,1
no_simd,0,0,1,0,0,0,0,80,11,1301,680,4743.017342,4750.263640, 337.003888, 0.995040, 2.967325, 38076.870000, 27921, 29673.248148,results/ablation_20251206_125021/params_M80_ML11_EFC1301_EFS680/no_simd/run_stdout_1.log,1
dynamic_struct,0,0,0,0,0,1,0,80,11,1301,700,4535.645973,4542.008159, 352.333203, 0.995320, 2.838222, 39048.102700, 28662, 28382.224337,results/ablation_20251206_125021/params_M80_ML11_EFC1301_EFS700/dynamic_struct/run_stdout_1.log,1
dynamic_with_opts,0,0,0,0,0,1,0,80,11,1301,700,4345.027428,4350.425757, 349.950515, 0.995320, 2.857547, 39048.102700, 28662, 28575.468763,results/ablation_20251206_125021/params_M80_ML11_EFC1301_EFS700/dynamic_with_opts/run_stdout_1.log,1
full,0,0,0,0,0,0,0,80,11,1301,700,4660.793458,4667.113164, 344.610448, 0.995320, 2.901827, 39048.102700, 28662, 29018.272797,results/ablation_20251206_125021/params_M80_ML11_EFC1301_EFS700/full/run_stdout_1.log,1
heap,0,0,0,0,1,0,0,80,11,1301,700,2807.641513,4377.283258, 291.902831, 0.995320, 3.425798, 39048.102700, 28662, 34257.975371,results/ablation_20251206_125021/params_M80_ML11_EFC1301_EFS700/heap/run_stdout_1.log,1
no_prefetch,0,1,0,0,0,0,0,80,11,1301,700,4362.427160,4368.249567, 282.316876, 0.995320, 3.542119, 39048.102700, 28662, 35421.191051,results/ablation_20251206_125021/params_M80_ML11_EFC1301_EFS700/no_prefetch/run_stdout_1.log,1
no_pruning,0,0,0,1,0,0,0,80,11,1301,700,4344.501308,4350.392853, 353.715861, 0.995320, 2.827128, 39048.102700, 28662, 28271.279610,results/ablation_20251206_125021/params_M80_ML11_EFC1301_EFS700/no_pruning/run_stdout_1.log,1
no_reorder,0,0,0,0,0,0,1,80,11,1301,700,4399.560095,4404.815205, 347.241230, 0.995320, 2.879842, 39048.102700, 28662, 28798.423466,results/ablation_20251206_125021/params_M80_ML11_EFC1301_EFS700/no_reorder/run_stdout_1.log,1
no_simd,0,0,1,0,0,0,0,80,11,1301,700,4356.403249,4361.803338, 352.895133, 0.995320, 2.833703, 39048.102700, 28662, 28337.030050,results/ablation_20251206_125021/params_M80_ML11_EFC1301_EFS700/no_simd/run_stdout_1.log,1
dynamic_struct,0,0,0,0,0,1,0,80,11,1301,720,4457.576526,4463.501905, 333.609784, 0.995650, 2.997514, 40013.991500, 29367, 29975.140019,results/ablation_20251206_125021/params_M80_ML11_EFC1301_EFS720/dynamic_struct/run_stdout_1.log,1
dynamic_with_opts,0,0,0,0,0,1,0,80,11,1301,720,4360.567861,4367.010227, 327.183182, 0.995650, 3.056392, 40013.991500, 29367, 30563.918152,results/ablation_20251206_125021/params_M80_ML11_EFC1301_EFS720/dynamic_with_opts/run_stdout_1.log,1
full,0,0,0,0,0,0,0,80,11,1301,720,4332.593270,4337.951972, 335.369703, 0.995650, 2.981784, 40013.991500, 29367, 29817.839566,results/ablation_20251206_125021/params_M80_ML11_EFC1301_EFS720/full/run_stdout_1.log,1
heap,0,0,0,0,1,0,0,80,11,1301,720,4344.745134,4350.181026, 331.146864, 0.995650, 3.019808, 40013.991500, 29367, 30198.081513,results/ablation_20251206_125021/params_M80_ML11_EFC1301_EFS720/heap/run_stdout_1.log,1
no_prefetch,0,1,0,0,0,0,0,80,11,1301,720,4399.032817,4404.787351, 249.852743, 0.995650, 4.002357, 40013.991500, 29367, 40023.574984,results/ablation_20251206_125021/params_M80_ML11_EFC1301_EFS720/no_prefetch/run_stdout_1.log,1
no_pruning,0,0,0,1,0,0,0,80,11,1301,720,4368.649112,4374.230750, 333.479359, 0.995650, 2.998686, 40013.991500, 29367, 29986.863412,results/ablation_20251206_125021/params_M80_ML11_EFC1301_EFS720/no_pruning/run_stdout_1.log,1
no_reorder,0,0,0,0,0,0,1,80,11,1301,720,4414.890484,4420.275889, 289.762598, 0.995650, 3.451101, 40013.991500, 29367, 34511.010344,results/ablation_20251206_125021/params_M80_ML11_EFC1301_EFS720/no_reorder/run_stdout_1.log,1
no_simd,0,0,1,0,0,0,0,80,11,1301,720,4359.947144,4366.131924, 336.228633, 0.995650, 2.974167, 40013.991500, 29367, 29741.666870,results/ablation_20251206_125021/params_M80_ML11_EFC1301_EFS720/no_simd/run_stdout_1.log,1
dynamic_struct,0,0,0,0,0,1,0,80,11,1301,740,4496.700663,4502.963462, 327.599139, 0.995900, 3.052511, 40976.665100, 30147, 30525.110755,results/ablation_20251206_125021/params_M80_ML11_EFC1301_EFS740/dynamic_struct/run_stdout_1.log,1
dynamic_with_opts,0,0,0,0,0,1,0,80,11,1301,740,2972.661141,4677.678788, 330.622447, 0.995900, 3.024598, 40976.665100, 30147, 30245.980247,results/ablation_20251206_125021/params_M80_ML11_EFC1301_EFS740/dynamic_with_opts/run_stdout_1.log,1
full,0,0,0,0,0,0,0,80,11,1301,740,4413.032631,4419.152264, 332.670797, 0.995900, 3.005975, 40976.665100, 30147, 30059.747061,results/ablation_20251206_125021/params_M80_ML11_EFC1301_EFS740/full/run_stdout_1.log,1
heap,0,0,0,0,1,0,0,80,11,1301,740,4572.280565,4578.952461, 326.586287, 0.995900, 3.061978, 40976.665100, 30147, 30619.779191,results/ablation_20251206_125021/params_M80_ML11_EFC1301_EFS740/heap/run_stdout_1.log,1
no_prefetch,0,1,0,0,0,0,0,80,11,1301,740,4463.374097,4469.486203, 252.544772, 0.995900, 3.959694, 40976.665100, 30147, 39596.939288,results/ablation_20251206_125021/params_M80_ML11_EFC1301_EFS740/no_prefetch/run_stdout_1.log,1
no_pruning,0,0,0,1,0,0,0,80,11,1301,740,4737.643514,4745.679952, 290.758287, 0.995900, 3.439283, 40976.665100, 30147, 34392.828812,results/ablation_20251206_125021/params_M80_ML11_EFC1301_EFS740/no_pruning/run_stdout_1.log,1
no_reorder,0,0,0,0,0,0,1,80,11,1301,740,4509.765691,4515.801319, 316.017298, 0.995900, 3.164384, 40976.665100, 30147, 31643.837404,results/ablation_20251206_125021/params_M80_ML11_EFC1301_EFS740/no_reorder/run_stdout_1.log,1
no_simd,0,0,1,0,0,0,0,80,11,1301,740,4658.688957,4665.033496, 302.943853, 0.995900, 3.300942, 40976.665100, 30147, 33009.417145,results/ablation_20251206_125021/params_M80_ML11_EFC1301_EFS740/no_simd/run_stdout_1.log,1
dynamic_struct,0,0,0,0,0,1,0,80,11,1301,760,4374.209514,4379.563775, 306.708292, 0.996150, 3.260427, 41935.358800, 30686, 32604.270087,results/ablation_20251206_125021/params_M80_ML11_EFC1301_EFS760/dynamic_struct/run_stdout_1.log,1
dynamic_with_opts,0,0,0,0,0,1,0,80,11,1301,760,4784.320167,4790.052434, 247.594426, 0.996150, 4.038863, 41935.358800, 30686, 40388.631445,results/ablation_20251206_125021/params_M80_ML11_EFC1301_EFS760/dynamic_with_opts/run_stdout_1.log,1
full,0,0,0,0,0,0,0,80,11,1301,760,4500.874455,4507.111844, 313.805445, 0.996150, 3.186688, 41935.358800, 30686, 31866.878584,results/ablation_20251206_125021/params_M80_ML11_EFC1301_EFS760/full/run_stdout_1.log,1
heap,0,0,0,0,1,0,0,80,11,1301,760,4626.804448,4632.159230, 280.676828, 0.996150, 3.562816, 41935.358800, 30686, 35628.163731,results/ablation_20251206_125021/params_M80_ML11_EFC1301_EFS760/heap/run_stdout_1.log,1
no_prefetch,0,1,0,0,0,0,0,80,11,1301,760,4398.684605,4404.149102, 254.601246, 0.996150, 3.927711, 41935.358800, 30686, 39277.105469,results/ablation_20251206_125021/params_M80_ML11_EFC1301_EFS760/no_prefetch/run_stdout_1.log,1
no_pruning,0,0,0,1,0,0,0,80,11,1301,760,4491.421067,4497.089705, 311.134958, 0.996150, 3.214039, 41935.358800, 30686, 32140.393605,results/ablation_20251206_125021/params_M80_ML11_EFC1301_EFS760/no_pruning/run_stdout_1.log,1
no_reorder,0,0,0,0,0,0,1,80,11,1301,760,4446.846088,4452.188333, 297.444979, 0.996150, 3.361966, 41935.358800, 30686, 33619.663124,results/ablation_20251206_125021/params_M80_ML11_EFC1301_EFS760/no_reorder/run_stdout_1.log,1
no_simd,0,0,1,0,0,0,0,80,11,1301,760,4489.996764,4495.386034, 303.591028, 0.996150, 3.293905, 41935.358800, 30686, 32939.049780,results/ablation_20251206_125021/params_M80_ML11_EFC1301_EFS760/no_simd/run_stdout_1.log,1
dynamic_struct,0,0,0,0,0,1,0,80,11,1301,780,4527.766505,4533.247683, 275.505424, 0.996340, 3.629693, 42888.209900, 31254, 36296.926020,results/ablation_20251206_125021/params_M80_ML11_EFC1301_EFS780/dynamic_struct/run_stdout_1.log,1
dynamic_with_opts,0,0,0,0,0,1,0,80,11,1301,780,2905.179238,4596.534007, 277.680628, 0.996340, 3.601260, 42888.209900, 31254, 36012.595007,results/ablation_20251206_125021/params_M80_ML11_EFC1301_EFS780/dynamic_with_opts/run_stdout_1.log,1
full,0,0,0,0,0,0,0,80,11,1301,780,4471.214197,4476.636954, 287.938552, 0.996340, 3.472963, 42888.209900, 31254, 34729.632225,results/ablation_20251206_125021/params_M80_ML11_EFC1301_EFS780/full/run_stdout_1.log,1
heap,0,0,0,0,1,0,0,80,11,1301,780,2760.376044,4455.835438, 267.777614, 0.996340, 3.734442, 42888.209900, 31254, 37344.421139,results/ablation_20251206_125021/params_M80_ML11_EFC1301_EFS780/heap/run_stdout_1.log,1
no_prefetch,0,1,0,0,0,0,0,80,11,1301,780,4364.237103,4369.827171, 228.400628, 0.996340, 4.378272, 42888.209900, 31254, 43782.716656,results/ablation_20251206_125021/params_M80_ML11_EFC1301_EFS780/no_prefetch/run_stdout_1.log,1
no_pruning,0,0,0,1,0,0,0,80,11,1301,780,4393.275379,4398.795190, 293.058609, 0.996340, 3.412287, 42888.209900, 31254, 34122.867249,results/ablation_20251206_125021/params_M80_ML11_EFC1301_EFS780/no_pruning/run_stdout_1.log,1
no_reorder,0,0,0,0,0,0,1,80,11,1301,780,4366.733348,4372.302622, 307.256961, 0.996340, 3.254605, 42888.209900, 31254, 32546.048626,results/ablation_20251206_125021/params_M80_ML11_EFC1301_EFS780/no_reorder/run_stdout_1.log,1
no_simd,0,0,1,0,0,0,0,80,11,1301,780,4471.913961,4477.184986, 296.451675, 0.996340, 3.373231, 42888.209900, 31254, 33732.310727,results/ablation_20251206_125021/params_M80_ML11_EFC1301_EFS780/no_simd/run_stdout_1.log,1
dynamic_struct,0,0,0,0,0,1,0,80,11,1301,800,3992.352838,3997.229897, 286.134286, 0.996520, 3.494863, 43838.393100, 31841, 34948.625469,results/ablation_20251206_125021/params_M80_ML11_EFC1301_EFS800/dynamic_struct/run_stdout_1.log,1
dynamic_with_opts,0,0,0,0,0,1,0,80,11,1301,800,4531.595406,4537.039697, 269.501220, 0.996520, 3.710558, 43838.393100, 31841, 37105.583436,results/ablation_20251206_125021/params_M80_ML11_EFC1301_EFS800/dynamic_with_opts/run_stdout_1.log,1
full,0,0,0,0,0,0,0,80,11,1301,800,4649.613555,4655.003608, 298.468963, 0.996520, 3.350432, 43838.393100, 31841, 33504.321224,results/ablation_20251206_125021/params_M80_ML11_EFC1301_EFS800/full/run_stdout_1.log,1
heap,0,0,0,0,1,0,0,80,11,1301,800,4088.692959,4094.065142, 281.593360, 0.996520, 3.551220, 43838.393100, 31841, 35512.200935,results/ablation_20251206_125021/params_M80_ML11_EFC1301_EFS800/heap/run_stdout_1.log,1
no_prefetch,0,1,0,0,0,0,0,80,11,1301,800,4487.629969,4494.027974, 223.456346, 0.996520, 4.475147, 43838.393100, 31841, 44751.470181,results/ablation_20251206_125021/params_M80_ML11_EFC1301_EFS800/no_prefetch/run_stdout_1.log,1
no_pruning,0,0,0,1,0,0,0,80,11,1301,800,4356.610000,4362.327106, 319.494904, 0.996520, 3.129940, 43838.393100, 31841, 31299.403729,results/ablation_20251206_125021/params_M80_ML11_EFC1301_EFS800/no_pruning/run_stdout_1.log,1
no_reorder,0,0,0,0,0,0,1,80,11,1301,800,4669.785636,4674.976533, 261.266508, 0.996520, 3.827509, 43838.393100, 31841, 38275.093404,results/ablation_20251206_125021/params_M80_ML11_EFC1301_EFS800/no_reorder/run_stdout_1.log,1
no_simd,0,0,1,0,0,0,0,80,11,1301,800,4510.237150,4515.662892, 301.522537, 0.996520, 3.316502, 43838.393100, 31841, 33165.016732,results/ablation_20251206_125021/params_M80_ML11_EFC1301_EFS800/no_simd/run_stdout_1.log,1
dynamic_struct,0,0,0,0,0,1,0,80,11,1301,820,3106.268311,4476.267743, 280.972848, 0.996740, 3.559063, 44783.048300, 32424, 35590.627558,results/ablation_20251206_125021/params_M80_ML11_EFC1301_EFS820/dynamic_struct/run_stdout_1.log,1
dynamic_with_opts,0,0,0,0,0,1,0,80,11,1301,820,4240.545682,4246.234135, 297.586677, 0.996740, 3.360365, 44783.048300, 32424, 33603.654873,results/ablation_20251206_125021/params_M80_ML11_EFC1301_EFS820/dynamic_with_opts/run_stdout_1.log,1
full,0,0,0,0,0,0,0,80,11,1301,820,3300.737378,4345.514024, 275.036381, 0.996740, 3.635883, 44783.048300, 32424, 36358.826273,results/ablation_20251206_125021/params_M80_ML11_EFC1301_EFS820/full/run_stdout_1.log,1
heap,0,0,0,0,1,0,0,80,11,1301,820,4411.488538,4417.337107, 296.106063, 0.996740, 3.377168, 44783.048300, 32424, 33771.682706,results/ablation_20251206_125021/params_M80_ML11_EFC1301_EFS820/heap/run_stdout_1.log,1
no_prefetch,0,1,0,0,0,0,0,80,11,1301,820,4694.753049,4701.388697, 227.325261, 0.996740, 4.398983, 44783.048300, 32424, 43989.831876,results/ablation_20251206_125021/params_M80_ML11_EFC1301_EFS820/no_prefetch/run_stdout_1.log,1
no_pruning,0,0,0,1,0,0,0,80,11,1301,820,4556.481213,4563.001019, 283.777125, 0.996740, 3.523892, 44783.048300, 32424, 35238.922047,results/ablation_20251206_125021/params_M80_ML11_EFC1301_EFS820/no_pruning/run_stdout_1.log,1
no_reorder,0,0,0,0,0,0,1,80,11,1301,820,4511.044931,4516.997696, 269.606929, 0.996740, 3.709103, 44783.048300, 32424, 37091.034907,results/ablation_20251206_125021/params_M80_ML11_EFC1301_EFS820/no_reorder/run_stdout_1.log,1
no_simd,0,0,1,0,0,0,0,80,11,1301,820,4374.808213,4380.075410, 248.264313, 0.996740, 4.027965, 44783.048300, 32424, 40279.651505,results/ablation_20251206_125021/params_M80_ML11_EFC1301_EFS820/no_simd/run_stdout_1.log,1
dynamic_struct,0,0,0,0,0,1,0,80,11,1301,840,4530.942537,4537.044603, 280.538889, 0.996900, 3.564568, 45723.915500, 32979, 35645.681868,results/ablation_20251206_125021/params_M80_ML11_EFC1301_EFS840/dynamic_struct/run_stdout_1.log,1
dynamic_with_opts,0,0,0,0,0,1,0,80,11,1301,840,3134.403322,4434.804564, 244.233054, 0.996900, 4.094450, 45723.915500, 32979, 40944.498821,results/ablation_20251206_125021/params_M80_ML11_EFC1301_EFS840/dynamic_with_opts/run_stdout_1.log,1
full,0,0,0,0,0,0,0,80,11,1301,840,3337.913029,4677.856910, 286.650903, 0.996900, 3.488564, 45723.915500, 32979, 34885.639224,results/ablation_20251206_125021/params_M80_ML11_EFC1301_EFS840/full/run_stdout_1.log,1
heap,0,0,0,0,1,0,0,80,11,1301,840,3129.793943,4393.265062, 275.324435, 0.996900, 3.632079, 45723.915500, 32979, 36320.786414,results/ablation_20251206_125021/params_M80_ML11_EFC1301_EFS840/heap/run_stdout_1.log,1
no_prefetch,0,1,0,0,0,0,0,80,11,1301,840,4354.975086,4360.709326, 236.351513, 0.996900, 4.230986, 45723.915500, 32979, 42309.862447,results/ablation_20251206_125021/params_M80_ML11_EFC1301_EFS840/no_prefetch/run_stdout_1.log,1
no_pruning,0,0,0,1,0,0,0,80,11,1301,840,4309.927926,4315.768132, 258.556013, 0.996900, 3.867634, 45723.915500, 32979, 38676.339001,results/ablation_20251206_125021/params_M80_ML11_EFC1301_EFS840/no_pruning/run_stdout_1.log,1
no_reorder,0,0,0,0,0,0,1,80,11,1301,840,4566.046733,4572.650701, 283.819198, 0.996900, 3.523370, 45723.915500, 32979, 35233.698329,results/ablation_20251206_125021/params_M80_ML11_EFC1301_EFS840/no_reorder/run_stdout_1.log,1
no_simd,0,0,1,0,0,0,0,80,11,1301,840,4298.803538,4304.155773, 287.468536, 0.996900, 3.478642, 45723.915500, 32979, 34786.415687,results/ablation_20251206_125021/params_M80_ML11_EFC1301_EFS840/no_simd/run_stdout_1.log,1
dynamic_struct,0,0,0,0,0,1,0,80,11,1301,860,4518.483150,4524.571995, 280.579674, 0.997050, 3.564050, 46659.080200, 33535, 35640.500432,results/ablation_20251206_125021/params_M80_ML11_EFC1301_EFS860/dynamic_struct/run_stdout_1.log,1
dynamic_with_opts,0,0,0,0,0,1,0,80,11,1301,860,4430.899706,4436.945639, 255.289123, 0.997050, 3.917127, 46659.080200, 33535, 39171.273301,results/ablation_20251206_125021/params_M80_ML11_EFC1301_EFS860/dynamic_with_opts/run_stdout_1.log,1
full,0,0,0,0,0,0,0,80,11,1301,860,4550.132988,4556.333608, 266.888756, 0.997050, 3.746879, 46659.080200, 33535, 37468.794681,results/ablation_20251206_125021/params_M80_ML11_EFC1301_EFS860/full/run_stdout_1.log,1
heap,0,0,0,0,1,0,0,80,11,1301,860,4635.891142,4642.290326, 276.873466, 0.997050, 3.611758, 46659.080200, 33535, 36117.581606,results/ablation_20251206_125021/params_M80_ML11_EFC1301_EFS860/heap/run_stdout_1.log,1
no_prefetch,0,1,0,0,0,0,0,80,11,1301,860,4543.264188,4549.082527, 211.769700, 0.997050, 4.722111, 46659.080200, 33535, 47221.108503,results/ablation_20251206_125021/params_M80_ML11_EFC1301_EFS860/no_prefetch/run_stdout_1.log,1
no_pruning,0,0,0,1,0,0,0,80,11,1301,860,3257.596710,4700.539186, 243.170156, 0.997050, 4.112347, 46659.080200, 33535, 41123.467513,results/ablation_20251206_125021/params_M80_ML11_EFC1301_EFS860/no_pruning/run_stdout_1.log,1
no_reorder,0,0,0,0,0,0,1,80,11,1301,860,4464.047595,4470.109166, 276.528132, 0.997050, 3.616269, 46659.080200, 33535, 36162.685909,results/ablation_20251206_125021/params_M80_ML11_EFC1301_EFS860/no_reorder/run_stdout_1.log,1
no_simd,0,0,1,0,0,0,0,80,11,1301,860,4849.428292,4855.135546, 262.170317, 0.997050, 3.814314, 46659.080200, 33535, 38143.143395,results/ablation_20251206_125021/params_M80_ML11_EFC1301_EFS860/no_simd/run_stdout_1.log,1
dynamic_struct,0,0,0,0,0,1,0,80,11,1301,880,3014.354962,4443.743110, 267.548054, 0.997200, 3.737646, 47593.726900, 34129, 37376.463262,results/ablation_20251206_125021/params_M80_ML11_EFC1301_EFS880/dynamic_struct/run_stdout_1.log,1
dynamic_with_opts,0,0,0,0,0,1,0,80,11,1301,880,4454.561958,4460.465373, 263.588723, 0.997200, 3.793789, 47593.726900, 34129, 37937.890012,results/ablation_20251206_125021/params_M80_ML11_EFC1301_EFS880/dynamic_with_opts/run_stdout_1.log,1
full,0,0,0,0,0,0,0,80,11,1301,880,2908.301806,4425.790292, 278.582844, 0.997200, 3.589596, 47593.726900, 34129, 35895.964937,results/ablation_20251206_125021/params_M80_ML11_EFC1301_EFS880/full/run_stdout_1.log,1
heap,0,0,0,0,1,0,0,80,11,1301,880,4580.319121,4586.229717, 270.986758, 0.997200, 3.690217, 47593.726900, 34129, 36902.172162,results/ablation_20251206_125021/params_M80_ML11_EFC1301_EFS880/heap/run_stdout_1.log,1
no_prefetch,0,1,0,0,0,0,0,80,11,1301,880,4396.016191,4402.317418, 233.262375, 0.997200, 4.287018, 47593.726900, 34129, 42870.179988,results/ablation_20251206_125021/params_M80_ML11_EFC1301_EFS880/no_prefetch/run_stdout_1.log,1
no_pruning,0,0,0,1,0,0,0,80,11,1301,880,4420.318139,4426.030236, 248.730356, 0.997200, 4.020418, 47593.726900, 34129, 40204.179966,results/ablation_20251206_125021/params_M80_ML11_EFC1301_EFS880/no_pruning/run_stdout_1.log,1
no_reorder,0,0,0,0,0,0,1,80,11,1301,880,4660.964548,4666.386591, 270.400060, 0.997200, 3.698224, 47593.726900, 34129, 36982.240340,results/ablation_20251206_125021/params_M80_ML11_EFC1301_EFS880/no_reorder/run_stdout_1.log,1
no_simd,0,0,1,0,0,0,0,80,11,1301,880,4377.729744,4383.722293, 277.956224, 0.997200, 3.597689, 47593.726900, 34129, 35976.888276,results/ablation_20251206_125021/params_M80_ML11_EFC1301_EFS880/no_simd/run_stdout_1.log,1
dynamic_struct,0,0,0,0,0,1,0,80,11,1301,900,4408.807751,4415.468822, 269.930812, 0.997320, 3.704653, 48524.365000, 34615, 37046.530295,results/ablation_20251206_125021/params_M80_ML11_EFC1301_EFS900/dynamic_struct/run_stdout_1.log,1
dynamic_with_opts,0,0,0,0,0,1,0,80,11,1301,900,4331.426047,4337.559366, 275.033807, 0.997320, 3.635917, 48524.365000, 34615, 36359.166565,results/ablation_20251206_125021/params_M80_ML11_EFC1301_EFS900/dynamic_with_opts/run_stdout_1.log,1
full,0,0,0,0,0,0,0,80,11,1301,900,4660.494252,4669.919118, 250.667376, 0.997320, 3.989350, 48524.365000, 34615, 39893.504072,results/ablation_20251206_125021/params_M80_ML11_EFC1301_EFS900/full/run_stdout_1.log,1
heap,0,0,0,0,1,0,0,80,11,1301,900,4427.728429,4434.448095, 276.307305, 0.997320, 3.619159, 48524.365000, 34615, 36191.587481,results/ablation_20251206_125021/params_M80_ML11_EFC1301_EFS900/heap/run_stdout_1.log,1
no_prefetch,0,1,0,0,0,0,0,80,11,1301,900,4454.932707,4461.076453, 189.933630, 0.997320, 5.264997, 48524.365000, 34615, 52649.970326,results/ablation_20251206_125021/params_M80_ML11_EFC1301_EFS900/no_prefetch/run_stdout_1.log,1
no_pruning,0,0,0,1,0,0,0,80,11,1301,900,4469.596135,4475.401422, 245.050611, 0.997320, 4.080790, 48524.365000, 34615, 40807.896686,results/ablation_20251206_125021/params_M80_ML11_EFC1301_EFS900/no_pruning/run_stdout_1.log,1
no_reorder,0,0,0,0,0,0,1,80,11,1301,900,4436.422184,4441.899924, 275.737389, 0.997320, 3.626639, 48524.365000, 34615, 36266.391093,results/ablation_20251206_125021/params_M80_ML11_EFC1301_EFS900/no_reorder/run_stdout_1.log,1
no_simd,0,0,1,0,0,0,0,80,11,1301,900,4472.329164,4478.007116, 276.366259, 0.997320, 3.618387, 48524.365000, 34615, 36183.867155,results/ablation_20251206_125021/params_M80_ML11_EFC1301_EFS900/no_simd/run_stdout_1.log,1
dynamic_struct,0,0,0,0,0,1,0,80,11,1301,920,4442.561235,4448.568746, 258.100076, 0.997380, 3.874466, 49449.655400, 35287, 38744.661234,results/ablation_20251206_125021/params_M80_ML11_EFC1301_EFS920/dynamic_struct/run_stdout_1.log,1
dynamic_with_opts,0,0,0,0,0,1,0,80,11,1301,920,4436.373384,4442.504039, 252.300560, 0.997380, 3.963527, 49449.655400, 35287, 39635.266834,results/ablation_20251206_125021/params_M80_ML11_EFC1301_EFS920/dynamic_with_opts/run_stdout_1.log,1
full,0,0,0,0,0,0,0,80,11,1301,920,4380.885640,4386.899986, 244.283356, 0.997380, 4.093607, 49449.655400, 35287, 40936.067781,results/ablation_20251206_125021/params_M80_ML11_EFC1301_EFS920/full/run_stdout_1.log,1
heap,0,0,0,0,1,0,0,80,11,1301,920,4607.544298,4614.073675, 235.847954, 0.997380, 4.240020, 49449.655400, 35287, 42400.198208,results/ablation_20251206_125021/params_M80_ML11_EFC1301_EFS920/heap/run_stdout_1.log,1
no_prefetch,0,1,0,0,0,0,0,80,11,1301,920,4288.436573,4295.923076, 218.233205, 0.997380, 4.582254, 49449.655400, 35287, 45822.541141,results/ablation_20251206_125021/params_M80_ML11_EFC1301_EFS920/no_prefetch/run_stdout_1.log,1
no_pruning,0,0,0,1,0,0,0,80,11,1301,920,4405.297041,4411.682692, 257.920354, 0.997380, 3.877166, 49449.655400, 35287, 38771.658978,results/ablation_20251206_125021/params_M80_ML11_EFC1301_EFS920/no_pruning/run_stdout_1.log,1
no_reorder,0,0,0,0,0,0,1,80,11,1301,920,4535.963201,4542.598952, 254.119247, 0.997380, 3.935160, 49449.655400, 35287, 39351.604117,results/ablation_20251206_125021/params_M80_ML11_EFC1301_EFS920/no_reorder/run_stdout_1.log,1
no_simd,0,0,1,0,0,0,0,80,11,1301,920,4448.241546,4454.116860, 263.879330, 0.997380, 3.789611, 49449.655400, 35287, 37896.109611,results/ablation_20251206_125021/params_M80_ML11_EFC1301_EFS920/no_simd/run_stdout_1.log,1
dynamic_struct,0,0,0,0,0,1,0,80,11,1301,940,4506.370316,4512.774596, 262.822377, 0.997480, 3.804851, 50370.796900, 35846, 38048.510597,results/ablation_20251206_125021/params_M80_ML11_EFC1301_EFS940/dynamic_struct/run_stdout_1.log,1
dynamic_with_opts,0,0,0,0,0,1,0,80,11,1301,940,2842.866574,4447.645889, 259.694116, 0.997480, 3.850684, 50370.796900, 35846, 38506.840898,results/ablation_20251206_125021/params_M80_ML11_EFC1301_EFS940/dynamic_with_opts/run_stdout_1.log,1
full,0,0,0,0,0,0,0,80,11,1301,940,4524.877040,4530.717516, 232.001549, 0.997480, 4.310316, 50370.796900, 35846, 43103.160463,results/ablation_20251206_125021/params_M80_ML11_EFC1301_EFS940/full/run_stdout_1.log,1
heap,0,0,0,0,1,0,0,80,11,1301,940,4620.274059,4629.100529, 250.169765, 0.997480, 3.997286, 50370.796900, 35846, 39972.856011,results/ablation_20251206_125021/params_M80_ML11_EFC1301_EFS940/heap/run_stdout_1.log,1
no_prefetch,0,1,0,0,0,0,0,80,11,1301,940,4434.657607,4440.945615, 217.028504, 0.997480, 4.607690, 50370.796900, 35846, 46076.896921,results/ablation_20251206_125021/params_M80_ML11_EFC1301_EFS940/no_prefetch/run_stdout_1.log,1
no_pruning,0,0,0,1,0,0,0,80,11,1301,940,4393.553062,4399.713906, 259.954926, 0.997480, 3.846821, 50370.796900, 35846, 38468.207322,results/ablation_20251206_125021/params_M80_ML11_EFC1301_EFS940/no_pruning/run_stdout_1.log,1
no_reorder,0,0,0,0,0,0,1,80,11,1301,940,4429.661780,4435.790974, 259.374635, 0.997480, 3.855427, 50370.796900, 35846, 38554.271160,results/ablation_20251206_125021/params_M80_ML11_EFC1301_EFS940/no_reorder/run_stdout_1.log,1
no_simd,0,0,1,0,0,0,0,80,11,1301,940,4410.831392,4417.089748, 262.552380, 0.997480, 3.808764, 50370.796900, 35846, 38087.638050,results/ablation_20251206_125021/params_M80_ML11_EFC1301_EFS940/no_simd/run_stdout_1.log,1
dynamic_struct,0,0,0,0,0,1,0,80,11,1301,960,4402.282125,4407.594332, 245.567630, 0.997650, 4.072198, 51287.654900, 36431, 40721.979533,results/ablation_20251206_125021/params_M80_ML11_EFC1301_EFS960/dynamic_struct/run_stdout_1.log,1
dynamic_with_opts,0,0,0,0,0,1,0,80,11,1301,960,4486.395033,4492.087173, 233.079933, 0.997650, 4.290374, 51287.654900, 36431, 42903.736353,results/ablation_20251206_125021/params_M80_ML11_EFC1301_EFS960/dynamic_with_opts/run_stdout_1.log,1
full,0,0,0,0,0,0,0,80,11,1301,960,4436.061449,4442.187371, 232.936905, 0.997650, 4.293008, 51287.654900, 36431, 42930.080175,results/ablation_20251206_125021/params_M80_ML11_EFC1301_EFS960/full/run_stdout_1.log,1
heap,0,0,0,0,1,0,0,80,11,1301,960,3051.895667,4637.918013, 238.359454, 0.997650, 4.195344, 51287.654900, 36431, 41953.443926,results/ablation_20251206_125021/params_M80_ML11_EFC1301_EFS960/heap/run_stdout_1.log,1
no_prefetch,0,1,0,0,0,0,0,80,11,1301,960,2895.843575,4554.313835, 196.893273, 0.997650, 5.078894, 51287.654900, 36431, 50788.936701,results/ablation_20251206_125021/params_M80_ML11_EFC1301_EFS960/no_prefetch/run_stdout_1.log,1
no_pruning,0,0,0,1,0,0,0,80,11,1301,960,4378.580784,4383.926878, 225.751772, 0.997650, 4.429644, 51287.654900, 36431, 44296.440786,results/ablation_20251206_125021/params_M80_ML11_EFC1301_EFS960/no_pruning/run_stdout_1.log,1
no_reorder,0,0,0,0,0,0,1,80,11,1301,960,2988.764645,4630.046433, 239.411979, 0.997650, 4.176900, 51287.654900, 36431, 41769.004302,results/ablation_20251206_125021/params_M80_ML11_EFC1301_EFS960/no_reorder/run_stdout_1.log,1
no_simd,0,0,1,0,0,0,0,80,11,1301,960,4676.956793,4683.609079, 243.596682, 0.997650, 4.105146, 51287.654900, 36431, 41051.462251,results/ablation_20251206_125021/params_M80_ML11_EFC1301_EFS960/no_simd/run_stdout_1.log,1
dynamic_struct,0,0,0,0,0,1,0,80,11,1301,980,4572.626394,4577.977908, 251.053230, 0.997770, 3.983219, 52202.139600, 36952, 39832.190190,results/ablation_20251206_125021/params_M80_ML11_EFC1301_EFS980/dynamic_struct/run_stdout_1.log,1
dynamic_with_opts,0,0,0,0,0,1,0,80,11,1301,980,4652.558468,4657.686161, 221.232498, 0.997770, 4.520132, 52202.139600, 36952, 45201.315773,results/ablation_20251206_125021/params_M80_ML11_EFC1301_EFS980/dynamic_with_opts/run_stdout_1.log,1
full,0,0,0,0,0,0,0,80,11,1301,980,2682.602109,4318.007923, 251.680755, 0.997770, 3.973288, 52202.139600, 36952, 39732.875029,results/ablation_20251206_125021/params_M80_ML11_EFC1301_EFS980/full/run_stdout_1.log,1
heap,0,0,0,0,1,0,0,80,11,1301,980,4275.164248,4280.431579, 248.824880, 0.997770, 4.018891, 52202.139600, 36952, 40188.907144,results/ablation_20251206_125021/params_M80_ML11_EFC1301_EFS980/heap/run_stdout_1.log,1
no_prefetch,0,1,0,0,0,0,0,80,11,1301,980,4366.379348,4371.909355, 208.563236, 0.997770, 4.794709, 52202.139600, 36952, 47947.088820,results/ablation_20251206_125021/params_M80_ML11_EFC1301_EFS980/no_prefetch/run_stdout_1.log,1
no_pruning,0,0,0,1,0,0,0,80,11,1301,980,4463.276775,4468.735723, 231.847659, 0.997770, 4.313177, 52202.139600, 36952, 43131.770430,results/ablation_20251206_125021/params_M80_ML11_EFC1301_EFS980/no_pruning/run_stdout_1.log,1
no_reorder,0,0,0,0,0,0,1,80,11,1301,980,4358.945186,4364.220269, 247.809342, 0.997770, 4.035360, 52202.139600, 36952, 40353.603765,results/ablation_20251206_125021/params_M80_ML11_EFC1301_EFS980/no_reorder/run_stdout_1.log,1
no_simd,0,0,1,0,0,0,0,80,11,1301,980,4328.413387,4333.549868, 251.591744, 0.997770, 3.974693, 52202.139600, 36952, 39746.932310,results/ablation_20251206_125021/params_M80_ML11_EFC1301_EFS980/no_simd/run_stdout_1.log,1
